time_s,DFIG_BRK_STATE,PAPER_OVL1_BRK_STATE,PAPER_OVL2_S_A_PU,PAPER_OVL2_S_B_PU,PAPER_OVL2_S_MAX_PU,PAPER_OVL2_EFFECTIVE_CAPACITY_PU,PAPER_OVL2_LOADING_INDEX_EQ,PAPER_OVL2_ABOVE_THRESHOLD,PAPER_OVL2_TIMER_OR_CURVE_STATE,PAPER_OVL2_TRIP_REQUEST,PAPER_OVL2_BRK_CMD,PAPER_OVL2_BRK_STATE,PAPER_OVL2_TRIP_EVENT_VALID,PAPER_OVL2_FIRST_TRIP_TIME_S,PAPER_OVL2_RELAY_ENABLE
0.0,0.0,0.0,0.0,0.0,0.0,18.2628731341,0.0,0.0,0.0,0.0,0.0,0.0,0.0,-1.0,1.0
0.01,0.0,0.0,0.00080053344643054,0.0016662035878785,0.0016662035878785,18.2628731341,9.1234472015654e-05,0.0,0.0,0.0,0.0,0.0,0.0,-1.0,1.0
0.02,0.0,0.0,0.013909614940165,0.01651214309709,0.01651214309709,18.2628731341,0.00090413720644308,0.0,0.0,0.0,0.0,0.0,0.0,-1.0,1.0
0.03,0.0,0.0,0.049668961139561,0.056394054069015,0.056394054069015,18.2628731341,0.0030879070152285,0.0,0.0,0.0,0.0,0.0,0.0,-1.0,1.0
0.04,0.0,0.0,0.11343586717162,0.12610026386036,0.12610026386036,18.2628731341,0.006904733057851,0.0,0.0,0.0,0.0,0.0,0.0,-1.0,1.0
0.05,0.0,0.0,0.21059482184927,0.23165463787315,0.23165463787315,18.2628731341,0.012684457487722,0.0,0.0,0.0,0.0,0.0,0.0,-1.0,1.0
0.06,0.0,0.0,0.34186434037277,0.37450801943872,0.37450801943872,18.2628731341,0.020506522532835,0.0,0.0,0.0,0.0,0.0,0.0,-1.0,1.0
0.07,0.0,0.0,0.50965564021995,0.55526369131643,0.55526369131643,18.2628731341,0.030403961481814,0.0,0.0,0.0,0.0,0.0,0.0,-1.0,1.0
0.08,0.0,0.0,0.71607884506221,0.77777966781619,0.77777966781619,18.2628731341,0.042588023368784,0.0,0.0,0.0,0.0,0.0,0.0,-1.0,1.0
0.09,0.0,0.0,0.95883413709637,1.0386280063311,1.0386280063311,18.2628731341,0.056871008121488,0.0,0.0,0.0,0.0,0.0,0.0,-1.0,1.0
0.1,0.0,0.0,1.2416817569805,1.3407602169745,1.3407602169745,18.2628731341,0.073414528323644,0.0,0.0,0.0,0.0,0.0,0.0,-1.0,1.0
0.11,0.0,0.0,1.5337927416391,1.6298002062065,1.6298002062065,18.2628731341,0.089241172198876,0.0,0.0,0.0,0.0,0.0,0.0,-1.0,1.0
0.12,0.0,0.0,1.6975084737724,1.7952982101815,1.7952982101815,18.2628731341,0.098303163855928,0.0,0.0,0.0,0.0,0.0,0.0,-1.0,1.0
0.13,0.0,0.0,1.8067569239773,1.8980090242985,1.8980090242985,18.2628731341,0.10392718661307,0.0,0.0,0.0,0.0,0.0,0.0,-1.0,1.0
0.14,0.0,0.0,1.8723190622226,1.9655915381189,1.9655915381189,18.2628731341,0.10762772777788,0.0,0.0,0.0,0.0,0.0,0.0,-1.0,1.0
0.15,0.0,0.0,1.9077196691399,1.9993095783786,1.9993095783786,18.2628731341,0.10947398931692,0.0,0.0,0.0,0.0,0.0,0.0,-1.0,1.0
0.16,0.0,0.0,1.9345856173652,2.0254076955503,2.0254076955503,18.2628731341,0.1109030151323,0.0,0.0,0.0,0.0,0.0,0.0,-1.0,1.0
0.17,0.0,0.0,1.9467708788542,2.038302394598,2.038302394598,18.2628731341,0.11160907594502,0.0,0.0,0.0,0.0,0.0,0.0,-1.0,1.0
0.18,0.0,0.0,1.9562756604647,2.0466069562782,2.0466069562782,18.2628731341,0.11206379966889,0.0,0.0,0.0,0.0,0.0,0.0,-1.0,1.0
0.19,0.0,0.0,1.9616357420899,2.0525723432426,2.0525723432426,18.2628731341,0.112390439783,0.0,0.0,0.0,0.0,0.0,0.0,-1.0,1.0
0.2,0.0,0.0,1.9641837266422,2.0545994649044,2.0545994649044,18.2628731341,0.11250143664789,0.0,0.0,0.0,0.0,0.0,0.0,-1.0,1.0
0.21,0.0,0.0,1.9669409517205,2.0573970428909,2.0573970428909,18.2628731341,0.11265462053993,0.0,0.0,0.0,0.0,0.0,0.0,-1.0,1.0
0.22,0.0,0.0,1.9672820864278,2.0577967403578,2.0577967403578,18.2628731341,0.11267650633325,0.0,0.0,0.0,0.0,0.0,0.0,-1.0,1.0
0.23,0.0,0.0,1.9686720456418,2.0588175725463,2.0588175725463,18.2628731341,0.1127324029154,0.0,0.0,0.0,0.0,0.0,0.0,-1.0,1.0
0.24,0.0,0.0,1.9687393369289,2.0592349320554,2.0592349320554,18.2628731341,0.11275525580969,0.0,0.0,0.0,0.0,0.0,0.0,-1.0,1.0
0.25,0.0,0.0,1.9689753406045,2.0590417100942,2.0590417100942,18.2628731341,0.11274467576789,0.0,0.0,0.0,0.0,0.0,0.0,-1.0,1.0
0.26,0.0,0.0,1.9695451287907,2.0598306799527,2.0598306799527,18.2628731341,0.11278787652019,0.0,0.0,0.0,0.0,0.0,0.0,-1.0,1.0
0.27,0.0,0.0,1.9689771372512,2.0591986403498,2.0591986403498,18.2628731341,0.1127532686248,0.0,0.0,0.0,0.0,0.0,0.0,-1.0,1.0
0.28,0.0,0.0,1.9697228715362,2.0597160624615,2.0597160624615,18.2628731341,0.11278160053664,0.0,0.0,0.0,0.0,0.0,0.0,-1.0,1.0
0.29,0.0,0.0,1.9692988576482,2.05962997862,2.05962997862,18.2628731341,0.11277688693869,0.0,0.0,0.0,0.0,0.0,0.0,-1.0,1.0
0.3,0.0,0.0,1.9693800857326,2.0593121267314,2.0593121267314,18.2628731341,0.11275948267342,0.0,0.0,0.0,0.0,0.0,0.0,-1.0,1.0
0.31,0.0,0.0,1.9697413682883,2.0599348356449,2.0599348356449,18.2628731341,0.11279357965854,0.0,0.0,0.0,0.0,0.0,0.0,-1.0,1.0
0.32,0.0,0.0,1.9691362973644,2.0592737571696,2.0592737571696,18.2628731341,0.11275738171364,0.0,0.0,0.0,0.0,0.0,0.0,-1.0,1.0
0.33,0.0,0.0,1.9697901184498,2.0597285065141,2.0597285065141,18.2628731341,0.11278228192191,0.0,0.0,0.0,0.0,0.0,0.0,-1.0,1.0
0.34,0.0,0.0,1.9693795295092,2.0596616722281,2.0596616722281,18.2628731341,0.11277862235063,0.0,0.0,0.0,0.0,0.0,0.0,-1.0,1.0
0.35,0.0,0.0,1.9693941387877,2.0593338643017,2.0593338643017,18.2628731341,0.11276067293358,0.0,0.0,0.0,0.0,0.0,0.0,-1.0,1.0
0.36,0.0,0.0,1.9697573390992,2.0599358188796,2.0599358188796,18.2628731341,0.11279363349644,0.0,0.0,0.0,0.0,0.0,0.0,-1.0,1.0
0.37,0.0,0.0,1.9691634711742,2.0593294417384,2.0593294417384,18.2628731341,0.11276043077216,0.0,0.0,0.0,0.0,0.0,0.0,-1.0,1.0
0.38,0.0,0.0,1.9697640656312,2.0597402108342,2.0597402108342,18.2628731341,0.11278292280246,0.0,0.0,0.0,0.0,0.0,0.0,-1.0,1.0
0.39,0.0,0.0,1.9694162555068,2.0597252197274,2.0597252197274,18.2628731341,0.11278210195095,0.0,0.0,0.0,0.0,0.0,0.0,-1.0,1.0
0.4,0.0,0.0,1.9693860672289,2.0593842713988,2.0593842713988,18.2628731341,0.11276343301939,0.0,0.0,0.0,0.0,0.0,0.0,-1.0,1.0
0.41,0.0,0.0,1.9758907111859,2.0636417318054,2.0636417318054,18.2628731341,0.11299655408284,0.0,0.0,0.0,0.0,0.0,0.0,-1.0,1.0
0.42,0.0,0.0,1.973865281572,2.0591875346861,2.0591875346861,18.2628731341,0.11275266052422,0.0,0.0,0.0,0.0,0.0,0.0,-1.0,1.0
0.43,0.0,0.0,1.972718307612,2.0573999723967,2.0573999723967,18.2628731341,0.11265478094765,0.0,0.0,0.0,0.0,0.0,0.0,-1.0,1.0
0.44,0.0,0.0,1.9709463655651,2.0555738904782,2.0555738904782,18.2628731341,0.11255479219423,0.0,0.0,0.0,0.0,0.0,0.0,-1.0,1.0
0.45,0.0,0.0,1.9701038513388,2.0541641803015,2.0541641803015,18.2628731341,0.11247760224901,0.0,0.0,0.0,0.0,0.0,0.0,-1.0,1.0
0.46,0.0,0.0,1.9699146739212,2.0539529176886,2.0539529176886,18.2628731341,0.11246603437514,0.0,0.0,0.0,0.0,0.0,0.0,-1.0,1.0
0.47,0.0,0.0,1.9690770962546,2.0529356603984,2.0529356603984,18.2628731341,0.11241033353975,0.0,0.0,0.0,0.0,0.0,0.0,-1.0,1.0
0.48,0.0,0.0,1.9694097524692,2.0528889272888,2.0528889272888,18.2628731341,0.11240777462642,0.0,0.0,0.0,0.0,0.0,0.0,-1.0,1.0
0.49,0.0,0.0,1.969074904652,2.052695904898,2.052695904898,18.2628731341,0.11239720551227,0.0,0.0,0.0,0.0,0.0,0.0,-1.0,1.0
0.5,0.0,0.0,1.9689826297042,2.0521722341929,2.0521722341929,18.2628731341,0.11236853145309,0.0,0.0,0.0,0.0,0.0,0.0,-1.0,1.0
0.51,0.0,0.0,1.9773079281459,1.2414488299188,1.9773079281459,18.2628731341,0.10826926922325,0.0,0.0,0.0,0.0,0.0,0.0,-1.0,1.0
0.52,0.0,0.0,2.8088127534013,0.75096346964876,2.8088127534013,18.2628731341,0.15379906177833,0.0,0.0,0.0,0.0,0.0,0.0,-1.0,1.0
0.53,0.0,0.0,4.1910090445491,0.45158692586051,4.1910090445491,18.2628731341,0.22948245951091,0.0,0.0,0.0,0.0,0.0,0.0,-1.0,1.0
0.54,0.0,0.0,4.2993986079571,0.27203151610778,4.2993986079571,18.2628731341,0.23541742727925,0.0,0.0,0.0,0.0,0.0,0.0,-1.0,1.0
0.55,0.0,0.0,4.7564983377739,0.16244514303119,4.7564983377739,18.2628731341,0.26044633299744,0.0,0.0,0.0,0.0,0.0,0.0,-1.0,1.0
0.56,0.0,0.0,4.9700285661425,0.096155168734115,4.9700285661425,18.2628731341,0.2721383721854,0.0,0.0,0.0,0.0,0.0,0.0,-1.0,1.0
0.57,0.0,0.0,4.9743520003082,0.056252523248721,4.9743520003082,18.2628731341,0.27237510570121,0.0,0.0,0.0,0.0,0.0,0.0,-1.0,1.0
0.58,0.0,0.0,5.1516903256914,0.03185074534008,5.1516903256914,18.2628731341,0.28208542477757,0.0,0.0,0.0,0.0,0.0,0.0,-1.0,1.0
0.59,0.0,0.0,5.1230890244609,0.017248042564521,5.1230890244609,18.2628731341,0.28051933487372,0.0,0.0,0.0,0.0,0.0,0.0,-1.0,1.0
0.6,0.0,0.0,5.1739019752507,0.008626431637806,5.1739019752507,18.2628731341,0.28330164357273,0.0,0.0,0.0,0.0,0.0,0.0,-1.0,1.0
0.61,0.0,0.0,5.1945038852439,0.0039409280809579,5.1945038852439,18.2628731341,0.28442971963403,0.0,0.0,0.0,0.0,0.0,0.0,-1.0,1.0
0.62,0.0,0.0,5.1843723947702,0.0030826631039492,5.1843723947702,18.2628731341,0.28387496078534,0.0,0.0,0.0,0.0,0.0,0.0,-1.0,1.0
0.63,0.0,0.0,5.2089538433382,0.003978783047717,5.2089538433382,18.2628731341,0.28522094005089,0.0,0.0,0.0,0.0,0.0,0.0,-1.0,1.0
0.64,0.0,0.0,5.1998455861953,0.0048902645706815,5.1998455861953,18.2628731341,0.28472220926105,0.0,0.0,0.0,0.0,0.0,0.0,-1.0,1.0
0.65,0.0,0.0,5.205397464894,0.0054954981730041,5.205397464894,18.2628731341,0.28502620735916,0.0,0.0,0.0,0.0,0.0,0.0,-1.0,1.0
0.66,0.0,0.0,5.2093746135111,0.0058510227031259,5.2093746135111,18.2628731341,0.28524397969913,0.0,0.0,0.0,0.0,0.0,0.0,-1.0,1.0
0.67,0.0,0.0,5.2032617185751,0.0061152101827455,5.2032617185751,18.2628731341,0.28490926265373,0.0,0.0,0.0,0.0,0.0,0.0,-1.0,1.0
0.68,0.0,0.0,5.2021306639246,0.0062252312366012,5.2021306639246,18.2628731341,0.28484733074181,0.0,0.0,0.0,0.0,0.0,0.0,-1.0,1.0
0.69,0.0,0.0,5.2193183922786,0.0063488019492191,5.2193183922786,18.2628731341,0.28578846022498,0.0,0.0,0.0,0.0,0.0,0.0,-1.0,1.0
0.7,0.0,0.0,5.2110876448937,0.0063868333396604,5.2110876448937,18.2628731341,0.28533777826905,0.0,0.0,0.0,0.0,0.0,0.0,-1.0,1.0
0.71,0.0,0.0,5.2171416022166,0.006428713266006,5.2171416022166,18.2628731341,0.28566926813259,0.0,0.0,0.0,0.0,0.0,0.0,-1.0,1.0
0.72,0.0,0.0,5.2098497322025,0.0064359589390712,5.2098497322025,18.2628731341,0.28526999524926,0.0,0.0,0.0,0.0,0.0,0.0,-1.0,1.0
0.73,0.0,0.0,5.2161506650334,0.0064623182911612,5.2161506650334,18.2628731341,0.28561500847826,0.0,0.0,0.0,0.0,0.0,0.0,-1.0,1.0
0.74,0.0,0.0,5.2122532209185,0.0064596688102249,5.2122532209185,18.2628731341,0.2854016004298,0.0,0.0,0.0,0.0,0.0,0.0,-1.0,1.0
0.75,0.0,0.0,5.2112852679279,0.0064630012763958,5.2112852679279,18.2628731341,0.28534859929556,0.0,0.0,0.0,0.0,0.0,0.0,-1.0,1.0
0.76,0.0,0.0,5.2160231213304,0.0064795919797311,5.2160231213304,18.2628731341,0.2856080247084,0.0,0.0,0.0,0.0,0.0,0.0,-1.0,1.0
0.77,0.0,0.0,5.2079037884475,0.0064579510062523,5.2079037884475,18.2628731341,0.28516344335347,0.0,0.0,0.0,0.0,0.0,0.0,-1.0,1.0
0.78,0.0,0.0,5.2154402143189,0.0064828400826982,5.2154402143189,18.2628731341,0.28557610711212,0.0,0.0,0.0,0.0,0.0,0.0,-1.0,1.0
0.79,0.0,0.0,5.210038466144,0.0064672779291016,5.210038466144,18.2628731341,0.28528032954552,0.0,0.0,0.0,0.0,0.0,0.0,-1.0,1.0
0.8,0.0,0.0,5.210047431801,0.0064696364620624,5.210047431801,18.2628731341,0.28528082046811,0.0,0.0,0.0,0.0,0.0,0.0,-1.0,1.0
0.81,0.0,0.0,5.214202003034,0.006481649526323,5.214202003034,18.2628731341,0.28550830774256,0.0,0.0,0.0,0.0,0.0,0.0,-1.0,1.0
0.82,0.0,0.0,5.2059771356397,0.0064603192294891,5.2059771356397,18.2628731341,0.28505794775079,0.0,0.0,0.0,0.0,0.0,0.0,-1.0,1.0
0.83,0.0,0.0,5.2137861671107,0.0064824260019713,5.2137861671107,18.2628731341,0.28548553827358,0.0,0.0,0.0,0.0,0.0,0.0,-1.0,1.0
0.84,0.0,0.0,5.2077326905732,0.0064670769843198,5.2077326905732,18.2628731341,0.28515407473589,0.0,0.0,0.0,0.0,0.0,0.0,-1.0,1.0
0.85,0.0,0.0,5.2081530035749,0.0064695788003863,5.2081530035749,18.2628731341,0.28517708935131,0.0,0.0,0.0,0.0,0.0,0.0,-1.0,1.0
0.86,0.0,0.0,5.2117557269093,0.0064793466524148,5.2117557269093,18.2628731341,0.28537435969908,0.0,0.0,0.0,0.0,0.0,0.0,-1.0,1.0
0.87,0.0,0.0,5.2036213108445,0.0064603282225698,5.2036213108445,18.2628731341,0.28492895245099,0.0,0.0,0.0,0.0,0.0,0.0,-1.0,1.0
0.88,0.0,0.0,5.2112994177893,0.0064801021183289,5.2112994177893,18.2628731341,0.28534937408391,0.0,0.0,0.0,0.0,0.0,0.0,-1.0,1.0
0.89,0.0,0.0,5.2049609831112,0.006465750526361,5.2049609831112,18.2628731341,0.28500230740762,0.0,0.0,0.0,0.0,0.0,0.0,-1.0,1.0
0.9,0.0,0.0,5.2055268842219,0.0064681495467537,5.2055268842219,18.2628731341,0.28503329383055,0.0,0.0,0.0,0.0,0.0,0.0,-1.0,1.0
0.91,0.0,0.0,5.2087536112896,0.0064770203491031,5.2087536112896,18.2628731341,0.28520997616547,0.0,0.0,0.0,0.0,0.0,0.0,-1.0,1.0
0.92,0.0,0.0,5.2007520535756,0.0064589654952328,5.2007520535756,18.2628731341,0.28477184369555,0.0,0.0,0.0,0.0,0.0,0.0,-1.0,1.0
0.93,0.0,0.0,5.208072099284,0.0064777492788785,5.208072099284,18.2628731341,0.28517265936429,0.0,0.0,0.0,0.0,0.0,0.0,-1.0,1.0
0.94,0.0,0.0,5.2017075554793,0.0064637756324017,5.2017075554793,18.2628731341,0.28482416305936,0.0,0.0,0.0,0.0,0.0,0.0,-1.0,1.0
0.95,0.0,0.0,5.2021601968332,0.0064660157321624,5.2021601968332,18.2628731341,0.28484894784271,0.0,0.0,0.0,0.0,0.0,0.0,-1.0,1.0
0.96,0.0,0.0,5.2050824500092,0.0064745787491623,5.2050824500092,18.2628731341,0.28500895843658,0.0,0.0,0.0,0.0,0.0,0.0,-1.0,1.0
0.97,0.0,0.0,5.1972225220953,0.0064567706501782,5.1972225220953,18.2628731341,0.28457858103341,0.0,0.0,0.0,0.0,0.0,0.0,-1.0,1.0
0.98,0.0,0.0,5.2042025581584,0.0064751718599867,5.2042025581584,18.2628731341,0.28496077916904,0.0,0.0,0.0,0.0,0.0,0.0,-1.0,1.0
0.99,0.0,0.0,5.1978650788371,0.0064612880979499,5.1978650788371,18.2628731341,0.28461376480417,0.0,0.0,0.0,0.0,0.0,0.0,-1.0,1.0
1.0,0.0,0.0,5.1981717604798,0.0064633888839753,5.1981717604798,18.2628731341,0.28463055743261,0.0,0.0,0.0,0.0,0.0,0.0,-1.0,1.0
1.01,0.0,0.0,5.209384362902,0.006485169690844,5.209384362902,18.2628731341,0.28524451353578,0.0,0.0,0.0,0.0,0.0,0.0,-1.0,1.0
1.02,0.0,0.0,5.2093398833079,0.0064733901054878,5.2093398833079,18.2628731341,0.28524207801571,0.0,0.0,0.0,0.0,0.0,0.0,-1.0,1.0
1.03,0.0,0.0,5.2237097880854,0.0065009466298919,5.2237097880854,18.2628731341,0.2860289150414,0.0,0.0,0.0,0.0,0.0,0.0,-1.0,1.0
1.04,0.0,0.0,5.2226494211716,0.0064950292174899,5.2226494211716,18.2628731341,0.28597085369991,0.0,0.0,0.0,0.0,0.0,0.0,-1.0,1.0
1.05,0.0,0.0,5.2263629163001,0.0064958232936228,5.2263629163001,18.2628731341,0.28617418945662,0.0,0.0,0.0,0.0,0.0,0.0,-1.0,1.0
1.06,0.0,0.0,5.2297269178931,0.0065063705870266,5.2297269178931,18.2628731341,0.2863583883813,0.0,0.0,0.0,0.0,0.0,0.0,-1.0,1.0
1.07,0.0,0.0,5.2234711875256,0.0064850033485872,5.2234711875256,18.2628731341,0.28601585025373,0.0,0.0,0.0,0.0,0.0,0.0,-1.0,1.0
1.08,0.0,0.0,5.2304667795832,0.006505927173037,5.2304667795832,18.2628731341,0.28639890017179,0.0,0.0,0.0,0.0,0.0,0.0,-1.0,1.0
1.09,0.0,0.0,5.224922801946,0.0064915874784116,5.224922801946,18.2628731341,0.2860953347034,0.0,0.0,0.0,0.0,0.0,0.0,-1.0,1.0
1.1,0.0,0.0,5.2255251497955,0.0064927923724164,5.2255251497955,18.2628731341,0.28612831680019,0.0,0.0,0.0,0.0,0.0,0.0,-1.0,1.0
1.11,0.0,0.0,5.2275206496928,0.006502925091403,5.2275206496928,18.2628731341,0.28623758218701,0.0,0.0,0.0,0.0,0.0,0.0,-1.0,1.0
1.12,0.0,0.0,5.2208504675281,0.0064836243590364,5.2208504675281,18.2628731341,0.28587235037952,0.0,0.0,0.0,0.0,0.0,0.0,-1.0,1.0
1.13,0.0,0.0,5.2257902563892,0.006501525442081,5.2257902563892,18.2628731341,0.28614283294953,0.0,0.0,0.0,0.0,0.0,0.0,-1.0,1.0
1.14,0.0,0.0,5.2201233138751,0.0064874173092947,5.2201233138751,18.2628731341,0.285832534429,0.0,0.0,0.0,0.0,0.0,0.0,-1.0,1.0
1.15,0.0,0.0,5.2195961583531,0.0064867259249896,5.2195961583531,18.2628731341,0.28580366955554,0.0,0.0,0.0,0.0,0.0,0.0,-1.0,1.0
1.16,0.0,0.0,5.2207244993266,0.0064938976950001,5.2207244993266,18.2628731341,0.28586545287765,0.0,0.0,0.0,0.0,0.0,0.0,-1.0,1.0
1.17,0.0,0.0,5.2137604416992,0.0064735238855241,5.2137604416992,18.2628731341,0.2854841296556,0.0,0.0,0.0,0.0,0.0,0.0,-1.0,1.0
1.18,0.0,0.0,5.2176382548436,0.0064877297024437,5.2176382548436,18.2628731341,0.28569646279267,0.0,0.0,0.0,0.0,0.0,0.0,-1.0,1.0
1.19,0.0,0.0,5.2131736013146,0.0064727382563522,5.2131736013146,18.2628731341,0.28545199668395,0.0,0.0,0.0,0.0,0.0,0.0,-1.0,1.0
1.2,0.0,0.0,5.2138884579572,0.0064706042330138,5.2138884579572,18.2628731341,0.28549113930064,0.0,0.0,0.0,0.0,0.0,0.0,-1.0,1.0
1.21,0.0,0.0,5.2163181565839,0.0064755922968888,5.2163181565839,18.2628731341,0.28562417962835,0.0,0.0,0.0,0.0,0.0,0.0,-1.0,1.0
1.22,0.0,0.0,5.2111277484466,0.0064547761620183,5.2111277484466,18.2628731341,0.28533997417506,0.0,0.0,0.0,0.0,0.0,0.0,-1.0,1.0
1.23,0.0,0.0,5.2165098180829,0.0064667266578073,5.2165098180829,18.2628731341,0.28563467422564,0.0,0.0,0.0,0.0,0.0,0.0,-1.0,1.0
1.24,0.0,0.0,5.2125417833864,0.0064498742587343,5.2125417833864,18.2628731341,0.28541740092657,0.0,0.0,0.0,0.0,0.0,0.0,-1.0,1.0
1.25,0.0,0.0,5.2131986306932,0.006445503987181,5.2131986306932,18.2628731341,0.28545336719003,0.0,0.0,0.0,0.0,0.0,0.0,-1.0,1.0
1.26,0.0,0.0,5.2156460668336,0.006447871693183,5.2156460668336,18.2628731341,0.28558737875121,0.0,0.0,0.0,0.0,0.0,0.0,-1.0,1.0
1.27,0.0,0.0,5.210563030198,0.0064255937841894,5.210563030198,18.2628731341,0.28530905252082,0.0,0.0,0.0,0.0,0.0,0.0,-1.0,1.0
1.28,0.0,0.0,5.2157389329954,0.0064348503051379,5.2157389329954,18.2628731341,0.2855924637212,0.0,0.0,0.0,0.0,0.0,0.0,-1.0,1.0
1.29,0.0,0.0,5.2117692432083,0.0064163090211508,5.2117692432083,18.2628731341,0.28537509979616,0.0,0.0,0.0,0.0,0.0,0.0,-1.0,1.0
1.3,0.0,0.0,5.212298355148,0.0064100053435643,5.212298355148,18.2628731341,0.28540407179502,0.0,0.0,0.0,0.0,0.0,0.0,-1.0,1.0
1.31,0.0,0.0,5.2145738575034,0.0064101417341988,5.2145738575034,18.2628731341,0.28552866896758,0.0,0.0,0.0,0.0,0.0,0.0,-1.0,1.0
1.32,0.0,0.0,5.209485702214,0.0063866115435621,5.209485702214,18.2628731341,0.28525006246071,0.0,0.0,0.0,0.0,0.0,0.0,-1.0,1.0
1.33,0.0,0.0,5.2144361265251,0.0063936327329661,5.2144361265251,18.2628731341,0.28552112738432,0.0,0.0,0.0,0.0,0.0,0.0,-1.0,1.0
1.34,0.0,0.0,5.2104439304743,0.0063737311184324,5.2104439304743,18.2628731341,0.28530253110862,0.0,0.0,0.0,0.0,0.0,0.0,-1.0,1.0
1.35,0.0,0.0,5.2108352875034,0.0063658472386751,5.2108352875034,18.2628731341,0.28532396021379,0.0,0.0,0.0,0.0,0.0,0.0,-1.0,1.0
1.36,0.0,0.0,5.212971342868,0.0063641832971025,5.212971342868,18.2628731341,0.28544092184129,0.0,0.0,0.0,0.0,0.0,0.0,-1.0,1.0
1.37,0.0,0.0,5.2079085188886,0.0063396419182067,5.2079085188886,18.2628731341,0.28516370237301,0.0,0.0,0.0,0.0,0.0,0.0,-1.0,1.0
1.38,0.0,0.0,5.2126998926959,0.0063448478867352,5.2126998926959,18.2628731341,0.28542605834363,0.0,0.0,0.0,0.0,0.0,0.0,-1.0,1.0
1.39,0.0,0.0,5.2087168566044,0.0063238943278417,5.2087168566044,18.2628731341,0.28520796362971,0.0,0.0,0.0,0.0,0.0,0.0,-1.0,1.0
1.4,0.0,0.0,5.2090093852369,0.0063146723128772,5.2090093852369,18.2628731341,0.28522398129737,0.0,0.0,0.0,0.0,0.0,0.0,-1.0,1.0
1.41,0.0,0.0,5.2110985252584,0.0063116314586235,5.2110985252584,18.2628731341,0.28533837403318,0.0,0.0,0.0,0.0,0.0,0.0,-1.0,1.0
1.42,0.0,0.0,5.206064657273,0.0062862298398064,5.206064657273,18.2628731341,0.28506274007633,0.0,0.0,0.0,0.0,0.0,0.0,-1.0,1.0
1.43,0.0,0.0,5.2107116247603,0.006289898058889,5.2107116247603,18.2628731341,0.28531718894937,0.0,0.0,0.0,0.0,0.0,0.0,-1.0,1.0
1.44,0.0,0.0,5.2068395418113,0.0062681645372614,5.2068395418113,18.2628731341,0.28510516957429,0.0,0.0,0.0,0.0,0.0,0.0,-1.0,1.0
1.45,0.0,0.0,5.2071105713828,0.0062578055983578,5.2071105713828,18.2628731341,0.28512001004159,0.0,0.0,0.0,0.0,0.0,0.0,-1.0,1.0
1.46,0.0,0.0,5.2091761899546,0.0062536017951319,5.2091761899546,18.2628731341,0.28523311483932,0.0,0.0,0.0,0.0,0.0,0.0,-1.0,1.0
1.47,0.0,0.0,5.2042666207696,0.006227532954586,5.2042666207696,18.2628731341,0.28496428697478,0.0,0.0,0.0,0.0,0.0,0.0,-1.0,1.0
1.48,0.0,0.0,5.2088528069379,0.0062298982123196,5.2088528069379,18.2628731341,0.28521540771217,0.0,0.0,0.0,0.0,0.0,0.0,-1.0,1.0
1.49,0.0,0.0,5.205071443791,0.0062075086917097,5.205071443791,18.2628731341,0.28500835578123,0.0,0.0,0.0,0.0,0.0,0.0,-1.0,1.0
1.5,0.0,0.0,5.2053783217245,0.0061961008045576,5.2053783217245,18.2628731341,0.28502515915774,0.0,0.0,0.0,0.0,0.0,0.0,-1.0,1.0
1.51,0.0,0.0,5.2073955575979,0.0061909327046161,5.2073955575979,18.2628731341,0.28513561471742,0.0,0.0,0.0,0.0,0.0,0.0,-1.0,1.0
1.52,0.0,0.0,5.2024268385995,0.0061641120879815,5.2024268385995,18.2628731341,0.28486354805179,0.0,0.0,0.0,0.0,0.0,0.0,-1.0,1.0
1.53,0.0,0.0,5.2067421275735,0.0061651239812419,5.2067421275735,18.2628731341,0.28509983557032,0.0,0.0,0.0,0.0,0.0,0.0,-1.0,1.0
1.54,0.0,0.0,5.2027253619545,0.0061419092332415,5.2027253619545,18.2628731341,0.28487989396587,0.0,0.0,0.0,0.0,0.0,0.0,-1.0,1.0
1.55,0.0,0.0,5.2025694747112,0.0061291141339961,5.2025694747112,18.2628731341,0.28487135822003,0.0,0.0,0.0,0.0,0.0,0.0,-1.0,1.0
1.56,0.0,0.0,5.2041083052375,0.0061226747074233,5.2041083052375,18.2628731341,0.28495561826581,0.0,0.0,0.0,0.0,0.0,0.0,-1.0,1.0
1.57,0.0,0.0,5.1988206748697,0.006094804756054,5.1988206748697,18.2628731341,0.28466608932209,0.0,0.0,0.0,0.0,0.0,0.0,-1.0,1.0
1.58,0.0,0.0,5.2026701250582,0.0060942956835546,5.2026701250582,18.2628731341,0.28487686942006,0.0,0.0,0.0,0.0,0.0,0.0,-1.0,1.0
1.59,0.0,0.0,5.1983930865265,0.0060702277519258,5.1983930865265,18.2628731341,0.28464267633882,0.0,0.0,0.0,0.0,0.0,0.0,-1.0,1.0
1.6,0.0,0.0,5.1979687813568,0.006056131911941,5.1979687813568,18.2628731341,0.28461944312865,0.0,0.0,0.0,0.0,0.0,0.0,-1.0,1.0
1.61,0.0,0.0,5.199281629013,0.0060486608950767,5.199281629013,18.2628731341,0.28469132927968,0.0,0.0,0.0,0.0,0.0,0.0,-1.0,1.0
1.62,0.0,0.0,5.1938877036559,0.0060199364975202,5.1938877036559,18.2628731341,0.28439598005847,0.0,0.0,0.0,0.0,0.0,0.0,-1.0,1.0
1.63,0.0,0.0,5.197555512754,0.006018100293729,5.197555512754,18.2628731341,0.28459681423561,0.0,0.0,0.0,0.0,0.0,0.0,-1.0,1.0
1.64,0.0,0.0,5.193315733427,0.0059934579990893,5.193315733427,18.2628731341,0.28436466131554,0.0,0.0,0.0,0.0,0.0,0.0,-1.0,1.0
1.65,0.0,0.0,5.1928995557806,0.0059781529123892,5.1928995557806,18.2628731341,0.2843418731352,0.0,0.0,0.0,0.0,0.0,0.0,-1.0,1.0
1.66,0.0,0.0,5.1942483921125,0.0059697995126024,5.1942483921125,18.2628731341,0.28441572987844,0.0,0.0,0.0,0.0,0.0,0.0,-1.0,1.0
1.67,0.0,0.0,5.1890354189616,0.0059402907259667,5.1890354189616,18.2628731341,0.2841302888576,0.0,0.0,0.0,0.0,0.0,0.0,-1.0,1.0
1.68,0.0,0.0,5.1926937028766,0.0059371503151087,5.1926937028766,18.2628731341,0.2843306014748,0.0,0.0,0.0,0.0,0.0,0.0,-1.0,1.0
1.69,0.0,0.0,5.188537445279,0.0059118422266497,5.188537445279,18.2628731341,0.28410302186194,0.0,0.0,0.0,0.0,0.0,0.0,-1.0,1.0
1.7,0.0,0.0,5.1881059596902,0.0058951200253626,5.1881059596902,18.2628731341,0.28407939548149,0.0,0.0,0.0,0.0,0.0,0.0,-1.0,1.0
1.71,0.0,0.0,5.1894426871486,0.0058857968226291,5.1894426871486,18.2628731341,0.2841525891925,0.0,0.0,0.0,0.0,0.0,0.0,-1.0,1.0
1.72,0.0,0.0,5.1843587544772,0.0058552790651666,5.1843587544772,18.2628731341,0.28387421389886,0.0,0.0,0.0,0.0,0.0,0.0,-1.0,1.0
1.73,0.0,0.0,5.1879982598478,0.0058506284518377,5.1879982598478,18.2628731341,0.28407349828001,0.0,0.0,0.0,0.0,0.0,0.0,-1.0,1.0
1.74,0.0,0.0,5.1840653224018,0.0058246183739956,5.1840653224018,18.2628731341,0.28385814676236,0.0,0.0,0.0,0.0,0.0,0.0,-1.0,1.0
1.75,0.0,0.0,5.183796316044,0.0058063163845983,5.183796316044,18.2628731341,0.28384341707795,0.0,0.0,0.0,0.0,0.0,0.0,-1.0,1.0
1.76,0.0,0.0,5.1853084556857,0.005795899586612,5.1853084556857,18.2628731341,0.2839262156404,0.0,0.0,0.0,0.0,0.0,0.0,-1.0,1.0
1.77,0.0,0.0,5.1804346860717,0.0057641926217828,5.1804346860717,18.2628731341,0.28365934801348,0.0,0.0,0.0,0.0,0.0,0.0,-1.0,1.0
1.78,0.0,0.0,5.1842091519187,0.0057578001411968,5.1842091519187,18.2628731341,0.28386602227658,0.0,0.0,0.0,0.0,0.0,0.0,-1.0,1.0
1.79,0.0,0.0,5.1804963935351,0.0057308375618492,5.1804963935351,18.2628731341,0.28366272686099,0.0,0.0,0.0,0.0,0.0,0.0,-1.0,1.0
1.8,0.0,0.0,5.1802895404189,0.0057105616411441,5.1802895404189,18.2628731341,0.28365140043307,0.0,0.0,0.0,0.0,0.0,0.0,-1.0,1.0
1.81,0.0,0.0,5.1818965044757,0.0056987310872244,5.1818965044757,18.2628731341,0.28373939119142,0.0,0.0,0.0,0.0,0.0,0.0,-1.0,1.0
1.82,0.0,0.0,5.1772559136126,0.0056654976406951,5.1772559136126,18.2628731341,0.28348529147617,0.0,0.0,0.0,0.0,0.0,0.0,-1.0,1.0
1.83,0.0,0.0,5.1810346022425,0.0056569162043218,5.1810346022425,18.2628731341,0.28369219696153,0.0,0.0,0.0,0.0,0.0,0.0,-1.0,1.0
1.84,0.0,0.0,5.1775176213661,0.0056287177933553,5.1775176213661,18.2628731341,0.28349962151896,0.0,0.0,0.0,0.0,0.0,0.0,-1.0,1.0
1.85,0.0,0.0,5.1774380718377,0.0056060162533956,5.1774380718377,18.2628731341,0.28349526571318,0.0,0.0,0.0,0.0,0.0,0.0,-1.0,1.0
1.86,0.0,0.0,5.179115904642,0.0055924252704479,5.179115904642,18.2628731341,0.28358713695337,0.0,0.0,0.0,0.0,0.0,0.0,-1.0,1.0
1.87,0.0,0.0,5.1745862487435,0.0055571823609957,5.1745862487435,18.2628731341,0.28333911158161,0.0,0.0,0.0,0.0,0.0,0.0,-1.0,1.0
1.88,0.0,0.0,5.1783683490089,0.0055459154204522,5.1783683490089,18.2628731341,0.28354620387413,0.0,0.0,0.0,0.0,0.0,0.0,-1.0,1.0
1.89,0.0,0.0,5.1749871140551,0.0055160350836229,5.1749871140551,18.2628731341,0.28336106132132,0.0,0.0,0.0,0.0,0.0,0.0,-1.0,1.0
1.9,0.0,0.0,5.1749553532143,0.0054903888720487,5.1749553532143,18.2628731341,0.28335932222799,0.0,0.0,0.0,0.0,0.0,0.0,-1.0,1.0
1.91,0.0,0.0,5.1766545213147,0.0054745289846794,5.1766545213147,18.2628731341,0.28345236170146,0.0,0.0,0.0,0.0,0.0,0.0,-1.0,1.0
1.92,0.0,0.0,5.1722697065697,0.0054368616799444,5.1722697065697,18.2628731341,0.28321226723698,0.0,0.0,0.0,0.0,0.0,0.0,-1.0,1.0
1.93,0.0,0.0,5.1760352592677,0.005422340241042,5.1760352592677,18.2628731341,0.2834184534526,0.0,0.0,0.0,0.0,0.0,0.0,-1.0,1.0
1.94,0.0,0.0,5.1727774410912,0.0053903405712414,5.1727774410912,18.2628731341,0.28324006869613,0.0,0.0,0.0,0.0,0.0,0.0,-1.0,1.0
1.95,0.0,0.0,5.1727767491937,0.0053611343235321,5.1727767491937,18.2628731341,0.28324003081066,0.0,0.0,0.0,0.0,0.0,0.0,-1.0,1.0
1.96,0.0,0.0,5.1745256704841,0.0053424802031573,5.1745256704841,18.2628731341,0.28333579456468,0.0,0.0,0.0,0.0,0.0,0.0,-1.0,1.0
1.97,0.0,0.0,5.1702669229723,0.0053018490110733,5.1702669229723,18.2628731341,0.28310260302463,0.0,0.0,0.0,0.0,0.0,0.0,-1.0,1.0
1.98,0.0,0.0,5.1740309404815,0.0052834069923905,5.1740309404815,18.2628731341,0.28330870517962,0.0,0.0,0.0,0.0,0.0,0.0,-1.0,1.0
1.99,0.0,0.0,5.1708220748477,0.0052487617407076,5.1708220748477,18.2628731341,0.28313300086353,0.0,0.0,0.0,0.0,0.0,0.0,-1.0,1.0
2.0,0.0,0.0,5.1708525884439,0.0052153098984511,5.1708525884439,18.2628731341,0.28313467166286,0.0,0.0,0.0,0.0,0.0,0.0,-1.0,1.0
2.01,0.0,0.0,5.1726327656232,0.0051932466492771,5.1726327656232,18.2628731341,0.28323214686111,0.0,0.0,0.0,0.0,0.0,0.0,-1.0,1.0
2.02,0.0,0.0,5.1684263956908,0.0051490353175749,5.1684263956908,18.2628731341,0.2830018233024,0.0,0.0,0.0,0.0,0.0,0.0,-1.0,1.0
2.03,0.0,0.0,5.1720960821054,0.0051258903751489,5.1720960821054,18.2628731341,0.28320276027369,0.0,0.0,0.0,0.0,0.0,0.0,-1.0,1.0
2.04,0.0,0.0,5.1690588956244,0.0050880903645847,5.1690588956244,18.2628731341,0.28303645640361,0.0,0.0,0.0,0.0,0.0,0.0,-1.0,1.0
2.05,0.0,0.0,5.1691125876929,0.0050497050041834,5.1691125876929,18.2628731341,0.28303939636098,0.0,0.0,0.0,0.0,0.0,0.0,-1.0,1.0
2.06,0.0,0.0,5.1709065649359,0.0050235365180729,5.1709065649359,18.2628731341,0.28313762719409,0.0,0.0,0.0,0.0,0.0,0.0,-1.0,1.0
2.07,0.0,0.0,5.1668212901796,0.0049752055254082,5.1668212901796,18.2628731341,0.28291393431038,0.0,0.0,0.0,0.0,0.0,0.0,-1.0,1.0
2.08,0.0,0.0,5.1705158775164,0.0049466023457939,5.1705158775164,18.2628731341,0.283116234754,0.0,0.0,0.0,0.0,0.0,0.0,-1.0,1.0
2.09,0.0,0.0,5.1675919587078,0.0049050751961975,5.1675919587078,18.2628731341,0.28295613295692,0.0,0.0,0.0,0.0,0.0,0.0,-1.0,1.0
2.1,0.0,0.0,5.1676244022902,0.0048609950247785,5.1676244022902,18.2628731341,0.28295790943438,0.0,0.0,0.0,0.0,0.0,0.0,-1.0,1.0
2.11,0.0,0.0,5.1694826975178,0.004830011525387,5.1694826975178,18.2628731341,0.28305966205643,0.0,0.0,0.0,0.0,0.0,0.0,-1.0,1.0
2.12,0.0,0.0,5.1654932295141,0.0047769925286106,5.1654932295141,18.2628731341,0.28284121515739,0.0,0.0,0.0,0.0,0.0,0.0,-1.0,1.0
2.13,0.0,0.0,5.1691353849394,0.0047421171526798,5.1691353849394,18.2628731341,0.28304064464466,0.0,0.0,0.0,0.0,0.0,0.0,-1.0,1.0
2.14,0.0,0.0,5.1663290927769,0.0046962606763932,5.1663290927769,18.2628731341,0.2828869836001,0.0,0.0,0.0,0.0,0.0,0.0,-1.0,1.0
2.15,0.0,0.0,5.1664084237689,0.0046458614567274,5.1664084237689,18.2628731341,0.28289132743973,0.0,0.0,0.0,0.0,0.0,0.0,-1.0,1.0
2.16,0.0,0.0,5.1683136978503,0.0046093564031553,5.1683136978503,18.2628731341,0.28299565243106,0.0,0.0,0.0,0.0,0.0,0.0,-1.0,1.0
2.17,0.0,0.0,5.1644427871764,0.0045511619058336,5.1644427871764,18.2628731341,0.28278369724496,0.0,0.0,0.0,0.0,0.0,0.0,-1.0,1.0
2.18,0.0,0.0,5.1681335122921,0.0045092900417459,5.1681335122921,18.2628731341,0.2829857862092,0.0,0.0,0.0,0.0,0.0,0.0,-1.0,1.0
2.19,0.0,0.0,5.1654534358885,0.0044586556166992,5.1654534358885,18.2628731341,0.28283903622173,0.0,0.0,0.0,0.0,0.0,0.0,-1.0,1.0
2.2,0.0,0.0,5.1656074957243,0.0044014110630557,5.1656074957243,18.2628731341,0.28284747190622,0.0,0.0,0.0,0.0,0.0,0.0,-1.0,1.0
2.21,0.0,0.0,5.1675723893412,0.004358735764422,5.1675723893412,18.2628731341,0.2829550614187,0.0,0.0,0.0,0.0,0.0,0.0,-1.0,1.0
2.22,0.0,0.0,5.1638883499337,0.0042951173470134,5.1638883499337,18.2628731341,0.28275333853641,0.0,0.0,0.0,0.0,0.0,0.0,-1.0,1.0
2.23,0.0,0.0,5.1675242300086,0.004245589852067,5.1675242300086,18.2628731341,0.28295242441125,0.0,0.0,0.0,0.0,0.0,0.0,-1.0,1.0
2.24,0.0,0.0,5.1650024939871,0.0041898922967304,5.1650024939871,18.2628731341,0.28281434449343,0.0,0.0,0.0,0.0,0.0,0.0,-1.0,1.0
2.25,0.0,0.0,5.1652059484729,0.0041254550083083,5.1652059484729,18.2628731341,0.28282548482629,0.0,0.0,0.0,0.0,0.0,0.0,-1.0,1.0
2.26,0.0,0.0,5.1672320647157,0.004076199798397,5.1672320647157,18.2628731341,0.28293642663856,0.0,0.0,0.0,0.0,0.0,0.0,-1.0,1.0
2.27,0.0,0.0,5.1636548581814,0.0040070947880159,5.1636548581814,18.2628731341,0.28274055348607,0.0,0.0,0.0,0.0,0.0,0.0,-1.0,1.0
2.28,0.0,0.0,5.1673588880991,0.0039496355536217,5.1673588880991,18.2628731341,0.28294337096668,0.0,0.0,0.0,0.0,0.0,0.0,-1.0,1.0
2.29,0.0,0.0,5.1649493208812,0.003888851548727,5.1649493208812,18.2628731341,0.28281143295232,0.0,0.0,0.0,0.0,0.0,0.0,-1.0,1.0
2.3,0.0,0.0,5.1652243279328,0.0038173763849746,5.1652243279328,18.2628731341,0.28282649121011,0.0,0.0,0.0,0.0,0.0,0.0,-1.0,1.0
2.31,0.0,0.0,5.1672961498144,0.003761421503461,5.1672961498144,18.2628731341,0.28293993567563,0.0,0.0,0.0,0.0,0.0,0.0,-1.0,1.0
2.32,0.0,0.0,5.1638560375259,0.0036873758104584,5.1638560375259,18.2628731341,0.28275156924154,0.0,0.0,0.0,0.0,0.0,0.0,-1.0,1.0
2.33,0.0,0.0,5.1675622944345,0.0036221200911119,5.1675622944345,18.2628731341,0.28295450866303,0.0,0.0,0.0,0.0,0.0,0.0,-1.0,1.0
2.34,0.0,0.0,5.1652612003747,0.0035568083385964,5.1652612003747,18.2628731341,0.28282851019374,0.0,0.0,0.0,0.0,0.0,0.0,-1.0,1.0
2.35,0.0,0.0,5.1655793906557,0.0034790706424207,5.1655793906557,18.2628731341,0.28284593298798,0.0,0.0,0.0,0.0,0.0,0.0,-1.0,1.0
2.36,0.0,0.0,5.1677184067653,0.0034169876214929,5.1677184067653,18.2628731341,0.28296305673373,0.0,0.0,0.0,0.0,0.0,0.0,-1.0,1.0
2.37,0.0,0.0,5.1643749505397,0.0033392934401507,5.1643749505397,18.2628731341,0.28277998278907,0.0,0.0,0.0,0.0,0.0,0.0,-1.0,1.0
2.38,0.0,0.0,5.1680986807152,0.0032672636821928,5.1680986807152,18.2628731341,0.28298387897496,0.0,0.0,0.0,0.0,0.0,0.0,-1.0,1.0
2.39,0.0,0.0,5.1659285471656,0.0031988389754706,5.1659285471656,18.2628731341,0.28286505136587,0.0,0.0,0.0,0.0,0.0,0.0,-1.0,1.0
2.4,0.0,0.0,5.1662341156612,0.0031167619595669,5.1662341156612,18.2628731341,0.28288178304294,0.0,0.0,0.0,0.0,0.0,0.0,-1.0,1.0
2.41,0.0,0.0,5.1684617445937,0.0030501033234964,5.1684617445937,18.2628731341,0.28300375886329,0.0,0.0,0.0,0.0,0.0,0.0,-1.0,1.0
2.42,0.0,0.0,5.1651636376135,0.0029714172885341,5.1651636376135,18.2628731341,0.28282316805723,0.0,0.0,0.0,0.0,0.0,0.0,-1.0,1.0
2.43,0.0,0.0,5.1688644167508,0.0028950290027659,5.1688644167508,18.2628731341,0.28302580753844,0.0,0.0,0.0,0.0,0.0,0.0,-1.0,1.0
2.44,2.0,0.0,5.1560132218273,0.0028167444846194,5.1560132218273,18.2628731341,0.28232212883306,0.0,0.0,0.0,0.0,0.0,0.0,-1.0,1.0
2.45,2.0,0.0,5.1678983045231,0.0027239102350026,5.1678983045231,18.2628731341,0.28297290719683,0.0,0.0,0.0,0.0,0.0,0.0,-1.0,1.0
2.46,2.0,0.0,5.1779112160385,0.0026506308000994,5.1779112160385,18.2628731341,0.2835211731483,0.0,0.0,0.0,0.0,0.0,0.0,-1.0,1.0
2.47,2.0,0.0,5.1805117789397,0.0025724766418887,5.1805117789397,18.2628731341,0.28366356930262,0.0,0.0,0.0,0.0,0.0,0.0,-1.0,1.0
2.48,2.0,0.0,5.1889426610952,0.00249515584179,5.1889426610952,18.2628731341,0.28412520981743,0.0,0.0,0.0,0.0,0.0,0.0,-1.0,1.0
2.49,2.0,0.0,5.1897829307625,0.002430693442361,5.1897829307625,18.2628731341,0.28417121953677,0.0,0.0,0.0,0.0,0.0,0.0,-1.0,1.0
2.5,2.0,0.0,5.192788714456,0.0023544062653993,5.192788714456,18.2628731341,0.28433580391905,0.0,0.0,0.0,0.0,0.0,0.0,-1.0,1.0
2.51,2.0,0.0,5.4469737344554,3.5358591559428,5.4469737344554,18.2628731341,0.29825393268953,0.0,0.0,0.0,0.0,0.0,0.0,-1.0,1.0
2.52,2.0,0.0,5.5514437175298,7.3918766802337,7.3918766802337,18.2628731341,0.40474883803643,0.0,0.0,0.0,0.0,0.0,0.0,-1.0,1.0
2.53,2.0,0.0,5.7902119882635,9.83318593729,9.83318593729,18.2628731341,0.53842491622688,0.0,0.0,0.0,0.0,0.0,0.0,-1.0,1.0
2.54,2.0,0.0,5.9709460167979,11.427580834384,11.427580834384,18.2628731341,0.62572743896726,0.0,0.0,0.0,0.0,0.0,0.0,-1.0,1.0
2.55,2.0,0.0,6.0735365420183,12.479708249456,12.479708249456,18.2628731341,0.68333761932313,0.0,0.0,0.0,0.0,0.0,0.0,-1.0,1.0
2.56,2.0,0.0,6.1180741002445,13.11543286915,13.11543286915,18.2628731341,0.71814729111056,0.0,0.0,0.0,0.0,0.0,0.0,-1.0,1.0
2.57,2.0,0.0,6.1901280568863,13.575001083606,13.575001083606,18.2628731341,0.74331136091939,0.0,0.0,0.0,0.0,0.0,0.0,-1.0,1.0
2.58,2.0,0.0,6.2741699583806,13.84916427797,13.84916427797,18.2628731341,0.75832341254737,0.0,0.0,0.0,0.0,0.0,0.0,-1.0,1.0
2.59,2.0,0.0,6.4190984618846,14.050374024995,14.050374024995,18.2628731341,0.76934083272804,0.0,0.0,0.0,0.0,0.0,0.0,-1.0,1.0
2.6,2.0,0.0,6.6314651208043,14.208760976694,14.208760976694,18.2628731341,0.77801345233918,0.0,0.0,0.0,0.0,0.0,0.0,-1.0,1.0
2.61,2.0,0.0,6.9116045468489,14.325042119614,14.325042119614,18.2628731341,0.78438053062238,0.0,0.0,0.0,0.0,0.0,0.0,-1.0,1.0
2.62,2.0,0.0,7.2853280725967,14.468422503528,14.468422503528,18.2628731341,0.79223145215376,0.0,0.0,0.0,0.0,0.0,0.0,-1.0,1.0
2.63,2.0,0.0,7.7315288606847,14.609645940004,14.609645940004,18.2628731341,0.79996426809346,0.0,0.0,0.0,0.0,0.0,0.0,-1.0,1.0
2.64,2.0,0.0,8.2668661456208,14.796416427726,14.796416427726,18.2628731341,0.81019105367918,0.0,0.0,0.0,0.0,0.0,0.0,-1.0,1.0
2.65,2.0,0.0,8.8763325750855,15.025718143011,15.025718143011,18.2628731341,0.82274667478005,0.0,0.0,0.0,0.0,0.0,0.0,-1.0,1.0
2.66,2.0,0.0,9.5453320114542,15.295202545027,15.295202545027,18.2628731341,0.83750253493618,0.0,0.0,0.0,0.0,0.0,0.0,-1.0,1.0
2.67,2.0,0.0,10.26647761726,15.622089969316,15.622089969316,18.2628731341,0.85540154906662,0.0,0.0,0.0,0.0,0.0,0.0,-1.0,1.0
2.68,2.0,0.0,10.994909102062,15.963137473232,15.963137473232,18.2628731341,0.87407591105837,0.0,0.0,0.0,0.0,0.0,0.0,-1.0,1.0
2.69,2.0,0.0,11.710363277832,16.315187447364,16.315187447364,18.2628731341,0.89335272317589,0.0,0.0,0.0,0.0,0.0,0.0,-1.0,1.0
2.7,2.0,0.0,12.350666167518,16.611642051992,16.611642051992,18.2628731341,0.90958536096794,0.0,0.0,0.0,0.0,0.0,0.0,-1.0,1.0
2.71,2.0,0.0,12.869024135012,16.800101042517,16.800101042517,18.2628731341,0.9199046020392,0.0,0.0,0.0,0.0,0.0,0.0,-1.0,1.0
2.72,2.0,0.0,13.212301552851,16.813212244357,16.813212244357,18.2628731341,0.92062251765654,0.0,0.0,0.0,0.0,0.0,0.0,-1.0,1.0
2.73,2.0,0.0,13.325091976811,16.571703348741,16.571703348741,18.2628731341,0.90739848144695,0.0,0.0,0.0,0.0,0.0,0.0,-1.0,1.0
2.74,2.0,0.0,13.198722411156,16.049615843749,16.049615843749,18.2628731341,0.87881111180593,0.0,0.0,0.0,0.0,0.0,0.0,-1.0,1.0
2.75,2.0,0.0,12.837059793593,15.232536855825,15.232536855825,18.2628731341,0.83407121891372,0.0,0.0,0.0,0.0,0.0,0.0,-1.0,1.0
2.76,2.0,0.0,12.34002691081,14.234582772683,14.234582772683,18.2628731341,0.77942734794039,0.0,0.0,0.0,0.0,0.0,0.0,-1.0,1.0
2.77,2.0,0.0,11.84543562038,13.248983903092,13.248983903092,18.2628731341,0.72545999776747,0.0,0.0,0.0,0.0,0.0,0.0,-1.0,1.0
2.78,2.0,0.0,11.556630123152,12.61057070518,12.61057070518,18.2628731341,0.69050311046808,0.0,0.0,0.0,0.0,0.0,0.0,-1.0,1.0
2.79,2.0,0.0,11.612843657441,12.618358318283,12.618358318283,18.2628731341,0.69092952820893,0.0,0.0,0.0,0.0,0.0,0.0,-1.0,1.0
2.8,2.0,0.0,12.025116183374,13.366436547721,13.366436547721,18.2628731341,0.73189122267752,0.0,0.0,0.0,0.0,0.0,0.0,-1.0,1.0
2.81,2.0,0.0,12.643094757091,14.637659140806,14.637659140806,18.2628731341,0.80149815603083,0.0,0.0,0.0,0.0,0.0,0.0,-1.0,1.0
2.82,2.0,0.0,13.237946729188,16.07025441723,16.07025441723,18.2628731341,0.87994119540937,0.0,0.0,0.0,0.0,0.0,0.0,-1.0,1.0
2.83,2.0,0.0,13.607996706111,17.34560840355,17.34560840355,18.2628731341,0.94977434690509,0.0,0.0,0.0,0.0,0.0,0.0,-1.0,1.0
2.84,2.0,0.0,13.605988485605,18.240707827033,18.240707827033,18.2628731341,0.99878631872959,0.0,0.0,0.0,0.0,0.0,0.0,-1.0,1.0
2.85,2.0,0.0,13.174721082935,18.663766935495,18.663766935495,18.2628731341,1.0219512996915,0.0,0.0,0.0,0.0,0.0,0.0,-1.0,1.0
2.86,2.0,0.0,12.304543065206,18.590111344993,18.590111344993,18.2628731341,1.0179182217655,0.0,0.0,0.0,0.0,0.0,0.0,-1.0,1.0
2.87,2.0,0.0,11.040653919435,18.081319823658,18.081319823658,18.2628731341,0.99005888563596,0.0,0.0,0.0,0.0,0.0,0.0,-1.0,1.0
2.88,2.0,0.0,9.452268251067,17.228205590597,17.228205590597,18.2628731341,0.94334585057314,0.0,0.0,0.0,0.0,0.0,0.0,-1.0,1.0
2.89,2.0,0.0,7.6247639270768,16.157655507296,16.157655507296,18.2628731341,0.88472692049352,0.0,0.0,0.0,0.0,0.0,0.0,-1.0,1.0
2.9,2.0,0.0,5.66110223469,15.012264177996,15.012264177996,18.2628731341,0.82200999085764,0.0,0.0,0.0,0.0,0.0,0.0,-1.0,1.0
2.91,2.0,0.0,3.724899465594,13.93971777463,13.93971777463,18.2628731341,0.76328175048217,0.0,0.0,0.0,0.0,0.0,0.0,-1.0,1.0
2.92,2.0,0.0,2.3018332209879,13.097627788642,13.097627788642,18.2628731341,0.71717235795643,0.0,0.0,0.0,0.0,0.0,0.0,-1.0,1.0
2.93,2.0,0.0,2.6479355939078,12.611156116442,12.611156116442,18.2628731341,0.69053516518682,0.0,0.0,0.0,0.0,0.0,0.0,-1.0,1.0
2.94,2.0,0.0,4.3235290881245,12.55996530359,12.55996530359,18.2628731341,0.6877321663117,0.0,0.0,0.0,0.0,0.0,0.0,-1.0,1.0
2.95,2.0,0.0,6.2379456952679,12.914915392781,12.914915392781,18.2628731341,0.70716777683063,0.0,0.0,0.0,0.0,0.0,0.0,-1.0,1.0
2.96,2.0,0.0,8.0676299215927,13.555407626798,13.555407626798,18.2628731341,0.74223850361679,0.0,0.0,0.0,0.0,0.0,0.0,-1.0,1.0
2.97,2.0,0.0,9.6617639419493,14.290729243657,14.290729243657,18.2628731341,0.78250169832115,0.0,0.0,0.0,0.0,0.0,0.0,-1.0,1.0
2.98,2.0,0.0,10.893156285062,14.896177061609,14.896177061609,18.2628731341,0.81565353667138,0.0,0.0,0.0,0.0,0.0,0.0,-1.0,1.0
2.99,2.0,0.0,11.668178828219,15.173606939201,15.173606939201,18.2628731341,0.83084445846966,0.0,0.0,0.0,0.0,0.0,0.0,-1.0,1.0
3.0,2.0,0.0,11.919906080099,14.957429353865,14.957429353865,18.2628731341,0.81900746087629,0.0,0.0,0.0,0.0,0.0,0.0,-1.0,1.0
3.01,2.0,0.0,11.688016958095,14.219068951666,14.219068951666,18.2628731341,0.7785778747549,0.0,0.0,0.0,0.0,0.0,0.0,-1.0,1.0
3.02,2.0,0.0,11.126514417951,13.091262668518,13.091262668518,18.2628731341,0.71682383009463,0.0,0.0,0.0,0.0,0.0,0.0,-1.0,1.0
3.03,2.0,0.0,10.563443954456,11.989461261672,11.989461261672,18.2628731341,0.65649370576229,0.0,0.0,0.0,0.0,0.0,0.0,-1.0,1.0
3.04,2.0,0.0,10.369525369825,11.510706865407,11.510706865407,18.2628731341,0.63027907935878,0.0,0.0,0.0,0.0,0.0,0.0,-1.0,1.0
3.05,2.0,0.0,10.73054358559,12.076713323722,12.076713323722,18.2628731341,0.66127127068374,0.0,0.0,0.0,0.0,0.0,0.0,-1.0,1.0
3.06,2.0,0.0,11.460151081709,13.48051885102,13.48051885102,18.2628731341,0.73813790152488,0.0,0.0,0.0,0.0,0.0,0.0,-1.0,1.0
3.07,2.0,0.0,12.161552007575,15.120959521536,15.120959521536,18.2628731341,0.8279617018914,0.0,0.0,0.0,0.0,0.0,0.0,-1.0,1.0
3.08,2.0,0.0,12.479707221532,16.459252278095,16.459252278095,18.2628731341,0.9012411222067,0.0,0.0,0.0,0.0,0.0,0.0,-1.0,1.0
3.09,2.0,0.0,12.198444842636,17.178415715578,17.178415715578,18.2628731341,0.94061956130565,0.0,0.0,0.0,0.0,0.0,0.0,-1.0,1.0
3.1,2.0,0.0,11.253582388302,17.179947981702,17.179947981702,18.2628731341,0.94070346191168,0.0,0.0,0.0,0.0,0.0,0.0,-1.0,1.0
3.11,2.0,0.0,9.6827738159612,16.510315956841,16.510315956841,18.2628731341,0.90403715973983,0.0,0.0,0.0,0.0,0.0,0.0,-1.0,1.0
3.12,2.0,0.0,7.6100474582477,15.350501162835,15.350501162835,18.2628731341,0.84053046035639,0.0,0.0,0.0,0.0,0.0,0.0,-1.0,1.0
3.13,2.0,0.0,5.2330602866167,13.959449689002,13.959449689002,18.2628731341,0.76436218915287,0.0,0.0,0.0,0.0,0.0,0.0,-1.0,1.0
3.14,2.0,0.0,2.9767961106639,12.679570186005,12.679570186005,18.2628731341,0.69428123893224,0.0,0.0,0.0,0.0,0.0,0.0,-1.0,1.0
3.15,2.0,0.0,2.491513905703,11.871178796936,11.871178796936,18.2628731341,0.65001704330797,0.0,0.0,0.0,0.0,0.0,0.0,-1.0,1.0
3.16,2.0,0.0,4.4415253328245,11.780377321397,11.780377321397,18.2628731341,0.64504512706715,0.0,0.0,0.0,0.0,0.0,0.0,-1.0,1.0
3.17,2.0,0.0,6.7789777692629,12.35651849849,12.35651849849,18.2628731341,0.6765922540095,0.0,0.0,0.0,0.0,0.0,0.0,-1.0,1.0
3.18,2.0,0.0,8.8239348780905,13.248122656733,13.248122656733,18.2628731341,0.72541283945056,0.0,0.0,0.0,0.0,0.0,0.0,-1.0,1.0
3.19,2.0,0.0,10.315824726439,14.017894560786,14.017894560786,18.2628731341,0.76756239053166,0.0,0.0,0.0,0.0,0.0,0.0,-1.0,1.0
3.2,2.0,0.0,11.092826819502,14.277324230056,14.277324230056,18.2628731341,0.78176769477731,0.0,0.0,0.0,0.0,0.0,0.0,-1.0,1.0
3.21,2.0,0.0,11.142042823402,13.842711744267,13.842711744267,18.2628731341,0.75797009827659,0.0,0.0,0.0,0.0,0.0,0.0,-1.0,1.0
3.22,2.0,0.0,10.617989002273,12.771459050152,12.771459050152,18.2628731341,0.69931269611164,0.0,0.0,0.0,0.0,0.0,0.0,-1.0,1.0
3.23,2.0,0.0,9.9308206910162,11.512174485913,11.512174485913,18.2628731341,0.63035944023605,0.0,0.0,0.0,0.0,0.0,0.0,-1.0,1.0
3.24,2.0,0.0,9.6159049391664,10.837428734615,10.837428734615,18.2628731341,0.59341313138617,0.0,0.0,0.0,0.0,0.0,0.0,-1.0,1.0
3.25,2.0,0.0,9.9900880080402,11.38093884791,11.38093884791,18.2628731341,0.62317351516067,0.0,0.0,0.0,0.0,0.0,0.0,-1.0,1.0
3.26,2.0,0.0,10.818812095291,12.908987638329,12.908987638329,18.2628731341,0.70684319731849,0.0,0.0,0.0,0.0,0.0,0.0,-1.0,1.0
3.27,2.0,0.0,11.571511579298,14.640703820111,14.640703820111,18.2628731341,0.80166487017722,0.0,0.0,0.0,0.0,0.0,0.0,-1.0,1.0
3.28,2.0,0.0,11.801804284997,15.916304674817,15.916304674817,18.2628731341,0.87151153917282,0.0,0.0,0.0,0.0,0.0,0.0,-1.0,1.0
3.29,2.0,0.0,11.273561391972,16.397153507371,16.397153507371,18.2628731341,0.89784084831401,0.0,0.0,0.0,0.0,0.0,0.0,-1.0,1.0
3.3,2.0,0.0,9.9476742952606,16.022319168941,16.022319168941,18.2628731341,0.87731645789207,0.0,0.0,0.0,0.0,0.0,0.0,-1.0,1.0
3.31,2.0,0.0,7.9293467894394,14.935677856059,14.935677856059,18.2628731341,0.81781643810311,0.0,0.0,0.0,0.0,0.0,0.0,-1.0,1.0
3.32,2.0,0.0,5.4550660326606,13.460930827967,13.460930827967,18.2628731341,0.73706534175246,0.0,0.0,0.0,0.0,0.0,0.0,-1.0,1.0
3.33,2.0,0.0,3.0563868084354,12.048996268119,12.048996268119,18.2628731341,0.65975359844236,0.0,0.0,0.0,0.0,0.0,0.0,-1.0,1.0
3.34,2.0,0.0,2.6993817764523,11.224265829455,11.224265829455,18.2628731341,0.61459474350164,0.0,0.0,0.0,0.0,0.0,0.0,-1.0,1.0
3.35,2.0,0.0,4.858579802717,11.293077632715,11.293077632715,18.2628731341,0.61836259551234,0.0,0.0,0.0,0.0,0.0,0.0,-1.0,1.0
3.36,2.0,0.0,7.2445000351579,12.077760292504,12.077760292504,18.2628731341,0.66132859839849,0.0,0.0,0.0,0.0,0.0,0.0,-1.0,1.0
3.37,2.0,0.0,9.1466009630813,13.025482056758,13.025482056758,18.2628731341,0.71322195369345,0.0,0.0,0.0,0.0,0.0,0.0,-1.0,1.0
3.38,2.0,0.0,10.293040331079,13.581871687798,13.581871687798,18.2628731341,0.74368756701478,0.0,0.0,0.0,0.0,0.0,0.0,-1.0,1.0
3.39,2.0,0.0,10.603447813283,13.412489110195,13.412489110195,18.2628731341,0.73441287204428,0.0,0.0,0.0,0.0,0.0,0.0,-1.0,1.0
3.4,2.0,0.0,10.201356617601,12.48949685866,12.48949685866,18.2628731341,0.68387360340031,0.0,0.0,0.0,0.0,0.0,0.0,-1.0,1.0
3.41,2.0,0.0,9.5050488673891,11.225669042966,11.225669042966,18.2628731341,0.61467157771608,0.0,0.0,0.0,0.0,0.0,0.0,-1.0,1.0
3.42,2.0,0.0,9.1164205534247,10.438087315662,10.438087315662,18.2628731341,0.57154683378775,0.0,0.0,0.0,0.0,0.0,0.0,-1.0,1.0
3.43,2.0,0.0,9.4634165212168,10.907332972423,10.907332972423,18.2628731341,0.59724080063049,0.0,0.0,0.0,0.0,0.0,0.0,-1.0,1.0
3.44,2.0,0.0,10.314357827845,12.43953942605,12.43953942605,18.2628731341,0.68113813936665,0.0,0.0,0.0,0.0,0.0,0.0,-1.0,1.0
3.45,2.0,0.0,11.078309098864,14.180337961634,14.180337961634,18.2628731341,0.77645712465452,0.0,0.0,0.0,0.0,0.0,0.0,-1.0,1.0
3.46,2.0,0.0,11.240207844395,15.382621679818,15.382621679818,18.2628731341,0.84228924807542,0.0,0.0,0.0,0.0,0.0,0.0,-1.0,1.0
3.47,2.0,0.0,10.556244382615,15.700151539212,15.700151539212,18.2628731341,0.85967588034637,0.0,0.0,0.0,0.0,0.0,0.0,-1.0,1.0
3.48,2.0,0.0,9.0011274485716,15.089656154329,15.089656154329,18.2628731341,0.8262476579413,0.0,0.0,0.0,0.0,0.0,0.0,-1.0,1.0
3.49,2.0,0.0,6.7398945539379,13.784342387211,13.784342387211,18.2628731341,0.75477403177453,0.0,0.0,0.0,0.0,0.0,0.0,-1.0,1.0
3.5,2.0,0.0,4.1440838531731,12.221673648439,12.221673648439,18.2628731341,0.66920870329101,0.0,0.0,0.0,0.0,0.0,0.0,-1.0,1.0
3.51,2.0,0.0,2.4406177081874,11.014072812052,11.014072812052,18.2628731341,0.60308543629353,0.0,0.0,0.0,0.0,0.0,0.0,-1.0,1.0
3.52,2.0,0.0,3.9027192869823,10.713356833294,10.713356833294,18.2628731341,0.58661946313858,0.0,0.0,0.0,0.0,0.0,0.0,-1.0,1.0
3.53,2.0,0.0,6.387340570896,11.346608007708,11.346608007708,18.2628731341,0.62129369921109,0.0,0.0,0.0,0.0,0.0,0.0,-1.0,1.0
3.54,2.0,0.0,8.492818457555,12.352842404265,12.352842404265,18.2628731341,0.67639096617281,0.0,0.0,0.0,0.0,0.0,0.0,-1.0,1.0
3.55,2.0,0.0,9.8005401134667,13.028908054658,13.028908054658,18.2628731341,0.71340954728153,0.0,0.0,0.0,0.0,0.0,0.0,-1.0,1.0
3.56,2.0,0.0,10.188318058166,12.941483263685,12.941483263685,18.2628731341,0.70862252443295,0.0,0.0,0.0,0.0,0.0,0.0,-1.0,1.0
3.57,2.0,0.0,9.7743879233918,12.017669271528,12.017669271528,18.2628731341,0.65803826064416,0.0,0.0,0.0,0.0,0.0,0.0,-1.0,1.0
3.58,2.0,0.0,9.0407428932807,10.726867701313,10.726867701313,18.2628731341,0.58735926283603,0.0,0.0,0.0,0.0,0.0,0.0,-1.0,1.0
3.59,2.0,0.0,8.6924249025932,10.018884841139,10.018884841139,18.2628731341,0.54859302627644,0.0,0.0,0.0,0.0,0.0,0.0,-1.0,1.0
3.6,2.0,0.0,9.1665787732767,10.707850350381,10.707850350381,18.2628731341,0.58631795072745,0.0,0.0,0.0,0.0,0.0,0.0,-1.0,1.0
3.61,2.0,0.0,10.095012536772,12.40065045192,12.40065045192,18.2628731341,0.67900873870528,0.0,0.0,0.0,0.0,0.0,0.0,-1.0,1.0
3.62,2.0,0.0,10.775077466627,14.093524223628,14.093524223628,18.2628731341,0.7717035605593,0.0,0.0,0.0,0.0,0.0,0.0,-1.0,1.0
3.63,2.0,0.0,10.688768106047,15.044920025442,15.044920025442,18.2628731341,0.82379809107639,0.0,0.0,0.0,0.0,0.0,0.0,-1.0,1.0
3.64,2.0,0.0,9.6371376363978,14.977242568974,14.977242568974,18.2628731341,0.82009235124175,0.0,0.0,0.0,0.0,0.0,0.0,-1.0,1.0
3.65,2.0,0.0,7.6827630610047,13.970734907614,13.970734907614,18.2628731341,0.76498012142066,0.0,0.0,0.0,0.0,0.0,0.0,-1.0,1.0
3.66,2.0,0.0,5.1179357117574,12.413456995078,12.413456995078,18.2628731341,0.67970997246321,0.0,0.0,0.0,0.0,0.0,0.0,-1.0,1.0
3.67,2.0,0.0,2.7557446717528,10.950809035597,10.950809035597,18.2628731341,0.59962137146699,0.0,0.0,0.0,0.0,0.0,0.0,-1.0,1.0
3.68,2.0,0.0,3.2131887179308,10.311845572217,10.311845572217,18.2628731341,0.56463435388834,0.0,0.0,0.0,0.0,0.0,0.0,-1.0,1.0
3.69,2.0,0.0,5.6915791253873,10.773672973971,10.773672973971,18.2628731341,0.58992212752409,0.0,0.0,0.0,0.0,0.0,0.0,-1.0,1.0
3.7,2.0,0.0,7.9438105890462,11.791509315398,11.791509315398,18.2628731341,0.64565466938391,0.0,0.0,0.0,0.0,0.0,0.0,-1.0,1.0
3.71,2.0,0.0,9.3796820149168,12.558576271678,12.558576271678,18.2628731341,0.68765610862339,0.0,0.0,0.0,0.0,0.0,0.0,-1.0,1.0
3.72,2.0,0.0,9.8027417257122,12.504997148099,12.504997148099,18.2628731341,0.68472233565211,0.0,0.0,0.0,0.0,0.0,0.0,-1.0,1.0
3.73,2.0,0.0,9.3684750560576,11.56901154859,11.56901154859,18.2628731341,0.63347160458496,0.0,0.0,0.0,0.0,0.0,0.0,-1.0,1.0
3.74,2.0,0.0,8.6119484789924,10.266210965901,10.266210965901,18.2628731341,0.56213559008588,0.0,0.0,0.0,0.0,0.0,0.0,-1.0,1.0
3.75,2.0,0.0,8.3571537102066,9.7135295673894,9.7135295673894,18.2628731341,0.53187302436288,0.0,0.0,0.0,0.0,0.0,0.0,-1.0,1.0
3.76,2.0,0.0,8.9738444143063,10.649051354906,10.649051354906,18.2628731341,0.58309835898835,0.0,0.0,0.0,0.0,0.0,0.0,-1.0,1.0
3.77,2.0,0.0,9.9439193828492,12.458245126478,12.458245126478,18.2628731341,0.68216238677236,0.0,0.0,0.0,0.0,0.0,0.0,-1.0,1.0
3.78,2.0,0.0,10.48084218844,14.021697292945,14.021697292945,18.2628731341,0.76777061254202,0.0,0.0,0.0,0.0,0.0,0.0,-1.0,1.0
3.79,2.0,0.0,10.107044754159,14.668061206503,14.668061206503,18.2628731341,0.80316284840832,0.0,0.0,0.0,0.0,0.0,0.0,-1.0,1.0
3.8,2.0,0.0,8.6954348322105,14.211231273548,14.211231273548,18.2628731341,0.77814871565924,0.0,0.0,0.0,0.0,0.0,0.0,-1.0,1.0
3.81,2.0,0.0,6.412670392655,12.87597385773,12.87597385773,18.2628731341,0.70503549814888,0.0,0.0,0.0,0.0,0.0,0.0,-1.0,1.0
3.82,2.0,0.0,3.7682453658788,11.232106006505,11.232106006505,18.2628731341,0.61502403942852,0.0,0.0,0.0,0.0,0.0,0.0,-1.0,1.0
3.83,2.0,0.0,2.6022978272054,10.104879081469,10.104879081469,18.2628731341,0.55330171804136,0.0,0.0,0.0,0.0,0.0,0.0,-1.0,1.0
3.84,2.0,0.0,4.6367886611347,10.142776077971,10.142776077971,18.2628731341,0.55537680207792,0.0,0.0,0.0,0.0,0.0,0.0,-1.0,1.0
3.85,2.0,0.0,7.0861354803465,11.083542815769,11.083542815769,18.2628731341,0.60688932866068,0.0,0.0,0.0,0.0,0.0,0.0,-1.0,1.0
3.86,2.0,0.0,8.8249288438145,12.04169922216,12.04169922216,18.2628731341,0.65935404214556,0.0,0.0,0.0,0.0,0.0,0.0,-1.0,1.0
3.87,2.0,0.0,9.5191425590432,12.257438861645,12.257438861645,18.2628731341,0.67116705962096,0.0,0.0,0.0,0.0,0.0,0.0,-1.0,1.0
3.88,2.0,0.0,9.2375970456788,11.511823109818,11.511823109818,18.2628731341,0.63034020032279,0.0,0.0,0.0,0.0,0.0,0.0,-1.0,1.0
3.89,2.0,0.0,8.4594477466883,10.199889644997,10.199889644997,18.2628731341,0.55850410667047,0.0,0.0,0.0,0.0,0.0,0.0,-1.0,1.0
3.9,2.0,0.0,8.0544688499991,9.4263740448684,9.4263740448684,18.2628731341,0.51614956615275,0.0,0.0,0.0,0.0,0.0,0.0,-1.0,1.0
3.91,2.0,0.0,8.5682859360989,10.150764303436,10.150764303436,18.2628731341,0.55581420452855,0.0,0.0,0.0,0.0,0.0,0.0,-1.0,1.0
3.92,2.0,0.0,9.5689288834094,11.929087246894,11.929087246894,18.2628731341,0.65318787242847,0.0,0.0,0.0,0.0,0.0,0.0,-1.0,1.0
3.93,2.0,0.0,10.205387086318,13.567128022604,13.567128022604,18.2628731341,0.74288026440218,0.0,0.0,0.0,0.0,0.0,0.0,-1.0,1.0
3.94,2.0,0.0,9.9332220809502,14.300798686057,14.300798686057,18.2628731341,0.78305305967191,0.0,0.0,0.0,0.0,0.0,0.0,-1.0,1.0
3.95,2.0,0.0,8.5906624212785,13.893909569061,13.893909569061,18.2628731341,0.76077348109692,0.0,0.0,0.0,0.0,0.0,0.0,-1.0,1.0
3.96,2.0,0.0,6.3428601188567,12.564325030564,12.564325030564,18.2628731341,0.68797088707273,0.0,0.0,0.0,0.0,0.0,0.0,-1.0,1.0
3.97,2.0,0.0,3.7326007414775,10.907241312481,10.907241312481,18.2628731341,0.59723578170814,0.0,0.0,0.0,0.0,0.0,0.0,-1.0,1.0
3.98,2.0,0.0,2.6818289089606,9.8013918480115,9.8013918480115,18.2628731341,0.53668400234959,0.0,0.0,0.0,0.0,0.0,0.0,-1.0,1.0
3.99,2.0,0.0,4.734179034821,9.9092476545384,9.9092476545384,18.2628731341,0.54258974378112,0.0,0.0,0.0,0.0,0.0,0.0,-1.0,1.0
4.0,2.0,0.0,7.1181451891586,10.89579231977,10.89579231977,18.2628731341,0.59660888184266,0.0,0.0,0.0,0.0,0.0,0.0,-1.0,1.0
4.01,2.0,0.0,8.7470118098272,11.819986549216,11.819986549216,18.2628731341,0.6472139658653,0.0,0.0,0.0,0.0,0.0,0.0,-1.0,1.0
4.02,2.0,0.0,9.3117816500288,11.940651905413,11.940651905413,18.2628731341,0.65382110567903,0.0,0.0,0.0,0.0,0.0,0.0,-1.0,1.0
4.03,2.0,0.0,8.9340079003273,11.108332673401,11.108332673401,18.2628731341,0.60824671955146,0.0,0.0,0.0,0.0,0.0,0.0,-1.0,1.0
4.04,2.0,0.0,8.1559061749786,9.8121610222051,9.8121610222051,18.2628731341,0.53727367814235,0.0,0.0,0.0,0.0,0.0,0.0,-1.0,1.0
4.05,2.0,0.0,7.8724640190209,9.225960511912,9.225960511912,18.2628731341,0.50517574338758,0.0,0.0,0.0,0.0,0.0,0.0,-1.0,1.0
4.06,2.0,0.0,8.5048597514527,10.158261097009,10.158261097009,18.2628731341,0.5562246981852,0.0,0.0,0.0,0.0,0.0,0.0,-1.0,1.0
4.07,2.0,0.0,9.4996617832868,11.968119226988,11.968119226988,18.2628731341,0.65532510350966,0.0,0.0,0.0,0.0,0.0,0.0,-1.0,1.0
4.08,2.0,0.0,10.017664584254,13.47696969983,13.47696969983,18.2628731341,0.73794356456796,0.0,0.0,0.0,0.0,0.0,0.0,-1.0,1.0
4.09,2.0,0.0,9.5808126962629,14.015625742128,14.015625742128,18.2628731341,0.76743815933094,0.0,0.0,0.0,0.0,0.0,0.0,-1.0,1.0
4.1,2.0,0.0,8.0840062480001,13.425150621808,13.425150621808,18.2628731341,0.73510616446986,0.0,0.0,0.0,0.0,0.0,0.0,-1.0,1.0
4.11,2.0,0.0,5.7490889968264,11.998469792239,11.998469792239,18.2628731341,0.65698697593404,0.0,0.0,0.0,0.0,0.0,0.0,-1.0,1.0
4.12,2.0,0.0,3.2477543994146,10.39575865571,10.39575865571,18.2628731341,0.56922909004382,0.0,0.0,0.0,0.0,0.0,0.0,-1.0,1.0
4.13,2.0,0.0,2.8929688297193,9.5182291003102,9.5182291003102,18.2628731341,0.52117917210617,0.0,0.0,0.0,0.0,0.0,0.0,-1.0,1.0
4.14,2.0,0.0,5.1567688435563,9.8677647645698,9.8677647645698,18.2628731341,0.54031831093131,0.0,0.0,0.0,0.0,0.0,0.0,-1.0,1.0
4.15,2.0,0.0,7.389966307585,10.908634745459,10.908634745459,18.2628731341,0.59731208038074,0.0,0.0,0.0,0.0,0.0,0.0,-1.0,1.0
4.16,2.0,0.0,8.7817752500223,11.697802538162,11.697802538162,18.2628731341,0.64052367074268,0.0,0.0,0.0,0.0,0.0,0.0,-1.0,1.0
4.17,2.0,0.0,9.1142482272827,11.60907337398,11.60907337398,18.2628731341,0.63566522576907,0.0,0.0,0.0,0.0,0.0,0.0,-1.0,1.0
4.18,2.0,0.0,8.6005208439546,10.631914419741,10.631914419741,18.2628731341,0.58216001073182,0.0,0.0,0.0,0.0,0.0,0.0,-1.0,1.0
4.19,2.0,0.0,7.867489636857,9.4017310795827,9.4017310795827,18.2628731341,0.51480021848413,0.0,0.0,0.0,0.0,0.0,0.0,-1.0,1.0
4.2,2.0,0.0,7.7898719312118,9.1337778772386,9.1337778772386,18.2628731341,0.5001282005395,0.0,0.0,0.0,0.0,0.0,0.0,-1.0,1.0
4.21,2.0,0.0,8.5631772839681,10.336418572955,10.336418572955,18.2628731341,0.56597987058536,0.0,0.0,0.0,0.0,0.0,0.0,-1.0,1.0
4.22,2.0,0.0,9.5040714342306,12.139337578952,12.139337578952,18.2628731341,0.66470031795193,0.0,0.0,0.0,0.0,0.0,0.0,-1.0,1.0
4.23,2.0,0.0,9.8335669863892,13.446947936047,13.446947936047,18.2628731341,0.73629969596288,0.0,0.0,0.0,0.0,0.0,0.0,-1.0,1.0
4.24,2.0,0.0,9.171678749102,13.727236163626,13.727236163626,18.2628731341,0.7516471292786,0.0,0.0,0.0,0.0,0.0,0.0,-1.0,1.0
4.25,2.0,0.0,7.4870403705084,12.92342044916,12.92342044916,18.2628731341,0.70763347882154,0.0,0.0,0.0,0.0,0.0,0.0,-1.0,1.0
4.26,2.0,0.0,5.070366260705,11.414563605074,11.414563605074,18.2628731341,0.62501466890009,0.0,0.0,0.0,0.0,0.0,0.0,-1.0,1.0
4.27,2.0,0.0,2.7934217742577,9.922668209772,9.922668209772,18.2628731341,0.54332459832099,0.0,0.0,0.0,0.0,0.0,0.0,-1.0,1.0
4.28,2.0,0.0,3.2459014479388,9.3270076354411,9.3270076354411,18.2628731341,0.51070866927427,0.0,0.0,0.0,0.0,0.0,0.0,-1.0,1.0
4.29,2.0,0.0,5.6101118763678,9.904267474568,9.904267474568,18.2628731341,0.54231704955969,0.0,0.0,0.0,0.0,0.0,0.0,-1.0,1.0
4.3,2.0,0.0,7.6580554761168,10.949916825257,10.949916825257,18.2628731341,0.59957251768956,0.0,0.0,0.0,0.0,0.0,0.0,-1.0,1.0
4.31,2.0,0.0,8.7970329354263,11.565379507981,11.565379507981,18.2628731341,0.63327272894355,0.0,0.0,0.0,0.0,0.0,0.0,-1.0,1.0
4.32,2.0,0.0,8.9022235352266,11.258382664175,11.258382664175,18.2628731341,0.61646284138905,0.0,0.0,0.0,0.0,0.0,0.0,-1.0,1.0
4.33,2.0,0.0,8.2784910117895,10.159347418184,10.159347418184,18.2628731341,0.55628418067553,0.0,0.0,0.0,0.0,0.0,0.0,-1.0,1.0
4.34,2.0,0.0,7.6343937383038,9.054744519927,9.054744519927,18.2628731341,0.49580065816809,0.0,0.0,0.0,0.0,0.0,0.0,-1.0,1.0
4.35,2.0,0.0,7.7752992993837,9.1364789675677,9.1364789675677,18.2628731341,0.50027610116331,0.0,0.0,0.0,0.0,0.0,0.0,-1.0,1.0
4.36,2.0,0.0,8.655933539752,10.566641936141,10.566641936141,18.2628731341,0.57858595734376,0.0,0.0,0.0,0.0,0.0,0.0,-1.0,1.0
4.37,2.0,0.0,9.5067973660226,12.312908333535,12.312908333535,18.2628731341,0.67420434030967,0.0,0.0,0.0,0.0,0.0,0.0,-1.0,1.0
4.38,2.0,0.0,9.6314220970261,13.397368763495,13.397368763495,18.2628731341,0.73358494389799,0.0,0.0,0.0,0.0,0.0,0.0,-1.0,1.0
4.39,2.0,0.0,8.7436356595773,13.416376753742,13.416376753742,18.2628731341,0.73462574345385,0.0,0.0,0.0,0.0,0.0,0.0,-1.0,1.0
4.4,2.0,0.0,6.8852500906545,12.413778696223,12.413778696223,18.2628731341,0.67972758749797,0.0,0.0,0.0,0.0,0.0,0.0,-1.0,1.0
4.41,2.0,0.0,4.4268165471251,10.850160788954,10.850160788954,18.2628731341,0.59411028644201,0.0,0.0,0.0,0.0,0.0,0.0,-1.0,1.0
4.42,2.0,0.0,2.5500815935702,9.5054713724346,9.5054713724346,18.2628731341,0.52048061127284,0.0,0.0,0.0,0.0,0.0,0.0,-1.0,1.0
4.43,2.0,0.0,3.731857980722,9.2028566782208,9.2028566782208,18.2628731341,0.50391067225,0.0,0.0,0.0,0.0,0.0,0.0,-1.0,1.0
4.44,2.0,0.0,6.0866469891446,9.9721874051569,9.9721874051569,18.2628731341,0.54603606628231,0.0,0.0,0.0,0.0,0.0,0.0,-1.0,1.0
4.45,2.0,0.0,7.9267212905888,10.986217957736,10.986217957736,18.2628731341,0.60156021876003,0.0,0.0,0.0,0.0,0.0,0.0,-1.0,1.0
4.46,2.0,0.0,8.8053353828639,11.409620479593,11.409620479593,18.2628731341,0.62474400363048,0.0,0.0,0.0,0.0,0.0,0.0,-1.0,1.0
4.47,2.0,0.0,8.690179632814,10.888729383957,10.888729383957,18.2628731341,0.59622214445686,0.0,0.0,0.0,0.0,0.0,0.0,-1.0,1.0
4.48,2.0,0.0,7.9775599419949,9.6938007155458,9.6938007155458,18.2628731341,0.53079275338368,0.0,0.0,0.0,0.0,0.0,0.0,-1.0,1.0
4.49,2.0,0.0,7.4549792491231,8.7650627561903,8.7650627561903,18.2628731341,0.47993887335418,0.0,0.0,0.0,0.0,0.0,0.0,-1.0,1.0
4.5,2.0,0.0,7.8110419121538,9.1991805338834,9.1991805338834,18.2628731341,0.50370938166936,0.0,0.0,0.0,0.0,0.0,0.0,-1.0,1.0
4.51,2.0,0.0,8.7715155246607,10.809188834111,10.809188834111,18.2628731341,0.59186683030328,0.0,0.0,0.0,0.0,0.0,0.0,-1.0,1.0
4.52,2.0,0.0,9.5208268010995,12.469870073898,12.469870073898,18.2628731341,0.68279892119575,0.0,0.0,0.0,0.0,0.0,0.0,-1.0,1.0
4.53,2.0,0.0,9.4551959760899,13.335245211866,13.335245211866,18.2628731341,0.73018331310457,0.0,0.0,0.0,0.0,0.0,0.0,-1.0,1.0
4.54,2.0,0.0,8.3714839596794,13.112852533486,13.112852533486,18.2628731341,0.71800600251677,0.0,0.0,0.0,0.0,0.0,0.0,-1.0,1.0
4.55,2.0,0.0,6.3818747394256,11.938440750304,11.938440750304,18.2628731341,0.65370003189765,0.0,0.0,0.0,0.0,0.0,0.0,-1.0,1.0
4.56,2.0,0.0,3.9520242071941,10.342358516824,10.342358516824,18.2628731341,0.56630511753995,0.0,0.0,0.0,0.0,0.0,0.0,-1.0,1.0
4.57,2.0,0.0,2.6172419749403,9.1523470246315,9.1523470246315,18.2628731341,0.50114497086126,0.0,0.0,0.0,0.0,0.0,0.0,-1.0,1.0
4.58,2.0,0.0,4.2483758635335,9.1094101691693,9.1094101691693,18.2628731341,0.49879392482667,0.0,0.0,0.0,0.0,0.0,0.0,-1.0,1.0
4.59,2.0,0.0,6.5154655627891,10.019850801497,10.019850801497,18.2628731341,0.54864591830233,0.0,0.0,0.0,0.0,0.0,0.0,-1.0,1.0
4.6,2.0,0.0,8.1531792835077,10.98649369396,10.98649369396,18.2628731341,0.60157531694429,0.0,0.0,0.0,0.0,0.0,0.0,-1.0,1.0
4.61,2.0,0.0,8.8037372752523,11.243472766621,11.243472766621,18.2628731341,0.6156464365745,0.0,0.0,0.0,0.0,0.0,0.0,-1.0,1.0
4.62,2.0,0.0,8.5122661547337,10.558138057302,10.558138057302,18.2628731341,0.57812031983008,0.0,0.0,0.0,0.0,0.0,0.0,-1.0,1.0
4.63,2.0,0.0,7.7425628982714,9.3088317740146,9.3088317740146,18.2628731341,0.50971343367837,0.0,0.0,0.0,0.0,0.0,0.0,-1.0,1.0
4.64,2.0,0.0,7.3318382208277,8.5456640597255,8.5456640597255,18.2628731341,0.46792550093168,0.0,0.0,0.0,0.0,0.0,0.0,-1.0,1.0
4.65,2.0,0.0,7.8418268249715,9.2338618748515,9.2338618748515,18.2628731341,0.50560838960274,0.0,0.0,0.0,0.0,0.0,0.0,-1.0,1.0
4.66,2.0,0.0,8.8467307918393,10.94436131007,10.94436131007,18.2628731341,0.59926832047225,0.0,0.0,0.0,0.0,0.0,0.0,-1.0,1.0
4.67,2.0,0.0,9.5240599137228,12.52926095897,12.52926095897,18.2628731341,0.68605092238063,0.0,0.0,0.0,0.0,0.0,0.0,-1.0,1.0
4.68,2.0,0.0,9.3458950611209,13.250057882415,13.250057882415,18.2628731341,0.72551880446865,0.0,0.0,0.0,0.0,0.0,0.0,-1.0,1.0
4.69,2.0,0.0,8.1617887392089,12.882160580867,12.882160580867,18.2628731341,0.70537425772364,0.0,0.0,0.0,0.0,0.0,0.0,-1.0,1.0
4.7,2.0,0.0,6.1291878808108,11.617665970548,11.617665970548,18.2628731341,0.63613572110162,0.0,0.0,0.0,0.0,0.0,0.0,-1.0,1.0
4.71,2.0,0.0,3.7749924223673,10.014867016111,10.014867016111,18.2628731341,0.54837302666309,0.0,0.0,0.0,0.0,0.0,0.0,-1.0,1.0
4.72,2.0,0.0,2.7750453656425,8.9158103229248,8.9158103229248,18.2628731341,0.48819319158919,0.0,0.0,0.0,0.0,0.0,0.0,-1.0,1.0
4.73,2.0,0.0,4.5152098401751,8.9986113511292,8.9986113511292,18.2628731341,0.49272703615989,0.0,0.0,0.0,0.0,0.0,0.0,-1.0,1.0
4.74,2.0,0.0,6.6961522725918,9.9666171455278,9.9666171455278,18.2628731341,0.54573106171987,0.0,0.0,0.0,0.0,0.0,0.0,-1.0,1.0
4.75,2.0,0.0,8.2262988983093,10.911934739029,10.911934739029,18.2628731341,0.59749277448872,0.0,0.0,0.0,0.0,0.0,0.0,-1.0,1.0
4.76,2.0,0.0,8.7776882526587,11.110240086599,11.110240086599,18.2628731341,0.60835116167205,0.0,0.0,0.0,0.0,0.0,0.0,-1.0,1.0
4.77,2.0,0.0,8.4230711116274,10.379256323449,10.379256323449,18.2628731341,0.56832549003852,0.0,0.0,0.0,0.0,0.0,0.0,-1.0,1.0
4.78,2.0,0.0,7.6294218349024,9.1142049061564,9.1142049061564,18.2628731341,0.49905646495121,0.0,0.0,0.0,0.0,0.0,0.0,-1.0,1.0
4.79,2.0,0.0,7.2398647467749,8.3843600747732,8.3843600747732,18.2628731341,0.4590931565482,0.0,0.0,0.0,0.0,0.0,0.0,-1.0,1.0
4.8,2.0,0.0,7.7753918567497,9.1098747940383,9.1098747940383,18.2628731341,0.49881936577813,0.0,0.0,0.0,0.0,0.0,0.0,-1.0,1.0
4.81,2.0,0.0,8.7963484295833,10.834452814146,10.834452814146,18.2628731341,0.59325018219157,0.0,0.0,0.0,0.0,0.0,0.0,-1.0,1.0
4.82,2.0,0.0,9.484865894764,12.414797788072,12.414797788072,18.2628731341,0.67978338878628,0.0,0.0,0.0,0.0,0.0,0.0,-1.0,1.0
4.83,2.0,0.0,9.3361363614855,13.144177141143,13.144177141143,18.2628731341,0.71972120950674,0.0,0.0,0.0,0.0,0.0,0.0,-1.0,1.0
4.84,2.0,0.0,8.2009549471043,12.797597407112,12.797597407112,18.2628731341,0.70074392529273,0.0,0.0,0.0,0.0,0.0,0.0,-1.0,1.0
4.85,2.0,0.0,6.2333939933128,11.561518640701,11.561518640701,18.2628731341,0.63306132369247,0.0,0.0,0.0,0.0,0.0,0.0,-1.0,1.0
4.86,2.0,0.0,3.9302576653025,9.9613574190515,9.9613574190515,18.2628731341,0.54544306067877,0.0,0.0,0.0,0.0,0.0,0.0,-1.0,1.0
4.87,2.0,0.0,2.8115954960748,8.8133863465578,8.8133863465578,18.2628731341,0.48258487489034,0.0,0.0,0.0,0.0,0.0,0.0,-1.0,1.0
4.88,2.0,0.0,4.3759358822756,8.8150430306691,8.8150430306691,18.2628731341,0.48267558811488,0.0,0.0,0.0,0.0,0.0,0.0,-1.0,1.0
4.89,2.0,0.0,6.5259385996124,9.7492468624432,9.7492468624432,18.2628731341,0.53382875689147,0.0,0.0,0.0,0.0,0.0,0.0,-1.0,1.0
4.9,2.0,0.0,8.0994630486045,10.736101117295,10.736101117295,18.2628731341,0.58786484681037,0.0,0.0,0.0,0.0,0.0,0.0,-1.0,1.0
4.91,2.0,0.0,8.732064521795,11.032490710472,11.032490710472,18.2628731341,0.60409392484213,0.0,0.0,0.0,0.0,0.0,0.0,-1.0,1.0
4.92,2.0,0.0,8.4560111864986,10.407273209961,10.407273209961,18.2628731341,0.56985957979026,0.0,0.0,0.0,0.0,0.0,0.0,-1.0,1.0
4.93,2.0,0.0,7.666127772307,9.1614453945082,9.1614453945082,18.2628731341,0.50164316026497,0.0,0.0,0.0,0.0,0.0,0.0,-1.0,1.0
4.94,2.0,0.0,7.1673335445115,8.2791677830059,8.2791677830059,18.2628731341,0.45333325825646,0.0,0.0,0.0,0.0,0.0,0.0,-1.0,1.0
4.95,2.0,0.0,7.5689064658205,8.7745661740512,8.7745661740512,18.2628731341,0.48045924152359,0.0,0.0,0.0,0.0,0.0,0.0,-1.0,1.0
4.96,2.0,0.0,8.5743909792073,10.417390323325,10.417390323325,18.2628731341,0.57041355140743,0.0,0.0,0.0,0.0,0.0,0.0,-1.0,1.0
4.97,2.0,0.0,9.3707393999037,12.079761743235,12.079761743235,18.2628731341,0.66143818962853,0.0,0.0,0.0,0.0,0.0,0.0,-1.0,1.0
4.98,2.0,0.0,9.4094591733388,12.991597208749,12.991597208749,18.2628731341,0.71136655844647,0.0,0.0,0.0,0.0,0.0,0.0,-1.0,1.0
4.99,2.0,0.0,8.48615203213,12.852920497565,12.852920497565,18.2628731341,0.7037731907345,0.0,0.0,0.0,0.0,0.0,0.0,-1.0,1.0
5.0,2.0,0.0,6.7016182545345,11.780780076524,11.780780076524,18.2628731341,0.64506718028542,0.0,0.0,0.0,0.0,0.0,0.0,-1.0,1.0
5.01,2.0,0.0,4.4476442841734,10.21099117736,10.21099117736,18.2628731341,0.55911198103296,0.0,0.0,0.0,0.0,0.0,0.0,-1.0,1.0
5.02,2.0,0.0,2.8549489533434,8.8879975882468,8.8879975882468,18.2628731341,0.48667028035426,0.0,0.0,0.0,0.0,0.0,0.0,-1.0,1.0
5.03,2.0,0.0,3.8571130909843,8.5857256435767,8.5857256435767,18.2628731341,0.47011910889014,0.0,0.0,0.0,0.0,0.0,0.0,-1.0,1.0
5.04,2.0,0.0,5.9809963921136,9.3538766460965,9.3538766460965,18.2628731341,0.51217990605384,0.0,0.0,0.0,0.0,0.0,0.0,-1.0,1.0
5.05,2.0,0.0,7.7283983270951,10.412110180935,10.412110180935,18.2628731341,0.57012443247462,0.0,0.0,0.0,0.0,0.0,0.0,-1.0,1.0
5.06,2.0,0.0,8.6173522853824,10.948941939686,10.948941939686,18.2628731341,0.59951913695562,0.0,0.0,0.0,0.0,0.0,0.0,-1.0,1.0
5.07,2.0,0.0,8.5796329937064,10.597512760402,10.597512760402,18.2628731341,0.58027631701686,0.0,0.0,0.0,0.0,0.0,0.0,-1.0,1.0
5.08,2.0,0.0,7.8729307995336,9.4716012017466,9.4716012017466,18.2628731341,0.51862601969574,0.0,0.0,0.0,0.0,0.0,0.0,-1.0,1.0
5.09,2.0,0.0,7.1884879376907,8.3427721055321,8.3427721055321,18.2628731341,0.45681596998857,0.0,0.0,0.0,0.0,0.0,0.0,-1.0,1.0
5.1,2.0,0.0,7.2722786035944,8.3224347871067,8.3224347871067,18.2628731341,0.4557023818759,0.0,0.0,0.0,0.0,0.0,0.0,-1.0,1.0
5.11,2.0,0.0,8.1599049532378,9.6872975498313,9.6872975498313,18.2628731341,0.53043666671174,0.0,0.0,0.0,0.0,0.0,0.0,-1.0,1.0
5.12,2.0,0.0,9.1100045539689,11.446698439185,11.446698439185,18.2628731341,0.62677424056636,0.0,0.0,0.0,0.0,0.0,0.0,-1.0,1.0
5.13,2.0,0.0,9.4745864067033,12.68507222376,12.68507222376,18.2628731341,0.69458250794474,0.0,0.0,0.0,0.0,0.0,0.0,-1.0,1.0
5.14,2.0,0.0,8.9352193337985,12.948498260455,12.948498260455,18.2628731341,0.70900663687347,0.0,0.0,0.0,0.0,0.0,0.0,-1.0,1.0
5.15,2.0,0.0,7.4929941913386,12.220305494631,12.220305494631,18.2628731341,0.66913378880201,0.0,0.0,0.0,0.0,0.0,0.0,-1.0,1.0
5.16,2.0,0.0,5.4013226113949,10.794006057624,10.794006057624,18.2628731341,0.59103548375799,0.0,0.0,0.0,0.0,0.0,0.0,-1.0,1.0
5.17,2.0,0.0,3.3374504052284,9.2774755535576,9.2774755535576,18.2628731341,0.50799649570116,0.0,0.0,0.0,0.0,0.0,0.0,-1.0,1.0
5.18,2.0,0.0,3.1352807967326,8.4659025652062,8.4659025652062,18.2628731341,0.46355808875433,0.0,0.0,0.0,0.0,0.0,0.0,-1.0,1.0
5.19,2.0,0.0,5.0028158254528,8.8133581525739,8.8133581525739,18.2628731341,0.48258333110346,0.0,0.0,0.0,0.0,0.0,0.0,-1.0,1.0
5.2,2.0,0.0,6.9780325956825,9.847062884149,9.847062884149,18.2628731341,0.53918476089958,0.0,0.0,0.0,0.0,0.0,0.0,-1.0,1.0
5.21,2.0,0.0,8.2817692069024,10.706727112902,10.706727112902,18.2628731341,0.58625644685175,0.0,0.0,0.0,0.0,0.0,0.0,-1.0,1.0
5.22,2.0,0.0,8.6871279386122,10.822490556443,10.822490556443,18.2628731341,0.59259517804104,0.0,0.0,0.0,0.0,0.0,0.0,-1.0,1.0
5.23,2.0,0.0,8.2603756124791,10.046890135596,10.046890135596,18.2628731341,0.55012648129483,0.0,0.0,0.0,0.0,0.0,0.0,-1.0,1.0
5.24,2.0,0.0,7.4676939621556,8.8004373145535,8.8004373145535,18.2628731341,0.48187583902784,0.0,0.0,0.0,0.0,0.0,0.0,-1.0,1.0
5.25,2.0,0.0,7.0587428823701,8.0418029521279,8.0418029521279,18.2628731341,0.44033613402879,0.0,0.0,0.0,0.0,0.0,0.0,-1.0,1.0
5.26,2.0,0.0,7.5567627569202,8.6930773379578,8.6930773379578,18.2628731341,0.47599724720894,0.0,0.0,0.0,0.0,0.0,0.0,-1.0,1.0
5.27,2.0,0.0,8.560305428907,10.34738425286,10.34738425286,18.2628731341,0.56658030622461,0.0,0.0,0.0,0.0,0.0,0.0,-1.0,1.0
5.28,2.0,0.0,9.3357477986123,11.971034830182,11.971034830182,18.2628731341,0.6554847499778,0.0,0.0,0.0,0.0,0.0,0.0,-1.0,1.0
5.29,2.0,0.0,9.3749126490921,12.846813380709,12.846813380709,18.2628731341,0.70343879007305,0.0,0.0,0.0,0.0,0.0,0.0,-1.0,1.0
5.3,2.0,0.0,8.5173789786937,12.738965413284,12.738965413284,18.2628731341,0.69753347787859,0.0,0.0,0.0,0.0,0.0,0.0,-1.0,1.0
5.31,2.0,0.0,6.8469810679398,11.731916613371,11.731916613371,18.2628731341,0.64239161753064,0.0,0.0,0.0,0.0,0.0,0.0,-1.0,1.0
5.32,2.0,0.0,4.7069189587286,10.221630891257,10.221630891257,18.2628731341,0.55969456811105,0.0,0.0,0.0,0.0,0.0,0.0,-1.0,1.0
5.33,2.0,0.0,3.0033595391167,8.8512223416962,8.8512223416962,18.2628731341,0.4846566187425,0.0,0.0,0.0,0.0,0.0,0.0,-1.0,1.0
5.34,2.0,0.0,3.5571927836881,8.3677781177369,8.3677781177369,18.2628731341,0.45818519661689,0.0,0.0,0.0,0.0,0.0,0.0,-1.0,1.0
5.35,2.0,0.0,5.5353574474348,8.965520006263,8.965520006263,18.2628731341,0.49091508988927,0.0,0.0,0.0,0.0,0.0,0.0,-1.0,1.0
5.36,2.0,0.0,7.3420688734967,10.018711651451,10.018711651451,18.2628731341,0.54858354311977,0.0,0.0,0.0,0.0,0.0,0.0,-1.0,1.0
5.37,2.0,0.0,8.4382364693874,10.750167089598,10.750167089598,18.2628731341,0.58863504174083,0.0,0.0,0.0,0.0,0.0,0.0,-1.0,1.0
5.38,2.0,0.0,8.6533507538696,10.689194084367,10.689194084367,18.2628731341,0.58529641014747,0.0,0.0,0.0,0.0,0.0,0.0,-1.0,1.0
5.39,2.0,0.0,8.1366973178176,9.8134631787591,9.8134631787591,18.2628731341,0.53734497889249,0.0,0.0,0.0,0.0,0.0,0.0,-1.0,1.0
5.4,2.0,0.0,7.3522331420868,8.5708749400638,8.5708749400638,18.2628731341,0.46930594529841,0.0,0.0,0.0,0.0,0.0,0.0,-1.0,1.0
5.41,2.0,0.0,7.0549528760102,7.9660278057908,7.9660278057908,18.2628731341,0.43618699792186,0.0,0.0,0.0,0.0,0.0,0.0,-1.0,1.0
5.42,2.0,0.0,7.6183879373697,8.7367734585301,8.7367734585301,18.2628731341,0.47838986748569,0.0,0.0,0.0,0.0,0.0,0.0,-1.0,1.0
5.43,2.0,0.0,8.6211263325348,10.409552467647,10.409552467647,18.2628731341,0.56998438258931,0.0,0.0,0.0,0.0,0.0,0.0,-1.0,1.0
5.44,2.0,0.0,9.350566337518,11.973970148346,11.973970148346,18.2628731341,0.65564547595681,0.0,0.0,0.0,0.0,0.0,0.0,-1.0,1.0
5.45,2.0,0.0,9.375323489379,12.818080385733,12.818080385733,18.2628731341,0.70186548916007,0.0,0.0,0.0,0.0,0.0,0.0,-1.0,1.0
5.46,2.0,0.0,8.5393606419657,12.709174641074,12.709174641074,18.2628731341,0.69590225742434,0.0,0.0,0.0,0.0,0.0,0.0,-1.0,1.0
5.47,2.0,0.0,6.9349614867558,11.752231027053,11.752231027053,18.2628731341,0.64350395147355,0.0,0.0,0.0,0.0,0.0,0.0,-1.0,1.0
5.48,2.0,0.0,4.8658646112971,10.288926403044,10.288926403044,18.2628731341,0.56337939422207,0.0,0.0,0.0,0.0,0.0,0.0,-1.0,1.0
5.49,2.0,0.0,3.0981840696341,8.9116639628849,8.9116639628849,18.2628731341,0.48796615392598,0.0,0.0,0.0,0.0,0.0,0.0,-1.0,1.0
5.5,2.0,0.0,3.3397651491767,8.3082459972156,8.3082459972156,18.2628731341,0.45492546195826,0.0,0.0,0.0,0.0,0.0,0.0,-1.0,1.0
5.51,2.0,0.0,5.1866475066323,8.7610006337279,8.7610006337279,18.2628731341,0.47971644819508,0.0,0.0,0.0,0.0,0.0,0.0,-1.0,1.0
5.52,2.0,0.0,7.0288446539831,9.7736580483577,9.7736580483577,18.2628731341,0.53516541327271,0.0,0.0,0.0,0.0,0.0,0.0,-1.0,1.0
5.53,2.0,0.0,8.2578124308993,10.602104510271,10.602104510271,18.2628731341,0.58052774239968,0.0,0.0,0.0,0.0,0.0,0.0,-1.0,1.0
5.54,2.0,0.0,8.6825474770964,10.76014626549,10.76014626549,18.2628731341,0.58918146046798,0.0,0.0,0.0,0.0,0.0,0.0,-1.0,1.0
5.55,2.0,0.0,8.3402654370824,10.095505982456,10.095505982456,18.2628731341,0.55278848559739,0.0,0.0,0.0,0.0,0.0,0.0,-1.0,1.0
5.56,2.0,0.0,7.5952003922138,8.9158235521093,8.9158235521093,18.2628731341,0.48819391596506,0.0,0.0,0.0,0.0,0.0,0.0,-1.0,1.0
5.57,2.0,0.0,7.0666535419151,7.9829585825908,7.9829585825908,18.2628731341,0.43711405779221,0.0,0.0,0.0,0.0,0.0,0.0,-1.0,1.0
5.58,2.0,0.0,7.3276546173449,8.2411654706487,8.2411654706487,18.2628731341,0.4512524075558,0.0,0.0,0.0,0.0,0.0,0.0,-1.0,1.0
5.59,2.0,0.0,8.2153953914325,9.6446642871085,9.6446642871085,18.2628731341,0.52810224416991,0.0,0.0,0.0,0.0,0.0,0.0,-1.0,1.0
5.6,2.0,0.0,9.109536625778,11.322781855819,11.322781855819,18.2628731341,0.61998907689271,0.0,0.0,0.0,0.0,0.0,0.0,-1.0,1.0
5.61,2.0,0.0,9.4721637397022,12.507051239255,12.507051239255,18.2628731341,0.68483480925582,0.0,0.0,0.0,0.0,0.0,0.0,-1.0,1.0
5.62,2.0,0.0,9.0685188831188,12.861613031797,12.861613031797,18.2628731341,0.70424915824347,0.0,0.0,0.0,0.0,0.0,0.0,-1.0,1.0
5.63,2.0,0.0,7.8757919034782,12.333365285224,12.333365285224,18.2628731341,0.67532447904902,0.0,0.0,0.0,0.0,0.0,0.0,-1.0,1.0
5.64,2.0,0.0,6.0686776159952,11.136181105854,11.136181105854,18.2628731341,0.6097715854501,0.0,0.0,0.0,0.0,0.0,0.0,-1.0,1.0
5.65,2.0,0.0,4.0425248364837,9.6757119003704,9.6757119003704,18.2628731341,0.52980228408334,0.0,0.0,0.0,0.0,0.0,0.0,-1.0,1.0
5.66,2.0,0.0,2.8408675521948,8.5501785379841,8.5501785379841,18.2628731341,0.46817269523816,0.0,0.0,0.0,0.0,0.0,0.0,-1.0,1.0
5.67,2.0,0.0,3.8204885709469,8.3160467296651,8.3160467296651,18.2628731341,0.45535259806069,0.0,0.0,0.0,0.0,0.0,0.0,-1.0,1.0
5.68,2.0,0.0,5.7125489373097,8.9859882529559,8.9859882529559,18.2628731341,0.49203584709667,0.0,0.0,0.0,0.0,0.0,0.0,-1.0,1.0
5.69,2.0,0.0,7.3801996176175,9.9861664860848,9.9861664860848,18.2628731341,0.54680150339756,0.0,0.0,0.0,0.0,0.0,0.0,-1.0,1.0
5.7,2.0,0.0,8.4088834944665,10.674261166656,10.674261166656,18.2628731341,0.58447874484359,0.0,0.0,0.0,0.0,0.0,0.0,-1.0,1.0
5.71,2.0,0.0,8.6818789230622,10.686232196956,10.686232196956,18.2628731341,0.5851342293455,0.0,0.0,0.0,0.0,0.0,0.0,-1.0,1.0
5.72,2.0,0.0,8.2706853125252,9.9391954706125,9.9391954706125,18.2628731341,0.54422956331303,0.0,0.0,0.0,0.0,0.0,0.0,-1.0,1.0
5.73,2.0,0.0,7.5445938276113,8.7728280162034,8.7728280162034,18.2628731341,0.48036406713153,0.0,0.0,0.0,0.0,0.0,0.0,-1.0,1.0
5.74,2.0,0.0,7.0808112289786,7.9219083431066,7.9219083431066,18.2628731341,0.43377119716804,0.0,0.0,0.0,0.0,0.0,0.0,-1.0,1.0
5.75,2.0,0.0,7.3697070740834,8.2304549876164,8.2304549876164,18.2628731341,0.45066594545021,0.0,0.0,0.0,0.0,0.0,0.0,-1.0,1.0
5.76,2.0,0.0,8.2319388640776,9.604805126781,9.604805126781,18.2628731341,0.52591972009307,0.0,0.0,0.0,0.0,0.0,0.0,-1.0,1.0
5.77,2.0,0.0,9.1022273235444,11.241074767212,11.241074767212,18.2628731341,0.6155151319659,0.0,0.0,0.0,0.0,0.0,0.0,-1.0,1.0
5.78,2.0,0.0,9.4908667144392,12.433166742478,12.433166742478,18.2628731341,0.68078919736143,0.0,0.0,0.0,0.0,0.0,0.0,-1.0,1.0
5.79,2.0,0.0,9.174269459345,12.862061634224,12.862061634224,18.2628731341,0.70427372187172,0.0,0.0,0.0,0.0,0.0,0.0,-1.0,1.0
5.8,2.0,0.0,8.1194374474921,12.462108364577,12.462108364577,18.2628731341,0.68237392183971,0.0,0.0,0.0,0.0,0.0,0.0,-1.0,1.0
5.81,2.0,0.0,6.4612507819269,11.397816728542,11.397816728542,18.2628731341,0.62409767865386,0.0,0.0,0.0,0.0,0.0,0.0,-1.0,1.0
5.82,2.0,0.0,4.5025180612196,10.00171525079,10.00171525079,18.2628731341,0.54765288995601,0.0,0.0,0.0,0.0,0.0,0.0,-1.0,1.0
5.83,2.0,0.0,2.9655021702298,8.769366086727,8.769366086727,18.2628731341,0.48017450607774,0.0,0.0,0.0,0.0,0.0,0.0,-1.0,1.0
5.84,2.0,0.0,3.2934141829565,8.2464207199031,8.2464207199031,18.2628731341,0.4515401634426,0.0,0.0,0.0,0.0,0.0,0.0,-1.0,1.0
5.85,2.0,0.0,5.0056892994755,8.632500949218,8.632500949218,18.2628731341,0.47268033270732,0.0,0.0,0.0,0.0,0.0,0.0,-1.0,1.0
5.86,2.0,0.0,6.769104468346,9.5592603193946,9.5592603193946,18.2628731341,0.52342587331157,0.0,0.0,0.0,0.0,0.0,0.0,-1.0,1.0
5.87,2.0,0.0,8.0568496744403,10.418237017545,10.418237017545,18.2628731341,0.5704599129089,0.0,0.0,0.0,0.0,0.0,0.0,-1.0,1.0
5.88,2.0,0.0,8.6768079739103,10.776283996947,10.776283996947,18.2628731341,0.59006509642919,0.0,0.0,0.0,0.0,0.0,0.0,-1.0,1.0
5.89,2.0,0.0,8.5960385695581,10.417233060358,10.417233060358,18.2628731341,0.57040494033258,0.0,0.0,0.0,0.0,0.0,0.0,-1.0,1.0
5.9,2.0,0.0,8.0066673610686,9.4474552635208,9.4474552635208,18.2628731341,0.51730388718962,0.0,0.0,0.0,0.0,0.0,0.0,-1.0,1.0
5.91,2.0,0.0,7.32560214842,8.3138348452067,8.3138348452067,18.2628731341,0.45523148434314,0.0,0.0,0.0,0.0,0.0,0.0,-1.0,1.0
5.92,2.0,0.0,7.1182583919116,7.8280806526366,7.8280806526366,18.2628731341,0.42863357781423,0.0,0.0,0.0,0.0,0.0,0.0,-1.0,1.0
5.93,2.0,0.0,7.6326324421933,8.5337850271521,8.5337850271521,18.2628731341,0.4672750538478,0.0,0.0,0.0,0.0,0.0,0.0,-1.0,1.0
5.94,2.0,0.0,8.5397389697365,10.048020209361,10.048020209361,18.2628731341,0.55018835949745,0.0,0.0,0.0,0.0,0.0,0.0,-1.0,1.0
5.95,2.0,0.0,9.303191545299,11.582299479023,11.582299479023,18.2628731341,0.63419919713491,0.0,0.0,0.0,0.0,0.0,0.0,-1.0,1.0
5.96,2.0,0.0,9.551217055723,12.604799163736,12.604799163736,18.2628731341,0.6901870845393,0.0,0.0,0.0,0.0,0.0,0.0,-1.0,1.0
5.97,2.0,0.0,9.1260168086929,12.880855397075,12.880855397075,18.2628731341,0.70530279121438,0.0,0.0,0.0,0.0,0.0,0.0,-1.0,1.0
5.98,2.0,0.0,8.0299552111253,12.399304128704,12.399304128704,18.2628731341,0.67893501956996,0.0,0.0,0.0,0.0,0.0,0.0,-1.0,1.0
5.99,2.0,0.0,6.4052186724776,11.328528628036,11.328528628036,18.2628731341,0.62030374656024,0.0,0.0,0.0,0.0,0.0,0.0,-1.0,1.0
6.0,2.0,0.0,4.5303481080376,9.9700667957698,9.9700667957698,18.2628731341,0.54591995041316,0.0,0.0,0.0,0.0,0.0,0.0,-1.0,1.0
6.01,2.0,0.0,3.0490786359777,8.7679011766963,8.7679011766963,18.2628731341,0.48009429361501,0.0,0.0,0.0,0.0,0.0,0.0,-1.0,1.0
6.02,2.0,0.0,3.2314643799308,8.197725297747,8.197725297747,18.2628731341,0.44887380192333,0.0,0.0,0.0,0.0,0.0,0.0,-1.0,1.0
6.03,2.0,0.0,4.8045534523108,8.4879398966665,8.4879398966665,18.2628731341,0.46476476260562,0.0,0.0,0.0,0.0,0.0,0.0,-1.0,1.0
6.04,2.0,0.0,6.5293723691823,9.3439227041088,9.3439227041088,18.2628731341,0.51163486903176,0.0,0.0,0.0,0.0,0.0,0.0,-1.0,1.0
6.05,2.0,0.0,7.8875122542371,10.248908747579,10.248908747579,18.2628731341,0.56118819160184,0.0,0.0,0.0,0.0,0.0,0.0,-1.0,1.0
6.06,2.0,0.0,8.6586534093936,10.760014078795,10.760014078795,18.2628731341,0.58917422246689,0.0,0.0,0.0,0.0,0.0,0.0,-1.0,1.0
6.07,2.0,0.0,8.7729895940564,10.634179930071,10.634179930071,18.2628731341,0.58228406078206,0.0,0.0,0.0,0.0,0.0,0.0,-1.0,1.0
6.08,2.0,0.0,8.3337137423684,9.8676064017545,9.8676064017545,18.2628731341,0.54030963963331,0.0,0.0,0.0,0.0,0.0,0.0,-1.0,1.0
6.09,2.0,0.0,7.6263964647286,8.7254630823636,8.7254630823636,18.2628731341,0.47777055769345,0.0,0.0,0.0,0.0,0.0,0.0,-1.0,1.0
6.1,2.0,0.0,7.1535595964349,7.8509304389414,7.8509304389414,18.2628731341,0.42988473835928,0.0,0.0,0.0,0.0,0.0,0.0,-1.0,1.0
6.11,2.0,0.0,7.3206722428168,7.9569817552435,7.9569817552435,18.2628731341,0.43569167330996,0.0,0.0,0.0,0.0,0.0,0.0,-1.0,1.0
6.12,2.0,0.0,8.0852352011766,9.1367050209086,9.1367050209086,18.2628731341,0.50028847891676,0.0,0.0,0.0,0.0,0.0,0.0,-1.0,1.0
6.13,2.0,0.0,8.9775511226635,10.721024211498,10.721024211498,18.2628731341,0.58703929730968,0.0,0.0,0.0,0.0,0.0,0.0,-1.0,1.0
6.14,2.0,0.0,9.5737464375494,12.08221478644,12.08221478644,18.2628731341,0.66157250820958,0.0,0.0,0.0,0.0,0.0,0.0,-1.0,1.0
6.15,2.0,0.0,9.6094319419513,12.841067955349,12.841067955349,18.2628731341,0.7031241941539,0.0,0.0,0.0,0.0,0.0,0.0,-1.0,1.0
6.16,2.0,0.0,9.0151840416777,12.888250438667,12.888250438667,18.2628731341,0.70570771335002,0.0,0.0,0.0,0.0,0.0,0.0,-1.0,1.0
6.17,2.0,0.0,7.8312236521831,12.256480041154,12.256480041154,18.2628731341,0.67111455854494,0.0,0.0,0.0,0.0,0.0,0.0,-1.0,1.0
6.18,2.0,0.0,6.2135713274789,11.134663423546,11.134663423546,18.2628731341,0.609688483394,0.0,0.0,0.0,0.0,0.0,0.0,-1.0,1.0
6.19,2.0,0.0,4.4408046994622,9.8047360556484,9.8047360556484,18.2628731341,0.53686711743845,0.0,0.0,0.0,0.0,0.0,0.0,-1.0,1.0
6.2,2.0,0.0,3.1258459353618,8.6618982733301,8.6618982733301,18.2628731341,0.47429000955807,0.0,0.0,0.0,0.0,0.0,0.0,-1.0,1.0
6.21,2.0,0.0,3.3397500738782,8.1230924700458,8.1230924700458,18.2628731341,0.44478721449795,0.0,0.0,0.0,0.0,0.0,0.0,-1.0,1.0
6.22,2.0,0.0,4.7956663903341,8.3778933367018,8.3778933367018,18.2628731341,0.45873906450452,0.0,0.0,0.0,0.0,0.0,0.0,-1.0,1.0
6.23,2.0,0.0,6.4482291493793,9.1959961979978,9.1959961979978,18.2628731341,0.50353502050163,0.0,0.0,0.0,0.0,0.0,0.0,-1.0,1.0
6.24,2.0,0.0,7.8074181339917,10.109103710091,10.109103710091,18.2628731341,0.55353304137097,0.0,0.0,0.0,0.0,0.0,0.0,-1.0,1.0
6.25,2.0,0.0,8.6683769536264,10.72845435466,10.72845435466,18.2628731341,0.58744614146324,0.0,0.0,0.0,0.0,0.0,0.0,-1.0,1.0
6.26,2.0,0.0,8.9283325241734,10.78393155817,10.78393155817,18.2628731341,0.5904838455037,0.0,0.0,0.0,0.0,0.0,0.0,-1.0,1.0
6.27,2.0,0.0,8.6347014833957,10.219073965482,10.219073965482,18.2628731341,0.55955456134672,0.0,0.0,0.0,0.0,0.0,0.0,-1.0,1.0
6.28,2.0,0.0,7.9734116284338,9.1677942228286,9.1677942228286,18.2628731341,0.50199079605447,0.0,0.0,0.0,0.0,0.0,0.0,-1.0,1.0
6.29,2.0,0.0,7.3360129695988,8.0846342995356,8.0846342995356,18.2628731341,0.44268140287522,0.0,0.0,0.0,0.0,0.0,0.0,-1.0,1.0
6.3,2.0,0.0,7.1754304857098,7.659381858564,7.659381858564,18.2628731341,0.41939632402432,0.0,0.0,0.0,0.0,0.0,0.0,-1.0,1.0
6.31,2.0,0.0,7.6784567479764,8.3449244044204,8.3449244044204,18.2628731341,0.45693382104478,0.0,0.0,0.0,0.0,0.0,0.0,-1.0,1.0
6.32,2.0,0.0,8.5585091711714,9.7884811817443,9.7884811817443,18.2628731341,0.53597706723744,0.0,0.0,0.0,0.0,0.0,0.0,-1.0,1.0
6.33,2.0,0.0,9.3725865983205,11.327225240607,11.327225240607,18.2628731341,0.62023237841239,0.0,0.0,0.0,0.0,0.0,0.0,-1.0,1.0
6.34,2.0,0.0,9.7949002793857,12.481313719792,12.481313719792,18.2628731341,0.68342552829147,0.0,0.0,0.0,0.0,0.0,0.0,-1.0,1.0
6.35,2.0,0.0,9.6638308558934,13.018579865688,13.018579865688,18.2628731341,0.71284401803024,0.0,0.0,0.0,0.0,0.0,0.0,-1.0,1.0
6.36,2.0,0.0,8.9588209082994,12.892116627714,12.892116627714,18.2628731341,0.70591940999917,0.0,0.0,0.0,0.0,0.0,0.0,-1.0,1.0
6.37,2.0,0.0,7.7454324511128,12.171576077171,12.171576077171,18.2628731341,0.66646556583937,0.0,0.0,0.0,0.0,0.0,0.0,-1.0,1.0
6.38,2.0,0.0,6.1806254344762,11.041267931128,11.041267931128,18.2628731341,0.60457452943219,0.0,0.0,0.0,0.0,0.0,0.0,-1.0,1.0
6.39,2.0,0.0,4.5192165528403,9.7497379129342,9.7497379129342,18.2628731341,0.53385564480157,0.0,0.0,0.0,0.0,0.0,0.0,-1.0,1.0
6.4,2.0,0.0,3.2908301077952,8.6392544544748,8.6392544544748,18.2628731341,0.47305012694546,0.0,0.0,0.0,0.0,0.0,0.0,-1.0,1.0
6.41,2.0,0.0,3.3722996946437,8.0612433955652,8.0612433955652,18.2628731341,0.44140061294701,0.0,0.0,0.0,0.0,0.0,0.0,-1.0,1.0
6.42,2.0,0.0,4.6380750843153,8.2139579740837,8.2139579740837,18.2628731341,0.44976263667663,0.0,0.0,0.0,0.0,0.0,0.0,-1.0,1.0
6.43,2.0,0.0,6.1991327235501,8.9373780664355,8.9373780664355,18.2628731341,0.48937415273109,0.0,0.0,0.0,0.0,0.0,0.0,-1.0,1.0
6.44,2.0,0.0,7.5804387192263,9.8529004953233,9.8529004953233,18.2628731341,0.53950440453568,0.0,0.0,0.0,0.0,0.0,0.0,-1.0,1.0
6.45,2.0,0.0,8.5670138218534,10.596954423235,10.596954423235,18.2628731341,0.5802457447645,0.0,0.0,0.0,0.0,0.0,0.0,-1.0,1.0
6.46,2.0,0.0,9.0327423981122,10.892811267123,10.892811267123,18.2628731341,0.59644565163104,0.0,0.0,0.0,0.0,0.0,0.0,-1.0,1.0
6.47,2.0,0.0,8.970329990387,10.625920341654,10.625920341654,18.2628731341,0.58183179960953,0.0,0.0,0.0,0.0,0.0,0.0,-1.0,1.0
6.48,2.0,0.0,8.4561066308268,9.8004467626223,9.8004467626223,18.2628731341,0.53663225335137,0.0,0.0,0.0,0.0,0.0,0.0,-1.0,1.0
6.49,2.0,0.0,7.7545331385592,8.6780745977832,8.6780745977832,18.2628731341,0.47517575871343,0.0,0.0,0.0,0.0,0.0,0.0,-1.0,1.0
6.5,2.0,0.0,7.243536498493,7.747825834658,7.747825834658,18.2628731341,0.42423915326835,0.0,0.0,0.0,0.0,0.0,0.0,-1.0,1.0
6.51,2.0,0.0,7.3051815821853,7.6703884552337,7.6703884552337,18.2628731341,0.41999900009773,0.0,0.0,0.0,0.0,0.0,0.0,-1.0,1.0
6.52,2.0,0.0,7.9451207439711,8.6147643868288,8.6147643868288,18.2628731341,0.47170915132425,0.0,0.0,0.0,0.0,0.0,0.0,-1.0,1.0
6.53,2.0,0.0,8.8394706416384,10.120477239309,10.120477239309,18.2628731341,0.5541558091652,0.0,0.0,0.0,0.0,0.0,0.0,-1.0,1.0
6.54,2.0,0.0,9.5921504759339,11.584905971024,11.584905971024,18.2628731341,0.63434191794242,0.0,0.0,0.0,0.0,0.0,0.0,-1.0,1.0
6.55,2.0,0.0,9.9531758263299,12.646118739508,12.646118739508,18.2628731341,0.69244957497379,0.0,0.0,0.0,0.0,0.0,0.0,-1.0,1.0
6.56,2.0,0.0,9.8049152975475,13.125996651551,13.125996651551,18.2628731341,0.71872572049151,0.0,0.0,0.0,0.0,0.0,0.0,-1.0,1.0
6.57,2.0,0.0,9.137848261146,12.998903100229,12.998903100229,18.2628731341,0.7117665990877,0.0,0.0,0.0,0.0,0.0,0.0,-1.0,1.0
6.58,2.0,0.0,8.0232257193211,12.340289290658,12.340289290658,18.2628731341,0.67570360917729,0.0,0.0,0.0,0.0,0.0,0.0,-1.0,1.0
6.59,2.0,0.0,6.5850094440499,11.291906207777,11.291906207777,18.2628731341,0.61829845308911,0.0,0.0,0.0,0.0,0.0,0.0,-1.0,1.0
6.6,2.0,0.0,5.0250770118995,10.066685124127,10.066685124127,18.2628731341,0.55121037364767,0.0,0.0,0.0,0.0,0.0,0.0,-1.0,1.0
6.61,2.0,0.0,3.6969430693004,8.916549569822,8.916549569822,18.2628731341,0.48823366971614,0.0,0.0,0.0,0.0,0.0,0.0,-1.0,1.0
6.62,2.0,0.0,3.2658938088647,8.1477911265781,8.1477911265781,18.2628731341,0.44613961159073,0.0,0.0,0.0,0.0,0.0,0.0,-1.0,1.0
6.63,2.0,0.0,4.0615312052155,7.9862943498878,7.9862943498878,18.2628731341,0.43729671072269,0.0,0.0,0.0,0.0,0.0,0.0,-1.0,1.0
6.64,2.0,0.0,5.4445419854039,8.4410783809747,8.4410783809747,18.2628731341,0.46219881827979,0.0,0.0,0.0,0.0,0.0,0.0,-1.0,1.0
6.65,2.0,0.0,6.8645253616671,9.2636033014211,9.2636033014211,18.2628731341,0.50723690809221,0.0,0.0,0.0,0.0,0.0,0.0,-1.0,1.0
6.66,2.0,0.0,8.0483390207091,10.127416445659,10.127416445659,18.2628731341,0.55453577163327,0.0,0.0,0.0,0.0,0.0,0.0,-1.0,1.0
6.67,2.0,0.0,8.8564049693839,10.761719868678,10.761719868678,18.2628731341,0.58926762452201,0.0,0.0,0.0,0.0,0.0,0.0,-1.0,1.0
6.68,2.0,0.0,9.1951008478157,10.957899075341,10.957899075341,18.2628731341,0.60000959295287,0.0,0.0,0.0,0.0,0.0,0.0,-1.0,1.0
6.69,2.0,0.0,9.0698165443353,10.640052744177,10.640052744177,18.2628731341,0.58260563198623,0.0,0.0,0.0,0.0,0.0,0.0,-1.0,1.0
6.7,2.0,0.0,8.5484981667808,9.8179406028055,9.8179406028055,18.2628731341,0.53759014426233,0.0,0.0,0.0,0.0,0.0,0.0,-1.0,1.0
6.71,2.0,0.0,7.8608127661563,8.720437811839,8.720437811839,18.2628731341,0.47749539449828,0.0,0.0,0.0,0.0,0.0,0.0,-1.0,1.0
6.72,2.0,0.0,7.3309345778816,7.7647267751768,7.7647267751768,18.2628731341,0.42516457942637,0.0,0.0,0.0,0.0,0.0,0.0,-1.0,1.0
6.73,2.0,0.0,7.3072474628989,7.5468558769611,7.5468558769611,18.2628731341,0.41323486296741,0.0,0.0,0.0,0.0,0.0,0.0,-1.0,1.0
6.74,2.0,0.0,7.8447126163378,8.3068473179443,8.3068473179443,18.2628731341,0.45484887602017,0.0,0.0,0.0,0.0,0.0,0.0,-1.0,1.0
6.75,2.0,0.0,8.6935625176147,9.7036203771307,9.7036203771307,18.2628731341,0.53133043776186,0.0,0.0,0.0,0.0,0.0,0.0,-1.0,1.0
6.76,2.0,0.0,9.4979676354112,11.183850313441,11.183850313441,18.2628731341,0.61238175567011,0.0,0.0,0.0,0.0,0.0,0.0,-1.0,1.0
6.77,2.0,0.0,10.005563767412,12.376043605483,12.376043605483,18.2628731341,0.67766136875662,0.0,0.0,0.0,0.0,0.0,0.0,-1.0,1.0
6.78,2.0,0.0,10.08401281565,13.082567054401,13.082567054401,18.2628731341,0.7163476939438,0.0,0.0,0.0,0.0,0.0,0.0,-1.0,1.0
6.79,2.0,0.0,9.6963521774897,13.241622339703,13.241622339703,18.2628731341,0.72505690876089,0.0,0.0,0.0,0.0,0.0,0.0,-1.0,1.0
6.8,2.0,0.0,8.8825362363429,12.890448547306,12.890448547306,18.2628731341,0.70582807276019,0.0,0.0,0.0,0.0,0.0,0.0,-1.0,1.0
6.81,2.0,0.0,7.720629673613,12.115555786103,12.115555786103,18.2628731341,0.66339812455256,0.0,0.0,0.0,0.0,0.0,0.0,-1.0,1.0
6.82,2.0,0.0,6.3399505804856,11.067263296319,11.067263296319,18.2628731341,0.60599792897071,0.0,0.0,0.0,0.0,0.0,0.0,-1.0,1.0
6.83,2.0,0.0,4.9130883232936,9.9093720584656,9.9093720584656,18.2628731341,0.54259655562974,0.0,0.0,0.0,0.0,0.0,0.0,-1.0,1.0
6.84,2.0,0.0,3.7413423676234,8.8573004133276,8.8573004133276,18.2628731341,0.48498942900663,0.0,0.0,0.0,0.0,0.0,0.0,-1.0,1.0
6.85,2.0,0.0,3.3370041110812,8.1318728788404,8.1318728788404,18.2628731341,0.4452679936574,0.0,0.0,0.0,0.0,0.0,0.0,-1.0,1.0
6.86,2.0,0.0,3.958414864316,7.9183392137001,7.9183392137001,18.2628731341,0.43357576628593,0.0,0.0,0.0,0.0,0.0,0.0,-1.0,1.0
6.87,2.0,0.0,5.1605700711294,8.242310811732,8.242310811732,18.2628731341,0.45131512173417,0.0,0.0,0.0,0.0,0.0,0.0,-1.0,1.0
6.88,2.0,0.0,6.4757939119558,8.9404232546148,8.9404232546148,18.2628731341,0.48954089474134,0.0,0.0,0.0,0.0,0.0,0.0,-1.0,1.0
6.89,2.0,0.0,7.6723607522134,9.7792758375497,9.7792758375497,18.2628731341,0.535473020359,0.0,0.0,0.0,0.0,0.0,0.0,-1.0,1.0
6.9,2.0,0.0,8.5971423222249,10.510608470235,10.510608470235,18.2628731341,0.57551779465682,0.0,0.0,0.0,0.0,0.0,0.0,-1.0,1.0
6.91,2.0,0.0,9.1726115933317,10.965042500268,10.965042500268,18.2628731341,0.60040073759231,0.0,0.0,0.0,0.0,0.0,0.0,-1.0,1.0
6.92,2.0,0.0,9.3400560578408,11.00118122998,11.00118122998,18.2628731341,0.60237954615359,0.0,0.0,0.0,0.0,0.0,0.0,-1.0,1.0
6.93,2.0,0.0,9.1127222802336,10.576216143602,10.576216143602,18.2628731341,0.57911020166123,0.0,0.0,0.0,0.0,0.0,0.0,-1.0,1.0
6.94,2.0,0.0,8.5734657621209,9.7330310563577,9.7330310563577,18.2628731341,0.53294084588391,0.0,0.0,0.0,0.0,0.0,0.0,-1.0,1.0
6.95,2.0,0.0,7.9090543299186,8.6623443319806,8.6623443319806,18.2628731341,0.47431443389959,0.0,0.0,0.0,0.0,0.0,0.0,-1.0,1.0
6.96,2.0,0.0,7.4145645443007,7.7519970739712,7.7519970739712,18.2628731341,0.42446755321849,0.0,0.0,0.0,0.0,0.0,0.0,-1.0,1.0
6.97,2.0,0.0,7.3602376191465,7.4864552023424,7.4864552023424,18.2628731341,0.4099275698501,0.0,0.0,0.0,0.0,0.0,0.0,-1.0,1.0
6.98,2.0,0.0,7.8285599643885,8.1284320054325,8.1284320054325,18.2628731341,0.44507958554754,0.0,0.0,0.0,0.0,0.0,0.0,-1.0,1.0
6.99,2.0,0.0,8.6064798224024,9.3957998476192,9.3957998476192,18.2628731341,0.51447544855774,0.0,0.0,0.0,0.0,0.0,0.0,-1.0,1.0
7.0,2.0,0.0,9.4130634211599,10.83693194414,10.83693194414,18.2628731341,0.5933859291781,0.0,0.0,0.0,0.0,0.0,0.0,-1.0,1.0
7.01,2.0,0.0,9.9987806566194,12.078322743955,12.078322743955,18.2628731341,0.6613593959322,0.0,0.0,0.0,0.0,0.0,0.0,-1.0,1.0
7.02,2.0,0.0,10.243959352985,12.941246588742,12.941246588742,18.2628731341,0.70860956508414,0.0,0.0,0.0,0.0,0.0,0.0,-1.0,1.0
7.03,2.0,0.0,10.087732742965,13.33002394733,13.33002394733,18.2628731341,0.72989741808153,0.0,0.0,0.0,0.0,0.0,0.0,-1.0,1.0
7.04,2.0,0.0,9.5524204902043,13.263690052654,13.263690052654,18.2628731341,0.72626524617796,0.0,0.0,0.0,0.0,0.0,0.0,-1.0,1.0
7.05,2.0,0.0,8.6849631182764,12.78826581248,12.78826581248,18.2628731341,0.7002329654583,0.0,0.0,0.0,0.0,0.0,0.0,-1.0,1.0
7.06,2.0,0.0,7.5689993027868,12.004444012939,12.004444012939,18.2628731341,0.65731409974725,0.0,0.0,0.0,0.0,0.0,0.0,-1.0,1.0
7.07,2.0,0.0,6.3086904664859,11.025919953052,11.025919953052,18.2628731341,0.60373413712568,0.0,0.0,0.0,0.0,0.0,0.0,-1.0,1.0
7.08,2.0,0.0,5.0329115147314,9.9796720106796,9.9796720106796,18.2628731341,0.5464458925713,0.0,0.0,0.0,0.0,0.0,0.0,-1.0,1.0
7.09,2.0,0.0,3.9476204669989,9.014923037727,9.014923037727,18.2628731341,0.49362019719091,0.0,0.0,0.0,0.0,0.0,0.0,-1.0,1.0
7.1,2.0,0.0,3.3826534512212,8.2777818714372,8.2777818714372,18.2628731341,0.45325737142537,0.0,0.0,0.0,0.0,0.0,0.0,-1.0,1.0
7.11,2.0,0.0,3.6206874323888,7.9116035997902,7.9116035997902,18.2628731341,0.43320695170454,0.0,0.0,0.0,0.0,0.0,0.0,-1.0,1.0
7.12,2.0,0.0,4.4879235139925,7.9705278383704,7.9705278383704,18.2628731341,0.43643340124222,0.0,0.0,0.0,0.0,0.0,0.0,-1.0,1.0
7.13,2.0,0.0,5.616192012354,8.4112016608912,8.4112016608912,18.2628731341,0.46056289167262,0.0,0.0,0.0,0.0,0.0,0.0,-1.0,1.0
7.14,2.0,0.0,6.7695623106541,9.0930008832149,9.0930008832149,18.2628731341,0.49789541965533,0.0,0.0,0.0,0.0,0.0,0.0,-1.0,1.0
7.15,2.0,0.0,7.8078453479864,9.846867635598,9.846867635598,18.2628731341,0.53917406989003,0.0,0.0,0.0,0.0,0.0,0.0,-1.0,1.0
7.16,2.0,0.0,8.6478712274244,10.525375781553,10.525375781553,18.2628731341,0.57632639203413,0.0,0.0,0.0,0.0,0.0,0.0,-1.0,1.0
7.17,2.0,0.0,9.2094816744611,10.980735128378,10.980735128378,18.2628731341,0.60126000152053,0.0,0.0,0.0,0.0,0.0,0.0,-1.0,1.0
7.18,2.0,0.0,9.4620910227842,11.129141471137,11.129141471137,18.2628731341,0.60938612393672,0.0,0.0,0.0,0.0,0.0,0.0,-1.0,1.0
7.19,2.0,0.0,9.3763764748181,10.889994576572,10.889994576572,18.2628731341,0.59629142121339,0.0,0.0,0.0,0.0,0.0,0.0,-1.0,1.0
7.2,2.0,0.0,8.99660266788,10.27508676008,10.27508676008,18.2628731341,0.56262159215764,0.0,0.0,0.0,0.0,0.0,0.0,-1.0,1.0
7.21,2.0,0.0,8.4159220717897,9.35842667757,9.35842667757,18.2628731341,0.51242904710848,0.0,0.0,0.0,0.0,0.0,0.0,-1.0,1.0
7.22,2.0,0.0,7.8199624817936,8.3521115820754,8.3521115820754,18.2628731341,0.45732736140408,0.0,0.0,0.0,0.0,0.0,0.0,-1.0,1.0
7.23,2.0,0.0,7.4510754716257,7.6101400801732,7.6101400801732,18.2628731341,0.41670004627934,0.0,0.0,0.0,0.0,0.0,0.0,-1.0,1.0
7.24,2.0,0.0,7.4985248455808,7.5168801105772,7.5168801105772,18.2628731341,0.41159351299122,0.0,0.0,0.0,0.0,0.0,0.0,-1.0,1.0
7.25,2.0,0.0,7.9813717373192,8.2081320744451,8.2081320744451,18.2628731341,0.44944363431617,0.0,0.0,0.0,0.0,0.0,0.0,-1.0,1.0
7.26,2.0,0.0,8.7101222163966,9.411096493541,9.411096493541,18.2628731341,0.51531303012607,0.0,0.0,0.0,0.0,0.0,0.0,-1.0,1.0
7.27,2.0,0.0,9.4627958878938,10.759713084264,10.759713084264,18.2628731341,0.58915774124139,0.0,0.0,0.0,0.0,0.0,0.0,-1.0,1.0
7.28,2.0,0.0,10.039291644308,11.950972487219,11.950972487219,18.2628731341,0.65438621839323,0.0,0.0,0.0,0.0,0.0,0.0,-1.0,1.0
7.29,2.0,0.0,10.344118726107,12.839507574763,12.839507574763,18.2628731341,0.70303875411525,0.0,0.0,0.0,0.0,0.0,0.0,-1.0,1.0
7.3,2.0,0.0,10.320358676364,13.3369413249,13.3369413249,18.2628731341,0.73027618529516,0.0,0.0,0.0,0.0,0.0,0.0,-1.0,1.0
7.31,2.0,0.0,9.9843866483753,13.455424727288,13.455424727288,18.2628731341,0.73676385027085,0.0,0.0,0.0,0.0,0.0,0.0,-1.0,1.0
7.32,2.0,0.0,9.3643701600364,13.218965388554,13.218965388554,18.2628731341,0.72381630707778,0.0,0.0,0.0,0.0,0.0,0.0,-1.0,1.0
7.33,2.0,0.0,8.5196066050647,12.699315711158,12.699315711158,18.2628731341,0.69536242287344,0.0,0.0,0.0,0.0,0.0,0.0,-1.0,1.0
7.34,2.0,0.0,7.5180214688094,11.97289975187,11.97289975187,18.2628731341,0.65558686543764,0.0,0.0,0.0,0.0,0.0,0.0,-1.0,1.0
7.35,2.0,0.0,6.4307724480876,11.119785637818,11.119785637818,18.2628731341,0.60887383689125,0.0,0.0,0.0,0.0,0.0,0.0,-1.0,1.0
7.36,2.0,0.0,5.3427652608279,10.229132783809,10.229132783809,18.2628731341,0.56010534096684,0.0,0.0,0.0,0.0,0.0,0.0,-1.0,1.0
7.37,2.0,0.0,4.3576626738412,9.3766029428086,9.3766029428086,18.2628731341,0.51342430481548,0.0,0.0,0.0,0.0,0.0,0.0,-1.0,1.0
7.38,2.0,0.0,3.6347679689559,8.6539082997774,8.6539082997774,18.2628731341,0.4738525113893,0.0,0.0,0.0,0.0,0.0,0.0,-1.0,1.0
7.39,2.0,0.0,3.3719146635119,8.1320265885512,8.1320265885512,18.2628731341,0.44527641017049,0.0,0.0,0.0,0.0,0.0,0.0,-1.0,1.0
7.4,2.0,0.0,3.654798851429,7.8757414866856,7.8757414866856,18.2628731341,0.43124328953368,0.0,0.0,0.0,0.0,0.0,0.0,-1.0,1.0
7.41,2.0,0.0,4.3461330119116,7.9075954314034,7.9075954314034,18.2628731341,0.43298748084925,0.0,0.0,0.0,0.0,0.0,0.0,-1.0,1.0
7.42,2.0,0.0,5.2384167272779,8.2008121787118,8.2008121787118,18.2628731341,0.44904282685945,0.0,0.0,0.0,0.0,0.0,0.0,-1.0,1.0
7.43,2.0,0.0,6.1980517207845,8.7002627266872,8.7002627266872,18.2628731341,0.47639068961401,0.0,0.0,0.0,0.0,0.0,0.0,-1.0,1.0
7.44,2.0,0.0,7.1301694132376,9.3108639530982,9.3108639530982,18.2628731341,0.50982470746693,0.0,0.0,0.0,0.0,0.0,0.0,-1.0,1.0
7.45,2.0,0.0,7.9826122089252,9.956503531848,9.956503531848,18.2628731341,0.54517728173107,0.0,0.0,0.0,0.0,0.0,0.0,-1.0,1.0
7.46,2.0,0.0,8.6957248676354,10.539171152628,10.539171152628,18.2628731341,0.57708176995161,0.0,0.0,0.0,0.0,0.0,0.0,-1.0,1.0
7.47,2.0,0.0,9.2276467993841,10.982910435134,10.982910435134,18.2628731341,0.60137911239316,0.0,0.0,0.0,0.0,0.0,0.0,-1.0,1.0
7.48,2.0,0.0,9.5425695122697,11.215821734635,11.215821734635,18.2628731341,0.61413237951552,0.0,0.0,0.0,0.0,0.0,0.0,-1.0,1.0
7.49,2.0,0.0,9.6058291364516,11.170580466611,11.170580466611,18.2628731341,0.61165515330408,0.0,0.0,0.0,0.0,0.0,0.0,-1.0,1.0
7.5,2.0,0.0,9.4263151204902,10.829646080827,10.829646080827,18.2628731341,0.59298698519709,0.0,0.0,0.0,0.0,0.0,0.0,-1.0,1.0
7.51,2.0,0.0,9.0180522213866,10.180823666213,10.180823666213,18.2628731341,0.55746013190024,0.0,0.0,0.0,0.0,0.0,0.0,-1.0,1.0
7.52,2.0,0.0,8.4816312326821,9.3197721482902,9.3197721482902,18.2628731341,0.5103124836852,0.0,0.0,0.0,0.0,0.0,0.0,-1.0,1.0
7.53,2.0,2.0,9.1054341725724,10.236108538387,10.236108538387,18.2628731341,0.56048730466592,0.0,0.0,0.0,0.0,0.0,0.0,-1.0,1.0
7.54,2.0,2.0,9.8658580142399,11.254522864241,11.254522864241,18.2628731341,0.6162514945815,0.0,0.0,0.0,0.0,0.0,0.0,-1.0,1.0
7.55,2.0,2.0,10.337168893646,12.022672741264,12.022672741264,18.2628731341,0.65831223011758,0.0,0.0,0.0,0.0,0.0,0.0,-1.0,1.0
7.56,2.0,2.0,10.993624831506,13.24474302861,13.24474302861,18.2628731341,0.72522778488124,0.0,0.0,0.0,0.0,0.0,0.0,-1.0,1.0
7.57,2.0,2.0,11.873818257997,14.950171823178,14.950171823178,18.2628731341,0.81861006827361,0.0,0.0,0.0,0.0,0.0,0.0,-1.0,1.0
7.58,2.0,2.0,12.939046352494,17.048794852066,17.048794852066,18.2628731341,0.93352205465596,0.0,0.0,0.0,0.0,0.0,0.0,-1.0,1.0
7.59,2.0,2.0,13.977169385066,19.195155848366,19.195155848366,18.2628731341,1.0510479762642,0.0,0.0,0.0,0.0,0.0,0.0,-1.0,1.0
7.6,2.0,2.0,14.838238652856,21.176359367726,21.176359367726,18.2628731341,1.1595305520787,1.0,0.0,0.0,0.0,0.0,0.0,-1.0,1.0
7.61,2.0,2.0,15.411167941723,22.817244652138,22.817244652138,18.2628731341,1.2493786976779,1.0,0.0,0.0,0.0,0.0,0.0,-1.0,1.0
7.62,2.0,2.0,15.635858138494,24.027987329721,24.027987329721,18.2628731341,1.3156739990082,1.0,0.0,0.0,0.0,0.0,0.0,-1.0,1.0
7.63,2.0,2.0,15.524829749045,24.809212478966,24.809212478966,18.2628731341,1.3584506828032,1.0,0.0,0.0,0.0,0.0,0.0,-1.0,1.0
7.64,2.0,2.0,15.096571609779,25.164896298961,25.164896298961,18.2628731341,1.3779264694105,1.0,0.0,0.0,0.0,0.0,0.0,-1.0,1.0
7.65,2.0,2.0,14.418572234012,25.175525987322,25.175525987322,18.2628731341,1.3785085075313,1.0,0.0,0.0,0.0,0.0,0.0,-1.0,1.0
7.66,2.0,2.0,13.552111393556,24.897433706355,24.897433706355,18.2628731341,1.3632813152421,1.0,0.0,0.0,0.0,0.0,0.0,-1.0,1.0
7.67,2.0,2.0,12.583478154171,24.423151508665,24.423151508665,18.2628731341,1.337311568083,1.0,0.0,0.0,0.0,0.0,0.0,-1.0,1.0
7.68,2.0,2.0,11.595546300682,23.827418588331,23.827418588331,18.2628731341,1.304691677666,1.0,0.0,0.0,0.0,0.0,0.0,-1.0,1.0
7.69,2.0,2.0,10.669066455661,23.176417283125,23.176417283125,18.2628731341,1.2690455172604,1.0,0.0,0.0,0.0,0.0,0.0,-1.0,1.0
7.7,2.0,2.0,9.8921201345732,22.540779313885,22.540779313885,18.2628731341,1.2342405900963,1.0,0.0,0.0,0.0,0.0,0.0,-1.0,1.0
7.71,2.0,2.0,9.3404061659876,21.961216109242,21.961216109242,18.2628731341,1.202506086966,1.0,0.0,0.0,0.0,0.0,0.0,-1.0,1.0
7.72,2.0,2.0,9.0807021971231,21.488078481594,21.488078481594,18.2628731341,1.1765990117662,1.0,0.0,0.0,0.0,0.0,0.0,-1.0,1.0
7.73,2.0,2.0,9.1399946106164,21.144479669169,21.144479669169,18.2628731341,1.1577849505886,1.0,0.0,0.0,0.0,0.0,0.0,-1.0,1.0
7.74,2.0,2.0,9.504931108758,20.949765859957,20.949765859957,18.2628731341,1.1471232213096,1.0,0.0,0.0,0.0,0.0,0.0,-1.0,1.0
7.75,2.0,2.0,10.127558644143,20.914484321465,20.914484321465,18.2628731341,1.1451913490224,1.0,0.0,0.0,0.0,0.0,0.0,-1.0,1.0
7.76,2.0,2.0,10.936404605594,21.02508267971,21.02508267971,18.2628731341,1.1512472613333,1.0,0.0,0.0,0.0,0.0,0.0,-1.0,1.0
7.77,2.0,2.0,11.868670532865,21.275238853222,21.275238853222,18.2628731341,1.1649447870006,1.0,0.0,0.0,0.0,0.0,0.0,-1.0,1.0
7.78,2.0,2.0,12.854064086232,21.625614757456,21.625614757456,18.2628731341,1.1841299339192,1.0,0.0,0.0,0.0,0.0,0.0,-1.0,1.0
7.79,2.0,2.0,13.837025638264,22.04402215958,22.04402215958,18.2628731341,1.2070402065281,1.0,0.0,0.0,0.0,0.0,0.0,-1.0,1.0
7.8,2.0,2.0,14.759508008623,22.475578714217,22.475578714217,18.2628731341,1.2306704727774,1.0,0.0,0.0,0.0,0.0,0.0,-1.0,1.0
7.81,2.0,2.0,15.565229234851,22.855784366815,22.855784366815,18.2628731341,1.2514889743246,1.0,0.0,0.0,0.0,0.0,0.0,-1.0,1.0
7.82,2.0,2.0,16.208293485174,23.125343271629,23.125343271629,18.2628731341,1.2662489139483,1.0,0.0,0.0,0.0,0.0,0.0,-1.0,1.0
7.83,2.0,2.0,16.626057145058,23.197696381079,23.197696381079,18.2628731341,1.2702106733559,1.0,0.0,0.0,0.0,0.0,0.0,-1.0,1.0
7.84,2.0,2.0,16.783050531075,23.019065945174,23.019065945174,18.2628731341,1.2604296036089,1.0,0.0,0.0,0.0,0.0,0.0,-1.0,1.0
7.85,2.0,2.0,16.639371754199,22.517981675864,22.517981675864,18.2628731341,1.2329922849773,1.0,0.0,0.0,0.0,0.0,0.0,-1.0,1.0
7.86,2.0,2.0,16.195981889151,21.676885393891,21.676885393891,18.2628731341,1.1869373036062,1.0,0.0,0.0,0.0,0.0,0.0,-1.0,1.0
7.87,2.0,2.0,15.477125137438,20.503169635622,20.503169635622,18.2628731341,1.1226694444556,1.0,0.0,0.0,0.0,0.0,0.0,-1.0,1.0
7.88,2.0,2.0,14.552735803253,19.069285920506,19.069285920506,18.2628731341,1.0441558554607,0.0,0.0,0.0,0.0,0.0,0.0,-1.0,1.0
7.89,2.0,2.0,13.557701928262,17.539797640542,17.539797640542,18.2628731341,0.96040735276162,0.0,0.0,0.0,0.0,0.0,0.0,-1.0,1.0
7.9,2.0,2.0,12.66033019686,16.147912469143,16.147912469143,18.2628731341,0.88419343170009,0.0,0.0,0.0,0.0,0.0,0.0,-1.0,1.0
7.91,2.0,2.0,12.077872631624,15.230181151255,15.230181151255,18.2628731341,0.83394223019695,0.0,0.0,0.0,0.0,0.0,0.0,-1.0,1.0
7.92,2.0,2.0,11.949207333336,15.04862471368,15.04862471368,18.2628731341,0.82400094460394,0.0,0.0,0.0,0.0,0.0,0.0,-1.0,1.0
7.93,2.0,2.0,12.314526876689,15.71626416035,15.71626416035,18.2628731341,0.86055814136963,0.0,0.0,0.0,0.0,0.0,0.0,-1.0,1.0
7.94,2.0,2.0,13.039269820457,17.047925302781,17.047925302781,18.2628731341,0.9334744417049,0.0,0.0,0.0,0.0,0.0,0.0,-1.0,1.0
7.95,2.0,2.0,13.943384868534,18.764943862508,18.764943862508,18.2628731341,1.0274913330844,0.0,0.0,0.0,0.0,0.0,0.0,-1.0,1.0
7.96,2.0,2.0,14.83305207279,20.561912170459,20.561912170459,18.2628731341,1.1258859446418,1.0,0.0,0.0,0.0,0.0,0.0,-1.0,1.0
7.97,2.0,2.0,15.5792828597,22.238879020783,22.238879020783,18.2628731341,1.2177097687471,1.0,0.0,0.0,0.0,0.0,0.0,-1.0,1.0
7.98,2.0,2.0,16.101385185798,23.66171821736,23.66171821736,18.2628731341,1.2956186052226,1.0,0.0,0.0,0.0,0.0,0.0,-1.0,1.0
7.99,2.0,2.0,16.364135278047,24.766342651619,24.766342651619,18.2628731341,1.3561033069532,1.0,0.0,0.0,0.0,0.0,0.0,-1.0,1.0
8.0,2.0,2.0,16.37599836892,25.547688838231,25.547688838231,18.2628731341,1.3988866182577,1.0,0.0,0.0,0.0,0.0,0.0,-1.0,1.0
8.01,2.0,2.0,16.15451203274,26.012397223646,26.012397223646,18.2628731341,1.4243321427381,1.0,0.0,0.0,0.0,0.0,0.0,-1.0,1.0
8.02,2.0,2.0,15.747097058258,26.214993285416,26.214993285416,18.2628731341,1.4354254718261,1.0,0.0,0.0,0.0,0.0,0.0,-1.0,1.0
8.03,2.0,2.0,15.18912893342,26.18950931037,26.18950931037,18.2628731341,1.4340300739137,1.0,0.0,0.0,0.0,0.0,0.0,-1.0,1.0
8.04,2.0,2.0,14.535888403508,26.000741529881,26.000741529881,18.2628731341,1.423693924771,1.0,0.0,0.0,0.0,0.0,0.0,-1.0,1.0
8.05,2.0,2.0,13.829440250409,25.692380133081,25.692380133081,18.2628731341,1.4068093198933,1.0,0.0,0.0,0.0,0.0,0.0,-1.0,1.0
8.06,2.0,2.0,13.106559290484,25.305789469711,25.305789469711,18.2628731341,1.3856412013541,1.0,0.0,0.0,0.0,0.0,0.0,-1.0,1.0
8.07,2.0,2.0,12.40150789572,24.883511009569,24.883511009569,18.2628731341,1.3625189654911,1.0,0.0,0.0,0.0,0.0,0.0,-1.0,1.0
8.08,2.0,2.0,11.734960097904,24.442674048423,24.442674048423,18.2628731341,1.3383805422589,1.0,0.0,0.0,0.0,0.0,0.0,-1.0,1.0
8.09,2.0,2.0,11.131224483924,24.016012116145,24.016012116145,18.2628731341,1.3150182854473,1.0,0.0,0.0,0.0,0.0,0.0,-1.0,1.0
8.1,2.0,2.0,10.600298632873,23.608490683681,23.608490683681,18.2628731341,1.2927040838717,1.0,0.0,0.0,0.0,0.0,0.0,-1.0,1.0
8.11,2.0,2.0,10.153832928232,23.234588750205,23.234588750205,18.2628731341,1.2722307481194,1.0,0.0,0.0,0.0,0.0,0.0,-1.0,1.0
8.12,2.0,2.0,9.7962229564807,22.900594154516,22.900594154516,18.2628731341,1.2539425744439,1.0,0.0,0.0,0.0,0.0,0.0,-1.0,1.0
8.13,2.0,2.0,9.5271699789106,22.602208024525,22.602208024525,18.2628731341,1.2376041742481,1.0,0.0,0.0,0.0,0.0,0.0,-1.0,1.0
8.14,2.0,2.0,9.3480860861352,22.349970534356,22.349970534356,18.2628731341,1.2237926842204,1.0,0.0,0.0,0.0,0.0,0.0,-1.0,1.0
8.15,2.0,2.0,9.251311998069,22.131558978111,22.131558978111,18.2628731341,1.211833363546,1.0,0.0,0.0,0.0,0.0,0.0,-1.0,1.0
8.16,2.0,2.0,9.2350657221857,21.953848380279,21.953848380279,18.2628731341,1.2021026603578,1.0,0.0,0.0,0.0,0.0,0.0,-1.0,1.0
8.17,2.0,2.0,9.2908272223647,21.811066060908,21.811066060908,18.2628731341,1.1942844863869,1.0,0.0,0.0,0.0,0.0,0.0,-1.0,1.0
8.18,2.0,2.0,9.4126775142329,21.698690888468,21.698690888468,18.2628731341,1.188131283021,1.0,0.0,0.0,0.0,0.0,0.0,-1.0,1.0
8.19,2.0,2.0,9.5970986755582,21.623283213846,21.623283213846,18.2628731341,1.1840022681575,1.0,0.0,0.0,0.0,0.0,0.0,-1.0,1.0
8.2,2.0,2.0,9.8347255454769,21.572328952231,21.572328952231,18.2628731341,1.1812122218574,1.0,0.0,0.0,0.0,0.0,0.0,-1.0,1.0
8.21,2.0,2.0,10.125932409305,21.556839029289,21.556839029289,18.2628731341,1.1803640572325,1.0,0.0,0.0,0.0,0.0,0.0,-1.0,1.0
8.22,2.0,2.0,10.463174885978,21.568645339954,21.568645339954,18.2628731341,1.1810105223631,1.0,0.0,0.0,0.0,0.0,0.0,-1.0,1.0
8.23,2.0,2.0,10.845408889796,21.611001901847,21.611001901847,18.2628731341,1.1833297939028,1.0,0.0,0.0,0.0,0.0,0.0,-1.0,1.0
8.24,2.0,2.0,11.270928228223,21.688941256475,21.688941256475,18.2628731341,1.187597433176,1.0,0.0,0.0,0.0,0.0,0.0,-1.0,1.0
8.25,2.0,2.0,11.732735337867,21.793488063551,21.793488063551,18.2628731341,1.1933219873744,1.0,0.0,0.0,0.0,0.0,0.0,-1.0,1.0
8.26,2.0,2.0,12.234726746782,21.939362870011,21.939362870011,18.2628731341,1.2013094932498,1.0,0.0,0.0,0.0,0.0,0.0,-1.0,1.0
8.27,2.0,2.0,12.765580196443,22.113322116993,22.113322116993,18.2628731341,1.2108347878573,1.0,0.0,0.0,0.0,0.0,0.0,-1.0,1.0
8.28,2.0,2.0,13.321456141579,22.324457757361,22.324457757361,18.2628731341,1.2223957092314,1.0,0.0,0.0,0.0,0.0,0.0,-1.0,1.0
8.29,2.0,2.0,13.892342729279,22.56594872678,22.56594872678,18.2628731341,1.235618763876,1.0,0.0,0.0,0.0,0.0,0.0,-1.0,1.0
8.3,2.0,2.0,14.468292841758,22.827015015599,22.827015015599,18.2628731341,1.249913682693,1.0,0.0,0.0,0.0,0.0,0.0,-1.0,1.0
8.31,2.0,2.0,15.046344612019,23.110464491939,23.110464491939,18.2628731341,1.2654342130203,1.0,0.0,0.0,0.0,0.0,0.0,-1.0,1.0
8.32,2.0,2.0,15.60141425173,23.385361664828,23.385361664828,18.2628731341,1.2804864543007,1.0,0.0,0.0,0.0,0.0,0.0,-1.0,1.0
8.33,2.0,2.0,16.126818483212,23.650173639589,23.650173639589,18.2628731341,1.2949864715114,1.0,0.0,0.0,0.0,0.0,0.0,-1.0,1.0
8.34,2.0,2.0,16.591868309428,23.866175708685,23.866175708685,18.2628731341,1.3068138585556,1.0,0.0,0.0,0.0,0.0,0.0,-1.0,1.0
8.35,2.0,2.0,16.975420831559,24.009618945528,24.009618945528,18.2628731341,1.3146682216556,1.0,0.0,0.0,0.0,0.0,0.0,-1.0,1.0
8.36,2.0,2.0,17.252886958253,24.049092791533,24.049092791533,18.2628731341,1.316829647501,1.0,0.0,0.0,0.0,0.0,0.0,-1.0,1.0
8.37,2.0,2.0,17.387198986438,23.934300624245,23.934300624245,18.2628731341,1.3105440994142,1.0,0.0,0.0,0.0,0.0,0.0,-1.0,1.0
8.38,2.0,2.0,17.367277065559,23.649114316375,23.649114316375,18.2628731341,1.2949284673186,1.0,0.0,0.0,0.0,0.0,0.0,-1.0,1.0
8.39,2.0,2.0,17.157382235715,23.138697780884,23.138697780884,18.2628731341,1.2669801520814,1.0,0.0,0.0,0.0,0.0,0.0,-1.0,1.0
8.4,2.0,2.0,16.764255991303,22.406073288953,22.406073288953,18.2628731341,1.2268646408717,1.0,0.0,0.0,0.0,0.0,0.0,-1.0,1.0
8.41,2.0,2.0,16.185098911306,21.435769393165,21.435769393165,18.2628731341,1.1737347807088,1.0,0.0,0.0,0.0,0.0,0.0,-1.0,1.0
8.42,2.0,2.0,15.454715024982,20.265374832632,20.265374832632,18.2628731341,1.1096487767192,1.0,0.0,0.0,0.0,0.0,0.0,-1.0,1.0
8.43,2.0,2.0,14.635345875988,18.968875795926,18.968875795926,18.2628731341,1.0386578090228,0.0,0.0,0.0,0.0,0.0,0.0,-1.0,1.0
8.44,2.0,2.0,13.806274119502,17.652867128104,17.652867128104,18.2628731341,0.96659857397479,0.0,0.0,0.0,0.0,0.0,0.0,-1.0,1.0
8.45,2.0,2.0,13.098871873662,16.510127620317,16.510127620317,18.2628731341,0.90402684720457,0.0,0.0,0.0,0.0,0.0,0.0,-1.0,1.0
8.46,2.0,2.0,12.616423650402,15.717800957152,15.717800957152,18.2628731341,0.86064229005697,0.0,0.0,0.0,0.0,0.0,0.0,-1.0,1.0
8.47,2.0,2.0,12.472293694197,15.48456136167,15.48456136167,18.2628731341,0.84787104679373,0.0,0.0,0.0,0.0,0.0,0.0,-1.0,1.0
8.48,2.0,2.0,12.672865930661,15.858812271457,15.858812271457,18.2628731341,0.86836349105693,0.0,0.0,0.0,0.0,0.0,0.0,-1.0,1.0
8.49,2.0,2.0,13.18110465423,16.7992020151,16.7992020151,18.2628731341,0.91985537498657,0.0,0.0,0.0,0.0,0.0,0.0,-1.0,1.0
8.5,2.0,2.0,13.876058395954,18.112909788384,18.112909788384,18.2628731341,0.9917886224903,0.0,0.0,0.0,0.0,0.0,0.0,-1.0,1.0
8.51,2.0,2.0,14.644242732831,19.616448141752,19.616448141752,18.2628731341,1.0741162136819,0.0,0.0,0.0,0.0,0.0,0.0,-1.0,1.0
8.52,2.0,2.0,15.379754501362,21.13441411197,21.13441411197,18.2628731341,1.1572338019755,1.0,0.0,0.0,0.0,0.0,0.0,-1.0,1.0
8.53,2.0,2.0,16.004797383566,22.54272134149,22.54272134149,18.2628731341,1.2343469275598,1.0,0.0,0.0,0.0,0.0,0.0,-1.0,1.0
8.54,2.0,2.0,16.485406749599,23.778775041993,23.778775041993,18.2628731341,1.3020281566537,1.0,0.0,0.0,0.0,0.0,0.0,-1.0,1.0
8.55,2.0,2.0,16.792003162722,24.788583067057,24.788583067057,18.2628731341,1.3573211008498,1.0,0.0,0.0,0.0,0.0,0.0,-1.0,1.0
8.56,2.0,2.0,16.940878032967,25.586261044522,25.586261044522,18.2628731341,1.4009986740119,1.0,0.0,0.0,0.0,0.0,0.0,-1.0,1.0
8.57,2.0,2.0,16.935852028089,26.163858494653,26.163858494653,18.2628731341,1.4326255404907,1.0,0.0,0.0,0.0,0.0,0.0,-1.0,1.0
8.58,2.0,2.0,16.809079386983,26.561243206336,26.561243206336,18.2628731341,1.4543846968274,1.0,0.0,0.0,0.0,0.0,0.0,-1.0,1.0
8.59,2.0,2.0,16.584561372694,26.80190197664,26.80190197664,18.2628731341,1.467562183663,1.0,0.0,0.0,0.0,0.0,0.0,-1.0,1.0
8.6,2.0,2.0,16.290471154235,26.917388800588,26.917388800588,18.2628731341,1.4738857682984,1.0,0.0,0.0,0.0,0.0,0.0,-1.0,1.0
8.61,2.0,2.0,15.958021608639,26.948670302177,26.948670302177,18.2628731341,1.4755986149769,1.0,0.0,0.0,0.0,0.0,0.0,-1.0,1.0
8.62,2.0,2.0,15.60063035237,26.907422246078,26.907422246078,18.2628731341,1.4733400406663,1.0,0.0,0.0,0.0,0.0,0.0,-1.0,1.0
8.63,2.0,2.0,15.246433770229,26.834625685943,26.834625685943,18.2628731341,1.4693539997186,1.0,0.0,0.0,0.0,0.0,0.0,-1.0,1.0
8.64,2.0,2.0,14.902898387441,26.73520831483,26.73520831483,18.2628731341,1.4639103123873,1.0,0.0,0.0,0.0,0.0,0.0,-1.0,1.0
8.65,2.0,2.0,14.586322687866,26.631263501182,26.631263501182,18.2628731341,1.458218720879,1.0,0.0,0.0,0.0,0.0,0.0,-1.0,1.0
8.66,2.0,2.0,14.306674902859,26.536182578953,26.536182578953,18.2628731341,1.453012479696,1.0,0.0,0.0,0.0,0.0,0.0,-1.0,1.0
8.67,2.0,2.0,14.066334742214,26.447209630081,26.447209630081,18.2628731341,1.4481406860731,1.0,0.0,0.0,0.0,0.0,0.0,-1.0,1.0
8.68,2.0,2.0,13.878565421517,26.38581857287,26.38581857287,18.2628731341,1.4447791636685,1.0,0.0,0.0,0.0,0.0,0.0,-1.0,1.0
8.69,2.0,2.0,13.738838373706,26.338299322716,26.338299322716,18.2628731341,1.4421772045023,1.0,0.0,0.0,0.0,0.0,0.0,-1.0,1.0
8.7,2.0,2.0,13.656707882124,26.31811634975,26.31811634975,18.2628731341,1.4410720677137,1.0,0.0,0.0,0.0,0.0,0.0,-1.0,1.0
8.71,2.0,2.0,13.630824640845,26.321159921341,26.321159921341,18.2628731341,1.4412387212062,1.0,0.0,0.0,0.0,0.0,0.0,-1.0,1.0
8.72,2.0,2.0,13.659869556749,26.339042917746,26.339042917746,18.2628731341,1.4422179207152,1.0,0.0,0.0,0.0,0.0,0.0,-1.0,1.0
8.73,2.0,2.0,13.749294957181,26.382939403293,26.382939403293,18.2628731341,1.4446215121558,1.0,0.0,0.0,0.0,0.0,0.0,-1.0,1.0
8.74,2.0,2.0,13.887813085061,26.429449827324,26.429449827324,18.2628731341,1.4471682321428,1.0,0.0,0.0,0.0,0.0,0.0,-1.0,1.0
8.75,2.0,2.0,14.079827906119,26.487185109867,26.487185109867,18.2628731341,1.4503295793262,1.0,0.0,0.0,0.0,0.0,0.0,-1.0,1.0
8.76,2.0,2.0,14.31329319234,26.539450015726,26.539450015726,18.2628731341,1.4531913911274,1.0,0.0,0.0,0.0,0.0,0.0,-1.0,1.0
8.77,2.0,2.0,14.578682675396,26.570321759466,26.570321759466,18.2628731341,1.4548818011474,1.0,0.0,0.0,0.0,0.0,0.0,-1.0,1.0
8.78,2.0,2.0,14.870021239378,26.579484723212,26.579484723212,18.2628731341,1.4553835274463,1.0,0.0,0.0,0.0,0.0,0.0,-1.0,1.0
8.79,2.0,2.0,15.160115997288,26.528666465701,26.528666465701,18.2628731341,1.4526009281731,1.0,0.0,0.0,0.0,0.0,0.0,-1.0,1.0
8.8,2.0,2.0,15.442230124619,26.416665617505,26.416665617505,18.2628731341,1.4464682212669,1.0,0.0,0.0,0.0,0.0,0.0,-1.0,1.0
8.81,2.0,2.0,15.689572837615,26.212405525142,26.212405525142,18.2628731341,1.4352837766911,1.0,0.0,0.0,0.0,0.0,0.0,-1.0,1.0
8.82,2.0,2.0,15.880109603673,25.890100507554,25.890100507554,18.2628731341,1.41763567635,1.0,0.0,0.0,0.0,0.0,0.0,-1.0,1.0
8.83,2.0,2.0,16.000293976337,25.446886095608,25.446886095608,18.2628731341,1.3933670736668,1.0,0.0,0.0,0.0,0.0,0.0,-1.0,1.0
8.84,2.0,2.0,16.020354604895,24.845640406758,24.845640406758,18.2628731341,1.3604453266647,1.0,0.0,0.0,0.0,0.0,0.0,-1.0,1.0
8.85,2.0,2.0,15.94396701876,24.102570418994,24.102570418994,18.2628731341,1.3197578629614,1.0,0.0,0.0,0.0,0.0,0.0,-1.0,1.0
8.86,2.0,2.0,15.76324658033,23.21873728472,23.21873728472,18.2628731341,1.2713627869082,1.0,0.0,0.0,0.0,0.0,0.0,-1.0,1.0
8.87,2.0,2.0,15.484777511813,22.212693795894,22.212693795894,18.2628731341,1.2162759732705,1.0,0.0,0.0,0.0,0.0,0.0,-1.0,1.0
8.88,2.0,2.0,15.147931773422,21.15646287108,21.15646287108,18.2628731341,1.158441101558,1.0,0.0,0.0,0.0,0.0,0.0,-1.0,1.0
8.89,2.0,2.0,14.775266349217,20.097012810215,20.097012810215,18.2628731341,1.1004299631634,1.0,0.0,0.0,0.0,0.0,0.0,-1.0,1.0
8.9,2.0,2.0,14.431484505054,19.143758011114,19.143758011114,18.2628731341,1.0482336415823,0.0,0.0,0.0,0.0,0.0,0.0,-1.0,1.0
8.91,2.0,2.0,14.17439837492,18.401229957809,18.401229957809,18.2628731341,1.0075758519863,0.0,0.0,0.0,0.0,0.0,0.0,-1.0,1.0
8.92,2.0,2.0,14.043766647884,17.940615902788,17.940615902788,18.2628731341,0.98235451623926,0.0,0.0,0.0,0.0,0.0,0.0,-1.0,1.0
8.93,2.0,2.0,14.092364040845,17.844009441177,17.844009441177,18.2628731341,0.97706474277914,0.0,0.0,0.0,0.0,0.0,0.0,-1.0,1.0
8.94,2.0,2.0,14.312948502239,18.094776627249,18.094776627249,18.2628731341,0.99079572498715,0.0,0.0,0.0,0.0,0.0,0.0,-1.0,1.0
8.95,2.0,2.0,14.686889310576,18.639506128115,18.639506128115,18.2628731341,1.0206228774218,0.0,0.0,0.0,0.0,0.0,0.0,-1.0,1.0
8.96,2.0,2.0,15.184853802275,19.411211353848,19.411211353848,18.2628731341,1.0628782892657,0.0,0.0,0.0,0.0,0.0,0.0,-1.0,1.0
8.97,2.0,2.0,15.738021196408,20.286313876458,20.286313876458,18.2628731341,1.1107953128459,1.0,0.0,0.0,0.0,0.0,0.0,-1.0,1.0
8.98,2.0,2.0,16.315233253868,21.199300784673,21.199300784673,18.2628731341,1.1607867299418,1.0,0.0,0.0,0.0,0.0,0.0,-1.0,1.0
8.99,2.0,2.0,16.870322931762,22.079131085752,22.079131085752,18.2628731341,1.2089626272728,1.0,0.0,0.0,0.0,0.0,0.0,-1.0,1.0
9.0,2.0,2.0,17.367949688663,22.865155642007,22.865155642007,18.2628731341,1.2520021069036,1.0,0.0,0.0,0.0,0.0,0.0,-1.0,1.0
9.01,2.0,2.0,17.806989741987,23.556376352534,23.556376352534,18.2628731341,1.2898505169238,1.0,0.0,0.0,0.0,0.0,0.0,-1.0,1.0
9.02,2.0,2.0,18.159243444698,24.112644412319,24.112644412319,18.2628731341,1.3203094735021,1.0,0.0,0.0,0.0,0.0,0.0,-1.0,1.0
9.03,2.0,2.0,18.437548699241,24.548840794756,24.548840794756,18.2628731341,1.3441937976845,1.0,0.0,0.0,0.0,0.0,0.0,-1.0,1.0
9.04,2.0,2.0,18.640339647293,24.867509033555,24.867509033555,18.2628731341,1.3616427629409,1.0,0.0,0.0,0.0,0.0,0.0,-1.0,1.0
9.05,2.0,2.0,18.765593911894,25.061362662205,25.061362662205,18.2628731341,1.3722573922616,1.0,0.0,0.0,0.0,0.0,0.0,-1.0,1.0
9.06,2.0,2.0,18.835744057696,25.164740905603,25.164740905603,18.2628731341,1.3779179607077,1.0,0.0,0.0,0.0,0.0,0.0,-1.0,1.0
9.07,2.0,2.0,18.837261275908,25.15784691029,25.15784691029,18.2628731341,1.3775404738105,1.0,0.0,0.0,0.0,0.0,0.0,-1.0,1.0
9.08,2.0,2.0,18.791416660024,25.069171789693,25.069171789693,18.2628731341,1.3726849880419,1.0,0.0,0.0,0.0,0.0,0.0,-1.0,1.0
9.09,2.0,2.0,18.693466584009,24.894879464888,24.894879464888,18.2628731341,1.3631414554594,1.0,0.0,0.0,0.0,0.0,0.0,-1.0,1.0
9.1,2.0,2.0,18.543076761471,24.63161339083,24.63161339083,18.2628731341,1.3487260854284,1.0,0.0,0.0,0.0,0.0,0.0,-1.0,1.0
9.11,2.0,2.0,18.353151749749,24.300605461828,24.300605461828,18.2628731341,1.3306014493664,1.0,0.0,0.0,0.0,0.0,0.0,-1.0,1.0
9.12,2.0,2.0,18.10500651381,23.874540570773,23.874540570773,18.2628731341,1.3072718840824,1.0,0.0,0.0,0.0,0.0,0.0,-1.0,1.0
9.13,2.0,2.0,17.818765245021,23.382783260295,23.382783260295,18.2628731341,1.2803452714478,1.0,0.0,0.0,0.0,0.0,0.0,-1.0,1.0
9.14,2.0,2.0,17.479326656908,22.804905734497,22.804905734497,18.2628731341,1.2487030691746,1.0,0.0,0.0,0.0,0.0,0.0,-1.0,1.0
9.15,2.0,2.0,17.099309082396,22.156816124328,22.156816124328,18.2628731341,1.2132163412425,1.0,0.0,0.0,0.0,0.0,0.0,-1.0,1.0
9.16,2.0,2.0,16.685779319104,21.452152630491,21.452152630491,18.2628731341,1.1746318595641,1.0,0.0,0.0,0.0,0.0,0.0,-1.0,1.0
9.17,2.0,2.0,16.239520682625,20.692231200436,20.692231200436,18.2628731341,1.1330216800225,1.0,0.0,0.0,0.0,0.0,0.0,-1.0,1.0
9.18,2.0,2.0,15.795872951123,19.931097228666,19.931097228666,18.2628731341,1.0913451066717,0.0,0.0,0.0,0.0,0.0,0.0,-1.0,1.0
9.19,2.0,2.0,15.35655362339,19.175424391098,19.175424391098,18.2628731341,1.0499675626227,0.0,0.0,0.0,0.0,0.0,0.0,-1.0,1.0
9.2,2.0,2.0,14.971804866023,18.504317835791,18.504317835791,18.2628731341,1.0132205212136,0.0,0.0,0.0,0.0,0.0,0.0,-1.0,1.0
9.21,2.0,2.0,14.65535496756,17.948616343128,17.948616343128,18.2628731341,0.98279258752639,0.0,0.0,0.0,0.0,0.0,0.0,-1.0,1.0
9.22,2.0,2.0,14.447381113339,17.579630972033,17.579630972033,18.2628731341,0.96258846255734,0.0,0.0,0.0,0.0,0.0,0.0,-1.0,1.0
9.23,2.0,2.0,14.367981433811,17.440154457166,17.440154457166,18.2628731341,0.95495130087728,0.0,0.0,0.0,0.0,0.0,0.0,-1.0,1.0
9.24,2.0,2.0,14.421018858825,17.547758993133,17.547758993133,18.2628731341,0.96084328376396,0.0,0.0,0.0,0.0,0.0,0.0,-1.0,1.0
9.25,2.0,2.0,14.61542307099,17.919126835102,17.919126835102,18.2628731341,0.98117786306274,0.0,0.0,0.0,0.0,0.0,0.0,-1.0,1.0
9.26,2.0,2.0,14.913148345272,18.49816289946,18.49816289946,18.2628731341,1.0128835021539,0.0,0.0,0.0,0.0,0.0,0.0,-1.0,1.0
9.27,2.0,2.0,15.30657503499,19.266583438595,19.266583438595,18.2628731341,1.0549590580368,0.0,0.0,0.0,0.0,0.0,0.0,-1.0,1.0
9.28,2.0,2.0,15.740331304746,20.134039444418,20.134039444418,18.2628731341,1.1024573897315,1.0,0.0,0.0,0.0,0.0,0.0,-1.0,1.0
9.29,2.0,2.0,16.197632419108,21.069257362918,21.069257362918,18.2628731341,1.1536660857364,1.0,0.0,0.0,0.0,0.0,0.0,-1.0,1.0
9.3,2.0,2.0,16.637921385579,22.002813985828,22.002813985828,18.2628731341,1.2047838160111,1.0,0.0,0.0,0.0,0.0,0.0,-1.0,1.0
9.31,2.0,2.0,17.040631790295,22.900697150281,22.900697150281,18.2628731341,1.2539482140694,1.0,0.0,0.0,0.0,0.0,0.0,-1.0,1.0
9.32,2.0,2.0,17.39545378571,23.739942296695,23.739942296695,18.2628731341,1.2999018348525,1.0,0.0,0.0,0.0,0.0,0.0,-1.0,1.0
9.33,2.0,2.0,17.680304154849,24.48398826672,24.48398826672,18.2628731341,1.3406427393401,1.0,0.0,0.0,0.0,0.0,0.0,-1.0,1.0
9.34,2.0,2.0,17.90922720605,25.148182508844,25.148182508844,18.2628731341,1.3770112908405,1.0,0.0,0.0,0.0,0.0,0.0,-1.0,1.0
9.35,2.0,2.0,18.066003889566,25.701952328572,25.701952328572,18.2628731341,1.4073334540435,1.0,0.0,0.0,0.0,0.0,0.0,-1.0,1.0
9.36,2.0,2.0,18.170878162683,26.171322883031,26.171322883031,18.2628731341,1.4330342597718,1.0,0.0,0.0,0.0,0.0,0.0,-1.0,1.0
9.37,2.0,2.0,18.222583983025,26.546696334283,26.546696334283,18.2628731341,1.4535881697998,1.0,0.0,0.0,0.0,0.0,0.0,-1.0,1.0
9.38,2.0,2.0,18.230824944162,26.837915212725,26.837915212725,18.2628731341,1.4695341207082,1.0,0.0,0.0,0.0,0.0,0.0,-1.0,1.0
9.39,2.0,2.0,18.212047146006,27.063620179263,27.063620179263,18.2628731341,1.4818927986052,1.0,0.0,0.0,0.0,0.0,0.0,-1.0,1.0
9.4,2.0,2.0,18.16175224867,27.210675516355,27.210675516355,18.2628731341,1.4899449454943,1.0,0.0,0.0,0.0,0.0,0.0,-1.0,1.0
9.41,2.0,2.0,18.104148890469,27.312074570704,27.312074570704,18.2628731341,1.4954971416687,1.0,0.0,0.0,0.0,0.0,0.0,-1.0,1.0
9.42,2.0,2.0,18.03111519944,27.349601949532,27.349601949532,18.2628731341,1.4975519869579,1.0,0.0,0.0,0.0,0.0,0.0,-1.0,1.0
9.43,2.0,2.0,17.95729245915,27.342982454993,27.342982454993,18.2628731341,1.4971895305969,1.0,0.0,0.0,0.0,0.0,0.0,-1.0,1.0
9.44,2.0,2.0,17.884828361715,27.292785855668,27.292785855668,18.2628731341,1.4944409707751,1.0,0.0,0.0,0.0,0.0,0.0,-1.0,1.0
9.45,2.0,2.0,17.808349155054,27.188535785356,27.188535785356,18.2628731341,1.4887326646644,1.0,0.0,0.0,0.0,0.0,0.0,-1.0,1.0
9.46,2.0,2.0,17.74193695221,27.052838255132,27.052838255132,18.2628731341,1.4813024246782,1.0,0.0,0.0,0.0,0.0,0.0,-1.0,1.0
9.47,2.0,2.0,17.668066335289,26.857782311121,26.857782311121,18.2628731341,1.4706219615014,1.0,0.0,0.0,0.0,0.0,0.0,-1.0,1.0
9.48,2.0,2.0,17.598125455058,26.624156569144,26.624156569144,18.2628731341,1.4578295744404,1.0,0.0,0.0,0.0,0.0,0.0,-1.0,1.0
9.49,2.0,2.0,17.521542746199,26.33888055339,26.33888055339,18.2628731341,1.4422090303092,1.0,0.0,0.0,0.0,0.0,0.0,-1.0,1.0
9.5,2.0,2.0,17.43210731421,25.995279921777,25.995279921777,18.2628731341,1.4233948695202,1.0,0.0,0.0,0.0,0.0,0.0,-1.0,1.0
9.51,2.0,2.0,17.337409860019,25.611661403823,25.611661403823,18.2628731341,1.4023894934692,1.0,0.0,0.0,0.0,0.0,0.0,-1.0,1.0
9.52,2.0,2.0,17.217033286752,25.16105672482,25.16105672482,18.2628731341,1.3777162300843,1.0,0.0,0.0,0.0,0.0,0.0,-1.0,1.0
9.53,2.0,2.0,17.085631716888,24.672698216502,24.672698216502,18.2628731341,1.3509757219106,1.0,0.0,0.0,0.0,0.0,0.0,-1.0,1.0
9.54,2.0,2.0,16.93205928117,24.13655065397,24.13655065397,18.2628731341,1.3216184812073,1.0,0.0,0.0,0.0,0.0,0.0,-1.0,1.0
9.55,2.0,2.0,16.758325906485,23.561658649071,23.561658649071,18.2628731341,1.2901397538089,1.0,0.0,0.0,0.0,0.0,0.0,-1.0,1.0
9.56,2.0,2.0,16.579341144362,22.978886037421,22.978886037421,18.2628731341,1.2582295167191,1.0,0.0,0.0,0.0,0.0,0.0,-1.0,1.0
9.57,2.0,2.0,16.383947483661,22.377744971407,22.377744971407,18.2628731341,1.2253134984344,1.0,0.0,0.0,0.0,0.0,0.0,-1.0,1.0
9.58,2.0,2.0,16.200046528411,21.807220357237,21.807220357237,18.2628731341,1.1940739114329,1.0,0.0,0.0,0.0,0.0,0.0,-1.0,1.0
9.59,2.0,2.0,16.026199272779,21.272919239486,21.272919239486,18.2628731341,1.1648177744697,1.0,0.0,0.0,0.0,0.0,0.0,-1.0,1.0
9.6,2.0,2.0,15.873990438417,20.796825641337,20.796825641337,18.2628731341,1.1387488424538,1.0,0.0,0.0,0.0,0.0,0.0,-1.0,1.0
9.61,2.0,2.0,15.765706755633,20.418425141044,20.418425141044,18.2628731341,1.1180291836403,1.0,0.0,0.0,0.0,0.0,0.0,-1.0,1.0
9.62,2.0,2.0,15.689688846303,20.123720436035,20.123720436035,18.2628731341,1.1018923631715,1.0,0.0,0.0,0.0,0.0,0.0,-1.0,1.0
9.63,2.0,2.0,15.670212222744,19.948759727679,19.948759727679,18.2628731341,1.0923122326482,0.0,0.0,0.0,0.0,0.0,0.0,-1.0,1.0
9.64,2.0,2.0,15.696195200177,19.878457196122,19.878457196122,18.2628731341,1.0884627544723,0.0,0.0,0.0,0.0,0.0,0.0,-1.0,1.0
9.65,2.0,2.0,15.762767114175,19.899523265332,19.899523265332,18.2628731341,1.0896162459879,0.0,0.0,0.0,0.0,0.0,0.0,-1.0,1.0
9.66,2.0,2.0,15.876232344256,20.018520007295,20.018520007295,18.2628731341,1.0961320193326,0.0,0.0,0.0,0.0,0.0,0.0,-1.0,1.0
9.67,2.0,2.0,16.005964146061,20.184232376544,20.184232376544,18.2628731341,1.1052057487524,1.0,0.0,0.0,0.0,0.0,0.0,-1.0,1.0
9.68,2.0,2.0,16.160831380202,20.401777192444,20.401777192444,18.2628731341,1.1171176102817,1.0,0.0,0.0,0.0,0.0,0.0,-1.0,1.0
9.69,2.0,2.0,16.317942109302,20.635428087957,20.635428087957,18.2628731341,1.1299113746471,1.0,0.0,0.0,0.0,0.0,0.0,-1.0,1.0
9.7,2.0,2.0,16.466119717198,20.86021471702,20.86021471702,18.2628731341,1.1422197681519,1.0,0.0,0.0,0.0,0.0,0.0,-1.0,1.0
9.71,2.0,2.0,16.60935805922,21.081067293226,21.081067293226,18.2628731341,1.1543127490638,1.0,0.0,0.0,0.0,0.0,0.0,-1.0,1.0
9.72,2.0,2.0,16.720172244999,21.253531092524,21.253531092524,18.2628731341,1.1637561590919,1.0,0.0,0.0,0.0,0.0,0.0,-1.0,1.0
9.73,2.0,2.0,16.814952327839,21.398184760259,21.398184760259,18.2628731341,1.1716768004211,1.0,0.0,0.0,0.0,0.0,0.0,-1.0,1.0
9.74,2.0,2.0,16.875075501927,21.488988608228,21.488988608228,18.2628731341,1.1766488465664,1.0,0.0,0.0,0.0,0.0,0.0,-1.0,1.0
9.75,2.0,2.0,16.903825770337,21.525839350449,21.525839350449,18.2628731341,1.1786666420114,1.0,0.0,0.0,0.0,0.0,0.0,-1.0,1.0
9.76,2.0,2.0,16.908351342618,21.522014225822,21.522014225822,18.2628731341,1.1784571938813,1.0,0.0,0.0,0.0,0.0,0.0,-1.0,1.0
9.77,2.0,2.0,16.87297647948,21.452198460807,21.452198460807,18.2628731341,1.1746343690441,1.0,0.0,0.0,0.0,0.0,0.0,-1.0,1.0
9.78,2.0,2.0,16.82222002301,21.352876867323,21.352876867323,18.2628731341,1.1691959261029,1.0,0.0,0.0,0.0,0.0,0.0,-1.0,1.0
9.79,2.0,2.0,16.737757470097,21.200099331516,21.200099331516,18.2628731341,1.1608304550904,1.0,0.0,0.0,0.0,0.0,0.0,-1.0,1.0
9.8,2.0,2.0,16.642248960619,21.022424999736,21.022424999736,18.2628731341,1.1511017376824,1.0,0.0,0.0,0.0,0.0,0.0,-1.0,1.0
9.81,2.0,2.0,16.535659246527,20.822503871348,20.822503871348,18.2628731341,1.1401548769711,1.0,0.0,0.0,0.0,0.0,0.0,-1.0,1.0
9.82,2.0,2.0,16.416530348799,20.599228797688,20.599228797688,18.2628731341,1.1279292500382,1.0,0.0,0.0,0.0,0.0,0.0,-1.0,1.0
9.83,2.0,2.0,16.306555043754,20.389477891782,20.389477891782,18.2628731341,1.1164441510416,1.0,0.0,0.0,0.0,0.0,0.0,-1.0,1.0
9.84,2.0,2.0,16.191535056578,20.174984013205,20.174984013205,18.2628731341,1.1046993463222,1.0,0.0,0.0,0.0,0.0,0.0,-1.0,1.0
9.85,2.0,2.0,16.101855884525,20.00357281909,20.00357281909,18.2628731341,1.0953135726349,0.0,0.0,0.0,0.0,0.0,0.0,-1.0,1.0
9.86,2.0,2.0,16.025904577761,19.862548724109,19.862548724109,18.2628731341,1.0875916718176,0.0,0.0,0.0,0.0,0.0,0.0,-1.0,1.0
9.87,2.0,2.0,15.982450993785,19.782229478075,19.782229478075,18.2628731341,1.0831937194558,0.0,0.0,0.0,0.0,0.0,0.0,-1.0,1.0
9.88,2.0,2.0,15.97490104383,19.771250085596,19.771250085596,18.2628731341,1.0825925329723,0.0,0.0,0.0,0.0,0.0,0.0,-1.0,1.0
9.89,2.0,2.0,15.998988871121,19.825895758819,19.825895758819,18.2628731341,1.085584705826,0.0,0.0,0.0,0.0,0.0,0.0,-1.0,1.0
9.9,2.0,2.0,16.072239367041,19.973519681727,19.973519681727,18.2628731341,1.0936679861414,0.0,0.0,0.0,0.0,0.0,0.0,-1.0,1.0
9.91,2.0,2.0,16.171643255268,20.181120279714,20.181120279714,18.2628731341,1.105035343099,1.0,0.0,0.0,0.0,0.0,0.0,-1.0,1.0
9.92,2.0,2.0,16.316414234795,20.476679779421,20.476679779421,18.2628731341,1.1212189686182,1.0,0.0,0.0,0.0,0.0,0.0,-1.0,1.0
9.93,2.0,2.0,16.480600604262,20.820156036707,20.820156036707,18.2628731341,1.1400263191793,1.0,0.0,0.0,0.0,0.0,0.0,-1.0,1.0
9.94,2.0,2.0,16.670383464942,21.219712370833,21.219712370833,18.2628731341,1.1619043846508,1.0,0.0,0.0,0.0,0.0,0.0,-1.0,1.0
9.95,2.0,2.0,16.872943608443,21.652555701878,21.652555701878,18.2628731341,1.1856051094966,1.0,0.0,0.0,0.0,0.0,0.0,-1.0,1.0
9.96,2.0,2.0,17.074982707692,22.097478674548,22.097478674548,18.2628731341,1.2099672659549,1.0,0.0,0.0,0.0,0.0,0.0,-1.0,1.0
9.97,2.0,2.0,17.282318035742,22.55940267336,22.55940267336,18.2628731341,1.2352603288492,1.0,0.0,0.0,0.0,0.0,0.0,-1.0,1.0
9.98,2.0,2.0,17.468526667073,22.996504675329,22.996504675329,18.2628731341,1.2591942410414,1.0,0.0,0.0,0.0,0.0,0.0,-1.0,1.0
9.99,2.0,2.0,17.649622621608,23.430069253434,23.430069253434,18.2628731341,1.2829344584169,1.0,0.0,0.0,0.0,0.0,0.0,-1.0,1.0
10.0,2.0,2.0,17.802218696087,23.821389173817,23.821389173817,18.2628731341,1.304361531666,1.0,0.0,0.0,0.0,0.0,0.0,-1.0,1.0
10.01,2.0,2.0,17.936481439158,24.184205746467,24.184205746467,18.2628731341,1.3242278785429,1.0,0.0,0.0,0.0,0.0,0.0,-1.0,1.0
10.02,2.0,2.0,18.04716985144,24.506348590254,24.506348590254,18.2628731341,1.341867098912,1.0,0.0,0.0,0.0,0.0,0.0,-1.0,1.0
10.03,2.0,2.0,18.1280773582,24.776937098222,24.776937098222,18.2628731341,1.35668341538,1.0,0.0,0.0,0.0,0.0,0.0,-1.0,1.0
10.04,2.0,2.0,18.194256806704,25.015215342996,25.015215342996,18.2628731341,1.3697305544049,1.0,0.0,0.0,0.0,0.0,0.0,-1.0,1.0
10.05,2.0,2.0,18.227718037545,25.191276417868,25.191276417868,18.2628731341,1.3793709364838,1.0,0.0,0.0,0.0,0.0,0.0,-1.0,1.0
10.06,2.0,2.0,18.250317720373,25.336324940681,25.336324940681,18.2628731341,1.3873131984569,1.0,0.0,0.0,0.0,0.0,0.0,-1.0,1.0
10.07,2.0,2.0,18.248471131395,25.426612535457,25.426612535457,18.2628731341,1.3922569766956,1.0,0.0,0.0,0.0,0.0,0.0,-1.0,1.0
10.08,2.0,2.0,18.232135722962,25.476069982786,25.476069982786,18.2628731341,1.3949650635867,1.0,0.0,0.0,0.0,0.0,0.0,-1.0,1.0
10.09,2.0,2.0,18.20559340859,25.489643616414,25.489643616414,18.2628731341,1.3957083000714,1.0,0.0,0.0,0.0,0.0,0.0,-1.0,1.0
10.1,2.0,2.0,18.158726020958,25.451812940081,25.451812940081,18.2628731341,1.3936368474552,1.0,0.0,0.0,0.0,0.0,0.0,-1.0,1.0
10.11,2.0,2.0,18.111643402941,25.392748211226,25.392748211226,18.2628731341,1.3904027052465,1.0,0.0,0.0,0.0,0.0,0.0,-1.0,1.0
10.12,2.0,2.0,18.046154749768,25.283687083251,25.283687083251,18.2628731341,1.3844309653579,1.0,0.0,0.0,0.0,0.0,0.0,-1.0,1.0
10.13,2.0,2.0,17.979908274857,25.152098562293,25.152098562293,18.2628731341,1.3772257178598,1.0,0.0,0.0,0.0,0.0,0.0,-1.0,1.0
10.14,2.0,2.0,17.906008906897,24.98818066543,24.98818066543,18.2628731341,1.368250246385,1.0,0.0,0.0,0.0,0.0,0.0,-1.0,1.0
10.15,2.0,2.0,17.823063849191,24.790871490349,24.790871490349,18.2628731341,1.3574464055199,1.0,0.0,0.0,0.0,0.0,0.0,-1.0,1.0
10.16,2.0,2.0,17.744512310792,24.583083679377,24.583083679377,18.2628731341,1.3460687975473,1.0,0.0,0.0,0.0,0.0,0.0,-1.0,1.0
10.17,2.0,2.0,17.652376260664,24.338958319505,24.338958319505,18.2628731341,1.3327014944905,1.0,0.0,0.0,0.0,0.0,0.0,-1.0,1.0
10.18,2.0,2.0,17.568002012781,24.093838199682,24.093838199682,18.2628731341,1.3192797224602,1.0,0.0,0.0,0.0,0.0,0.0,-1.0,1.0
10.19,2.0,2.0,17.477216999129,23.829124927894,23.829124927894,18.2628731341,1.3047851098194,1.0,0.0,0.0,0.0,0.0,0.0,-1.0,1.0
10.2,2.0,2.0,17.387594189459,23.558651506296,23.558651506296,18.2628731341,1.2899750950089,1.0,0.0,0.0,0.0,0.0,0.0,-1.0,1.0
10.21,2.0,2.0,17.305961524395,23.296694269717,23.296694269717,18.2628731341,1.275631391548,1.0,0.0,0.0,0.0,0.0,0.0,-1.0,1.0
10.22,2.0,2.0,17.219082283841,23.025295476681,23.025295476681,18.2628731341,1.2607707071944,1.0,0.0,0.0,0.0,0.0,0.0,-1.0,1.0
10.23,2.0,2.0,17.149375908508,22.781588695626,22.781588695626,18.2628731341,1.2474263237962,1.0,0.0,0.0,0.0,0.0,0.0,-1.0,1.0
10.24,2.0,2.0,17.078901483616,22.541260129404,22.541260129404,18.2628731341,1.2342669175813,1.0,0.0,0.0,0.0,0.0,0.0,-1.0,1.0
10.25,2.0,2.0,17.022116005805,22.327616067124,22.327616067124,18.2628731341,1.2225686453154,1.0,0.0,0.0,0.0,0.0,0.0,-1.0,1.0
10.26,2.0,2.0,16.978506499412,22.142913784839,22.142913784839,18.2628731341,1.2124551061735,1.0,0.0,0.0,0.0,0.0,0.0,-1.0,1.0
10.27,2.0,2.0,16.938975168221,21.973689727199,21.973689727199,18.2628731341,1.2031890911058,1.0,0.0,0.0,0.0,0.0,0.0,-1.0,1.0
10.28,2.0,2.0,16.922501816834,21.850097690123,21.850097690123,18.2628731341,1.1964216982554,1.0,0.0,0.0,0.0,0.0,0.0,-1.0,1.0
10.29,2.0,2.0,16.90707480229,21.739561211749,21.739561211749,18.2628731341,1.1903691742324,1.0,0.0,0.0,0.0,0.0,0.0,-1.0,1.0
10.3,2.0,2.0,16.909957657016,21.667019523772,21.667019523772,18.2628731341,1.1863970890383,1.0,0.0,0.0,0.0,0.0,0.0,-1.0,1.0
10.31,2.0,2.0,16.920551285589,21.618017973881,21.618017973881,18.2628731341,1.1837139652203,1.0,0.0,0.0,0.0,0.0,0.0,-1.0,1.0
10.32,2.0,2.0,16.934319757665,21.582973342331,21.582973342331,18.2628731341,1.1817950649852,1.0,0.0,0.0,0.0,0.0,0.0,-1.0,1.0
10.33,2.0,2.0,16.962888764307,21.579820115839,21.579820115839,18.2628731341,1.1816224072403,1.0,0.0,0.0,0.0,0.0,0.0,-1.0,1.0
10.34,2.0,2.0,16.983073876367,21.572261630231,21.572261630231,18.2628731341,1.181208535581,1.0,0.0,0.0,0.0,0.0,0.0,-1.0,1.0
10.35,2.0,2.0,17.014524663741,21.58786610763,21.58786610763,18.2628731341,1.1820629727379,1.0,0.0,0.0,0.0,0.0,0.0,-1.0,1.0
10.36,2.0,2.0,17.038269820654,21.598845754943,21.598845754943,18.2628731341,1.1826641731752,1.0,0.0,0.0,0.0,0.0,0.0,-1.0,1.0
10.37,2.0,2.0,17.0596815867,21.609937274584,21.609937274584,18.2628731341,1.183271499282,1.0,0.0,0.0,0.0,0.0,0.0,-1.0,1.0
10.38,2.0,2.0,17.081690886844,21.626796337016,21.626796337016,18.2628731341,1.1841946323678,1.0,0.0,0.0,0.0,0.0,0.0,-1.0,1.0
10.39,2.0,2.0,17.088579085069,21.623634119895,21.623634119895,18.2628731341,1.1840214823329,1.0,0.0,0.0,0.0,0.0,0.0,-1.0,1.0
10.4,2.0,2.0,17.101169227862,21.631494470111,21.631494470111,18.2628731341,1.1844518828596,1.0,0.0,0.0,0.0,0.0,0.0,-1.0,1.0
10.41,2.0,2.0,17.096908880249,21.616974756083,21.616974756083,18.2628731341,1.183656842894,1.0,0.0,0.0,0.0,0.0,0.0,-1.0,1.0
10.42,2.0,2.0,17.094642193154,21.606447559852,21.606447559852,18.2628731341,1.1830804168217,1.0,0.0,0.0,0.0,0.0,0.0,-1.0,1.0
10.43,2.0,2.0,17.085459192388,21.588654121962,21.588654121962,18.2628731341,1.1821061211695,1.0,0.0,0.0,0.0,0.0,0.0,-1.0,1.0
10.44,2.0,2.0,17.06981250326,21.562535505625,21.562535505625,18.2628731341,1.1806759729039,1.0,0.0,0.0,0.0,0.0,0.0,-1.0,1.0
10.45,2.0,2.0,17.060746548621,21.549101389254,21.549101389254,18.2628731341,1.1799403758119,1.0,0.0,0.0,0.0,0.0,0.0,-1.0,1.0
10.46,2.0,2.0,17.040655330587,21.522242078235,21.522242078235,18.2628731341,1.1784696701446,1.0,0.0,0.0,0.0,0.0,0.0,-1.0,1.0
10.47,2.0,2.0,17.034535277072,21.519524989,21.519524989,18.2628731341,1.1783208934863,1.0,0.0,0.0,0.0,0.0,0.0,-1.0,1.0
10.48,2.0,2.0,17.022664248402,21.512973023911,21.512973023911,18.2628731341,1.1779621347609,1.0,0.0,0.0,0.0,0.0,0.0,-1.0,1.0
10.49,2.0,2.0,17.022646046885,21.528448699213,21.528448699213,18.2628731341,1.1788095192434,1.0,0.0,0.0,0.0,0.0,0.0,-1.0,1.0
10.5,2.0,2.0,17.029320213418,21.560060934046,21.560060934046,18.2628731341,1.1805404755175,1.0,0.0,0.0,0.0,0.0,0.0,-1.0,1.0
10.51,2.0,2.0,17.040367696449,21.604013655302,21.604013655302,18.2628731341,1.1829471461949,1.0,0.0,0.0,0.0,0.0,0.0,-1.0,1.0
10.52,2.0,2.0,17.069687249959,21.68223791459,21.68223791459,18.2628731341,1.1872303856782,1.0,0.0,0.0,0.0,0.0,0.0,-1.0,1.0
10.53,2.0,2.0,17.097751662548,21.765486834363,21.765486834363,18.2628731341,1.1917887549535,1.0,0.0,0.0,0.0,0.0,0.0,-1.0,1.0
10.54,2.0,2.0,17.14725877828,21.888032945858,21.888032945858,18.2628731341,1.1984988772106,1.0,0.0,0.0,0.0,0.0,0.0,-1.0,1.0
10.55,2.0,2.0,17.196186802918,22.016845508082,22.016845508082,18.2628731341,1.2055521245982,1.0,0.0,0.0,0.0,0.0,0.0,-1.0,1.0
10.56,2.0,2.0,17.259401337011,22.17403931996,22.17403931996,18.2628731341,1.2141594127683,1.0,0.0,0.0,0.0,0.0,0.0,-1.0,1.0
10.57,2.0,2.0,17.327957855176,22.345624388397,22.345624388397,18.2628731341,1.2235547070999,1.0,0.0,0.0,0.0,0.0,0.0,-1.0,1.0
10.58,2.0,2.0,17.397829783303,22.525164653325,22.525164653325,18.2628731341,1.2333855953512,1.0,0.0,0.0,0.0,0.0,0.0,-1.0,1.0
10.59,2.0,2.0,17.478621197294,22.726157379738,22.726157379738,18.2628731341,1.2443911323736,1.0,0.0,0.0,0.0,0.0,0.0,-1.0,1.0
10.6,2.0,2.0,17.549753895292,22.916876357953,22.916876357953,18.2628731341,1.254834121098,1.0,0.0,0.0,0.0,0.0,0.0,-1.0,1.0
10.61,2.0,2.0,17.631252563535,23.12657237035,23.12657237035,18.2628731341,1.2663162143512,1.0,0.0,0.0,0.0,0.0,0.0,-1.0,1.0
10.62,2.0,2.0,17.700185140086,23.319127277131,23.319127277131,18.2628731341,1.2768597309911,1.0,0.0,0.0,0.0,0.0,0.0,-1.0,1.0
10.63,2.0,2.0,17.771118346919,23.516066918479,23.516066918479,18.2628731341,1.2876433377052,1.0,0.0,0.0,0.0,0.0,0.0,-1.0,1.0
10.64,2.0,2.0,17.834386220534,23.701111743881,23.701111743881,18.2628731341,1.2977756331027,1.0,0.0,0.0,0.0,0.0,0.0,-1.0,1.0
10.65,2.0,2.0,17.887611922253,23.869888986579,23.869888986579,18.2628731341,1.3070171824175,1.0,0.0,0.0,0.0,0.0,0.0,-1.0,1.0
10.66,2.0,2.0,17.94067306331,24.035914183064,24.035914183064,18.2628731341,1.3161080409733,1.0,0.0,0.0,0.0,0.0,0.0,-1.0,1.0
10.67,2.0,2.0,17.975280634218,24.170308964052,24.170308964052,18.2628731341,1.3234669477565,1.0,0.0,0.0,0.0,0.0,0.0,-1.0,1.0
10.68,2.0,2.0,18.012442684223,24.304136163011,24.304136163011,18.2628731341,1.3307947760767,1.0,0.0,0.0,0.0,0.0,0.0,-1.0,1.0
10.69,2.0,2.0,18.031962407582,24.405118579453,24.405118579453,18.2628731341,1.3363241588687,1.0,0.0,0.0,0.0,0.0,0.0,-1.0,1.0
10.7,2.0,2.0,18.049058595041,24.495992989918,24.495992989918,18.2628731341,1.3413000687268,1.0,0.0,0.0,0.0,0.0,0.0,-1.0,1.0
10.71,2.0,2.0,18.057495623049,24.56601367524,24.56601367524,18.2628731341,1.3451341141592,1.0,0.0,0.0,0.0,0.0,0.0,-1.0,1.0
10.72,2.0,2.0,18.054609442605,24.610493007959,24.610493007959,18.2628731341,1.3475696199196,1.0,0.0,0.0,0.0,0.0,0.0,-1.0,1.0
10.73,2.0,2.0,18.053253417389,24.648637418216,24.648637418216,18.2628731341,1.3496582513182,1.0,0.0,0.0,0.0,0.0,0.0,-1.0,1.0
10.74,2.0,2.0,18.035448499159,24.652043826427,24.652043826427,18.2628731341,1.3498447722553,1.0,0.0,0.0,0.0,0.0,0.0,-1.0,1.0
10.75,2.0,2.0,18.022771705079,24.653974678998,24.653974678998,18.2628731341,1.3499504978198,1.0,0.0,0.0,0.0,0.0,0.0,-1.0,1.0
10.76,2.0,2.0,17.997442193998,24.626707942483,24.626707942483,18.2628731341,1.348457483204,1.0,0.0,0.0,0.0,0.0,0.0,-1.0,1.0
10.77,2.0,2.0,17.971868313747,24.589546271901,24.589546271901,18.2628731341,1.3464226625978,1.0,0.0,0.0,0.0,0.0,0.0,-1.0,1.0
10.78,2.0,2.0,17.944389036954,24.540384810932,24.540384810932,18.2628731341,1.3437307827053,1.0,0.0,0.0,0.0,0.0,0.0,-1.0,1.0
10.79,2.0,2.0,17.907922030716,24.468374590735,24.468374590735,18.2628731341,1.3397877985063,1.0,0.0,0.0,0.0,0.0,0.0,-1.0,1.0
10.8,2.0,2.0,17.879132534816,24.400020191827,24.400020191827,18.2628731341,1.3360449920811,1.0,0.0,0.0,0.0,0.0,0.0,-1.0,1.0
10.81,2.0,2.0,17.837985012253,24.305103651487,24.305103651487,18.2628731341,1.330847751776,1.0,0.0,0.0,0.0,0.0,0.0,-1.0,1.0
10.82,2.0,2.0,17.805201389627,24.216288126177,24.216288126177,18.2628731341,1.3259845780214,1.0,0.0,0.0,0.0,0.0,0.0,-1.0,1.0
10.83,2.0,2.0,17.766535076729,24.11278075963,24.11278075963,18.2628731341,1.3203169393214,1.0,0.0,0.0,0.0,0.0,0.0,-1.0,1.0
10.84,2.0,2.0,17.728393809099,24.004927863227,24.004927863227,18.2628731341,1.3144113572363,1.0,0.0,0.0,0.0,0.0,0.0,-1.0,1.0
10.85,2.0,2.0,17.695774325933,23.90203913864,23.90203913864,18.2628731341,1.3087775928318,1.0,0.0,0.0,0.0,0.0,0.0,-1.0,1.0
10.86,2.0,2.0,17.655299437768,23.784007917287,23.784007917287,18.2628731341,1.3023146874343,1.0,0.0,0.0,0.0,0.0,0.0,-1.0,1.0
10.87,2.0,2.0,17.627274732332,23.683331496458,23.683331496458,18.2628731341,1.2968020597064,1.0,0.0,0.0,0.0,0.0,0.0,-1.0,1.0
10.88,2.0,2.0,17.5910793952,23.569330386841,23.569330386841,18.2628731341,1.290559826692,1.0,0.0,0.0,0.0,0.0,0.0,-1.0,1.0
10.89,2.0,2.0,17.564002017346,23.468844512493,23.468844512493,18.2628731341,1.2850576325076,1.0,0.0,0.0,0.0,0.0,0.0,-1.0,1.0
10.9,2.0,2.0,17.537687681909,23.370873852327,23.370873852327,18.2628731341,1.2796931611319,1.0,0.0,0.0,0.0,0.0,0.0,-1.0,1.0
10.91,2.0,2.0,17.510412884619,23.272322536976,23.272322536976,18.2628731341,1.2742968954607,1.0,0.0,0.0,0.0,0.0,0.0,-1.0,1.0
10.92,2.0,2.0,17.494387788121,23.193258198866,23.193258198866,18.2628731341,1.2699676567078,1.0,0.0,0.0,0.0,0.0,0.0,-1.0,1.0
10.93,2.0,2.0,17.470318726946,23.104488884866,23.104488884866,18.2628731341,1.265107013295,1.0,0.0,0.0,0.0,0.0,0.0,-1.0,1.0
10.94,2.0,2.0,17.459885957306,23.039228546313,23.039228546313,18.2628731341,1.2615336249199,1.0,0.0,0.0,0.0,0.0,0.0,-1.0,1.0
10.95,2.0,2.0,17.44410895561,22.969422195832,22.969422195832,18.2628731341,1.257711315584,1.0,0.0,0.0,0.0,0.0,0.0,-1.0,1.0
10.96,2.0,2.0,17.434247623788,22.91141328371,22.91141328371,18.2628731341,1.2545349855676,1.0,0.0,0.0,0.0,0.0,0.0,-1.0,1.0
10.97,2.0,2.0,17.42867972258,22.864086517981,22.864086517981,18.2628731341,1.2519435660586,1.0,0.0,0.0,0.0,0.0,0.0,-1.0,1.0
10.98,2.0,2.0,17.418066776915,22.812131723286,22.812131723286,18.2628731341,1.2490987346723,1.0,0.0,0.0,0.0,0.0,0.0,-1.0,1.0
10.99,2.0,2.0,17.419418397002,22.782089833086,22.782089833086,18.2628731341,1.2474537640273,1.0,0.0,0.0,0.0,0.0,0.0,-1.0,1.0
11.0,2.0,2.0,17.410912184776,22.740676428288,22.740676428288,18.2628731341,1.2451861359003,1.0,0.0,0.0,0.0,0.0,0.0,-1.0,1.0
11.01,2.0,2.0,17.412887344037,22.718104738025,22.718104738025,18.2628731341,1.2439502027535,1.0,0.0,0.0,0.0,0.0,0.0,-1.0,1.0
11.02,2.0,2.0,17.410057488292,22.692109134161,22.692109134161,18.2628731341,1.2425267901462,1.0,0.0,0.0,0.0,0.0,0.0,-1.0,1.0
11.03,2.0,2.0,17.408284166994,22.67019802443,22.67019802443,18.2628731341,1.241327027679,1.0,0.0,0.0,0.0,0.0,0.0,-1.0,1.0
11.04,2.0,2.0,17.411623159018,22.659748387317,22.659748387317,18.2628731341,1.2407548484256,1.0,0.0,0.0,0.0,0.0,0.0,-1.0,1.0
11.05,2.0,2.0,17.406469156595,22.639056954226,22.639056954226,18.2628731341,1.2396218704468,1.0,0.0,0.0,0.0,0.0,0.0,-1.0,1.0
11.06,2.0,2.0,17.41269576916,22.638572403929,22.638572403929,18.2628731341,1.2395953384607,1.0,0.0,0.0,0.0,0.0,0.0,-1.0,1.0
11.07,2.0,2.0,17.408462165184,22.625399806755,22.625399806755,18.2628731341,1.2388740610868,1.0,0.0,0.0,0.0,0.0,0.0,-1.0,1.0
11.08,2.0,2.0,17.412954772105,22.627823006666,22.627823006666,18.2628731341,1.2390067455715,1.0,0.0,0.0,0.0,0.0,0.0,-1.0,1.0
11.09,2.0,2.0,17.41421136501,22.628814238729,22.628814238729,18.2628731341,1.2390610213722,1.0,0.0,0.0,0.0,0.0,0.0,-1.0,1.0
11.1,2.0,2.0,17.415105291079,22.631626187936,22.631626187936,18.2628731341,1.2392149921733,1.0,0.0,0.0,0.0,0.0,0.0,-1.0,1.0
11.11,2.0,2.0,17.423139130402,22.64877486013,22.64877486013,18.2628731341,1.2401539831014,1.0,0.0,0.0,0.0,0.0,0.0,-1.0,1.0
11.12,2.0,2.0,17.422801262204,22.656021622647,22.656021622647,18.2628731341,1.2405507860833,1.0,0.0,0.0,0.0,0.0,0.0,-1.0,1.0
11.13,2.0,2.0,17.435317922223,22.685832779217,22.685832779217,18.2628731341,1.2421831227015,1.0,0.0,0.0,0.0,0.0,0.0,-1.0,1.0
11.14,2.0,2.0,17.438944177434,22.705492844237,22.705492844237,18.2628731341,1.2432596271964,1.0,0.0,0.0,0.0,0.0,0.0,-1.0,1.0
11.15,2.0,2.0,17.452256092769,22.742739465091,22.742739465091,18.2628731341,1.245299099331,1.0,0.0,0.0,0.0,0.0,0.0,-1.0,1.0
11.16,2.0,2.0,17.464062986394,22.781233776718,22.781233776718,18.2628731341,1.247406889893,1.0,0.0,0.0,0.0,0.0,0.0,-1.0,1.0
11.17,2.0,2.0,17.476354128142,22.82336898999,22.82336898999,18.2628731341,1.2497140412904,1.0,0.0,0.0,0.0,0.0,0.0,-1.0,1.0
11.18,2.0,2.0,17.496762201428,22.88113543838,22.88113543838,18.2628731341,1.2528770949877,1.0,0.0,0.0,0.0,0.0,0.0,-1.0,1.0
11.19,2.0,2.0,17.509371951969,22.930018101763,22.930018101763,18.2628731341,1.2555537090683,1.0,0.0,0.0,0.0,0.0,0.0,-1.0,1.0
11.2,2.0,2.0,17.534745958202,23.001309255916,23.001309255916,18.2628731341,1.2594573201611,1.0,0.0,0.0,0.0,0.0,0.0,-1.0,1.0
11.21,2.0,2.0,17.550962435485,23.0613071456,23.0613071456,18.2628731341,1.2627425584281,1.0,0.0,0.0,0.0,0.0,0.0,-1.0,1.0
11.22,2.0,2.0,17.576255498086,23.137560276552,23.137560276552,18.2628731341,1.2669178670113,1.0,0.0,0.0,0.0,0.0,0.0,-1.0,1.0
11.23,2.0,2.0,17.598237870716,23.211310532717,23.211310532717,18.2628731341,1.2709561284405,1.0,0.0,0.0,0.0,0.0,0.0,-1.0,1.0
11.24,2.0,2.0,17.619646839792,23.286037083336,23.286037083336,18.2628731341,1.2750478477484,1.0,0.0,0.0,0.0,0.0,0.0,-1.0,1.0
11.25,2.0,2.0,17.646393890758,23.370686231481,23.370686231481,18.2628731341,1.2796828877842,1.0,0.0,0.0,0.0,0.0,0.0,-1.0,1.0
11.26,2.0,2.0,17.663531397623,23.441860416074,23.441860416074,18.2628731341,1.2835800941038,1.0,0.0,0.0,0.0,0.0,0.0,-1.0,1.0
11.27,2.0,2.0,17.690617881558,23.529238814308,23.529238814308,18.2628731341,1.2883645766763,1.0,0.0,0.0,0.0,0.0,0.0,-1.0,1.0
11.28,2.0,2.0,17.705684540545,23.598840131165,23.598840131165,18.2628731341,1.2921756592122,1.0,0.0,0.0,0.0,0.0,0.0,-1.0,1.0
11.29,2.0,2.0,17.727442549897,23.678739024811,23.678739024811,18.2628731341,1.296550594802,1.0,0.0,0.0,0.0,0.0,0.0,-1.0,1.0
11.3,2.0,2.0,17.742780002936,23.74846581236,23.74846581236,18.2628731341,1.3003685475982,1.0,0.0,0.0,0.0,0.0,0.0,-1.0,1.0
11.31,2.0,2.0,17.755604274656,23.813555541328,23.813555541328,18.2628731341,1.3039325940924,1.0,0.0,0.0,0.0,0.0,0.0,-1.0,1.0
11.32,2.0,2.0,17.770976111358,23.881493951821,23.881493951821,18.2628731341,1.3076526226988,1.0,0.0,0.0,0.0,0.0,0.0,-1.0,1.0
11.33,2.0,2.0,17.775153651935,23.930599313251,23.930599313251,18.2628731341,1.3103414308107,1.0,0.0,0.0,0.0,0.0,0.0,-1.0,1.0
11.34,2.0,2.0,17.787308418081,23.990067039349,23.990067039349,18.2628731341,1.3135976394949,1.0,0.0,0.0,0.0,0.0,0.0,-1.0,1.0
11.35,2.0,2.0,17.786435439684,24.027087436388,24.027087436388,18.2628731341,1.3156247245416,1.0,0.0,0.0,0.0,0.0,0.0,-1.0,1.0
11.36,2.0,2.0,17.791229370739,24.070144114675,24.070144114675,18.2628731341,1.3179823315824,1.0,0.0,0.0,0.0,0.0,0.0,-1.0,1.0
11.37,2.0,2.0,17.789051348006,24.099672279934,24.099672279934,18.2628731341,1.3195991727575,1.0,0.0,0.0,0.0,0.0,0.0,-1.0,1.0
11.38,2.0,2.0,17.784217074305,24.121776897705,24.121776897705,18.2628731341,1.3208095309311,1.0,0.0,0.0,0.0,0.0,0.0,-1.0,1.0
11.39,2.0,2.0,17.781949611789,24.144763006632,24.144763006632,18.2628731341,1.3220681559436,1.0,0.0,0.0,0.0,0.0,0.0,-1.0,1.0
11.4,2.0,2.0,17.7690987329,24.147809757965,24.147809757965,18.2628731341,1.3222349835457,1.0,0.0,0.0,0.0,0.0,0.0,-1.0,1.0
11.41,2.0,2.0,17.764660513079,24.160383238381,24.160383238381,18.2628731341,1.3229234557442,1.0,0.0,0.0,0.0,0.0,0.0,-1.0,1.0
11.42,2.0,2.0,17.748462227571,24.151102327834,24.151102327834,18.2628731341,1.3224152711623,1.0,0.0,0.0,0.0,0.0,0.0,-1.0,1.0
11.43,2.0,2.0,17.738493478893,24.147935952278,24.147935952278,18.2628731341,1.3222418934286,1.0,0.0,0.0,0.0,0.0,0.0,-1.0,1.0
11.44,2.0,2.0,17.723451402676,24.133587540553,24.133587540553,18.2628731341,1.3214562332742,1.0,0.0,0.0,0.0,0.0,0.0,-1.0,1.0
11.45,2.0,2.0,17.706403143004,24.112537064645,24.112537064645,18.2628731341,1.3203035955839,1.0,0.0,0.0,0.0,0.0,0.0,-1.0,1.0
11.46,2.0,2.0,17.694033019575,24.095797953392,24.095797953392,18.2628731341,1.3193870305325,1.0,0.0,0.0,0.0,0.0,0.0,-1.0,1.0
11.47,2.0,2.0,17.672148352651,24.061137712971,24.061137712971,18.2628731341,1.3174891779785,1.0,0.0,0.0,0.0,0.0,0.0,-1.0,1.0
11.48,2.0,2.0,17.660274741835,24.039461316171,24.039461316171,18.2628731341,1.3163022674283,1.0,0.0,0.0,0.0,0.0,0.0,-1.0,1.0
11.49,2.0,2.0,17.638344987437,23.999759644784,23.999759644784,18.2628731341,1.3141283667996,1.0,0.0,0.0,0.0,0.0,0.0,-1.0,1.0
11.5,2.0,2.0,17.623509690018,23.968688093468,23.968688093468,18.2628731341,1.3124270161366,1.0,0.0,0.0,0.0,0.0,0.0,-1.0,1.0
11.51,2.0,2.0,17.605910952296,23.931781322435,23.931781322435,18.2628731341,1.3104061527838,1.0,0.0,0.0,0.0,0.0,0.0,-1.0,1.0
11.52,2.0,2.0,17.586624349694,23.89032131155,23.89032131155,18.2628731341,1.3081359726987,1.0,0.0,0.0,0.0,0.0,0.0,-1.0,1.0
11.53,2.0,2.0,17.57419825183,23.858563343596,23.858563343596,18.2628731341,1.306397036677,1.0,0.0,0.0,0.0,0.0,0.0,-1.0,1.0
11.54,2.0,2.0,17.552794999126,23.811744302859,23.811744302859,18.2628731341,1.3038334181054,1.0,0.0,0.0,0.0,0.0,0.0,-1.0,1.0
11.55,2.0,2.0,17.542636441898,23.781707670228,23.781707670228,18.2628731341,1.3021887353432,1.0,0.0,0.0,0.0,0.0,0.0,-1.0,1.0
11.56,2.0,2.0,17.523746582689,23.737933954184,23.737933954184,18.2628731341,1.2997918662568,1.0,0.0,0.0,0.0,0.0,0.0,-1.0,1.0
11.57,2.0,2.0,17.51196991602,23.704676474352,23.704676474352,18.2628731341,1.2979708231172,1.0,0.0,0.0,0.0,0.0,0.0,-1.0,1.0
11.58,2.0,2.0,17.499218147939,23.670565651666,23.670565651666,18.2628731341,1.296103054424,1.0,0.0,0.0,0.0,0.0,0.0,-1.0,1.0
11.59,2.0,2.0,17.484168410138,23.632832334949,23.632832334949,18.2628731341,1.294036932821,1.0,0.0,0.0,0.0,0.0,0.0,-1.0,1.0
11.6,2.0,2.0,17.477476192413,23.60874235125,23.60874235125,18.2628731341,1.2927178641551,1.0,0.0,0.0,0.0,0.0,0.0,-1.0,1.0
11.61,2.0,2.0,17.46156475198,23.571004337768,23.571004337768,18.2628731341,1.2906514853765,1.0,0.0,0.0,0.0,0.0,0.0,-1.0,1.0
11.62,2.0,2.0,17.457163428328,23.551889446404,23.551889446404,18.2628731341,1.289604832354,1.0,0.0,0.0,0.0,0.0,0.0,-1.0,1.0
11.63,2.0,2.0,17.444630821516,23.521514036557,23.521514036557,18.2628731341,1.2879415995415,1.0,0.0,0.0,0.0,0.0,0.0,-1.0,1.0
11.64,2.0,2.0,17.438374720339,23.501567354408,23.501567354408,18.2628731341,1.2868494010686,1.0,0.0,0.0,0.0,0.0,0.0,-1.0,1.0
11.65,2.0,2.0,17.432025767167,23.48314135046,23.48314135046,18.2628731341,1.2858404686945,1.0,0.0,0.0,0.0,0.0,0.0,-1.0,1.0
11.66,2.0,2.0,17.422574672536,23.460795243587,23.460795243587,18.2628731341,1.2846168875686,1.0,0.0,0.0,0.0,0.0,0.0,-1.0,1.0
11.67,2.0,2.0,17.421643627792,23.453296643966,23.453296643966,18.2628731341,1.2842062950202,1.0,0.0,0.0,0.0,0.0,0.0,-1.0,1.0
11.68,2.0,2.0,17.411198113626,23.432487315303,23.432487315303,18.2628731341,1.2830668615636,1.0,0.0,0.0,0.0,0.0,0.0,-1.0,1.0
11.69,2.0,2.0,17.411859079349,23.430243233445,23.430243233445,18.2628731341,1.2829439848485,1.0,0.0,0.0,0.0,0.0,0.0,-1.0,1.0
11.7,2.0,2.0,17.404489818299,23.417310053705,23.417310053705,18.2628731341,1.282235816991,1.0,0.0,0.0,0.0,0.0,0.0,-1.0,1.0
11.71,2.0,2.0,17.402945565864,23.414470437933,23.414470437933,18.2628731341,1.2820803312823,1.0,0.0,0.0,0.0,0.0,0.0,-1.0,1.0
11.72,2.0,2.0,17.401239019796,23.413587060445,23.413587060445,18.2628731341,1.2820319611556,1.0,0.0,0.0,0.0,0.0,0.0,-1.0,1.0
11.73,2.0,2.0,17.396239362912,23.408655998798,23.408655998798,18.2628731341,1.281761956452,1.0,0.0,0.0,0.0,0.0,0.0,-1.0,1.0
11.74,2.0,2.0,17.399567130769,23.418589413708,23.418589413708,18.2628731341,1.2823058694955,1.0,0.0,0.0,0.0,0.0,0.0,-1.0,1.0
11.75,2.0,2.0,17.39335289095,23.415187029164,23.415187029164,18.2628731341,1.2821195688779,1.0,0.0,0.0,0.0,0.0,0.0,-1.0,1.0
11.76,2.0,2.0,17.398171191775,23.430472892027,23.430472892027,18.2628731341,1.2829565600101,1.0,0.0,0.0,0.0,0.0,0.0,-1.0,1.0
11.77,2.0,2.0,17.394871356898,23.434937031413,23.434937031413,18.2628731341,1.2832009979665,1.0,0.0,0.0,0.0,0.0,0.0,-1.0,1.0
11.78,2.0,2.0,17.397468715384,23.449851902304,23.449851902304,18.2628731341,1.2840176751006,1.0,0.0,0.0,0.0,0.0,0.0,-1.0,1.0
11.79,2.0,2.0,17.399688044863,23.466187031226,23.466187031226,18.2628731341,1.2849121197371,1.0,0.0,0.0,0.0,0.0,0.0,-1.0,1.0
11.8,2.0,2.0,17.39886598611,23.478958132015,23.478958132015,18.2628731341,1.2856114128163,1.0,0.0,0.0,0.0,0.0,0.0,-1.0,1.0
11.81,2.0,2.0,17.406127285744,23.506034317481,23.506034317481,18.2628731341,1.2870939936384,1.0,0.0,0.0,0.0,0.0,0.0,-1.0,1.0
11.82,2.0,2.0,17.403931538669,23.519821959355,23.519821959355,18.2628731341,1.2878489483366,1.0,0.0,0.0,0.0,0.0,0.0,-1.0,1.0
11.83,2.0,2.0,17.412761800533,23.552088410212,23.552088410212,18.2628731341,1.2896157267958,1.0,0.0,0.0,0.0,0.0,0.0,-1.0,1.0
11.84,2.0,2.0,17.412975614586,23.572415980456,23.572415980456,18.2628731341,1.2907287811381,1.0,0.0,0.0,0.0,0.0,0.0,-1.0,1.0
11.85,2.0,2.0,17.41966134028,23.603818783871,23.603818783871,18.2628731341,1.2924482698069,1.0,0.0,0.0,0.0,0.0,0.0,-1.0,1.0
11.86,2.0,2.0,17.424825162994,23.634431683843,23.634431683843,18.2628731341,1.2941245066042,1.0,0.0,0.0,0.0,0.0,0.0,-1.0,1.0
11.87,2.0,2.0,17.42765001415,23.66214986873,23.66214986873,18.2628731341,1.2956422406805,1.0,0.0,0.0,0.0,0.0,0.0,-1.0,1.0
11.88,2.0,2.0,17.437302910145,23.701844491635,23.701844491635,18.2628731341,1.2978157553632,1.0,0.0,0.0,0.0,0.0,0.0,-1.0,1.0
11.89,2.0,2.0,17.437707750053,23.727764800634,23.727764800634,18.2628731341,1.2992350451326,1.0,0.0,0.0,0.0,0.0,0.0,-1.0,1.0
11.9,2.0,2.0,17.448695274256,23.770848572016,23.770848572016,18.2628731341,1.3015941356802,1.0,0.0,0.0,0.0,0.0,0.0,-1.0,1.0
11.91,2.0,2.0,17.45009114182,23.79972174687,23.79972174687,18.2628731341,1.3031751122682,1.0,0.0,0.0,0.0,0.0,0.0,-1.0,1.0
11.92,2.0,2.0,17.458305219514,23.839514712447,23.839514712447,18.2628731341,1.3053540117921,1.0,0.0,0.0,0.0,0.0,0.0,-1.0,1.0
11.93,2.0,2.0,17.463284984443,23.874954210408,23.874954210408,18.2628731341,1.3072945332917,1.0,0.0,0.0,0.0,0.0,0.0,-1.0,1.0
11.94,2.0,2.0,17.466615735799,23.907642360565,23.907642360565,18.2628731341,1.3090844022743,1.0,0.0,0.0,0.0,0.0,0.0,-1.0,1.0
11.95,2.0,2.0,17.47516215061,23.94875721179,23.94875721179,18.2628731341,1.3113356828326,1.0,0.0,0.0,0.0,0.0,0.0,-1.0,1.0
11.96,2.0,2.0,17.47469660442,23.975342324861,23.975342324861,18.2628731341,1.3127913745453,1.0,0.0,0.0,0.0,0.0,0.0,-1.0,1.0
11.97,2.0,2.0,17.483892183299,24.016826562083,24.016826562083,18.2628731341,1.3150628811652,1.0,0.0,0.0,0.0,0.0,0.0,-1.0,1.0
11.98,2.0,2.0,17.482845263387,24.041700586333,24.041700586333,18.2628731341,1.3164248806746,1.0,0.0,0.0,0.0,0.0,0.0,-1.0,1.0
11.99,2.0,2.0,17.488880572128,24.076853676898,24.076853676898,18.2628731341,1.3183497196803,1.0,0.0,0.0,0.0,0.0,0.0,-1.0,1.0
12.0,2.0,2.0,17.490290022731,24.1042307843,24.1042307843,18.2628731341,1.319848777753,1.0,0.0,0.0,0.0,0.0,0.0,-1.0,1.0
12.01,2.0,2.0,17.490839732428,24.128901530031,24.128901530031,18.2628731341,1.3211996465648,1.0,0.0,0.0,0.0,0.0,0.0,-1.0,1.0
12.02,2.0,2.0,17.495356202297,24.158915410527,24.158915410527,18.2628731341,1.3228430835134,1.0,0.0,0.0,0.0,0.0,0.0,-1.0,1.0
12.03,2.0,2.0,17.491361011641,24.174095581107,24.174095581107,18.2628731341,1.3236742873699,1.0,0.0,0.0,0.0,0.0,0.0,-1.0,1.0
12.04,2.0,2.0,17.496352334412,24.203650161875,24.203650161875,18.2628731341,1.3252925749499,1.0,0.0,0.0,0.0,0.0,0.0,-1.0,1.0
12.05,2.0,2.0,17.490746171312,24.216222821324,24.216222821324,18.2628731341,1.3259810021956,1.0,0.0,0.0,0.0,0.0,0.0,-1.0,1.0
12.06,2.0,2.0,17.492372109015,24.239584338909,24.239584338909,18.2628731341,1.3272601830459,1.0,0.0,0.0,0.0,0.0,0.0,-1.0,1.0
12.07,2.0,2.0,17.488526429561,24.253606174918,24.253606174918,18.2628731341,1.328027961254,1.0,0.0,0.0,0.0,0.0,0.0,-1.0,1.0
12.08,2.0,2.0,17.484672077394,24.266104147662,24.266104147662,18.2628731341,1.328712298962,1.0,0.0,0.0,0.0,0.0,0.0,-1.0,1.0
12.09,2.0,2.0,17.483882601308,24.282324401533,24.282324401533,18.2628731341,1.3296004535121,1.0,0.0,0.0,0.0,0.0,0.0,-1.0,1.0
12.1,2.0,2.0,17.475382429456,24.284724568956,24.284724568956,18.2628731341,1.3297318768322,1.0,0.0,0.0,0.0,0.0,0.0,-1.0,1.0
12.11,2.0,2.0,17.475824566057,24.299918508329,24.299918508329,18.2628731341,1.3305638346114,1.0,0.0,0.0,0.0,0.0,0.0,-1.0,1.0
12.12,2.0,2.0,17.466061987721,24.297487393127,24.297487393127,18.2628731341,1.3304307167178,1.0,0.0,0.0,0.0,0.0,0.0,-1.0,1.0
12.13,2.0,2.0,17.464371228363,24.306177494733,24.306177494733,18.2628731341,1.3309065510262,1.0,0.0,0.0,0.0,0.0,0.0,-1.0,1.0
12.14,2.0,2.0,17.457007285336,24.304708768692,24.304708768692,18.2628731341,1.3308261296144,1.0,0.0,0.0,0.0,0.0,0.0,-1.0,1.0
12.15,2.0,2.0,17.450835467387,24.303384515687,24.303384515687,18.2628731341,1.3307536189532,1.0,0.0,0.0,0.0,0.0,0.0,-1.0,1.0
12.16,2.0,2.0,17.447315369335,24.305429138039,24.305429138039,18.2628731341,1.3308655740841,1.0,0.0,0.0,0.0,0.0,0.0,-1.0,1.0
12.17,2.0,2.0,17.437096546964,24.295349191181,24.295349191181,18.2628731341,1.3303136375523,1.0,0.0,0.0,0.0,0.0,0.0,-1.0,1.0
12.18,2.0,2.0,17.435871371039,24.298471842216,24.298471842216,18.2628731341,1.3304846211107,1.0,0.0,0.0,0.0,0.0,0.0,-1.0,1.0
12.19,2.0,2.0,17.424862388848,24.285169499997,24.285169499997,18.2628731341,1.3297562394305,1.0,0.0,0.0,0.0,0.0,0.0,-1.0,1.0
12.2,2.0,2.0,17.422457062607,24.284429946261,24.284429946261,18.2628731341,1.3297157445023,1.0,0.0,0.0,0.0,0.0,0.0,-1.0,1.0
12.21,2.0,2.0,17.41433090779,24.274207318026,24.274207318026,18.2628731341,1.3291559953237,1.0,0.0,0.0,0.0,0.0,0.0,-1.0,1.0
12.22,2.0,2.0,17.408120026592,24.26598723903,24.26598723903,18.2628731341,1.328705897525,1.0,0.0,0.0,0.0,0.0,0.0,-1.0,1.0
12.23,2.0,2.0,17.404450104336,24.2617636547,24.2617636547,18.2628731341,1.3284746313765,1.0,0.0,0.0,0.0,0.0,0.0,-1.0,1.0
12.24,2.0,2.0,17.394751715749,24.247135200396,24.247135200396,18.2628731341,1.3276736372396,1.0,0.0,0.0,0.0,0.0,0.0,-1.0,1.0
12.25,2.0,2.0,17.394028768064,24.246717538766,24.246717538766,18.2628731341,1.3276507678024,1.0,0.0,0.0,0.0,0.0,0.0,-1.0,1.0
12.26,2.0,2.0,17.383792117811,24.231128177701,24.231128177701,18.2628731341,1.3267971583538,1.0,0.0,0.0,0.0,0.0,0.0,-1.0,1.0
12.27,2.0,2.0,17.382494509627,24.229416801849,24.229416801849,18.2628731341,1.326703450434,1.0,0.0,0.0,0.0,0.0,0.0,-1.0,1.0
12.28,2.0,2.0,17.375410968071,24.218918515133,24.218918515133,18.2628731341,1.3261286073281,1.0,0.0,0.0,0.0,0.0,0.0,-1.0,1.0
12.29,2.0,2.0,17.370711594802,24.21199343381,24.21199343381,18.2628731341,1.3257494182885,1.0,0.0,0.0,0.0,0.0,0.0,-1.0,1.0
12.3,2.0,2.0,17.368415781832,24.209517835396,24.209517835396,18.2628731341,1.3256138646768,1.0,0.0,0.0,0.0,0.0,0.0,-1.0,1.0
12.31,2.0,2.0,17.360430435807,24.19806830719,24.19806830719,18.2628731341,1.3249869354898,1.0,0.0,0.0,0.0,0.0,0.0,-1.0,1.0
12.32,2.0,2.0,17.361312904539,24.201318592533,24.201318592533,18.2628731341,1.3251649077792,1.0,0.0,0.0,0.0,0.0,0.0,-1.0,1.0
12.33,2.0,2.0,17.352900556441,24.190326036917,24.190326036917,18.2628731341,1.3245630005363,1.0,0.0,0.0,0.0,0.0,0.0,-1.0,1.0
12.34,2.0,2.0,17.353435953171,24.193931441027,24.193931441027,18.2628731341,1.3247604176723,1.0,0.0,0.0,0.0,0.0,0.0,-1.0,1.0
12.35,2.0,2.0,17.348103193478,24.189248205052,24.189248205052,18.2628731341,1.3245039828857,1.0,0.0,0.0,0.0,0.0,0.0,-1.0,1.0
12.36,2.0,2.0,17.345402712304,24.189064624015,24.189064624015,18.2628731341,1.3244939307414,1.0,0.0,0.0,0.0,0.0,0.0,-1.0,1.0
12.37,2.0,2.0,17.344748448265,24.19329742151,24.19329742151,18.2628731341,1.324725701365,1.0,0.0,0.0,0.0,0.0,0.0,-1.0,1.0
12.38,2.0,2.0,17.338860930111,24.18949412311,24.18949412311,18.2628731341,1.3245174483496,1.0,0.0,0.0,0.0,0.0,0.0,-1.0,1.0
12.39,2.0,2.0,17.341576736771,24.200530271018,24.200530271018,18.2628731341,1.3251217425275,1.0,0.0,0.0,0.0,0.0,0.0,-1.0,1.0
12.4,2.0,2.0,17.335050194807,24.197730665721,24.197730665721,18.2628731341,1.3249684476283,1.0,0.0,0.0,0.0,0.0,0.0,-1.0,1.0
12.41,2.0,2.0,17.337745734464,24.210239145088,24.210239145088,18.2628731341,1.325653360636,1.0,0.0,0.0,0.0,0.0,0.0,-1.0,1.0
12.42,2.0,2.0,17.333906625296,24.213843147551,24.213843147551,18.2628731341,1.3258507010236,1.0,0.0,0.0,0.0,0.0,0.0,-1.0,1.0
12.43,2.0,2.0,17.333469194842,24.223381667029,24.223381667029,18.2628731341,1.3263729912135,1.0,0.0,0.0,0.0,0.0,0.0,-1.0,1.0
12.44,2.0,2.0,17.334149916719,24.236121917133,24.236121917133,18.2628731341,1.3270705950358,1.0,0.0,0.0,0.0,0.0,0.0,-1.0,1.0
12.45,2.0,2.0,17.330210574795,24.2421420308,24.2421420308,18.2628731341,1.3274002317596,1.0,0.0,0.0,0.0,0.0,0.0,-1.0,1.0
12.46,2.0,2.0,17.334264623197,24.262142738641,24.262142738641,18.2628731341,1.3284953884577,1.0,0.0,0.0,0.0,0.0,0.0,-1.0,1.0
12.47,2.0,2.0,17.329074314439,24.268444217222,24.268444217222,18.2628731341,1.3288404315698,1.0,0.0,0.0,0.0,0.0,0.0,-1.0,1.0
12.48,2.0,2.0,17.333311060383,24.290501229237,24.290501229237,18.2628731341,1.3300481830475,1.0,0.0,0.0,0.0,0.0,0.0,-1.0,1.0
12.49,2.0,2.0,17.330327925722,24.302367062523,24.302367062523,18.2628731341,1.3306979073926,1.0,0.0,0.0,0.0,0.0,0.0,-1.0,1.0
12.5,2.0,2.0,17.331565580464,24.321568940533,24.321568940533,18.2628731341,1.3317493234468,1.0,0.0,0.0,0.0,0.0,0.0,-1.0,1.0
12.51,2.0,2.0,17.332786569858,24.342057947377,24.342057947377,18.2628731341,1.3328712173949,1.0,0.0,0.0,0.0,0.0,0.0,-1.0,1.0
12.52,2.0,2.0,17.330235390017,24.357142647431,24.357142647431,18.2628731341,1.3336971936771,1.0,0.0,0.0,0.0,0.0,0.0,-1.0,1.0
12.53,2.0,2.0,17.334890959803,24.384867900578,24.384867900578,18.2628731341,1.3352153147824,1.0,0.0,0.0,0.0,0.0,0.0,-1.0,1.0
12.54,2.0,2.0,17.330524199757,24.398902600263,24.398902600263,18.2628731341,1.3359837973526,1.0,0.0,0.0,0.0,0.0,0.0,-1.0,1.0
12.55,2.0,2.0,17.335548119097,24.428769858893,24.428769858893,18.2628731341,1.3376192058894,1.0,0.0,0.0,0.0,0.0,0.0,-1.0,1.0
12.56,2.0,2.0,17.332648279913,24.446966238827,24.446966238827,18.2628731341,1.3386155649946,1.0,0.0,0.0,0.0,0.0,0.0,-1.0,1.0
12.57,2.0,2.0,17.334783756674,24.473600016684,24.473600016684,18.2628731341,1.3400739213912,1.0,0.0,0.0,0.0,0.0,0.0,-1.0,1.0
12.58,2.0,2.0,17.335629971339,24.499210265177,24.499210265177,18.2628731341,1.3414762335195,1.0,0.0,0.0,0.0,0.0,0.0,-1.0,1.0
12.59,2.0,2.0,17.333680460309,24.520607129938,24.520607129938,18.2628731341,1.3426478380422,1.0,0.0,0.0,0.0,0.0,0.0,-1.0,1.0
12.6,2.0,2.0,13.540942523187,18.56465695559,18.56465695559,18.2628731341,1.0165244438416,0.0,1.0,1.0,1.0,2.0,1.0,-1.0,1.0
12.61,2.0,2.0,8.5650097234494,11.260342840459,11.260342840459,18.2628731341,0.61657017259972,0.0,1.0,1.0,1.0,2.0,1.0,-1.0,1.0
12.62,2.0,2.0,5.547166823467,6.8300873945134,6.8300873945134,18.2628731341,0.37398756177966,0.0,1.0,1.0,1.0,2.0,1.0,-1.0,1.0
12.63,2.0,2.0,3.7100719205635,4.1430380379784,4.1430380379784,18.2628731341,0.22685576401681,0.0,1.0,1.0,1.0,2.0,1.0,-1.0,1.0
12.64,2.0,2.0,2.5930018146867,2.5132967823741,2.5930018146867,18.2628731341,0.14198214024962,0.0,1.0,1.0,1.0,2.0,1.0,-1.0,1.0
12.65,2.0,2.0,1.9132119413382,1.5248530599182,1.9132119413382,18.2628731341,0.10475963597239,0.0,1.0,1.0,1.0,2.0,1.0,-1.0,1.0
12.66,2.0,2.0,1.4984980621837,0.92538089305267,1.4984980621837,18.2628731341,0.082051605526719,0.0,1.0,1.0,1.0,2.0,1.0,-1.0,1.0
12.67,2.0,2.0,1.2448613709664,0.56183756331283,1.2448613709664,18.2628731341,0.068163500990546,0.0,1.0,1.0,1.0,2.0,1.0,-1.0,1.0
12.68,2.0,2.0,1.0889754473778,0.34139731817527,1.0889754473778,18.2628731341,0.059627827416951,0.0,1.0,1.0,1.0,2.0,1.0,-1.0,1.0
12.69,2.0,2.0,0.99262304359234,0.20775819819115,0.99262304359234,18.2628731341,0.054351965120917,0.0,1.0,1.0,1.0,2.0,1.0,-1.0,1.0
12.7,2.0,2.0,0.93236486174281,0.12677019646422,0.93236486174281,18.2628731341,0.051052474322998,0.0,1.0,1.0,1.0,2.0,1.0,-1.0,1.0
12.71,2.0,2.0,0.89411933728883,0.077719261327414,0.89411933728883,18.2628731341,0.048958306325819,0.0,1.0,1.0,1.0,2.0,1.0,-1.0,1.0
12.72,2.0,2.0,0.86924405101054,0.048039940077847,0.86924405101054,18.2628731341,0.047596237712866,0.0,1.0,1.0,1.0,2.0,1.0,-1.0,1.0
12.73,2.0,2.0,0.85251944109533,0.030108324443897,0.85251944109533,18.2628731341,0.046680466695217,0.0,1.0,1.0,1.0,2.0,1.0,-1.0,1.0
12.74,2.0,2.0,0.8407750937493,0.019297305194476,0.8407750937493,18.2628731341,0.046037394421769,0.0,1.0,1.0,1.0,2.0,1.0,-1.0,1.0
12.75,2.0,2.0,0.832031075693,0.01279640128812,0.832031075693,18.2628731341,0.045558607869835,0.0,1.0,1.0,1.0,2.0,1.0,-1.0,1.0
12.76,2.0,2.0,0.8251163534071,0.0088987120037344,0.8251163534071,18.2628731341,0.045179986048661,0.0,1.0,1.0,1.0,2.0,1.0,-1.0,1.0
12.77,2.0,2.0,0.81928241221048,0.0065692161144059,0.81928241221048,18.2628731341,0.044860543365476,0.0,1.0,1.0,1.0,2.0,1.0,-1.0,1.0
12.78,2.0,2.0,0.81404593502676,0.0051850501811822,0.81404593502676,18.2628731341,0.044573815360234,0.0,1.0,1.0,1.0,2.0,1.0,-1.0,1.0
12.79,2.0,2.0,0.80914466678158,0.0043747845400453,0.80914466678158,18.2628731341,0.0443054420211,0.0,1.0,1.0,1.0,2.0,1.0,-1.0,1.0
12.8,2.0,2.0,0.80437765672089,0.003916995320327,0.80437765672089,18.2628731341,0.044044420109286,0.0,1.0,1.0,1.0,2.0,1.0,-1.0,1.0
12.81,2.0,2.0,0.79962652450249,0.0036771830658022,0.79962652450249,18.2628731341,0.043784267602968,0.0,1.0,1.0,1.0,2.0,1.0,-1.0,1.0
12.82,2.0,2.0,0.7947882549945,0.00357075748175,0.7947882549945,18.2628731341,0.043519343816198,0.0,1.0,1.0,1.0,2.0,1.0,-1.0,1.0
12.83,2.0,2.0,0.78985942051911,0.0035436595116243,0.78985942051911,18.2628731341,0.043249461063402,0.0,1.0,1.0,1.0,2.0,1.0,-1.0,1.0
12.84,2.0,2.0,0.78472645159132,0.0035603379214987,0.78472645159132,18.2628731341,0.042968400745559,0.0,1.0,1.0,1.0,2.0,1.0,-1.0,1.0
12.85,2.0,2.0,0.77941846346215,0.00359803877741,0.77941846346215,18.2628731341,0.042677757094356,0.0,1.0,1.0,1.0,2.0,1.0,-1.0,1.0
12.86,2.0,2.0,0.77385789909885,0.0036414260040561,0.77385789909885,18.2628731341,0.042373283404894,0.0,1.0,1.0,1.0,2.0,1.0,-1.0,1.0
12.87,2.0,2.0,0.76807493058655,0.0036803197293555,0.76807493058655,18.2628731341,0.042056631776761,0.0,1.0,1.0,1.0,2.0,1.0,-1.0,1.0
12.88,2.0,2.0,0.76207519723326,0.0037076544353544,0.76207519723326,18.2628731341,0.041728110995325,0.0,1.0,1.0,1.0,2.0,1.0,-1.0,1.0
12.89,2.0,2.0,0.75579917569334,0.0037181726702864,0.75579917569334,18.2628731341,0.041384461806403,0.0,1.0,1.0,1.0,2.0,1.0,-1.0,1.0
12.9,2.0,2.0,0.74929231403193,0.0037081049927709,0.74929231403193,18.2628731341,0.041028172759568,0.0,1.0,1.0,1.0,2.0,1.0,-1.0,1.0
12.91,2.0,2.0,0.74257467661342,0.0036745259227506,0.74257467661342,18.2628731341,0.04066034249709,0.0,1.0,1.0,1.0,2.0,1.0,-1.0,1.0
12.92,2.0,2.0,0.7356366288052,0.0036153638773238,0.7356366288052,18.2628731341,0.040280443466019,0.0,1.0,1.0,1.0,2.0,1.0,-1.0,1.0
12.93,2.0,2.0,0.72852163715619,0.0035291232465298,0.72852163715619,18.2628731341,0.03989085571623,0.0,1.0,1.0,1.0,2.0,1.0,-1.0,1.0
12.94,2.0,2.0,0.72124637496244,0.0034151916413087,0.72124637496244,18.2628731341,0.039492492209002,0.0,1.0,1.0,1.0,2.0,1.0,-1.0,1.0
12.95,2.0,2.0,0.71383250027919,0.003273624542455,0.71383250027919,18.2628731341,0.039086538850579,0.0,1.0,1.0,1.0,2.0,1.0,-1.0,1.0
12.96,2.0,2.0,0.70625426855041,0.0031055264499447,0.70625426855041,18.2628731341,0.038671585974701,0.0,1.0,1.0,1.0,2.0,1.0,-1.0,1.0
12.97,2.0,2.0,0.6986169829441,0.0029132118846721,0.6986169829441,18.2628731341,0.038253399550789,0.0,1.0,1.0,1.0,2.0,1.0,-1.0,1.0
12.98,2.0,2.0,0.69087587973662,0.0027003811358717,0.69087587973662,18.2628731341,0.037829528501002,0.0,1.0,1.0,1.0,2.0,1.0,-1.0,1.0
12.99,2.0,2.0,0.68306090564801,0.0024726324648166,0.68306090564801,18.2628731341,0.037401612584857,0.0,1.0,1.0,1.0,2.0,1.0,-1.0,1.0
13.0,2.0,2.0,0.67518463730358,0.0022381412681076,0.67518463730358,18.2628731341,0.036970340446756,0.0,1.0,1.0,1.0,2.0,1.0,-1.0,1.0
13.01,2.0,2.0,0.66720523326228,0.0020085326507644,0.66720523326228,18.2628731341,0.03653342102106,0.0,1.0,1.0,1.0,2.0,1.0,-1.0,1.0
13.02,2.0,2.0,0.65914673532648,0.0017998482435702,0.65914673532648,18.2628731341,0.036092170738225,0.0,1.0,1.0,1.0,2.0,1.0,-1.0,1.0
13.03,2.0,2.0,0.65095119139983,0.0016330318897313,0.65095119139983,18.2628731341,0.035643416379233,0.0,1.0,1.0,1.0,2.0,1.0,-1.0,1.0
13.04,2.0,2.0,0.64259125488695,0.0015311366724933,0.64259125488695,18.2628731341,0.035185660556724,0.0,1.0,1.0,1.0,2.0,1.0,-1.0,1.0
13.05,2.0,2.0,0.63402923174403,0.0015112335514946,0.63402923174403,18.2628731341,0.034716839299518,0.0,1.0,1.0,1.0,2.0,1.0,-1.0,1.0
13.06,2.0,2.0,0.62522320450755,0.0015740082861826,0.62522320450755,18.2628731341,0.034234657379301,0.0,1.0,1.0,1.0,2.0,1.0,-1.0,1.0
13.07,2.0,2.0,0.61613386573966,0.0017023764284383,0.61613386573966,18.2628731341,0.033736962482055,0.0,1.0,1.0,1.0,2.0,1.0,-1.0,1.0
13.08,2.0,2.0,0.60670225454792,0.001870515974396,0.60670225454792,18.2628731341,0.033220526151227,0.0,1.0,1.0,1.0,2.0,1.0,-1.0,1.0
13.09,2.0,2.0,0.59690413330349,0.0020536281671172,0.59690413330349,18.2628731341,0.032684021233711,0.0,1.0,1.0,1.0,2.0,1.0,-1.0,1.0
13.1,2.0,2.0,0.58670563748395,0.0022313261945363,0.58670563748395,18.2628731341,0.032125593447203,0.0,1.0,1.0,1.0,2.0,1.0,-1.0,1.0
13.11,2.0,2.0,0.57610884961495,0.0023882903450995,0.57610884961495,18.2628731341,0.031545356822265,0.0,1.0,1.0,1.0,2.0,1.0,-1.0,1.0
13.12,2.0,2.0,0.56513462117236,0.0025129109066103,0.56513462117236,18.2628731341,0.030944453100162,0.0,1.0,1.0,1.0,2.0,1.0,-1.0,1.0
13.13,2.0,2.0,0.5538101424674,0.0025968598125532,0.5538101424674,18.2628731341,0.030324371110772,0.0,1.0,1.0,1.0,2.0,1.0,-1.0,1.0
13.14,2.0,2.0,0.54213905127763,0.0026343062990412,0.54213905127763,18.2628731341,0.029685310043871,0.0,1.0,1.0,1.0,2.0,1.0,-1.0,1.0
13.15,2.0,2.0,0.53020632388151,0.0026220271328181,0.53020632388151,18.2628731341,0.029031922851806,0.0,1.0,1.0,1.0,2.0,1.0,-1.0,1.0
13.16,2.0,2.0,0.51810025175844,0.0025591054372133,0.51810025175844,18.2628731341,0.028369044013729,0.0,1.0,1.0,1.0,2.0,1.0,-1.0,1.0
13.17,2.0,2.0,0.50586398396011,0.0024470220125487,0.50586398396011,18.2628731341,0.027699036194671,0.0,1.0,1.0,1.0,2.0,1.0,-1.0,1.0
13.18,2.0,2.0,0.49357430649625,0.002289892934568,0.49357430649625,18.2628731341,0.027026103881468,0.0,1.0,1.0,1.0,2.0,1.0,-1.0,1.0
13.19,2.0,2.0,0.48127991368375,0.0020947685300695,0.48127991368375,18.2628731341,0.02635291337512,0.0,1.0,1.0,1.0,2.0,1.0,-1.0,1.0
13.2,2.0,2.0,0.46902763035221,0.0018721269951722,0.46902763035221,18.2628731341,0.025682028611175,0.0,1.0,1.0,1.0,2.0,1.0,-1.0,1.0
13.21,2.0,2.0,0.45680737523934,0.0016369333927981,0.45680737523934,18.2628731341,0.025012897581071,0.0,1.0,1.0,1.0,2.0,1.0,-1.0,1.0
13.22,2.0,2.0,0.44460791855591,0.0014104482829974,0.44460791855591,18.2628731341,0.024344905387627,0.0,1.0,1.0,1.0,2.0,1.0,-1.0,1.0
13.23,2.0,2.0,0.43240106083894,0.0012217977389379,0.43240106083894,18.2628731341,0.023676507943954,0.0,1.0,1.0,1.0,2.0,1.0,-1.0,1.0
13.24,2.0,2.0,0.42012358530489,0.001105717692403,0.42012358530489,18.2628731341,0.023004243758363,0.0,1.0,1.0,1.0,2.0,1.0,-1.0,1.0
13.25,2.0,2.0,0.40769965944388,0.0010867621963598,0.40769965944388,18.2628731341,0.022323960553755,0.0,1.0,1.0,1.0,2.0,1.0,-1.0,1.0
13.26,2.0,2.0,0.39506705813321,0.0011576058021009,0.39506705813321,18.2628731341,0.021632251137722,0.0,1.0,1.0,1.0,2.0,1.0,-1.0,1.0
13.27,2.0,2.0,0.38213574568317,0.0012826400646405,0.38213574568317,18.2628731341,0.020924185525313,0.0,1.0,1.0,1.0,2.0,1.0,-1.0,1.0
13.28,2.0,2.0,0.36889922226105,0.0014227252645935,0.36889922226105,18.2628731341,0.020199407812358,0.0,1.0,1.0,1.0,2.0,1.0,-1.0,1.0
13.29,2.0,2.0,0.35534059135328,0.0015485707017643,0.35534059135328,18.2628731341,0.019456992815101,0.0,1.0,1.0,1.0,2.0,1.0,-1.0,1.0
13.3,2.0,2.0,0.34146588008437,0.0016411822439427,0.34146588008437,18.2628731341,0.018697270554149,0.0,1.0,1.0,1.0,2.0,1.0,-1.0,1.0
13.31,2.0,2.0,0.32735759728989,0.0016893717683036,0.32735759728989,18.2628731341,0.017924758874805,0.0,1.0,1.0,1.0,2.0,1.0,-1.0,1.0
13.32,2.0,2.0,0.31312843897689,0.0016878379024738,0.31312843897689,18.2628731341,0.01714562854802,0.0,1.0,1.0,1.0,2.0,1.0,-1.0,1.0
13.33,2.0,2.0,0.29887820637837,0.0016360985368911,0.29887820637837,18.2628731341,0.016365344279828,0.0,1.0,1.0,1.0,2.0,1.0,-1.0,1.0
13.34,2.0,2.0,0.28481542522447,0.0015379904379556,0.28481542522447,18.2628731341,0.015595324083628,0.0,1.0,1.0,1.0,2.0,1.0,-1.0,1.0
13.35,2.0,2.0,0.2710412311483,0.0014010777057938,0.2710412311483,18.2628731341,0.014841105731727,0.0,1.0,1.0,1.0,2.0,1.0,-1.0,1.0
13.36,2.0,2.0,0.25763164880827,0.0012370691771925,0.25763164880827,18.2628731341,0.014106852022491,0.0,1.0,1.0,1.0,2.0,1.0,-1.0,1.0
13.37,2.0,2.0,0.24464277651518,0.001062509674625,0.24464277651518,18.2628731341,0.013395634669245,0.0,1.0,1.0,1.0,2.0,1.0,-1.0,1.0
13.38,2.0,2.0,0.23221164808901,0.00089979391678704,0.23221164808901,18.2628731341,0.012714957081721,0.0,1.0,1.0,1.0,2.0,1.0,-1.0,1.0
13.39,2.0,2.0,0.22034728301467,0.00077682683393448,0.22034728301467,18.2628731341,0.012065313129906,0.0,1.0,1.0,1.0,2.0,1.0,-1.0,1.0
13.4,2.0,2.0,0.20900649009436,0.00072014196890241,0.20900649009436,18.2628731341,0.011444337841022,0.0,1.0,1.0,1.0,2.0,1.0,-1.0,1.0
13.41,2.0,2.0,0.19819020539534,0.00073482515338228,0.19819020539534,18.2628731341,0.01085208247027,0.0,1.0,1.0,1.0,2.0,1.0,-1.0,1.0
13.42,2.0,2.0,0.18791506203859,0.00079637121796738,0.18791506203859,18.2628731341,0.010289457779112,0.0,1.0,1.0,1.0,2.0,1.0,-1.0,1.0
13.43,2.0,2.0,0.17824812103897,0.00087086524854538,0.17824812103897,18.2628731341,0.0097601357535662,0.0,1.0,1.0,1.0,2.0,1.0,-1.0,1.0
13.44,2.0,2.0,0.16931453423211,0.00093271618287946,0.16931453423211,18.2628731341,0.0092709691946535,0.0,1.0,1.0,1.0,2.0,1.0,-1.0,1.0
13.45,2.0,2.0,0.16130146895548,0.00096711039374243,0.16130146895548,18.2628731341,0.008832206617824,0.0,1.0,1.0,1.0,2.0,1.0,-1.0,1.0
13.46,2.0,2.0,0.15448465087433,0.0009674694366958,0.15448465087433,18.2628731341,0.0084589456292,0.0,1.0,1.0,1.0,2.0,1.0,-1.0,1.0
13.47,2.0,2.0,0.14913953351515,0.00093290737103739,0.14913953351515,18.2628731341,0.0081662689337022,0.0,1.0,1.0,1.0,2.0,1.0,-1.0,1.0
13.48,2.0,2.0,0.14559922461672,0.00086718777498931,0.14559922461672,18.2628731341,0.0079724161443612,0.0,1.0,1.0,1.0,2.0,1.0,-1.0,1.0
13.49,2.0,2.0,0.14420136936994,0.00077855312847917,0.14420136936994,18.2628731341,0.007895875326467,0.0,1.0,1.0,1.0,2.0,1.0,-1.0,1.0
13.5,2.0,2.0,0.14522968098893,0.0006815564178194,0.14522968098893,18.2628731341,0.0079521814515461,0.0,1.0,1.0,1.0,2.0,1.0,-1.0,1.0
13.51,2.0,2.0,0.14894418281529,0.00060121107639266,0.14894418281529,18.2628731341,0.0081555723309047,0.0,1.0,1.0,1.0,2.0,1.0,-1.0,1.0
13.52,2.0,2.0,0.15551000336439,0.0005740578608598,0.15551000336439,18.2628731341,0.0085150897245199,0.0,1.0,1.0,1.0,2.0,1.0,-1.0,1.0
13.53,2.0,2.0,0.16508146239569,0.00062854358120977,0.16508146239569,18.2628731341,0.0090391835492441,0.0,1.0,1.0,1.0,2.0,1.0,-1.0,1.0
13.54,2.0,2.0,0.17773675907521,0.00075587362359897,0.17773675907521,18.2628731341,0.009732135670556,0.0,1.0,1.0,1.0,2.0,1.0,-1.0,1.0
13.55,2.0,2.0,0.1936342013558,0.00092232716362506,0.1936342013558,18.2628731341,0.010602614382413,0.0,1.0,1.0,1.0,2.0,1.0,-1.0,1.0
13.56,2.0,2.0,0.21289423968636,0.0010942018627734,0.21289423968636,18.2628731341,0.011657215057189,0.0,1.0,1.0,1.0,2.0,1.0,-1.0,1.0
13.57,2.0,2.0,0.23563280889295,0.001242891400484,0.23563280889295,18.2628731341,0.012902285810275,0.0,1.0,1.0,1.0,2.0,1.0,-1.0,1.0
13.58,2.0,2.0,0.26206717853086,0.0013438637802737,0.26206717853086,18.2628731341,0.01434972343106,0.0,1.0,1.0,1.0,2.0,1.0,-1.0,1.0
13.59,2.0,2.0,0.29231893103123,0.0013764179089058,0.29231893103123,18.2628731341,0.016006185274617,0.0,1.0,1.0,1.0,2.0,1.0,-1.0,1.0
13.6,2.0,2.0,0.32649391411276,0.0013265183792642,0.32649391411276,18.2628731341,0.017877467127729,0.0,1.0,1.0,1.0,2.0,1.0,-1.0,1.0
13.61,2.0,2.0,0.36440141925678,0.0011927497175129,0.36440141925678,18.2628731341,0.019953126574393,0.0,1.0,1.0,1.0,2.0,1.0,-1.0,1.0
13.62,2.0,2.0,0.40577631068934,0.00099965414672795,0.40577631068934,18.2628731341,0.022218645867483,0.0,1.0,1.0,1.0,2.0,1.0,-1.0,1.0
13.63,2.0,2.0,0.45002757538036,0.00083040124038179,0.45002757538036,18.2628731341,0.024641663558407,0.0,1.0,1.0,1.0,2.0,1.0,-1.0,1.0
13.64,2.0,2.0,0.49634717271051,0.00085178072814275,0.49634717271051,18.2628731341,0.027177934658252,0.0,1.0,1.0,1.0,2.0,1.0,-1.0,1.0
13.65,2.0,2.0,0.5437595991486,0.0011339385776448,0.5437595991486,18.2628731341,0.029774044596154,0.0,1.0,1.0,1.0,2.0,1.0,-1.0,1.0
13.66,2.0,2.0,0.59114464871227,0.0015503633810003,0.59114464871227,18.2628731341,0.032368655488741,0.0,1.0,1.0,1.0,2.0,1.0,-1.0,1.0
13.67,2.0,2.0,0.63741223755261,0.0019773121944566,0.63741223755261,18.2628731341,0.034902078817076,0.0,1.0,1.0,1.0,2.0,1.0,-1.0,1.0
13.68,2.0,2.0,0.68118886025514,0.0023331720227573,0.68118886025514,18.2628731341,0.037299107060172,0.0,1.0,1.0,1.0,2.0,1.0,-1.0,1.0
13.69,2.0,2.0,0.72173907358439,0.0025610217922385,0.72173907358439,18.2628731341,0.039519470363991,0.0,1.0,1.0,1.0,2.0,1.0,-1.0,1.0
13.7,2.0,2.0,0.7585387259441,0.0026222773726721,0.7585387259441,18.2628731341,0.041534468337722,0.0,1.0,1.0,1.0,2.0,1.0,-1.0,1.0
13.71,2.0,2.0,0.79120280965915,0.0024975122966951,0.79120280965915,18.2628731341,0.043323019540766,0.0,1.0,1.0,1.0,2.0,1.0,-1.0,1.0
13.72,2.0,2.0,0.81927041426276,0.0021888301292978,0.81927041426276,18.2628731341,0.044859886407087,0.0,1.0,1.0,1.0,2.0,1.0,-1.0,1.0
13.73,2.0,2.0,0.84236952767622,0.0017243928579748,0.84236952767622,18.2628731341,0.046124699081623,0.0,1.0,1.0,1.0,2.0,1.0,-1.0,1.0
13.74,2.0,2.0,0.86001597784903,0.0011738332137162,0.86001597784903,18.2628731341,0.047090946289455,0.0,1.0,1.0,1.0,2.0,1.0,-1.0,1.0
13.75,2.0,2.0,0.87161106948536,0.00074144915098147,0.87161106948536,18.2628731341,0.047725845932637,0.0,1.0,1.0,1.0,2.0,1.0,-1.0,1.0
13.76,2.0,2.0,0.87663954311894,0.000887158125347,0.87663954311894,18.2628731341,0.048001184516915,0.0,1.0,1.0,1.0,2.0,1.0,-1.0,1.0
13.77,2.0,2.0,0.87457618524336,0.0014213598212076,0.87457618524336,18.2628731341,0.047888203505634,0.0,1.0,1.0,1.0,2.0,1.0,-1.0,1.0
13.78,2.0,2.0,0.86510186974037,0.0019558573056502,0.86510186974037,18.2628731341,0.047369428861939,0.0,1.0,1.0,1.0,2.0,1.0,-1.0,1.0
13.79,2.0,2.0,0.84819940719427,0.0023606477276289,0.84819940719427,18.2628731341,0.046443919363955,0.0,1.0,1.0,1.0,2.0,1.0,-1.0,1.0
13.8,2.0,2.0,0.82411362240443,0.0025799452211711,0.82411362240443,18.2628731341,0.045125080613174,0.0,1.0,1.0,1.0,2.0,1.0,-1.0,1.0
13.81,2.0,2.0,0.79342967822268,0.0025916176210397,0.79342967822268,18.2628731341,0.043444953726433,0.0,1.0,1.0,1.0,2.0,1.0,-1.0,1.0
13.82,2.0,2.0,0.75699964373424,0.0024006748776189,0.75699964373424,18.2628731341,0.041450194510785,0.0,1.0,1.0,1.0,2.0,1.0,-1.0,1.0
13.83,2.0,2.0,0.71580925810954,0.0020371917401481,0.71580925810954,18.2628731341,0.039194777998704,0.0,1.0,1.0,1.0,2.0,1.0,-1.0,1.0
13.84,2.0,2.0,0.67093178512399,0.0015545337513182,0.67093178512399,18.2628731341,0.036737471710913,0.0,1.0,1.0,1.0,2.0,1.0,-1.0,1.0
13.85,2.0,2.0,0.62326619002112,0.0010338875619918,0.62326619002112,18.2628731341,0.034127499295682,0.0,1.0,1.0,1.0,2.0,1.0,-1.0,1.0
13.86,2.0,2.0,0.57388954035628,0.00062906749125391,0.57388954035628,18.2628731341,0.031423836553117,0.0,1.0,1.0,1.0,2.0,1.0,-1.0,1.0
13.87,2.0,2.0,0.52381659734831,0.00062591120029564,0.52381659734831,18.2628731341,0.028682047643985,0.0,1.0,1.0,1.0,2.0,1.0,-1.0,1.0
13.88,2.0,2.0,0.4741046481212,0.00090183815082094,0.4741046481212,18.2628731341,0.02596002527313,0.0,1.0,1.0,1.0,2.0,1.0,-1.0,1.0
13.89,2.0,2.0,0.42597094383658,0.0011491218983614,0.42597094383658,18.2628731341,0.023324421119765,0.0,1.0,1.0,1.0,2.0,1.0,-1.0,1.0
13.9,2.0,2.0,0.38077207780766,0.0012774491855737,0.38077207780766,18.2628731341,0.020849516667599,0.0,1.0,1.0,1.0,2.0,1.0,-1.0,1.0
13.91,2.0,2.0,0.33997036275116,0.0012736063050445,0.33997036275116,18.2628731341,0.018615382161111,0.0,1.0,1.0,1.0,2.0,1.0,-1.0,1.0
13.92,2.0,2.0,0.30509009607841,0.001153574040297,0.30509009607841,18.2628731341,0.016705481872332,0.0,1.0,1.0,1.0,2.0,1.0,-1.0,1.0
13.93,2.0,2.0,0.27766601008494,0.00094885975283564,0.27766601008494,18.2628731341,0.015203851444737,0.0,1.0,1.0,1.0,2.0,1.0,-1.0,1.0
13.94,2.0,2.0,0.25869765379474,0.00070286762902542,0.25869765379474,18.2628731341,0.014165222081717,0.0,1.0,1.0,1.0,2.0,1.0,-1.0,1.0
13.95,2.0,2.0,0.2490619114853,0.00049019140277114,0.2490619114853,18.2628731341,0.013637608368437,0.0,1.0,1.0,1.0,2.0,1.0,-1.0,1.0
13.96,2.0,2.0,0.24946645630427,0.00046194995393471,0.24946645630427,18.2628731341,0.013659759582871,0.0,1.0,1.0,1.0,2.0,1.0,-1.0,1.0
13.97,2.0,2.0,0.25990430139544,0.00066305259927215,0.25990430139544,18.2628731341,0.014231293153439,0.0,1.0,1.0,1.0,2.0,1.0,-1.0,1.0
13.98,2.0,2.0,0.28005666666047,0.00094532410429746,0.28005666666047,18.2628731341,0.015334753989916,0.0,1.0,1.0,1.0,2.0,1.0,-1.0,1.0
13.99,2.0,2.0,0.30942051800935,0.0012162795768504,0.30942051800935,18.2628731341,0.016942598009489,0.0,1.0,1.0,1.0,2.0,1.0,-1.0,1.0
14.0,2.0,2.0,0.3473649152302,0.0014212547877237,0.3473649152302,18.2628731341,0.019020277514912,0.0,1.0,1.0,1.0,2.0,1.0,-1.0,1.0
14.01,2.0,2.0,0.39317645151769,0.0015150653812944,0.39317645151769,18.2628731341,0.021528729276642,0.0,1.0,1.0,1.0,2.0,1.0,-1.0,1.0
14.02,2.0,2.0,0.44560227720685,0.0014627140070066,0.44560227720685,18.2628731341,0.024399352387485,0.0,1.0,1.0,1.0,2.0,1.0,-1.0,1.0
14.03,2.0,2.0,0.50323736199248,0.0012523834079579,0.50323736199248,18.2628731341,0.02755521315279,0.0,1.0,1.0,1.0,2.0,1.0,-1.0,1.0
14.04,2.0,2.0,0.56431912209577,0.00092189867905568,0.56431912209577,18.2628731341,0.030899799716732,0.0,1.0,1.0,1.0,2.0,1.0,-1.0,1.0
14.05,2.0,2.0,0.62611271658209,0.00066655878546842,0.62611271658209,18.2628731341,0.034283363410822,0.0,1.0,1.0,1.0,2.0,1.0,-1.0,1.0
14.06,2.0,2.0,0.68614352241182,0.00089513157188052,0.68614352241182,18.2628731341,0.037570404030824,0.0,1.0,1.0,1.0,2.0,1.0,-1.0,1.0
14.07,2.0,2.0,0.74198196767576,0.0014479757700303,0.74198196767576,18.2628731341,0.040627888187558,0.0,1.0,1.0,1.0,2.0,1.0,-1.0,1.0
14.08,2.0,2.0,0.79105695337641,0.0020155514417954,0.79105695337641,18.2628731341,0.043315033049174,0.0,1.0,1.0,1.0,2.0,1.0,-1.0,1.0
14.09,2.0,2.0,0.83170470658125,0.0024567061186269,0.83170470658125,18.2628731341,0.045540737236372,0.0,1.0,1.0,1.0,2.0,1.0,-1.0,1.0
14.1,2.0,2.0,0.86239152664396,0.0026882595737517,0.86239152664396,18.2628731341,0.047221021594555,0.0,1.0,1.0,1.0,2.0,1.0,-1.0,1.0
14.11,2.0,2.0,0.88214295523683,0.0026649526062428,0.88214295523683,18.2628731341,0.048302528783914,0.0,1.0,1.0,1.0,2.0,1.0,-1.0,1.0
14.12,2.0,2.0,0.89040079427642,0.0023806543707831,0.89040079427642,18.2628731341,0.048754694167693,0.0,1.0,1.0,1.0,2.0,1.0,-1.0,1.0
14.13,2.0,2.0,0.88701323354112,0.0018705200585335,0.88701323354112,18.2628731341,0.048569205241037,0.0,1.0,1.0,1.0,2.0,1.0,-1.0,1.0
14.14,2.0,2.0,0.87202558827389,0.0012153417896353,0.87202558827389,18.2628731341,0.047748543280721,0.0,1.0,1.0,1.0,2.0,1.0,-1.0,1.0
14.15,2.0,2.0,0.8457898111726,0.00060529422115602,0.8457898111726,18.2628731341,0.046311979772414,0.0,1.0,1.0,1.0,2.0,1.0,-1.0,1.0
14.16,2.0,2.0,0.80897220087475,0.0006746010337521,0.80897220087475,18.2628731341,0.044295998495672,0.0,1.0,1.0,1.0,2.0,1.0,-1.0,1.0
14.17,2.0,2.0,0.76264225798247,0.001205237482125,0.76264225798247,18.2628731341,0.041759160915293,0.0,1.0,1.0,1.0,2.0,1.0,-1.0,1.0
14.18,2.0,2.0,0.70846340980753,0.0016389839216975,0.70846340980753,18.2628731341,0.038792549485804,0.0,1.0,1.0,1.0,2.0,1.0,-1.0,1.0
14.19,2.0,2.0,0.64838845145082,0.0018636147583714,0.64838845145082,18.2628731341,0.035503091254583,0.0,1.0,1.0,1.0,2.0,1.0,-1.0,1.0
14.2,2.0,2.0,0.58529120329886,0.0018590916781401,0.58529120329886,18.2628731341,0.032048144834671,0.0,1.0,1.0,1.0,2.0,1.0,-1.0,1.0
14.21,2.0,2.0,0.52213546522556,0.00164924475034,0.52213546522556,18.2628731341,0.028589995746652,0.0,1.0,1.0,1.0,2.0,1.0,-1.0,1.0
14.22,2.0,2.0,0.46190668694019,0.0012891590264126,0.46190668694019,18.2628731341,0.025292114967263,0.0,1.0,1.0,1.0,2.0,1.0,-1.0,1.0
14.23,2.0,2.0,0.40739433717366,0.00085637784878664,0.40739433717366,18.2628731341,0.022307242358979,0.0,1.0,1.0,1.0,2.0,1.0,-1.0,1.0
14.24,2.0,2.0,0.36100482665123,0.0004662939719036,0.36100482665123,18.2628731341,0.01976714309958,0.0,1.0,1.0,1.0,2.0,1.0,-1.0,1.0
14.25,2.0,2.0,0.32496695814683,0.00039494235153681,0.32496695814683,18.2628731341,0.017793857284156,0.0,1.0,1.0,1.0,2.0,1.0,-1.0,1.0
14.26,2.0,2.0,0.30095268507951,0.00064756037177827,0.30095268507951,18.2628731341,0.016478934221887,0.0,1.0,1.0,1.0,2.0,1.0,-1.0,1.0
14.27,2.0,2.0,0.2903732438031,0.00090650364289087,0.2903732438031,18.2628731341,0.015899647425186,0.0,1.0,1.0,1.0,2.0,1.0,-1.0,1.0
14.28,2.0,2.0,0.2945123700196,0.0010917810275925,0.2945123700196,18.2628731341,0.016126288993909,0.0,1.0,1.0,1.0,2.0,1.0,-1.0,1.0
14.29,2.0,2.0,0.3139635365925,0.0011763604516017,0.3139635365925,18.2628731341,0.017191355067033,0.0,1.0,1.0,1.0,2.0,1.0,-1.0,1.0
14.3,2.0,2.0,0.34860961684107,0.0011368461282489,0.34860961684107,18.2628731341,0.019088432268095,0.0,1.0,1.0,1.0,2.0,1.0,-1.0,1.0
14.31,2.0,2.0,0.39768016653468,0.00096125027049987,0.39768016653468,18.2628731341,0.021775334232166,0.0,1.0,1.0,1.0,2.0,1.0,-1.0,1.0
14.32,2.0,2.0,0.45961200805163,0.00069779509156122,0.45961200805163,18.2628731341,0.025166467766425,0.0,1.0,1.0,1.0,2.0,1.0,-1.0,1.0
14.33,2.0,2.0,0.53148724857492,0.00062763425523244,0.53148724857492,18.2628731341,0.029102061032365,0.0,1.0,1.0,1.0,2.0,1.0,-1.0,1.0
14.34,2.0,2.0,0.60980594227564,0.0010405440859959,0.60980594227564,18.2628731341,0.033390471356723,0.0,1.0,1.0,1.0,2.0,1.0,-1.0,1.0
14.35,2.0,2.0,0.69049732808766,0.0016426154135089,0.69049732808766,18.2628731341,0.037808800565907,0.0,1.0,1.0,1.0,2.0,1.0,-1.0,1.0
14.36,2.0,2.0,0.76914815489444,0.0022013420881704,0.76914815489444,18.2628731341,0.042115397136407,0.0,1.0,1.0,1.0,2.0,1.0,-1.0,1.0
14.37,2.0,2.0,0.84167639431482,0.0025804369624238,0.84167639431482,18.2628731341,0.046086745942688,0.0,1.0,1.0,1.0,2.0,1.0,-1.0,1.0
14.38,2.0,2.0,0.90469055054138,0.0026878783197578,0.90469055054138,18.2628731341,0.049537142589693,0.0,1.0,1.0,1.0,2.0,1.0,-1.0,1.0
14.39,2.0,2.0,0.95583638060556,0.0024802097190468,0.95583638060556,18.2628731341,0.052337678391953,0.0,1.0,1.0,1.0,2.0,1.0,-1.0,1.0
14.4,2.0,2.0,0.99300259031393,0.0019691447432978,0.99300259031393,18.2628731341,0.054372747542106,0.0,1.0,1.0,1.0,2.0,1.0,-1.0,1.0
14.41,2.0,2.0,1.0145671687732,0.0012307004494271,1.0145671687732,18.2628731341,0.055553535378767,0.0,1.0,1.0,1.0,2.0,1.0,-1.0,1.0
14.42,2.0,2.0,1.0193213737969,0.00050027361956691,1.0193213737969,18.2628731341,0.055813856139298,0.0,1.0,1.0,1.0,2.0,1.0,-1.0,1.0
14.43,2.0,2.0,1.0067875277563,0.00081921610866978,1.0067875277563,18.2628731341,0.05512755415666,0.0,1.0,1.0,1.0,2.0,1.0,-1.0,1.0
14.44,2.0,2.0,0.97739611006895,0.0015589618105781,0.97739611006895,18.2628731341,0.053518200717497,0.0,1.0,1.0,1.0,2.0,1.0,-1.0,1.0
14.45,2.0,2.0,0.93240752277936,0.0021148029263463,0.93240752277936,18.2628731341,0.051054810266321,0.0,1.0,1.0,1.0,2.0,1.0,-1.0,1.0
14.46,2.0,2.0,0.87432663338681,0.0023802994732425,0.87432663338681,18.2628731341,0.047874539069884,0.0,1.0,1.0,1.0,2.0,1.0,-1.0,1.0
14.47,2.0,2.0,0.80650208771407,0.002331393524913,0.80650208771407,18.2628731341,0.044160745233902,0.0,1.0,1.0,1.0,2.0,1.0,-1.0,1.0
14.48,2.0,2.0,0.73278912497564,0.0020020411623766,0.73278912497564,18.2628731341,0.040124525839661,0.0,1.0,1.0,1.0,2.0,1.0,-1.0,1.0
14.49,2.0,2.0,0.65741134812333,0.0014729828938831,0.65741134812333,18.2628731341,0.035997148055298,0.0,1.0,1.0,1.0,2.0,1.0,-1.0,1.0
14.5,2.0,2.0,0.58448161259429,0.00085894189238894,0.58448161259429,18.2628731341,0.032003814969451,0.0,1.0,1.0,1.0,2.0,1.0,-1.0,1.0
14.51,2.0,2.0,0.51768368055198,0.00036733748079442,0.51768368055198,18.2628731341,0.028346234283661,0.0,1.0,1.0,1.0,2.0,1.0,-1.0,1.0
14.52,2.0,2.0,0.46029549443528,0.00053360687098833,0.46029549443528,18.2628731341,0.025203892676439,0.0,1.0,1.0,1.0,2.0,1.0,-1.0,1.0
14.53,2.0,2.0,0.41537041717571,0.00089967122128687,0.41537041717571,18.2628731341,0.022743979773924,0.0,1.0,1.0,1.0,2.0,1.0,-1.0,1.0
14.54,2.0,2.0,0.38590603976647,0.0011460597754282,0.38590603976647,18.2628731341,0.021130631359746,0.0,1.0,1.0,1.0,2.0,1.0,-1.0,1.0
14.55,2.0,2.0,0.37428547779791,0.0012433680891725,0.37428547779791,18.2628731341,0.020494337065675,0.0,1.0,1.0,1.0,2.0,1.0,-1.0,1.0
14.56,2.0,2.0,0.38197711482045,0.0011901890367543,0.38197711482045,18.2628731341,0.020915499550135,0.0,1.0,1.0,1.0,2.0,1.0,-1.0,1.0
14.57,2.0,2.0,0.40925769366981,0.00098956658710096,0.40925769366981,18.2628731341,0.022409272115331,0.0,1.0,1.0,1.0,2.0,1.0,-1.0,1.0
14.58,2.0,2.0,0.45516614684677,0.00068211980381138,0.45516614684677,18.2628731341,0.024923030648277,0.0,1.0,1.0,1.0,2.0,1.0,-1.0,1.0
14.59,2.0,2.0,0.51742141103676,0.00054283778213904,0.51742141103676,18.2628731341,0.028331873481103,0.0,1.0,1.0,1.0,2.0,1.0,-1.0,1.0
14.6,2.0,2.0,0.59232622146024,0.00096507832254455,0.59232622146024,18.2628731341,0.032433353564411,0.0,1.0,1.0,1.0,2.0,1.0,-1.0,1.0
14.61,2.0,2.0,0.67503663571536,0.0015973201047712,0.67503663571536,18.2628731341,0.036962236487037,0.0,1.0,1.0,1.0,2.0,1.0,-1.0,1.0
14.62,2.0,2.0,0.76048017385723,0.0021758698544258,0.76048017385723,18.2628731341,0.041640774059657,0.0,1.0,1.0,1.0,2.0,1.0,-1.0,1.0
14.63,2.0,2.0,0.84363561035336,0.0025509207877236,0.84363561035336,18.2628731341,0.046194024574268,0.0,1.0,1.0,1.0,2.0,1.0,-1.0,1.0
14.64,2.0,2.0,0.91991550477005,0.0026186162272832,0.91991550477005,18.2628731341,0.050370798615055,0.0,1.0,1.0,1.0,2.0,1.0,-1.0,1.0
14.65,2.0,2.0,0.98442639512874,0.0023309984513837,0.98442639512874,18.2628731341,0.053903150282014,0.0,1.0,1.0,1.0,2.0,1.0,-1.0,1.0
14.66,2.0,2.0,1.0343376676712,0.0017126634207298,1.0343376676712,18.2628731341,0.056636086779789,0.0,1.0,1.0,1.0,2.0,1.0,-1.0,1.0
14.67,2.0,2.0,1.0670271646748,0.00087544922593273,1.0670271646748,18.2628731341,0.058426029510243,0.0,1.0,1.0,1.0,2.0,1.0,-1.0,1.0
14.68,2.0,2.0,1.080518423042,0.00046125490243674,1.080518423042,18.2628731341,0.059164755463611,0.0,1.0,1.0,1.0,2.0,1.0,-1.0,1.0
14.69,2.0,2.0,1.0739020839551,0.0012649249627266,1.0739020839551,18.2628731341,0.058802471882144,0.0,1.0,1.0,1.0,2.0,1.0,-1.0,1.0
14.7,2.0,2.0,1.0473779252842,0.0020211128963892,1.0473779252842,18.2628731341,0.057350117782319,0.0,1.0,1.0,1.0,2.0,1.0,-1.0,1.0
14.71,2.0,2.0,1.0025911741413,0.0024888335302864,1.0025911741413,18.2628731341,0.054897779050399,0.0,1.0,1.0,1.0,2.0,1.0,-1.0,1.0
14.72,2.0,2.0,0.94238929115454,0.0025979579279884,0.94238929115454,18.2628731341,0.05160137094721,0.0,1.0,1.0,1.0,2.0,1.0,-1.0,1.0
14.73,2.0,2.0,0.87068688430619,0.0023541866906643,0.87068688430619,18.2628731341,0.047675241344171,0.0,1.0,1.0,1.0,2.0,1.0,-1.0,1.0
14.74,2.0,2.0,0.79210457782595,0.0018276978974203,0.79210457782595,18.2628731341,0.043372396665613,0.0,1.0,1.0,1.0,2.0,1.0,-1.0,1.0
14.75,2.0,2.0,0.71082239168408,0.0011381255814796,0.71082239168408,18.2628731341,0.038921717654428,0.0,1.0,1.0,1.0,2.0,1.0,-1.0,1.0
14.76,2.0,2.0,0.63158739020311,0.00046469564573294,0.63158739020311,18.2628731341,0.034583134075647,0.0,1.0,1.0,1.0,2.0,1.0,-1.0,1.0
14.77,2.0,2.0,0.55851436534548,0.00044844866447644,0.55851436534548,18.2628731341,0.030581955054084,0.0,1.0,1.0,1.0,2.0,1.0,-1.0,1.0
14.78,2.0,2.0,0.49549811693,0.00089039451379241,0.49549811693,18.2628731341,0.027131443847399,0.0,1.0,1.0,1.0,2.0,1.0,-1.0,1.0
14.79,2.0,2.0,0.44634436704285,0.0011846432783099,0.44634436704285,18.2628731341,0.0244399861821,0.0,1.0,1.0,1.0,2.0,1.0,-1.0,1.0
14.8,2.0,2.0,0.41525203128457,0.0012880274459659,0.41525203128457,18.2628731341,0.022737497448264,0.0,1.0,1.0,1.0,2.0,1.0,-1.0,1.0
14.81,2.0,2.0,0.40465127892741,0.0012104676531067,0.40465127892741,18.2628731341,0.022157043744221,0.0,1.0,1.0,1.0,2.0,1.0,-1.0,1.0
14.82,2.0,2.0,0.41564189993611,0.00097310393486972,0.41564189993611,18.2628731341,0.022758845055986,0.0,1.0,1.0,1.0,2.0,1.0,-1.0,1.0
14.83,2.0,2.0,0.44815409671585,0.00063123861518194,0.44815409671585,18.2628731341,0.024539079553647,0.0,1.0,1.0,1.0,2.0,1.0,-1.0,1.0
14.84,2.0,2.0,0.50031112273697,0.00050537004589729,0.50031112273697,18.2628731341,0.027394984297559,0.0,1.0,1.0,1.0,2.0,1.0,-1.0,1.0
14.85,2.0,2.0,0.56900697422855,0.00097557584757904,0.56900697422855,18.2628731341,0.0311564872652,0.0,1.0,1.0,1.0,2.0,1.0,-1.0,1.0
14.86,2.0,2.0,0.64940064874428,0.0016115906794198,0.64940064874428,18.2628731341,0.035558515025313,0.0,1.0,1.0,1.0,2.0,1.0,-1.0,1.0
14.87,2.0,2.0,0.73615316592303,0.0021628305038106,0.73615316592303,18.2628731341,0.040308726919233,0.0,1.0,1.0,1.0,2.0,1.0,-1.0,1.0
14.88,2.0,2.0,0.82395650663644,0.0024797177854981,0.82395650663644,18.2628731341,0.045116477598367,0.0,1.0,1.0,1.0,2.0,1.0,-1.0,1.0
14.89,2.0,2.0,0.90756155799694,0.0024585437690113,0.90756155799694,18.2628731341,0.049694347178175,0.0,1.0,1.0,1.0,2.0,1.0,-1.0,1.0
14.9,2.0,2.0,0.98212024533218,0.0020604222082285,0.98212024533218,18.2628731341,0.053776874981319,0.0,1.0,1.0,1.0,2.0,1.0,-1.0,1.0
14.91,2.0,2.0,1.0432945869357,0.0013309207556242,1.0432945869357,18.2628731341,0.057126530928348,0.0,1.0,1.0,1.0,2.0,1.0,-1.0,1.0
14.92,2.0,2.0,1.0876419144722,0.00047837925890151,1.0876419144722,18.2628731341,0.059554808626548,0.0,1.0,1.0,1.0,2.0,1.0,-1.0,1.0
14.93,2.0,2.0,1.1117788799631,0.00086490260935898,1.1117788799631,18.2628731341,0.060876449822518,0.0,1.0,1.0,1.0,2.0,1.0,-1.0,1.0
14.94,2.0,2.0,1.1135759396439,0.0017758783518393,1.1135759396439,18.2628731341,0.060974849437282,0.0,1.0,1.0,1.0,2.0,1.0,-1.0,1.0
14.95,2.0,2.0,1.0931439220712,0.0024547905588227,1.0931439220712,18.2628731341,0.059856075987851,0.0,1.0,1.0,1.0,2.0,1.0,-1.0,1.0
14.96,2.0,2.0,1.0520745157545,0.0027644807167632,1.0520745157545,18.2628731341,0.057607283806296,0.0,1.0,1.0,1.0,2.0,1.0,-1.0,1.0
14.97,2.0,2.0,0.993520491875,0.0026654400075889,0.993520491875,18.2628731341,0.054401105706633,0.0,1.0,1.0,1.0,2.0,1.0,-1.0,1.0
14.98,2.0,2.0,0.92171279904831,0.0022010496403803,0.92171279904831,18.2628731341,0.050469211075409,0.0,1.0,1.0,1.0,2.0,1.0,-1.0,1.0
14.99,2.0,2.0,0.84137625893575,0.0014836424685317,0.84137625893575,18.2628731341,0.046070311760791,0.0,1.0,1.0,1.0,2.0,1.0,-1.0,1.0
15.0,2.0,2.0,0.75697048513424,0.00068118721790964,0.75697048513424,18.2628731341,0.041448597905487,0.0,1.0,1.0,1.0,2.0,1.0,-1.0,1.0
15.01,2.0,2.0,0.6731575821916,0.0003339742315994,0.6731575821916,18.2628731341,0.036859347225859,0.0,1.0,1.0,1.0,2.0,1.0,-1.0,1.0
15.02,2.0,2.0,0.59454339954294,0.0008525866237818,0.59454339954294,18.2628731341,0.032554757139107,0.0,1.0,1.0,1.0,2.0,1.0,-1.0,1.0
15.03,2.0,2.0,0.52550918637697,0.0012272335558307,0.52550918637697,18.2628731341,0.028774726874478,0.0,1.0,1.0,1.0,2.0,1.0,-1.0,1.0
15.04,2.0,2.0,0.47065567974873,0.0013598401144916,0.47065567974873,18.2628731341,0.025771173916219,0.0,1.0,1.0,1.0,2.0,1.0,-1.0,1.0
15.05,2.0,2.0,0.43461621002475,0.001270194291763,0.43461621002475,18.2628731341,0.023797800424581,0.0,1.0,1.0,1.0,2.0,1.0,-1.0,1.0
15.06,2.0,2.0,0.42004495679642,0.0010007566693066,0.42004495679642,18.2628731341,0.022999938383853,0.0,1.0,1.0,1.0,2.0,1.0,-1.0,1.0
15.07,2.0,2.0,0.42789962262279,0.00062089206552253,0.42789962262279,18.2628731341,0.023430027656701,0.0,1.0,1.0,1.0,2.0,1.0,-1.0,1.0
15.08,2.0,2.0,0.45774636569679,0.00043046741050878,0.45774636569679,18.2628731341,0.02506431284583,0.0,1.0,1.0,1.0,2.0,1.0,-1.0,1.0
15.09,2.0,2.0,0.50750278922363,0.00086709410750751,0.50750278922363,18.2628731341,0.02778877044686,0.0,1.0,1.0,1.0,2.0,1.0,-1.0,1.0
15.1,2.0,2.0,0.57372049274917,0.0014642077001905,0.57372049274917,18.2628731341,0.031414580199757,0.0,1.0,1.0,1.0,2.0,1.0,-1.0,1.0
15.11,2.0,2.0,0.65178438455012,0.0019722663298013,0.65178438455012,18.2628731341,0.03568903861754,0.0,1.0,1.0,1.0,2.0,1.0,-1.0,1.0
15.12,2.0,2.0,0.73682165524543,0.0022487209954481,0.73682165524543,18.2628731341,0.040345330651706,0.0,1.0,1.0,1.0,2.0,1.0,-1.0,1.0
15.13,2.0,2.0,0.82370557816386,0.0021909018595945,0.82370557816386,18.2628731341,0.045102737784772,0.0,1.0,1.0,1.0,2.0,1.0,-1.0,1.0
15.14,2.0,2.0,0.90735754281999,0.0017602899440125,0.90735754281999,18.2628731341,0.049683176144163,0.0,1.0,1.0,1.0,2.0,1.0,-1.0,1.0
15.15,2.0,2.0,0.9822301689489,0.0010131415694766,0.9822301689489,18.2628731341,0.053782893947552,0.0,1.0,1.0,1.0,2.0,1.0,-1.0,1.0
15.16,2.0,2.0,1.043579654344,0.00040561389878151,1.043579654344,18.2628731341,0.057142140049994,0.0,1.0,1.0,1.0,2.0,1.0,-1.0,1.0
15.17,2.0,2.0,1.0871096539545,0.0012080794344944,1.0871096539545,18.2628731341,0.059525664224467,0.0,1.0,1.0,1.0,2.0,1.0,-1.0,1.0
15.18,2.0,2.0,1.1095854099969,0.0021022454015375,1.1095854099969,18.2628731341,0.060756344407011,0.0,1.0,1.0,1.0,2.0,1.0,-1.0,1.0
15.19,2.0,2.0,1.1094209071754,0.0027072045572615,1.1094209071754,18.2628731341,0.060747336907463,0.0,1.0,1.0,1.0,2.0,1.0,-1.0,1.0
15.2,2.0,2.0,1.0865639026878,0.0028983775090971,1.0865639026878,18.2628731341,0.05949578112433,0.0,1.0,1.0,1.0,2.0,1.0,-1.0,1.0
15.21,2.0,2.0,1.0435328702751,0.0026502278799675,1.0435328702751,18.2628731341,0.057139578346336,0.0,1.0,1.0,1.0,2.0,1.0,-1.0,1.0
15.22,2.0,2.0,0.98375910510543,0.0020291366701567,0.98375910510543,18.2628731341,0.053866612218237,0.0,1.0,1.0,1.0,2.0,1.0,-1.0,1.0
15.23,2.0,2.0,0.91145585034609,0.0011777632397338,0.91145585034609,18.2628731341,0.049907582648879,0.0,1.0,1.0,1.0,2.0,1.0,-1.0,1.0
15.24,2.0,2.0,0.83089275365623,0.00034337766829107,0.83089275365623,18.2628731341,0.045496278025652,0.0,1.0,1.0,1.0,2.0,1.0,-1.0,1.0
15.25,2.0,2.0,0.74630279952738,0.00065937406363062,0.74630279952738,18.2628731341,0.040864479211319,0.0,1.0,1.0,1.0,2.0,1.0,-1.0,1.0
15.26,2.0,2.0,0.66225792929472,0.0012176692662985,0.66225792929472,18.2628731341,0.036262526954654,0.0,1.0,1.0,1.0,2.0,1.0,-1.0,1.0
15.27,2.0,2.0,0.58398829179724,0.0014927874913469,0.58398829179724,18.2628731341,0.031976802746706,0.0,1.0,1.0,1.0,2.0,1.0,-1.0,1.0
15.28,2.0,2.0,0.51669565688744,0.0014718847493148,0.51669565688744,18.2628731341,0.028292134161666,0.0,1.0,1.0,1.0,2.0,1.0,-1.0,1.0
15.29,2.0,2.0,0.46551676433945,0.0012085074199297,0.46551676433945,18.2628731341,0.025489787993448,0.0,1.0,1.0,1.0,2.0,1.0,-1.0,1.0
15.3,2.0,2.0,0.43468516100683,0.00078716225923633,0.43468516100683,18.2628731341,0.023801575897453,0.0,1.0,1.0,1.0,2.0,1.0,-1.0,1.0
15.31,2.0,2.0,0.42656190513796,0.00037073890330665,0.42656190513796,18.2628731341,0.023356779735906,0.0,1.0,1.0,1.0,2.0,1.0,-1.0,1.0
15.32,2.0,2.0,0.44118569141478,0.00057214652253374,0.44118569141478,18.2628731341,0.024157518270825,0.0,1.0,1.0,1.0,2.0,1.0,-1.0,1.0
15.33,2.0,2.0,0.47748792881643,0.0011149842593975,0.47748792881643,18.2628731341,0.026145279842353,0.0,1.0,1.0,1.0,2.0,1.0,-1.0,1.0
15.34,2.0,2.0,0.53338941281529,0.0016054690428563,0.53338941281529,18.2628731341,0.029206215741561,0.0,1.0,1.0,1.0,2.0,1.0,-1.0,1.0
15.35,2.0,2.0,0.60544758625349,0.0019079353147441,0.60544758625349,18.2628731341,0.033151825663346,0.0,1.0,1.0,1.0,2.0,1.0,-1.0,1.0
15.36,2.0,2.0,0.68962956807546,0.0019161589546307,0.68962956807546,18.2628731341,0.037761285588071,0.0,1.0,1.0,1.0,2.0,1.0,-1.0,1.0
15.37,2.0,2.0,0.78111504449558,0.0015705956026797,0.78111504449558,18.2628731341,0.042770654910651,0.0,1.0,1.0,1.0,2.0,1.0,-1.0,1.0
15.38,2.0,2.0,0.87406619349558,0.00090583065967092,0.87406619349558,18.2628731341,0.047860278450029,0.0,1.0,1.0,1.0,2.0,1.0,-1.0,1.0
15.39,2.0,2.0,0.96170616519651,0.00045474725561738,0.96170616519651,18.2628731341,0.052659083712345,0.0,1.0,1.0,1.0,2.0,1.0,-1.0,1.0
15.4,2.0,2.0,1.0379034149452,0.0013015433421974,1.0379034149452,18.2628731341,0.056831332470206,0.0,1.0,1.0,1.0,2.0,1.0,-1.0,1.0
15.41,2.0,2.0,1.0973019347557,0.0022185433359041,1.0973019347557,18.2628731341,0.060083751702072,0.0,1.0,1.0,1.0,2.0,1.0,-1.0,1.0
15.42,2.0,2.0,1.135874902185,0.0028467223128643,1.135874902185,18.2628731341,0.062195849133078,0.0,1.0,1.0,1.0,2.0,1.0,-1.0,1.0
15.43,2.0,2.0,1.1515717292205,0.0030360683217207,1.1515717292205,18.2628731341,0.06305534297724,0.0,1.0,1.0,1.0,2.0,1.0,-1.0,1.0
15.44,2.0,2.0,1.1439018335355,0.0027405413706171,1.1439018335355,18.2628731341,0.062635370959217,0.0,1.0,1.0,1.0,2.0,1.0,-1.0,1.0
15.45,2.0,2.0,1.1145279447671,0.0020226991640104,1.1145279447671,18.2628731341,0.061026977331736,0.0,1.0,1.0,1.0,2.0,1.0,-1.0,1.0
15.46,2.0,2.0,1.0660493324231,0.0010386138637524,1.0660493324231,18.2628731341,0.058372487428203,0.0,1.0,1.0,1.0,2.0,1.0,-1.0,1.0
15.47,2.0,2.0,1.001543947973,0.00022570060966481,1.001543947973,18.2628731341,0.054840437242209,0.0,1.0,1.0,1.0,2.0,1.0,-1.0,1.0
15.48,2.0,2.0,0.92473893297338,0.0010140480806446,0.92473893297338,18.2628731341,0.050634909752876,0.0,1.0,1.0,1.0,2.0,1.0,-1.0,1.0
15.49,2.0,2.0,0.84004672789434,0.0016477659739083,0.84004672789434,18.2628731341,0.045997512096047,0.0,1.0,1.0,1.0,2.0,1.0,-1.0,1.0
15.5,2.0,2.0,0.75280622721056,0.0019088465021897,0.75280622721056,18.2628731341,0.041220580227595,0.0,1.0,1.0,1.0,2.0,1.0,-1.0,1.0
15.51,2.0,2.0,0.66841437321151,0.0017933179753779,0.66841437321151,18.2628731341,0.036599628563562,0.0,1.0,1.0,1.0,2.0,1.0,-1.0,1.0
15.52,2.0,2.0,0.59323299629718,0.0013784322342104,0.59323299629718,18.2628731341,0.032483004833971,0.0,1.0,1.0,1.0,2.0,1.0,-1.0,1.0
15.53,2.0,2.0,0.53256841015124,0.00078938333877275,0.53256841015124,18.2628731341,0.029161261004263,0.0,1.0,1.0,1.0,2.0,1.0,-1.0,1.0
15.54,2.0,2.0,0.49061646592754,0.00026654821202646,0.49061646592754,18.2628731341,0.026864144667986,0.0,1.0,1.0,1.0,2.0,1.0,-1.0,1.0
15.55,2.0,2.0,0.47044567328054,0.00062883171466765,0.47044567328054,18.2628731341,0.02575967482368,0.0,1.0,1.0,1.0,2.0,1.0,-1.0,1.0
15.56,2.0,2.0,0.47342154502994,0.0011462676555513,0.47342154502994,18.2628731341,0.025922621350634,0.0,1.0,1.0,1.0,2.0,1.0,-1.0,1.0
15.57,2.0,2.0,0.49948719884729,0.0015140251498255,0.49948719884729,18.2628731341,0.027349869605931,0.0,1.0,1.0,1.0,2.0,1.0,-1.0,1.0
15.58,2.0,2.0,0.54757986127013,0.0016487423871053,0.54757986127013,18.2628731341,0.029983226475341,0.0,1.0,1.0,1.0,2.0,1.0,-1.0,1.0
15.59,2.0,2.0,0.61549538179772,0.0014856738390402,0.61549538179772,18.2628731341,0.033702001721103,0.0,1.0,1.0,1.0,2.0,1.0,-1.0,1.0
15.6,2.0,2.0,0.6994370418737,0.0010100104397111,0.6994370418737,18.2628731341,0.038298302613061,0.0,1.0,1.0,1.0,2.0,1.0,-1.0,1.0
15.61,2.0,2.0,0.79388780987952,0.00044589865494554,0.79388780987952,18.2628731341,0.04347003913624,0.0,1.0,1.0,1.0,2.0,1.0,-1.0,1.0
15.62,2.0,2.0,0.8917336010731,0.00098902793237845,0.8917336010731,18.2628731341,0.048827673199354,0.0,1.0,1.0,1.0,2.0,1.0,-1.0,1.0
15.63,2.0,2.0,0.98492447892297,0.0019191416368883,0.98492447892297,18.2628731341,0.053930423306941,0.0,1.0,1.0,1.0,2.0,1.0,-1.0,1.0
15.64,2.0,2.0,1.0675029717838,0.0026622857434979,1.0675029717838,18.2628731341,0.058452082755294,0.0,1.0,1.0,1.0,2.0,1.0,-1.0,1.0
15.65,2.0,2.0,1.1342144097082,0.0030080888257479,1.1342144097082,18.2628731341,0.062104927378071,0.0,1.0,1.0,1.0,2.0,1.0,-1.0,1.0
15.66,2.0,2.0,1.1812914616093,0.0028489427085634,1.1812914616093,18.2628731341,0.064682673582372,0.0,1.0,1.0,1.0,2.0,1.0,-1.0,1.0
15.67,2.0,2.0,1.2061819512787,0.0021926984473752,1.2061819512787,18.2628731341,0.066045574670644,0.0,1.0,1.0,1.0,2.0,1.0,-1.0,1.0
15.68,2.0,2.0,1.2078607319403,0.0011658532629268,1.2078607319403,18.2628731341,0.06613749781161,0.0,1.0,1.0,1.0,2.0,1.0,-1.0,1.0
15.69,2.0,2.0,1.1865072541118,0.00018000006207443,1.1865072541118,18.2628731341,0.064968268979344,0.0,1.0,1.0,1.0,2.0,1.0,-1.0,1.0
15.7,2.0,2.0,1.1434648028314,0.0011873868968765,1.1434648028314,18.2628731341,0.062611440951005,0.0,1.0,1.0,1.0,2.0,1.0,-1.0,1.0
15.71,2.0,2.0,1.0812702733028,0.0020190833322874,1.0812702733028,18.2628731341,0.05920592369904,0.0,1.0,1.0,1.0,2.0,1.0,-1.0,1.0
15.72,2.0,2.0,1.0040633768551,0.0024224356073398,1.0040633768551,18.2628731341,0.05497839083054,0.0,1.0,1.0,1.0,2.0,1.0,-1.0,1.0
15.73,2.0,2.0,0.91734436221362,0.0023551791492947,0.91734436221362,18.2628731341,0.050230013398099,0.0,1.0,1.0,1.0,2.0,1.0,-1.0,1.0
15.74,2.0,2.0,0.82719540849311,0.001880997294294,0.82719540849311,18.2628731341,0.045293826574779,0.0,1.0,1.0,1.0,2.0,1.0,-1.0,1.0
15.75,2.0,2.0,0.73955770946402,0.0011437172101756,0.73955770946402,18.2628731341,0.040495145754648,0.0,1.0,1.0,1.0,2.0,1.0,-1.0,1.0
15.76,2.0,2.0,0.65919949687714,0.0003516590374131,0.65919949687714,18.2628731341,0.036095059744258,0.0,1.0,1.0,1.0,2.0,1.0,-1.0,1.0
15.77,2.0,2.0,0.59095060745351,0.00050936567141358,0.59095060745351,18.2628731341,0.032358030585565,0.0,1.0,1.0,1.0,2.0,1.0,-1.0,1.0
15.78,2.0,2.0,0.5387197848033,0.0010590255578177,0.5387197848033,18.2628731341,0.029498085041034,0.0,1.0,1.0,1.0,2.0,1.0,-1.0,1.0
15.79,2.0,2.0,0.50596661503439,0.0013746488445843,0.50596661503439,18.2628731341,0.027704655851201,0.0,1.0,1.0,1.0,2.0,1.0,-1.0,1.0
15.8,2.0,2.0,0.49556769582956,0.001424892172419,0.49556769582956,18.2628731341,0.027135253702455,0.0,1.0,1.0,1.0,2.0,1.0,-1.0,1.0
15.81,2.0,2.0,0.50932612260506,0.0012123806200245,0.50932612260506,18.2628731341,0.027888608701664,0.0,1.0,1.0,1.0,2.0,1.0,-1.0,1.0
15.82,2.0,2.0,0.54710296790904,0.00077087765479974,0.54710296790904,18.2628731341,0.029957113751587,0.0,1.0,1.0,1.0,2.0,1.0,-1.0,1.0
15.83,2.0,2.0,0.60656529798329,0.00040528847037809,0.60656529798329,18.2628731341,0.033213026971683,0.0,1.0,1.0,1.0,2.0,1.0,-1.0,1.0
15.84,2.0,2.0,0.68335442196904,0.00097851495032949,0.68335442196904,18.2628731341,0.037417684334296,0.0,1.0,1.0,1.0,2.0,1.0,-1.0,1.0
15.85,2.0,2.0,0.77172982481104,0.0017612276828236,0.77172982481104,18.2628731341,0.042256758788413,0.0,1.0,1.0,1.0,2.0,1.0,-1.0,1.0
15.86,2.0,2.0,0.86540032866031,0.0023676938161127,0.86540032866031,18.2628731341,0.047385771247814,0.0,1.0,1.0,1.0,2.0,1.0,-1.0,1.0
15.87,2.0,2.0,0.95746474106587,0.002604902575214,0.95746474106587,18.2628731341,0.052426840729574,0.0,1.0,1.0,1.0,2.0,1.0,-1.0,1.0
15.88,2.0,2.0,1.0435485570907,0.0023660133483871,1.0435485570907,18.2628731341,0.057140437291994,0.0,1.0,1.0,1.0,2.0,1.0,-1.0,1.0
15.89,2.0,2.0,1.1187769607772,0.0016500703311989,1.1187769607772,18.2628731341,0.061259636014677,0.0,1.0,1.0,1.0,2.0,1.0,-1.0,1.0
15.9,2.0,2.0,1.1775949294306,0.00059008031178286,1.1775949294306,18.2628731341,0.064480266647192,0.0,1.0,1.0,1.0,2.0,1.0,-1.0,1.0
15.91,2.0,2.0,1.2156332926766,0.00072508054522854,1.2156332926766,18.2628731341,0.066563091346609,0.0,1.0,1.0,1.0,2.0,1.0,-1.0,1.0
15.92,2.0,2.0,1.2304243490282,0.0018474070363213,1.2304243490282,18.2628731341,0.067372988904512,0.0,1.0,1.0,1.0,2.0,1.0,-1.0,1.0
15.93,2.0,2.0,1.221245259331,0.0026515241831825,1.221245259331,18.2628731341,0.066870379614624,0.0,1.0,1.0,1.0,2.0,1.0,-1.0,1.0
15.94,2.0,2.0,1.1895110049823,0.0029656913238352,1.1895110049823,18.2628731341,0.065132742052579,0.0,1.0,1.0,1.0,2.0,1.0,-1.0,1.0
15.95,2.0,2.0,1.1378395289092,0.0027430549950592,1.1378395289092,18.2628731341,0.062303424031601,0.0,1.0,1.0,1.0,2.0,1.0,-1.0,1.0
15.96,2.0,2.0,1.070569728373,0.0020595630051842,1.070569728373,18.2628731341,0.058620005763171,0.0,1.0,1.0,1.0,2.0,1.0,-1.0,1.0
15.97,2.0,2.0,0.99229732490395,0.001089563348826,0.99229732490395,18.2628731341,0.054334130101969,0.0,1.0,1.0,1.0,2.0,1.0,-1.0,1.0
15.98,2.0,2.0,0.90735540152174,0.0001559909263859,0.90735540152174,18.2628731341,0.049683058895457,0.0,1.0,1.0,1.0,2.0,1.0,-1.0,1.0
15.99,2.0,2.0,0.82028674134844,0.00087882170583829,0.82028674134844,18.2628731341,0.044915536308294,0.0,1.0,1.0,1.0,2.0,1.0,-1.0,1.0
16.0,2.0,2.0,0.73552804381358,0.0014705508737724,0.73552804381358,18.2628731341,0.040274497797404,0.0,1.0,1.0,1.0,2.0,1.0,-1.0,1.0
16.01,2.0,2.0,0.65739311058327,0.0016887679126984,0.65739311058327,18.2628731341,0.035996149442433,0.0,1.0,1.0,1.0,2.0,1.0,-1.0,1.0
16.02,2.0,2.0,0.59088269750282,0.0015454648718209,0.59088269750282,18.2628731341,0.032354312115301,0.0,1.0,1.0,1.0,2.0,1.0,-1.0,1.0
16.03,2.0,2.0,0.5410980702632,0.0011212833366816,0.5410980702632,18.2628731341,0.02962831019468,0.0,1.0,1.0,1.0,2.0,1.0,-1.0,1.0
16.04,2.0,2.0,0.51158017785466,0.00054410593992489,0.51158017785466,18.2628731341,0.028012031518712,0.0,1.0,1.0,1.0,2.0,1.0,-1.0,1.0
16.05,2.0,2.0,0.50427302691855,0.00035749399538164,0.50427302691855,18.2628731341,0.027611921914794,0.0,1.0,1.0,1.0,2.0,1.0,-1.0,1.0
16.06,2.0,2.0,0.51934583231221,0.00094956399651463,0.51934583231221,18.2628731341,0.028437246894219,0.0,1.0,1.0,1.0,2.0,1.0,-1.0,1.0
16.07,2.0,2.0,0.55557508773986,0.0014963301470973,0.55557508773986,18.2628731341,0.030421012272297,0.0,1.0,1.0,1.0,2.0,1.0,-1.0,1.0
16.08,2.0,2.0,0.61092045722766,0.0018242929227558,0.61092045722766,18.2628731341,0.033451497622625,0.0,1.0,1.0,1.0,2.0,1.0,-1.0,1.0
16.09,2.0,2.0,0.68258899663954,0.0018234267648344,0.68258899663954,18.2628731341,0.037375772783803,0.0,1.0,1.0,1.0,2.0,1.0,-1.0,1.0
16.1,2.0,2.0,0.76680825850785,0.0014344456327876,0.76680825850785,18.2628731341,0.041987274010905,0.0,1.0,1.0,1.0,2.0,1.0,-1.0,1.0
16.11,2.0,2.0,0.85825057615869,0.00070577212135774,0.85825057615869,18.2628731341,0.04699428013636,0.0,1.0,1.0,1.0,2.0,1.0,-1.0,1.0
16.12,2.0,2.0,0.94994938394061,0.00055190692256779,0.94994938394061,18.2628731341,0.05201533060901,0.0,1.0,1.0,1.0,2.0,1.0,-1.0,1.0
16.13,2.0,2.0,1.0369604412711,0.0015658607934128,1.0369604412711,18.2628731341,0.056779699100845,0.0,1.0,1.0,1.0,2.0,1.0,-1.0,1.0
16.14,2.0,2.0,1.1123362826531,0.0024719724852553,1.1123362826531,18.2628731341,0.060906970906793,0.0,1.0,1.0,1.0,2.0,1.0,-1.0,1.0
16.15,2.0,2.0,1.1711254081967,0.0029899512667704,1.1711254081967,18.2628731341,0.064126022208959,0.0,1.0,1.0,1.0,2.0,1.0,-1.0,1.0
16.16,2.0,2.0,1.2104889607193,0.002975743664942,1.2104889607193,18.2628731341,0.066281408835894,0.0,1.0,1.0,1.0,2.0,1.0,-1.0,1.0
16.17,2.0,2.0,1.2293213982831,0.002412087690021,1.2293213982831,18.2628731341,0.067312595847131,0.0,1.0,1.0,1.0,2.0,1.0,-1.0,1.0
16.18,2.0,2.0,1.2275446117126,0.0014111344086177,1.2275446117126,18.2628731341,0.06721530630471,0.0,1.0,1.0,1.0,2.0,1.0,-1.0,1.0
16.19,2.0,2.0,1.2057190606058,0.00020797331856317,1.2057190606058,18.2628731341,0.066020228676641,0.0,1.0,1.0,1.0,2.0,1.0,-1.0,1.0
16.2,2.0,2.0,1.1647122787197,0.0010267755736253,1.1647122787197,18.2628731341,0.063774865551959,0.0,1.0,1.0,1.0,2.0,1.0,-1.0,1.0
16.21,2.0,2.0,1.1059462332661,0.0019464980159032,1.1059462332661,18.2628731341,0.060557078020823,0.0,1.0,1.0,1.0,2.0,1.0,-1.0,1.0
16.22,2.0,2.0,1.0328453899999,0.002423327248211,1.0328453899999,18.2628731341,0.056554375777348,0.0,1.0,1.0,1.0,2.0,1.0,-1.0,1.0
16.23,2.0,2.0,0.95017211443194,0.0023976432316902,0.95017211443194,18.2628731341,0.052027526416849,0.0,1.0,1.0,1.0,2.0,1.0,-1.0,1.0
16.24,2.0,2.0,0.86386651187875,0.0019272826118532,0.86386651187875,18.2628731341,0.047301785734127,0.0,1.0,1.0,1.0,2.0,1.0,-1.0,1.0
16.25,2.0,2.0,0.77904130871838,0.0011607006845776,0.77904130871838,18.2628731341,0.042657105648058,0.0,1.0,1.0,1.0,2.0,1.0,-1.0,1.0
16.26,2.0,2.0,0.69995057187843,0.00031817466169334,0.69995057187843,18.2628731341,0.038326421409099,0.0,1.0,1.0,1.0,2.0,1.0,-1.0,1.0
16.27,2.0,2.0,0.62990973740103,0.00056111996707006,0.62990973740103,18.2628731341,0.034491272691638,0.0,1.0,1.0,1.0,2.0,1.0,-1.0,1.0
16.28,2.0,2.0,0.57168603825842,0.0011296045943193,0.57168603825842,18.2628731341,0.031303181819238,0.0,1.0,1.0,1.0,2.0,1.0,-1.0,1.0
16.29,2.0,2.0,0.52914548678884,0.0014166166775034,0.52914548678884,18.2628731341,0.028973835765241,0.0,1.0,1.0,1.0,2.0,1.0,-1.0,1.0
16.3,2.0,2.0,0.5054127503853,0.0014003794594842,0.5054127503853,18.2628731341,0.027674328495532,0.0,1.0,1.0,1.0,2.0,1.0,-1.0,1.0
16.31,2.0,2.0,0.50302195783469,0.0011072276305346,0.50302195783469,18.2628731341,0.027543418504915,0.0,1.0,1.0,1.0,2.0,1.0,-1.0,1.0
16.32,2.0,2.0,0.52295104557866,0.00061082211490714,0.52295104557866,18.2628731341,0.02863465358045,0.0,1.0,1.0,1.0,2.0,1.0,-1.0,1.0
16.33,2.0,2.0,0.56415932278878,0.00041661641141824,0.56415932278878,18.2628731341,0.03089104976234,0.0,1.0,1.0,1.0,2.0,1.0,-1.0,1.0
16.34,2.0,2.0,0.62387347635785,0.0010796202279532,0.62387347635785,18.2628731341,0.034160751803777,0.0,1.0,1.0,1.0,2.0,1.0,-1.0,1.0
16.35,2.0,2.0,0.69798393905597,0.0017690977099468,0.69798393905597,18.2628731341,0.038218736664863,0.0,1.0,1.0,1.0,2.0,1.0,-1.0,1.0
16.36,2.0,2.0,0.78159633790494,0.0022170059143701,0.78159633790494,18.2628731341,0.042797008562993,0.0,1.0,1.0,1.0,2.0,1.0,-1.0,1.0
16.37,2.0,2.0,0.86960722657582,0.002264400003459,0.86960722657582,18.2628731341,0.047616123716707,0.0,1.0,1.0,1.0,2.0,1.0,-1.0,1.0
16.38,2.0,2.0,0.95909541093046,0.0018369729948515,0.95909541093046,18.2628731341,0.052516129520697,0.0,1.0,1.0,1.0,2.0,1.0,-1.0,1.0
16.39,2.0,2.0,1.0438406039604,0.00097536886237486,1.0438406039604,18.2628731341,0.057156428580307,0.0,1.0,1.0,1.0,2.0,1.0,-1.0,1.0
16.4,2.0,2.0,1.1182191152386,0.00032257900682004,1.1182191152386,18.2628731341,0.061229090681832,0.0,1.0,1.0,1.0,2.0,1.0,-1.0,1.0
16.41,2.0,2.0,1.1766592450034,0.0014578527072492,1.1766592450034,18.2628731341,0.064429032407083,0.0,1.0,1.0,1.0,2.0,1.0,-1.0,1.0
16.42,2.0,2.0,1.2153247701989,0.0024493758305511,1.2153247701989,18.2628731341,0.066546197921598,0.0,1.0,1.0,1.0,2.0,1.0,-1.0,1.0
16.43,2.0,2.0,1.2321494176444,0.0030010217838176,1.2321494176444,18.2628731341,0.067467446583954,0.0,1.0,1.0,1.0,2.0,1.0,-1.0,1.0
16.44,2.0,2.0,1.2273108288874,0.0029849660375448,1.2273108288874,18.2628731341,0.067202505316417,0.0,1.0,1.0,1.0,2.0,1.0,-1.0,1.0
16.45,2.0,2.0,1.2026064266851,0.002410598919574,1.2026064266851,18.2628731341,0.065849793614326,0.0,1.0,1.0,1.0,2.0,1.0,-1.0,1.0
16.46,2.0,2.0,1.1602587836614,0.001417498768488,1.1602587836614,18.2628731341,0.06353101043532,0.0,1.0,1.0,1.0,2.0,1.0,-1.0,1.0
16.47,2.0,2.0,1.1030541653894,0.00024711560195786,1.1030541653894,18.2628731341,0.060398720250089,0.0,1.0,1.0,1.0,2.0,1.0,-1.0,1.0
16.48,2.0,2.0,1.0330470130102,0.00088769731635273,1.0330470130102,18.2628731341,0.05656541582613,0.0,1.0,1.0,1.0,2.0,1.0,-1.0,1.0
16.49,2.0,2.0,0.95338273415848,0.0017010874973058,0.95338273415848,18.2628731341,0.052203326779856,0.0,1.0,1.0,1.0,2.0,1.0,-1.0,1.0
16.5,2.0,2.0,0.8683134010936,0.0020778595659545,0.8683134010936,18.2628731341,0.047545279141884,0.0,1.0,1.0,1.0,2.0,1.0,-1.0,1.0
16.51,2.0,2.0,0.78324407629227,0.0019896954727961,0.78324407629227,18.2628731341,0.04288723195639,0.0,1.0,1.0,1.0,2.0,1.0,-1.0,1.0
16.52,2.0,2.0,0.70350930208171,0.0015141362711091,0.70350930208171,18.2628731341,0.038521282873511,0.0,1.0,1.0,1.0,2.0,1.0,-1.0,1.0
16.53,2.0,2.0,0.63349840470645,0.00080409195084465,0.63349840470645,18.2628731341,0.034687773388931,0.0,1.0,1.0,1.0,2.0,1.0,-1.0,1.0
16.54,2.0,2.0,0.57603665552419,0.00018676672196817,0.57603665552419,18.2628731341,0.031541403770069,0.0,1.0,1.0,1.0,2.0,1.0,-1.0,1.0
16.55,2.0,2.0,0.53413633366751,0.00073175174011642,0.53413633366751,18.2628731341,0.029247114062803,0.0,1.0,1.0,1.0,2.0,1.0,-1.0,1.0
16.56,2.0,2.0,0.51008203202146,0.0012246667187381,0.51008203202146,18.2628731341,0.0279299991998,0.0,1.0,1.0,1.0,2.0,1.0,-1.0,1.0
16.57,2.0,2.0,0.50573752623514,0.0014597744528571,0.50573752623514,18.2628731341,0.027692111888509,0.0,1.0,1.0,1.0,2.0,1.0,-1.0,1.0
16.58,2.0,2.0,0.52244945465416,0.0013965044940272,0.52244945465416,18.2628731341,0.028607188519459,0.0,1.0,1.0,1.0,2.0,1.0,-1.0,1.0
16.59,2.0,2.0,0.56045838415966,0.0010309951944661,0.56045838415966,18.2628731341,0.030688401548012,0.0,1.0,1.0,1.0,2.0,1.0,-1.0,1.0
16.6,2.0,2.0,0.61827337880245,0.00046608099793984,0.61827337880245,18.2628731341,0.033854113438921,0.0,1.0,1.0,1.0,2.0,1.0,-1.0,1.0
16.61,2.0,2.0,0.69231560565598,0.00067914828605452,0.69231560565598,18.2628731341,0.037908361985131,0.0,1.0,1.0,1.0,2.0,1.0,-1.0,1.0
16.62,2.0,2.0,0.77667987399728,0.0015191679009664,0.77667987399728,18.2628731341,0.04252780317173,0.0,1.0,1.0,1.0,2.0,1.0,-1.0,1.0
16.63,2.0,2.0,0.86667670218849,0.0022299275192971,0.86667670218849,18.2628731341,0.047455660225238,0.0,1.0,1.0,1.0,2.0,1.0,-1.0,1.0
16.64,2.0,2.0,0.95761548897338,0.0025725480498368,0.95761548897338,18.2628731341,0.052435095066468,0.0,1.0,1.0,1.0,2.0,1.0,-1.0,1.0
16.65,2.0,2.0,1.0437986573225,0.0024034803938809,1.0437986573225,18.2628731341,0.057154131754525,0.0,1.0,1.0,1.0,2.0,1.0,-1.0,1.0
16.66,2.0,2.0,1.1205507962994,0.0017028606417584,1.1205507962994,18.2628731341,0.0613567639698,0.0,1.0,1.0,1.0,2.0,1.0,-1.0,1.0
16.67,2.0,2.0,1.1833516487527,0.00059617967863656,1.1833516487527,18.2628731341,0.064795480977372,0.0,1.0,1.0,1.0,2.0,1.0,-1.0,1.0
16.68,2.0,2.0,1.2283315960113,0.00073470887851147,1.2283315960113,18.2628731341,0.0672583983359,0.0,1.0,1.0,1.0,2.0,1.0,-1.0,1.0
16.69,2.0,2.0,1.2522526956034,0.0019226728745067,1.2522526956034,18.2628731341,0.068568219600957,0.0,1.0,1.0,1.0,2.0,1.0,-1.0,1.0
16.7,2.0,2.0,1.254098164493,0.002745050073196,1.254098164493,18.2628731341,0.068669269905365,0.0,1.0,1.0,1.0,2.0,1.0,-1.0,1.0
16.71,2.0,2.0,1.2347641348072,0.0030181255809053,1.2347641348072,18.2628731341,0.067610617767567,0.0,1.0,1.0,1.0,2.0,1.0,-1.0,1.0
16.72,2.0,2.0,1.196574215886,0.0026967202426641,1.196574215886,18.2628731341,0.065519494501213,0.0,1.0,1.0,1.0,2.0,1.0,-1.0,1.0
16.73,2.0,2.0,1.1430454863688,0.0018771588780966,1.1430454863688,18.2628731341,0.062588480901977,0.0,1.0,1.0,1.0,2.0,1.0,-1.0,1.0
16.74,2.0,2.0,1.0773613087833,0.00076701197292977,1.0773613087833,18.2628731341,0.05899188484049,0.0,1.0,1.0,1.0,2.0,1.0,-1.0,1.0
16.75,2.0,2.0,1.0020690062487,0.00038745624289979,1.0020690062487,18.2628731341,0.054869187279061,0.0,1.0,1.0,1.0,2.0,1.0,-1.0,1.0
16.76,2.0,2.0,0.92057127909629,0.0013098356131501,0.92057127909629,18.2628731341,0.050406706126509,0.0,1.0,1.0,1.0,2.0,1.0,-1.0,1.0
16.77,2.0,2.0,0.83659341989706,0.0018458408169862,0.83659341989706,18.2628731341,0.045808423119087,0.0,1.0,1.0,1.0,2.0,1.0,-1.0,1.0
16.78,2.0,2.0,0.75507827260855,0.0019252470024033,0.75507827260855,18.2628731341,0.041344988111355,0.0,1.0,1.0,1.0,2.0,1.0,-1.0,1.0
16.79,2.0,2.0,0.68086875362082,0.0015897541749629,0.68086875362082,18.2628731341,0.037281579334279,0.0,1.0,1.0,1.0,2.0,1.0,-1.0,1.0
16.8,2.0,2.0,0.61813776406046,0.00096523463828929,0.61813776406046,18.2628731341,0.033846687732079,0.0,1.0,1.0,1.0,2.0,1.0,-1.0,1.0
16.81,2.0,2.0,0.56934676252128,0.00026561754898328,0.56934676252128,18.2628731341,0.031175092677954,0.0,1.0,1.0,1.0,2.0,1.0,-1.0,1.0
16.82,2.0,2.0,0.53733504416238,0.00059225787996254,0.53733504416238,18.2628731341,0.029422262325148,0.0,1.0,1.0,1.0,2.0,1.0,-1.0,1.0
16.83,2.0,2.0,0.52352305645433,0.0011632957021636,0.52352305645433,18.2628731341,0.028665974549033,0.0,1.0,1.0,1.0,2.0,1.0,-1.0,1.0
16.84,2.0,2.0,0.5289410532214,0.0015016766363695,0.5289410532214,18.2628731341,0.028962641821882,0.0,1.0,1.0,1.0,2.0,1.0,-1.0,1.0
16.85,2.0,2.0,0.5542268390889,0.0015325321500191,0.5542268390889,18.2628731341,0.030347187708053,0.0,1.0,1.0,1.0,2.0,1.0,-1.0,1.0
16.86,2.0,2.0,0.59919288982561,0.0012236197160124,0.59919288982561,18.2628731341,0.032809344150062,0.0,1.0,1.0,1.0,2.0,1.0,-1.0,1.0
16.87,2.0,2.0,0.66208990656286,0.00062288769433419,0.66208990656286,18.2628731341,0.036253326719257,0.0,1.0,1.0,1.0,2.0,1.0,-1.0,1.0
16.88,2.0,2.0,0.73883696203282,0.00051000870218251,0.73883696203282,18.2628731341,0.040455680582552,0.0,1.0,1.0,1.0,2.0,1.0,-1.0,1.0
16.89,2.0,2.0,0.82420762146031,0.0013937705742555,0.82420762146031,18.2628731341,0.045130227615794,0.0,1.0,1.0,1.0,2.0,1.0,-1.0,1.0
16.9,2.0,2.0,0.91386231839549,0.0022016235604634,0.91386231839549,18.2628731341,0.050039350965492,0.0,1.0,1.0,1.0,2.0,1.0,-1.0,1.0
16.91,2.0,2.0,1.0018957685834,0.0026476804751239,1.0018957685834,18.2628731341,0.054859701495306,0.0,1.0,1.0,1.0,2.0,1.0,-1.0,1.0
16.92,2.0,2.0,1.0836033796393,0.0025680103366216,1.0836033796393,18.2628731341,0.059333675029263,0.0,1.0,1.0,1.0,2.0,1.0,-1.0,1.0
16.93,2.0,2.0,1.1551249989277,0.0019251903068115,1.1551249989277,18.2628731341,0.06324990544729,0.0,1.0,1.0,1.0,2.0,1.0,-1.0,1.0
16.94,2.0,2.0,1.2126253720433,0.00082842516011717,1.2126253720433,18.2628731341,0.066398389954267,0.0,1.0,1.0,1.0,2.0,1.0,-1.0,1.0
16.95,2.0,2.0,1.2528674363947,0.0005119653063353,1.2528674363947,18.2628731341,0.068601880284401,0.0,1.0,1.0,1.0,2.0,1.0,-1.0,1.0
16.96,2.0,2.0,1.2733005927553,0.001762831060581,1.2733005927553,18.2628731341,0.069720716089181,0.0,1.0,1.0,1.0,2.0,1.0,-1.0,1.0
16.97,2.0,2.0,1.2729620838195,0.0026676974710705,1.2729620838195,18.2628731341,0.069702180728763,0.0,1.0,1.0,1.0,2.0,1.0,-1.0,1.0
16.98,2.0,2.0,1.2524639027507,0.0030246873280728,1.2524639027507,18.2628731341,0.06857978443776,0.0,1.0,1.0,1.0,2.0,1.0,-1.0,1.0
16.99,2.0,2.0,1.2144606446263,0.0027706765380966,1.2144606446263,18.2628731341,0.066498881950764,0.0,1.0,1.0,1.0,2.0,1.0,-1.0,1.0
17.0,2.0,2.0,1.1620129527539,0.0019885112925029,1.1620129527539,18.2628731341,0.063627061537446,0.0,1.0,1.0,1.0,2.0,1.0,-1.0,1.0
17.01,2.0,2.0,1.0984354473731,0.00087982701666766,1.0984354473731,18.2628731341,0.06014581820218,0.0,1.0,1.0,1.0,2.0,1.0,-1.0,1.0
17.02,2.0,2.0,1.0259231944279,0.00030021578656869,1.0259231944279,18.2628731341,0.056175344749687,0.0,1.0,1.0,1.0,2.0,1.0,-1.0,1.0
17.03,2.0,2.0,0.94710439938002,0.0012731975690105,0.94710439938002,18.2628731341,0.051859550927483,0.0,1.0,1.0,1.0,2.0,1.0,-1.0,1.0
17.04,2.0,2.0,0.86540246259336,0.0018636029482779,0.86540246259336,18.2628731341,0.047385888093232,0.0,1.0,1.0,1.0,2.0,1.0,-1.0,1.0
17.05,2.0,2.0,0.78492166161368,0.0019857347887126,0.78492166161368,18.2628731341,0.042979089645434,0.0,1.0,1.0,1.0,2.0,1.0,-1.0,1.0
17.06,2.0,2.0,0.7104861918464,0.0016715838311481,0.7104861918464,18.2628731341,0.038903308730749,0.0,1.0,1.0,1.0,2.0,1.0,-1.0,1.0
17.07,2.0,2.0,0.64595544774879,0.0010438492036514,0.64595544774879,18.2628731341,0.035369869954508,0.0,1.0,1.0,1.0,2.0,1.0,-1.0,1.0
17.08,2.0,2.0,0.59397434859173,0.0003053451292556,0.59397434859173,18.2628731341,0.032523598243842,0.0,1.0,1.0,1.0,2.0,1.0,-1.0,1.0
17.09,2.0,2.0,0.55623168238416,0.00055285668930617,0.55623168238416,18.2628731341,0.030456964701002,0.0,1.0,1.0,1.0,2.0,1.0,-1.0,1.0
17.1,2.0,2.0,0.5345316748089,0.0011385174950629,0.5345316748089,18.2628731341,0.029268761321615,0.0,1.0,1.0,1.0,2.0,1.0,-1.0,1.0
17.11,2.0,2.0,0.53010124272399,0.0014782343822755,0.53010124272399,18.2628731341,0.02902616903877,0.0,1.0,1.0,1.0,2.0,1.0,-1.0,1.0
17.12,2.0,2.0,0.54403345838765,0.0015025284411662,0.54403345838765,18.2628731341,0.029789040004436,0.0,1.0,1.0,1.0,2.0,1.0,-1.0,1.0
17.13,2.0,2.0,0.57687079701778,0.0011915638571322,0.57687079701778,18.2628731341,0.031587077935763,0.0,1.0,1.0,1.0,2.0,1.0,-1.0,1.0
17.14,2.0,2.0,0.62783222431019,0.00060292085666453,0.62783222431019,18.2628731341,0.034377516598849,0.0,1.0,1.0,1.0,2.0,1.0,-1.0,1.0
17.15,2.0,2.0,0.69415725422712,0.00049254821266887,0.69415725422712,18.2628731341,0.038009203104577,0.0,1.0,1.0,1.0,2.0,1.0,-1.0,1.0
17.16,2.0,2.0,0.77074788876378,0.0013373969305687,0.77074788876378,18.2628731341,0.042202991999362,0.0,1.0,1.0,1.0,2.0,1.0,-1.0,1.0
17.17,2.0,2.0,0.85464215168943,0.0021030013696657,0.85464215168943,18.2628731341,0.046796697617839,0.0,1.0,1.0,1.0,2.0,1.0,-1.0,1.0
17.18,2.0,2.0,0.94124287964234,0.0025154411587454,0.94124287964234,18.2628731341,0.051538598156545,0.0,1.0,1.0,1.0,2.0,1.0,-1.0,1.0
17.19,2.0,2.0,1.0257390871131,0.0024138027915941,1.0257390871131,18.2628731341,0.056165263788528,0.0,1.0,1.0,1.0,2.0,1.0,-1.0,1.0
17.2,2.0,2.0,1.1046437996385,0.0017605094146439,1.1046437996385,18.2628731341,0.06048576209928,0.0,1.0,1.0,1.0,2.0,1.0,-1.0,1.0
17.21,2.0,2.0,1.17354435458,0.00066343081380638,1.17354435458,18.2628731341,0.064258473787939,0.0,1.0,1.0,1.0,2.0,1.0,-1.0,1.0
17.22,2.0,2.0,1.2283815766411,0.00067832377816862,1.2283815766411,18.2628731341,0.067261135070118,0.0,1.0,1.0,1.0,2.0,1.0,-1.0,1.0
17.23,2.0,2.0,1.2655015736743,0.0019156351248634,1.2655015736743,18.2628731341,0.069293673803791,0.0,1.0,1.0,1.0,2.0,1.0,-1.0,1.0
17.24,2.0,2.0,1.2831357407531,0.0027908518993959,1.2831357407531,18.2628731341,0.070259248439789,0.0,1.0,1.0,1.0,2.0,1.0,-1.0,1.0
17.25,2.0,2.0,1.2812004121962,0.0030978647635565,1.2812004121962,18.2628731341,0.070153277788694,0.0,1.0,1.0,1.0,2.0,1.0,-1.0,1.0
17.26,2.0,2.0,1.2611873877807,0.0027731269435901,1.2611873877807,18.2628731341,0.069057446685421,0.0,1.0,1.0,1.0,2.0,1.0,-1.0,1.0
17.27,2.0,2.0,1.225487396374,0.0019057647466448,1.225487396374,18.2628731341,0.067102661633555,0.0,1.0,1.0,1.0,2.0,1.0,-1.0,1.0
17.28,2.0,2.0,1.1763882304265,0.00070998717674882,1.1763882304265,18.2628731341,0.064414192760833,0.0,1.0,1.0,1.0,2.0,1.0,-1.0,1.0
17.29,2.0,2.0,1.1158364362522,0.00053471458122264,1.1158364362522,18.2628731341,0.061098624956701,0.0,1.0,1.0,1.0,2.0,1.0,-1.0,1.0
17.3,2.0,2.0,1.0456100432089,0.0015516514458789,1.0456100432089,18.2628731341,0.057253315813521,0.0,1.0,1.0,1.0,2.0,1.0,-1.0,1.0
17.31,2.0,2.0,0.96799633808567,0.002138924582686,0.96799633808567,18.2628731341,0.053003507771088,0.0,1.0,1.0,1.0,2.0,1.0,-1.0,1.0
17.32,2.0,2.0,0.8870342468213,0.0022114331233594,0.8870342468213,18.2628731341,0.048570355842042,0.0,1.0,1.0,1.0,2.0,1.0,-1.0,1.0
17.33,2.0,2.0,0.8070921014189,0.0018108861523253,0.8070921014189,18.2628731341,0.044193051963545,0.0,1.0,1.0,1.0,2.0,1.0,-1.0,1.0
17.34,2.0,2.0,0.7326225351877,0.0010827995288497,0.7326225351877,18.2628731341,0.040115404066394,0.0,1.0,1.0,1.0,2.0,1.0,-1.0,1.0
17.35,2.0,2.0,0.66659389167542,0.00025587228669107,0.66659389167542,18.2628731341,0.036499946464107,0.0,1.0,1.0,1.0,2.0,1.0,-1.0,1.0
17.36,2.0,2.0,0.61088334061022,0.00061796385702732,0.61088334061022,18.2628731341,0.033449465268945,0.0,1.0,1.0,1.0,2.0,1.0,-1.0,1.0
17.37,2.0,2.0,0.5665563645296,0.0011905937955196,0.5665563645296,18.2628731341,0.031022301932971,0.0,1.0,1.0,1.0,2.0,1.0,-1.0,1.0
17.38,2.0,2.0,0.53591101628079,0.0014579692251046,0.53591101628079,18.2628731341,0.029344288401158,0.0,1.0,1.0,1.0,2.0,1.0,-1.0,1.0
17.39,2.0,2.0,0.52128569326812,0.0013886679334627,0.52128569326812,18.2628731341,0.028543465720889,0.0,1.0,1.0,1.0,2.0,1.0,-1.0,1.0
17.4,2.0,2.0,0.52452753839597,0.0010117598899638,0.52452753839597,18.2628731341,0.028720975858754,0.0,1.0,1.0,1.0,2.0,1.0,-1.0,1.0
17.41,2.0,2.0,0.54626521377117,0.00044291010608394,0.54626521377117,18.2628731341,0.029911241772315,0.0,1.0,1.0,1.0,2.0,1.0,-1.0,1.0
17.42,2.0,2.0,0.58555445150283,0.00056239378847019,0.58555445150283,18.2628731341,0.032062559226209,0.0,1.0,1.0,1.0,2.0,1.0,-1.0,1.0
17.43,2.0,2.0,0.64001382277344,0.0012995920681471,0.64001382277344,18.2628731341,0.035044530949428,0.0,1.0,1.0,1.0,2.0,1.0,-1.0,1.0
17.44,2.0,2.0,0.70615451850799,0.0018964699165042,0.70615451850799,18.2628731341,0.038666124071654,0.0,1.0,1.0,1.0,2.0,1.0,-1.0,1.0
17.45,2.0,2.0,0.78152496134926,0.0021461948286579,0.78152496134926,18.2628731341,0.042793100275664,0.0,1.0,1.0,1.0,2.0,1.0,-1.0,1.0
17.46,2.0,2.0,0.86403973988288,0.0019264570575034,0.86403973988288,18.2628731341,0.047311270988877,0.0,1.0,1.0,1.0,2.0,1.0,-1.0,1.0
17.47,2.0,2.0,0.94980821328787,0.0012214612984952,0.94980821328787,18.2628731341,0.052007600683291,0.0,1.0,1.0,1.0,2.0,1.0,-1.0,1.0
17.48,2.0,2.0,1.0337928390636,0.00023281549106023,1.0337928390636,18.2628731341,0.05660625420068,0.0,1.0,1.0,1.0,2.0,1.0,-1.0,1.0
17.49,2.0,2.0,1.1110942877926,0.0011462270300851,1.1110942877926,18.2628731341,0.060838964364154,0.0,1.0,1.0,1.0,2.0,1.0,-1.0,1.0
17.5,2.0,2.0,1.1762081020807,0.0022404025109772,1.1762081020807,18.2628731341,0.064404329671685,0.0,1.0,1.0,1.0,2.0,1.0,-1.0,1.0
17.51,2.0,2.0,1.225610522818,0.0029254688065128,1.225610522818,18.2628731341,0.067109403532434,0.0,1.0,1.0,1.0,2.0,1.0,-1.0,1.0
17.52,2.0,2.0,1.2577180818981,0.0030139666463194,1.2577180818981,18.2628731341,0.068867481729902,0.0,1.0,1.0,1.0,2.0,1.0,-1.0,1.0
17.53,2.0,2.0,1.272728166946,0.0024688583531308,1.272728166946,18.2628731341,0.069689372400533,0.0,1.0,1.0,1.0,2.0,1.0,-1.0,1.0
17.54,2.0,2.0,1.2711410708102,0.0014105004602138,1.2711410708102,18.2628731341,0.069602469528014,0.0,1.0,1.0,1.0,2.0,1.0,-1.0,1.0
17.55,2.0,2.0,1.2533311572714,8.4700390622306e-05,1.2533311572714,18.2628731341,0.068627271736956,0.0,1.0,1.0,1.0,2.0,1.0,-1.0,1.0
17.56,2.0,2.0,1.2197397081867,0.0012039398745392,1.2197397081867,18.2628731341,0.06678794181126,0.0,1.0,1.0,1.0,2.0,1.0,-1.0,1.0
17.57,2.0,2.0,1.171446562366,0.0021687081197678,1.171446562366,18.2628731341,0.064143607293568,0.0,1.0,1.0,1.0,2.0,1.0,-1.0,1.0
17.58,2.0,2.0,1.1108441168886,0.0026149823932437,1.1108441168886,18.2628731341,0.060825266031907,0.0,1.0,1.0,1.0,2.0,1.0,-1.0,1.0
17.59,2.0,2.0,1.0412994330916,0.0024811428583258,1.0412994330916,18.2628731341,0.057017284489993,0.0,1.0,1.0,1.0,2.0,1.0,-1.0,1.0
17.6,2.0,2.0,0.96630763684921,0.0018463355866609,0.96630763684921,18.2628731341,0.052911041420145,0.0,1.0,1.0,1.0,2.0,1.0,-1.0,1.0
17.61,2.0,2.0,0.88969726925889,0.00090162916816176,0.88969726925889,18.2628731341,0.048716172024306,0.0,1.0,1.0,1.0,2.0,1.0,-1.0,1.0
17.62,2.0,2.0,0.8142335756578,0.0001574831154715,0.8142335756578,18.2628731341,0.044584089791298,0.0,1.0,1.0,1.0,2.0,1.0,-1.0,1.0
17.63,2.0,2.0,0.7424729299394,0.00098208824257752,0.7424729299394,18.2628731341,0.040654771266689,0.0,1.0,1.0,1.0,2.0,1.0,-1.0,1.0
17.64,2.0,2.0,0.67658202717913,0.0015074314936643,0.67658202717913,18.2628731341,0.03704685578283,0.0,1.0,1.0,1.0,2.0,1.0,-1.0,1.0
17.65,2.0,2.0,0.61910123090666,0.0016311884476913,0.61910123090666,18.2628731341,0.033899443223459,0.0,1.0,1.0,1.0,2.0,1.0,-1.0,1.0
17.66,2.0,2.0,0.57275157190695,0.0013729586708911,0.57275157190695,18.2628731341,0.031361526069933,0.0,1.0,1.0,1.0,2.0,1.0,-1.0,1.0
17.67,2.0,2.0,0.5400118506007,0.00083278158322629,0.5400118506007,18.2628731341,0.029568833262736,0.0,1.0,1.0,1.0,2.0,1.0,-1.0,1.0
17.68,2.0,2.0,0.52293077594953,0.00025067253012939,0.52293077594953,18.2628731341,0.028633543698725,0.0,1.0,1.0,1.0,2.0,1.0,-1.0,1.0
17.69,2.0,2.0,0.52201643316096,0.0006895593178178,0.52201643316096,18.2628731341,0.028583478039184,0.0,1.0,1.0,1.0,2.0,1.0,-1.0,1.0
17.7,2.0,2.0,0.53706447215711,0.0012797213474855,0.53706447215711,18.2628731341,0.029407446912299,0.0,1.0,1.0,1.0,2.0,1.0,-1.0,1.0
17.71,2.0,2.0,0.56772623540779,0.0016341524497888,0.56772623540779,18.2628731341,0.031086359262265,0.0,1.0,1.0,1.0,2.0,1.0,-1.0,1.0
17.72,2.0,2.0,0.61361700714851,0.0016405215022573,0.61361700714851,18.2628731341,0.03359914963231,0.0,1.0,1.0,1.0,2.0,1.0,-1.0,1.0
17.73,2.0,2.0,0.67350844347936,0.0012505847918965,0.67350844347936,18.2628731341,0.036878558950388,0.0,1.0,1.0,1.0,2.0,1.0,-1.0,1.0
17.74,2.0,2.0,0.74509813888764,0.00053652587736622,0.74509813888764,18.2628731341,0.040798516937426,0.0,1.0,1.0,1.0,2.0,1.0,-1.0,1.0
17.75,2.0,2.0,0.82572312614451,0.00063612381224083,0.82572312614451,18.2628731341,0.045213210434164,0.0,1.0,1.0,1.0,2.0,1.0,-1.0,1.0
17.76,2.0,2.0,0.9105713229936,0.0016212196557642,0.9105713229936,18.2628731341,0.049859149560285,0.0,1.0,1.0,1.0,2.0,1.0,-1.0,1.0
17.77,2.0,2.0,0.99398041311186,0.0024082144976375,0.99398041311186,18.2628731341,0.0544262891065,0.0,1.0,1.0,1.0,2.0,1.0,-1.0,1.0
17.78,2.0,2.0,1.0722865132199,0.0027365918697416,1.0722865132199,18.2628731341,0.058714009857395,0.0,1.0,1.0,1.0,2.0,1.0,-1.0,1.0
17.79,2.0,2.0,1.1425455784773,0.002471567435244,1.1425455784773,18.2628731341,0.062561107996966,0.0,1.0,1.0,1.0,2.0,1.0,-1.0,1.0
17.8,2.0,2.0,1.2018433195593,0.0016281234642319,1.2018433195593,18.2628731341,0.065808008999154,0.0,1.0,1.0,1.0,2.0,1.0,-1.0,1.0
17.81,2.0,2.0,1.2476683109481,0.00037672094038474,1.2476683109481,18.2628731341,0.068317197507026,0.0,1.0,1.0,1.0,2.0,1.0,-1.0,1.0
17.82,2.0,2.0,1.2778198443646,0.0010053534386181,1.2778198443646,18.2628731341,0.069968171764752,0.0,1.0,1.0,1.0,2.0,1.0,-1.0,1.0
17.83,2.0,2.0,1.2903315171678,0.0021906966933339,1.2903315171678,18.2628731341,0.070653259631887,0.0,1.0,1.0,1.0,2.0,1.0,-1.0,1.0
17.84,2.0,2.0,1.2847520184703,0.0029067487864276,1.2847520184703,18.2628731341,0.070347749175973,0.0,1.0,1.0,1.0,2.0,1.0,-1.0,1.0
17.85,2.0,2.0,1.262458034238,0.0029961492233589,1.262458034238,18.2628731341,0.069127022071939,0.0,1.0,1.0,1.0,2.0,1.0,-1.0,1.0
17.86,2.0,2.0,1.225948675795,0.0024572908214855,1.225948675795,18.2628731341,0.067127919402011,0.0,1.0,1.0,1.0,2.0,1.0,-1.0,1.0
17.87,2.0,2.0,1.1780085603767,0.0014395618135273,1.1780085603767,18.2628731341,0.064502915380668,0.0,1.0,1.0,1.0,2.0,1.0,-1.0,1.0
17.88,2.0,2.0,1.1207495542762,0.00019832666242493,1.1207495542762,18.2628731341,0.061367647141104,0.0,1.0,1.0,1.0,2.0,1.0,-1.0,1.0
17.89,2.0,2.0,1.055807540371,0.00097467553744874,1.055807540371,18.2628731341,0.057811688917645,0.0,1.0,1.0,1.0,2.0,1.0,-1.0,1.0
17.9,2.0,2.0,0.98435477376326,0.0018221957818314,0.98435477376326,18.2628731341,0.053899228589903,0.0,1.0,1.0,1.0,2.0,1.0,-1.0,1.0
17.91,2.0,2.0,0.90921386065059,0.0021857176823971,0.90921386065059,18.2628731341,0.049784820492069,0.0,1.0,1.0,1.0,2.0,1.0,-1.0,1.0
17.92,2.0,2.0,0.8339069376816,0.0020343036052563,0.8339069376816,18.2628731341,0.045661322375642,0.0,1.0,1.0,1.0,2.0,1.0,-1.0,1.0
17.93,2.0,2.0,0.76237812711264,0.0014600796405602,0.76237812711264,18.2628731341,0.041744698192594,0.0,1.0,1.0,1.0,2.0,1.0,-1.0,1.0
17.94,2.0,2.0,0.6977394105484,0.00064431385012224,0.6977394105484,18.2628731341,0.038205347287093,0.0,1.0,1.0,1.0,2.0,1.0,-1.0,1.0
17.95,2.0,2.0,0.64164952083127,0.00028460728808468,0.64164952083127,18.2628731341,0.035134095063783,0.0,1.0,1.0,1.0,2.0,1.0,-1.0,1.0
17.96,2.0,2.0,0.59516809876714,0.00097074285651244,0.59516809876714,18.2628731341,0.032588963105474,0.0,1.0,1.0,1.0,2.0,1.0,-1.0,1.0
17.97,2.0,2.0,0.55903613738044,0.001398186046369,0.55903613738044,18.2628731341,0.03061052514988,0.0,1.0,1.0,1.0,2.0,1.0,-1.0,1.0
17.98,2.0,2.0,0.53532302197202,0.0014784465443315,0.53532302197202,18.2628731341,0.029312092245359,0.0,1.0,1.0,1.0,2.0,1.0,-1.0,1.0
17.99,2.0,2.0,0.52614524844824,0.0012157566666505,0.52614524844824,18.2628731341,0.028809555023729,0.0,1.0,1.0,1.0,2.0,1.0,-1.0,1.0
18.0,2.0,2.0,0.53291840873622,0.0006838232144165,0.53291840873622,18.2628731341,0.029180425490728,0.0,1.0,1.0,1.0,2.0,1.0,-1.0,1.0
18.01,2.0,2.0,0.55572463436752,0.00031237225811109,0.55572463436752,18.2628731341,0.030429200832036,0.0,1.0,1.0,1.0,2.0,1.0,-1.0,1.0
18.02,2.0,2.0,0.59335130439047,0.00096503786849938,0.59335130439047,18.2628731341,0.032489482899741,0.0,1.0,1.0,1.0,2.0,1.0,-1.0,1.0
18.03,2.0,2.0,0.64388487351222,0.0016159181411623,0.64388487351222,18.2628731341,0.035256493804908,0.0,1.0,1.0,1.0,2.0,1.0,-1.0,1.0
18.04,2.0,2.0,0.7046277131328,0.0019785224660339,0.7046277131328,18.2628731341,0.038582522473813,0.0,1.0,1.0,1.0,2.0,1.0,-1.0,1.0
18.05,2.0,2.0,0.77518080435963,0.0019130341212062,0.77518080435963,18.2628731341,0.042445720269076,0.0,1.0,1.0,1.0,2.0,1.0,-1.0,1.0
18.06,2.0,2.0,0.8535630592671,0.0013704269060753,0.8535630592671,18.2628731341,0.046737610944323,0.0,1.0,1.0,1.0,2.0,1.0,-1.0,1.0
18.07,2.0,2.0,0.9362380794579,0.00044759038603983,0.9362380794579,18.2628731341,0.05126455583321,0.0,1.0,1.0,1.0,2.0,1.0,-1.0,1.0
18.08,2.0,2.0,1.0183073509033,0.00082471345543087,1.0183073509033,18.2628731341,0.055758332406196,0.0,1.0,1.0,1.0,2.0,1.0,-1.0,1.0
18.09,2.0,2.0,1.0952653163483,0.0019443146330713,1.0952653163483,18.2628731341,0.059972234834358,0.0,1.0,1.0,1.0,2.0,1.0,-1.0,1.0
18.1,2.0,2.0,1.1626819153847,0.0027372426462682,1.1626819153847,18.2628731341,0.063663691186341,0.0,1.0,1.0,1.0,2.0,1.0,-1.0,1.0
18.11,2.0,2.0,1.2176581302309,0.0029692098994293,1.2176581302309,18.2628731341,0.066673963143146,0.0,1.0,1.0,1.0,2.0,1.0,-1.0,1.0
18.12,2.0,2.0,1.259310428264,0.0025508306894003,1.259310428264,18.2628731341,0.068954672083479,0.0,1.0,1.0,1.0,2.0,1.0,-1.0,1.0
18.13,2.0,2.0,1.2871408433042,0.0015572565962779,1.2871408433042,18.2628731341,0.070478551422495,0.0,1.0,1.0,1.0,2.0,1.0,-1.0,1.0
18.14,2.0,2.0,1.3002811321529,0.0002126105259455,1.3002811321529,18.2628731341,0.071198059725065,0.0,1.0,1.0,1.0,2.0,1.0,-1.0,1.0
18.15,2.0,2.0,1.2977799963621,0.0011764591829564,1.2977799963621,18.2628731341,0.071061107791354,0.0,1.0,1.0,1.0,2.0,1.0,-1.0,1.0
18.16,2.0,2.0,1.2792052569792,0.0022827187589669,1.2792052569792,18.2628731341,0.070044031275162,0.0,1.0,1.0,1.0,2.0,1.0,-1.0,1.0
18.17,2.0,2.0,1.2455543477879,0.0028637476822974,1.2455543477879,18.2628731341,0.068201445557995,0.0,1.0,1.0,1.0,2.0,1.0,-1.0,1.0
18.18,2.0,2.0,1.1993472905468,0.002809992107797,1.1993472905468,18.2628731341,0.065671336691673,0.0,1.0,1.0,1.0,2.0,1.0,-1.0,1.0
18.19,2.0,2.0,1.1436782463785,0.00216832205799,1.1436782463785,18.2628731341,0.062623128243885,0.0,1.0,1.0,1.0,2.0,1.0,-1.0,1.0
18.2,2.0,2.0,1.0815106461864,0.0011221194148592,1.0815106461864,18.2628731341,0.059219085531897,0.0,1.0,1.0,1.0,2.0,1.0,-1.0,1.0
18.21,2.0,2.0,1.014555840939,7.1127598033466e-05,1.014555840939,18.2628731341,0.055552915113048,0.0,1.0,1.0,1.0,2.0,1.0,-1.0,1.0
18.22,2.0,2.0,0.94396515205045,0.0011113349531504,0.94396515205045,18.2628731341,0.051687658624091,0.0,1.0,1.0,1.0,2.0,1.0,-1.0,1.0
18.23,2.0,2.0,0.87163466923536,0.0017975020114846,0.87163466923536,18.2628731341,0.047727138158117,0.0,1.0,1.0,1.0,2.0,1.0,-1.0,1.0
18.24,2.0,2.0,0.80009291113519,0.0020075088287999,0.80009291113519,18.2628731341,0.043809805021384,0.0,1.0,1.0,1.0,2.0,1.0,-1.0,1.0
18.25,2.0,2.0,0.73289630473132,0.0017480861226971,0.73289630473132,18.2628731341,0.040130394563321,0.0,1.0,1.0,1.0,2.0,1.0,-1.0,1.0
18.26,2.0,2.0,0.67283934611822,0.0011312584835664,0.67283934611822,18.2628731341,0.036841921924207,0.0,1.0,1.0,1.0,2.0,1.0,-1.0,1.0
18.27,2.0,2.0,0.62180853838129,0.00035600611014027,0.62180853838129,18.2628731341,0.03404768427265,0.0,1.0,1.0,1.0,2.0,1.0,-1.0,1.0
18.28,2.0,2.0,0.58072936144015,0.00051846549841355,0.58072936144015,18.2628731341,0.031798357091789,0.0,1.0,1.0,1.0,2.0,1.0,-1.0,1.0
18.29,2.0,2.0,0.54968099121081,0.0011228148135069,0.54968099121081,18.2628731341,0.030098275729927,0.0,1.0,1.0,1.0,2.0,1.0,-1.0,1.0
18.3,2.0,2.0,0.53005046474896,0.0014463972521193,0.53005046474896,18.2628731341,0.029023388645199,0.0,1.0,1.0,1.0,2.0,1.0,-1.0,1.0
18.31,2.0,2.0,0.52331294690581,0.0014262456619198,0.52331294690581,18.2628731341,0.028654469812238,0.0,1.0,1.0,1.0,2.0,1.0,-1.0,1.0
18.32,2.0,2.0,0.53096448682288,0.0010727869517726,0.53096448682288,18.2628731341,0.029073436743722,0.0,1.0,1.0,1.0,2.0,1.0,-1.0,1.0
18.33,2.0,2.0,0.55356553682307,0.00048679835879802,0.55356553682307,18.2628731341,0.030310977509309,0.0,1.0,1.0,1.0,2.0,1.0,-1.0,1.0
18.34,2.0,2.0,0.59039657261826,0.00051048855063319,0.59039657261826,18.2628731341,0.0323276939112,0.0,1.0,1.0,1.0,2.0,1.0,-1.0,1.0
18.35,2.0,2.0,0.63930582209923,0.0012557666500844,0.63930582209923,18.2628731341,0.035005763737445,0.0,1.0,1.0,1.0,2.0,1.0,-1.0,1.0
18.36,2.0,2.0,0.69789023043141,0.0018528925823819,0.69789023043141,18.2628731341,0.03821360556507,0.0,1.0,1.0,1.0,2.0,1.0,-1.0,1.0
18.37,2.0,2.0,0.76518421907826,0.0020878536844122,0.76518421907826,18.2628731341,0.041898348275197,0.0,1.0,1.0,1.0,2.0,1.0,-1.0,1.0
18.38,2.0,2.0,0.83959725669878,0.0018425134283672,0.83959725669878,18.2628731341,0.045972900897565,0.0,1.0,1.0,1.0,2.0,1.0,-1.0,1.0
18.39,2.0,2.0,0.9186128478331,0.0011122409045647,0.9186128478331,18.2628731341,0.050299470466007,0.0,1.0,1.0,1.0,2.0,1.0,-1.0,1.0
18.4,2.0,2.0,0.99833043715792,0.00018991100574142,0.99833043715792,18.2628731341,0.054664478575053,0.0,1.0,1.0,1.0,2.0,1.0,-1.0,1.0
18.41,2.0,2.0,1.0746781127105,0.0012523744316083,1.0746781127105,18.2628731341,0.058844964032733,0.0,1.0,1.0,1.0,2.0,1.0,-1.0,1.0
18.42,2.0,2.0,1.1432952474768,0.0023054920639726,1.1432952474768,18.2628731341,0.062602156795476,0.0,1.0,1.0,1.0,2.0,1.0,-1.0,1.0
18.43,2.0,2.0,1.2004218535733,0.0029128403216341,1.2004218535733,18.2628731341,0.065730175354055,0.0,1.0,1.0,1.0,2.0,1.0,-1.0,1.0
18.44,2.0,2.0,1.244916887668,0.00289413098708,1.244916887668,18.2628731341,0.06816654085734,0.0,1.0,1.0,1.0,2.0,1.0,-1.0,1.0
18.45,2.0,2.0,1.2764556017268,0.0022263714882665,1.2764556017268,18.2628731341,0.069893471435416,0.0,1.0,1.0,1.0,2.0,1.0,-1.0,1.0
18.46,2.0,2.0,1.2946376961384,0.0010524143828851,1.2946376961384,18.2628731341,0.070889048324006,0.0,1.0,1.0,1.0,2.0,1.0,-1.0,1.0
18.47,2.0,2.0,1.2987438654825,0.0003595236416328,1.2987438654825,18.2628731341,0.071113885309616,0.0,1.0,1.0,1.0,2.0,1.0,-1.0,1.0
18.48,2.0,2.0,1.288017977171,0.00167058062965,1.288017977171,18.2628731341,0.070526579674149,0.0,1.0,1.0,1.0,2.0,1.0,-1.0,1.0
18.49,2.0,2.0,1.2626184265861,0.0025858494314872,1.2626184265861,18.2628731341,0.069135804498831,0.0,1.0,1.0,1.0,2.0,1.0,-1.0,1.0
18.5,2.0,2.0,1.2240922279905,0.0029076283377753,1.2240922279905,18.2628731341,0.067026267937268,0.0,1.0,1.0,1.0,2.0,1.0,-1.0,1.0
18.51,2.0,2.0,1.1752186177699,0.0025906294541709,1.1752186177699,18.2628731341,0.064350149570693,0.0,1.0,1.0,1.0,2.0,1.0,-1.0,1.0
18.52,2.0,2.0,1.1189370529539,0.0017442637522642,1.1189370529539,18.2628731341,0.061268402005416,0.0,1.0,1.0,1.0,2.0,1.0,-1.0,1.0
18.53,2.0,2.0,1.0576468616742,0.0005960491771443,1.0576468616742,18.2628731341,0.057912402605448,0.0,1.0,1.0,1.0,2.0,1.0,-1.0,1.0
18.54,2.0,2.0,0.99221758606993,0.00057332000939653,0.99221758606993,18.2628731341,0.054329763930588,0.0,1.0,1.0,1.0,2.0,1.0,-1.0,1.0
18.55,2.0,2.0,0.92378570361621,0.0014953492159742,0.92378570361621,18.2628731341,0.050582714824391,0.0,1.0,1.0,1.0,2.0,1.0,-1.0,1.0
18.56,2.0,2.0,0.85414488268999,0.0019873341491662,0.85414488268999,18.2628731341,0.046769469207731,0.0,1.0,1.0,1.0,2.0,1.0,-1.0,1.0
18.57,2.0,2.0,0.7860018671421,0.0019831363197533,0.7860018671421,18.2628731341,0.043038237268072,0.0,1.0,1.0,1.0,2.0,1.0,-1.0,1.0
18.58,2.0,2.0,0.72260625386173,0.0015382057109567,0.72260625386173,18.2628731341,0.039566953597925,0.0,1.0,1.0,1.0,2.0,1.0,-1.0,1.0
18.59,2.0,2.0,0.66608716096427,0.00080426324503175,0.66608716096427,18.2628731341,0.036472199969487,0.0,1.0,1.0,1.0,2.0,1.0,-1.0,1.0
18.6,2.0,2.0,0.61769439677709,0.00017862668956793,0.61769439677709,18.2628731341,0.033822410758784,0.0,1.0,1.0,1.0,2.0,1.0,-1.0,1.0
18.61,2.0,2.0,0.57791115584658,0.0008223596683228,0.57791115584658,18.2628731341,0.031644043716622,0.0,1.0,1.0,1.0,2.0,1.0,-1.0,1.0
18.62,2.0,2.0,0.54689690085324,0.0013144372571883,0.54689690085324,18.2628731341,0.029945830365107,0.0,1.0,1.0,1.0,2.0,1.0,-1.0,1.0
18.63,2.0,2.0,0.52609225327083,0.0014747468311479,0.52609225327083,18.2628731341,0.028806653225254,0.0,1.0,1.0,1.0,2.0,1.0,-1.0,1.0
18.64,2.0,2.0,0.5171777716997,0.0012840798064301,0.5171777716997,18.2628731341,0.028318532790661,0.0,1.0,1.0,1.0,2.0,1.0,-1.0,1.0
18.65,2.0,2.0,0.52159225400322,0.00079788453672393,0.52159225400322,18.2628731341,0.02856025172892,0.0,1.0,1.0,1.0,2.0,1.0,-1.0,1.0
18.66,2.0,2.0,0.53969886691727,0.00028352293264339,0.53969886691727,18.2628731341,0.029551695560407,0.0,1.0,1.0,1.0,2.0,1.0,-1.0,1.0
18.67,2.0,2.0,0.57062904498465,0.00081116451458444,0.57062904498465,18.2628731341,0.031245305204425,0.0,1.0,1.0,1.0,2.0,1.0,-1.0,1.0
18.68,2.0,2.0,0.61294540801729,0.0014726236480964,0.61294540801729,18.2628731341,0.033562375619465,0.0,1.0,1.0,1.0,2.0,1.0,-1.0,1.0
18.69,2.0,2.0,0.66452594038767,0.0018722569839798,0.66452594038767,18.2628731341,0.036386713936422,0.0,1.0,1.0,1.0,2.0,1.0,-1.0,1.0
18.7,2.0,2.0,0.72557797633824,0.001863452397135,0.72557797633824,18.2628731341,0.03972967292772,0.0,1.0,1.0,1.0,2.0,1.0,-1.0,1.0
18.71,2.0,2.0,0.79504707662891,0.00138926926122,0.79504707662891,18.2628731341,0.04353351582695,0.0,1.0,1.0,1.0,2.0,1.0,-1.0,1.0
18.72,2.0,2.0,0.87087768421286,0.00052722824554374,0.87087768421286,18.2628731341,0.047685688764205,0.0,1.0,1.0,1.0,2.0,1.0,-1.0,1.0
18.73,2.0,2.0,0.94889040508857,0.0006973979121042,0.94889040508857,18.2628731341,0.051957345272077,0.0,1.0,1.0,1.0,2.0,1.0,-1.0,1.0
18.74,2.0,2.0,1.0251095234112,0.0017886213194032,1.0251095234112,18.2628731341,0.056130791463317,0.0,1.0,1.0,1.0,2.0,1.0,-1.0,1.0
18.75,2.0,2.0,1.0960069558631,0.002589868125048,1.0960069558631,18.2628731341,0.060012843971232,0.0,1.0,1.0,1.0,2.0,1.0,-1.0,1.0
18.76,2.0,2.0,1.1584005671792,0.0028523462457345,1.1584005671792,18.2628731341,0.06342926212504,0.0,1.0,1.0,1.0,2.0,1.0,-1.0,1.0
18.77,2.0,2.0,1.2111737674987,0.0024694401682732,1.2111737674987,18.2628731341,0.066318906045361,0.0,1.0,1.0,1.0,2.0,1.0,-1.0,1.0
18.78,2.0,2.0,1.2534519169009,0.0014992104944778,1.2534519169009,18.2628731341,0.068633884038788,0.0,1.0,1.0,1.0,2.0,1.0,-1.0,1.0
18.79,2.0,2.0,1.2838399864727,0.00015613127769086,1.2838399864727,18.2628731341,0.070297810045866,0.0,1.0,1.0,1.0,2.0,1.0,-1.0,1.0
18.8,2.0,2.0,1.3005865977285,0.0012510495307462,1.3005865977285,18.2628731341,0.071214785766655,0.0,1.0,1.0,1.0,2.0,1.0,-1.0,1.0
18.81,2.0,2.0,1.302525446191,0.0023830480760371,1.302525446191,18.2628731341,0.07132094915334,0.0,1.0,1.0,1.0,2.0,1.0,-1.0,1.0
18.82,2.0,2.0,1.2897523831428,0.0029780316466703,1.2897523831428,18.2628731341,0.070621548628872,0.0,1.0,1.0,1.0,2.0,1.0,-1.0,1.0
18.83,2.0,2.0,1.2640072585131,0.0029088524436912,1.2640072585131,18.2628731341,0.069211851236757,0.0,1.0,1.0,1.0,2.0,1.0,-1.0,1.0
18.84,2.0,2.0,1.2278965785414,0.0022138175885566,1.2278965785414,18.2628731341,0.067234578564131,0.0,1.0,1.0,1.0,2.0,1.0,-1.0,1.0
18.85,2.0,2.0,1.1834044547951,0.0010799288209771,1.1834044547951,18.2628731341,0.064798372419587,0.0,1.0,1.0,1.0,2.0,1.0,-1.0,1.0
18.86,2.0,2.0,1.1319623093792,0.00021204274139884,1.1319623093792,18.2628731341,0.061981611604453,0.0,1.0,1.0,1.0,2.0,1.0,-1.0,1.0
18.87,2.0,2.0,1.074291730963,0.0013557393687194,1.074291730963,18.2628731341,0.058823807353572,0.0,1.0,1.0,1.0,2.0,1.0,-1.0,1.0
18.88,2.0,2.0,1.0113686403698,0.0021057007321416,1.0113686403698,18.2628731341,0.055378397087009,0.0,1.0,1.0,1.0,2.0,1.0,-1.0,1.0
18.89,2.0,2.0,0.9448738014997,0.0023232301160197,0.9448738014997,18.2628731341,0.051737412539731,0.0,1.0,1.0,1.0,2.0,1.0,-1.0,1.0
18.9,2.0,2.0,0.87764162753031,0.0020080948882274,0.87764162753031,18.2628731341,0.048056054547715,0.0,1.0,1.0,1.0,2.0,1.0,-1.0,1.0
18.91,2.0,2.0,0.81244710416844,0.0012849282723037,0.81244710416844,18.2628731341,0.044486269942458,0.0,1.0,1.0,1.0,2.0,1.0,-1.0,1.0
18.92,2.0,2.0,0.75154387956032,0.00037214725913549,0.75154387956032,18.2628731341,0.041151459249698,0.0,1.0,1.0,1.0,2.0,1.0,-1.0,1.0
18.93,2.0,2.0,0.69569924420128,0.00057158804204776,0.69569924420128,18.2628731341,0.038093636148755,0.0,1.0,1.0,1.0,2.0,1.0,-1.0,1.0
18.94,2.0,2.0,0.64530101100229,0.0012422763362365,0.64530101100229,18.2628731341,0.035334035683432,0.0,1.0,1.0,1.0,2.0,1.0,-1.0,1.0
18.95,2.0,2.0,0.60125461778921,0.0015647666127012,0.60125461778921,18.2628731341,0.03292223591405,0.0,1.0,1.0,1.0,2.0,1.0,-1.0,1.0
18.96,2.0,2.0,0.56517554233772,0.001494758450621,0.56517554233772,18.2628731341,0.030946693775277,0.0,1.0,1.0,1.0,2.0,1.0,-1.0,1.0
18.97,2.0,2.0,0.53849356237233,0.0010815795765053,0.53849356237233,18.2628731341,0.029485698028908,0.0,1.0,1.0,1.0,2.0,1.0,-1.0,1.0
18.98,2.0,2.0,0.52274532429081,0.0004649070706686,0.52274532429081,18.2628731341,0.028623389126805,0.0,1.0,1.0,1.0,2.0,1.0,-1.0,1.0
18.99,2.0,2.0,0.51829144471586,0.0004259070278672,0.51829144471586,18.2628731341,0.028379512955611,0.0,1.0,1.0,1.0,2.0,1.0,-1.0,1.0
19.0,2.0,2.0,0.52484783477879,0.0010520152662021,0.52484783477879,18.2628731341,0.028738513974497,0.0,1.0,1.0,1.0,2.0,1.0,-1.0,1.0
19.01,2.0,2.0,0.54215986062131,0.0014971956338208,0.54215986062131,18.2628731341,0.029686449478149,0.0,1.0,1.0,1.0,2.0,1.0,-1.0,1.0
19.02,2.0,2.0,0.57050124093394,0.0016144293343429,0.57050124093394,18.2628731341,0.03123830717899,0.0,1.0,1.0,1.0,2.0,1.0,-1.0,1.0
19.03,2.0,2.0,0.60998209168929,0.0013438078751223,0.60998209168929,18.2628731341,0.033400116575872,0.0,1.0,1.0,1.0,2.0,1.0,-1.0,1.0
19.04,2.0,2.0,0.66021236418547,0.00072382784983835,0.66021236418547,18.2628731341,0.036150520202253,0.0,1.0,1.0,1.0,2.0,1.0,-1.0,1.0
19.05,2.0,2.0,0.72031378577491,0.00037512728886292,0.72031378577491,18.2628731341,0.03944142745152,0.0,1.0,1.0,1.0,2.0,1.0,-1.0,1.0
19.06,2.0,2.0,0.7877418606385,0.0012533967455564,0.7877418606385,18.2628731341,0.043133512172718,0.0,1.0,1.0,1.0,2.0,1.0,-1.0,1.0
19.07,2.0,2.0,0.85956619836775,0.0020454906048114,0.85956619836775,18.2628731341,0.047066318210511,0.0,1.0,1.0,1.0,2.0,1.0,-1.0,1.0
19.08,2.0,2.0,0.93264457164887,0.0024434784708532,0.93264457164887,18.2628731341,0.0510677900898,0.0,1.0,1.0,1.0,2.0,1.0,-1.0,1.0
19.09,2.0,2.0,1.0053918219546,0.00228918078918,1.0053918219546,18.2628731341,0.055051131033557,0.0,1.0,1.0,1.0,2.0,1.0,-1.0,1.0
19.1,2.0,2.0,1.0762316303118,0.0015609460014908,1.0762316303118,18.2628731341,0.058930028282479,0.0,1.0,1.0,1.0,2.0,1.0,-1.0,1.0
19.11,2.0,2.0,1.142094956001,0.00039381708792283,1.142094956001,18.2628731341,0.062536433759074,0.0,1.0,1.0,1.0,2.0,1.0,-1.0,1.0
19.12,2.0,2.0,1.2000892032513,0.0009691337280563,1.2000892032513,18.2628731341,0.065711960787295,0.0,1.0,1.0,1.0,2.0,1.0,-1.0,1.0
19.13,2.0,2.0,1.2470631896528,0.0021772021333783,1.2470631896528,18.2628731341,0.068284063547716,0.0,1.0,1.0,1.0,2.0,1.0,-1.0,1.0
19.14,2.0,2.0,1.2810973695112,0.0029377953351412,1.2810973695112,18.2628731341,0.070147635594049,0.0,1.0,1.0,1.0,2.0,1.0,-1.0,1.0
19.15,2.0,2.0,1.3018190566437,0.0030518176881362,1.3018190566437,18.2628731341,0.071282270160055,0.0,1.0,1.0,1.0,2.0,1.0,-1.0,1.0
19.16,2.0,2.0,1.3101076684327,0.002482289937579,1.3101076684327,18.2628731341,0.071736120533331,0.0,1.0,1.0,1.0,2.0,1.0,-1.0,1.0
19.17,2.0,2.0,1.3069379324642,0.0013640588189056,1.3069379324642,18.2628731341,0.071562558797164,0.0,1.0,1.0,1.0,2.0,1.0,-1.0,1.0
19.18,2.0,2.0,1.2925886876112,8.4688349774938e-05,1.2925886876112,18.2628731341,0.070776853024167,0.0,1.0,1.0,1.0,2.0,1.0,-1.0,1.0
19.19,2.0,2.0,1.267011435186,0.0013877019549155,1.267011435186,18.2628731341,0.069376347625185,0.0,1.0,1.0,1.0,2.0,1.0,-1.0,1.0
19.2,2.0,2.0,1.2305437235324,0.0023736438882965,1.2305437235324,18.2628731341,0.067379525362568,0.0,1.0,1.0,1.0,2.0,1.0,-1.0,1.0
19.21,2.0,2.0,1.184563042427,0.0027894074147638,1.184563042427,18.2628731341,0.064861811924609,0.0,1.0,1.0,1.0,2.0,1.0,-1.0,1.0
19.22,2.0,2.0,1.1315713016232,0.0025717288181298,1.1315713016232,18.2628731341,0.061960201624045,0.0,1.0,1.0,1.0,2.0,1.0,-1.0,1.0
19.23,2.0,2.0,1.0742981592002,0.0018113549024219,1.0742981592002,18.2628731341,0.058824159337466,0.0,1.0,1.0,1.0,2.0,1.0,-1.0,1.0
19.24,2.0,2.0,1.0146847661638,0.00072035643402277,1.0146847661638,18.2628731341,0.055559974529377,0.0,1.0,1.0,1.0,2.0,1.0,-1.0,1.0
19.25,2.0,2.0,0.95327406484384,0.00043140372990125,0.95327406484384,18.2628731341,0.052197376494058,0.0,1.0,1.0,1.0,2.0,1.0,-1.0,1.0
19.26,2.0,2.0,0.8906920009405,0.0013703483861609,0.8906920009405,18.2628731341,0.048770639449793,0.0,1.0,1.0,1.0,2.0,1.0,-1.0,1.0
19.27,2.0,2.0,0.82801660375793,0.0019076958276476,0.82801660375793,18.2628731341,0.045338791858105,0.0,1.0,1.0,1.0,2.0,1.0,-1.0,1.0
19.28,2.0,2.0,0.76746688264106,0.0019609485625441,0.76746688264106,18.2628731341,0.042023337566096,0.0,1.0,1.0,1.0,2.0,1.0,-1.0,1.0
19.29,2.0,2.0,0.71127698836385,0.001567000701295,0.71127698836385,18.2628731341,0.038946609503396,0.0,1.0,1.0,1.0,2.0,1.0,-1.0,1.0
19.3,2.0,2.0,0.66113612773806,0.00086358374349269,0.66113612773806,18.2628731341,0.036201101704178,0.0,1.0,1.0,1.0,2.0,1.0,-1.0,1.0
19.31,2.0,2.0,0.61785538863955,0.00017936183842453,0.61785538863955,18.2628731341,0.03383122601262,0.0,1.0,1.0,1.0,2.0,1.0,-1.0,1.0
19.32,2.0,2.0,0.58148720277119,0.00077974201361152,0.58148720277119,18.2628731341,0.031839853373643,0.0,1.0,1.0,1.0,2.0,1.0,-1.0,1.0
19.33,2.0,2.0,0.55211835157544,0.0012996347317755,0.55211835157544,18.2628731341,0.03023173558297,0.0,1.0,1.0,1.0,2.0,1.0,-1.0,1.0
19.34,2.0,2.0,0.53013287887943,0.0014881030347444,0.53013287887943,18.2628731341,0.029027901304838,0.0,1.0,1.0,1.0,2.0,1.0,-1.0,1.0
19.35,2.0,2.0,0.51731961133364,0.0013181411829534,0.51731961133364,18.2628731341,0.028326299347046,0.0,1.0,1.0,1.0,2.0,1.0,-1.0,1.0
19.36,2.0,2.0,0.51496942874613,0.00084424753919532,0.51496942874613,18.2628731341,0.028197612991386,0.0,1.0,1.0,1.0,2.0,1.0,-1.0,1.0
19.37,2.0,2.0,0.52366425662046,0.00028969678980376,0.52366425662046,18.2628731341,0.028673706090784,0.0,1.0,1.0,1.0,2.0,1.0,-1.0,1.0
19.38,2.0,2.0,0.54292096925016,0.00072139392630619,0.54292096925016,18.2628731341,0.029728124663826,0.0,1.0,1.0,1.0,2.0,1.0,-1.0,1.0
19.39,2.0,2.0,0.57186171025867,0.0013533566041734,0.57186171025867,18.2628731341,0.031312800897188,0.0,1.0,1.0,1.0,2.0,1.0,-1.0,1.0
19.4,2.0,2.0,0.60934603901136,0.0017329151623979,0.60934603901136,18.2628731341,0.033365288940961,0.0,1.0,1.0,1.0,2.0,1.0,-1.0,1.0
19.41,2.0,2.0,0.65559941641243,0.0017253852850384,0.65559941641243,18.2628731341,0.03589793410919,0.0,1.0,1.0,1.0,2.0,1.0,-1.0,1.0
19.42,2.0,2.0,0.71090796363185,0.0012857316519732,0.71090796363185,18.2628731341,0.038926403223185,0.0,1.0,1.0,1.0,2.0,1.0,-1.0,1.0
19.43,2.0,2.0,0.7743471945533,0.00049925280347623,0.7743471945533,18.2628731341,0.042400075216394,0.0,1.0,1.0,1.0,2.0,1.0,-1.0,1.0
19.44,2.0,2.0,0.84367847492211,0.00067015303275986,0.84367847492211,18.2628731341,0.046196371662179,0.0,1.0,1.0,1.0,2.0,1.0,-1.0,1.0
19.45,2.0,2.0,0.91511702646831,0.0016721277993735,0.91511702646831,18.2628731341,0.050108053631475,0.0,1.0,1.0,1.0,2.0,1.0,-1.0,1.0
19.46,2.0,2.0,0.98581617313442,0.0024081749123545,0.98581617313442,18.2628731341,0.053979248823326,0.0,1.0,1.0,1.0,2.0,1.0,-1.0,1.0
19.47,2.0,2.0,1.0537866712169,0.0026365694754854,1.0537866712169,18.2628731341,0.057701034414422,0.0,1.0,1.0,1.0,2.0,1.0,-1.0,1.0
19.48,2.0,2.0,1.1174600147443,0.0022472334252,1.1174600147443,18.2628731341,0.061187525453363,0.0,1.0,1.0,1.0,2.0,1.0,-1.0,1.0
19.49,2.0,2.0,1.1755491538156,0.0012885536876769,1.1755491538156,18.2628731341,0.064368248368359,0.0,1.0,1.0,1.0,2.0,1.0,-1.0,1.0
19.5,2.0,2.0,1.2261374375893,3.9904153358478e-05,1.2261374375893,18.2628731341,0.067138255223372,0.0,1.0,1.0,1.0,2.0,1.0,-1.0,1.0
19.51,2.0,2.0,1.266568666375,0.0014198673978591,1.266568666375,18.2628731341,0.069352103421785,0.0,1.0,1.0,1.0,2.0,1.0,-1.0,1.0
19.52,2.0,2.0,1.2947578977785,0.0025230599403047,1.2947578977785,18.2628731341,0.070895630072626,0.0,1.0,1.0,1.0,2.0,1.0,-1.0,1.0
19.53,2.0,2.0,1.3099864793266,0.0030732341282453,1.3099864793266,18.2628731341,0.071729484715122,0.0,1.0,1.0,1.0,2.0,1.0,-1.0,1.0
19.54,2.0,2.0,1.3130110365504,0.0029339261167073,1.3130110365504,18.2628731341,0.071895097058895,0.0,1.0,1.0,1.0,2.0,1.0,-1.0,1.0
19.55,2.0,2.0,1.3054971061652,0.0021410466859034,1.3054971061652,18.2628731341,0.071483665060765,0.0,1.0,1.0,1.0,2.0,1.0,-1.0,1.0
19.56,2.0,2.0,1.2884899752459,0.00089154904216465,1.2884899752459,18.2628731341,0.070552424352115,0.0,1.0,1.0,1.0,2.0,1.0,-1.0,1.0
19.57,2.0,2.0,1.2623585069427,0.00052489006866443,1.2623585069427,18.2628731341,0.069121572365614,0.0,1.0,1.0,1.0,2.0,1.0,-1.0,1.0
19.58,2.0,2.0,1.2271299677887,0.0017533784717702,1.2271299677887,18.2628731341,0.067192602104725,0.0,1.0,1.0,1.0,2.0,1.0,-1.0,1.0
19.59,2.0,2.0,1.1834396655466,0.0025360612259684,1.1834396655466,18.2628731341,0.064800300415868,0.0,1.0,1.0,1.0,2.0,1.0,-1.0,1.0
19.6,2.0,2.0,1.1330069904605,0.0027156036626256,1.1330069904605,18.2628731341,0.062038814054127,0.0,1.0,1.0,1.0,2.0,1.0,-1.0,1.0
19.61,2.0,2.0,1.0782810490821,0.0022888637843572,1.0782810490821,18.2628731341,0.059042246045545,0.0,1.0,1.0,1.0,2.0,1.0,-1.0,1.0
19.62,2.0,2.0,1.0215505894548,0.0013948007036943,1.0215505894548,18.2628731341,0.055935918842221,0.0,1.0,1.0,1.0,2.0,1.0,-1.0,1.0
19.63,2.0,2.0,0.96375183193909,0.00027458210164174,0.96375183193909,18.2628731341,0.052771096029769,0.0,1.0,1.0,1.0,2.0,1.0,-1.0,1.0
19.64,2.0,2.0,0.90526893532287,0.00081235250594045,0.90526893532287,18.2628731341,0.049568812567206,0.0,1.0,1.0,1.0,2.0,1.0,-1.0,1.0
19.65,2.0,2.0,0.84649310319401,0.0016066004690341,0.84649310319401,18.2628731341,0.046350489157889,0.0,1.0,1.0,1.0,2.0,1.0,-1.0,1.0
19.66,2.0,2.0,0.78882448863546,0.0019631481375928,0.78882448863546,18.2628731341,0.043192792439793,0.0,1.0,1.0,1.0,2.0,1.0,-1.0,1.0
19.67,2.0,2.0,0.7340331432389,0.0018426465513908,0.7340331432389,18.2628731341,0.040192643175532,0.0,1.0,1.0,1.0,2.0,1.0,-1.0,1.0
19.68,2.0,2.0,0.68389600208871,0.0013189771547328,0.68389600208871,18.2628731341,0.037447339039538,0.0,1.0,1.0,1.0,2.0,1.0,-1.0,1.0
19.69,2.0,2.0,0.63954979040995,0.0005602993285588,0.63954979040995,18.2628731341,0.035019122441134,0.0,1.0,1.0,1.0,2.0,1.0,-1.0,1.0
19.7,2.0,2.0,0.6012217016638,0.000354829314787,0.6012217016638,18.2628731341,0.032920433562078,0.0,1.0,1.0,1.0,2.0,1.0,-1.0,1.0
19.71,2.0,2.0,0.56873537831247,0.0010113842293922,0.56873537831247,18.2628731341,0.031141615787197,0.0,1.0,1.0,1.0,2.0,1.0,-1.0,1.0
19.72,2.0,2.0,0.54214433974764,0.0014151943967057,0.54214433974764,18.2628731341,0.029685599618789,0.0,1.0,1.0,1.0,2.0,1.0,-1.0,1.0
19.73,2.0,2.0,0.52213593339641,0.0014664756064402,0.52213593339641,18.2628731341,0.028590021381767,0.0,1.0,1.0,1.0,2.0,1.0,-1.0,1.0
19.74,2.0,2.0,0.51035318536456,0.0011709532927593,0.51035318536456,18.2628731341,0.027944846444322,0.0,1.0,1.0,1.0,2.0,1.0,-1.0,1.0
19.75,2.0,2.0,0.5079019129432,0.00062060997557564,0.5079019129432,18.2628731341,0.027810624824133,0.0,1.0,1.0,1.0,2.0,1.0,-1.0,1.0
19.76,2.0,2.0,0.51495280517605,0.0003207764630452,0.51495280517605,18.2628731341,0.028196702752895,0.0,1.0,1.0,1.0,2.0,1.0,-1.0,1.0
19.77,2.0,2.0,0.53096694106183,0.00093452585947892,0.53096694106183,18.2628731341,0.029073571127777,0.0,1.0,1.0,1.0,2.0,1.0,-1.0,1.0
19.78,2.0,2.0,0.55533626160335,0.0014661647197613,0.55533626160335,18.2628731341,0.030407935132969,0.0,1.0,1.0,1.0,2.0,1.0,-1.0,1.0
19.79,2.0,2.0,0.58758482197184,0.0016907762065876,0.58758482197184,18.2628731341,0.032173733982454,0.0,1.0,1.0,1.0,2.0,1.0,-1.0,1.0
19.8,2.0,2.0,0.62821759304318,0.0015180579734708,0.62821759304318,18.2628731341,0.034398617809494,0.0,1.0,1.0,1.0,2.0,1.0,-1.0,1.0
19.81,2.0,2.0,0.67773344731744,0.00095274277138214,0.67773344731744,18.2628731341,0.037109902825311,0.0,1.0,1.0,1.0,2.0,1.0,-1.0,1.0
19.82,2.0,2.0,0.73528324042125,0.00026949692415309,0.73528324042125,18.2628731341,0.040261093368072,0.0,1.0,1.0,1.0,2.0,1.0,-1.0,1.0
19.83,2.0,2.0,0.79879818412453,0.0010234957960642,0.79879818412453,18.2628731341,0.043738911082563,0.0,1.0,1.0,1.0,2.0,1.0,-1.0,1.0
19.84,2.0,2.0,0.86556843509413,0.0018973901490093,0.86556843509413,18.2628731341,0.047394976066387,0.0,1.0,1.0,1.0,2.0,1.0,-1.0,1.0
19.85,2.0,2.0,0.93301123143526,0.002416337448576,0.93301123143526,18.2628731341,0.051087866875293,0.0,1.0,1.0,1.0,2.0,1.0,-1.0,1.0
19.86,2.0,2.0,0.99990520180944,0.0023957133456891,0.99990520180944,18.2628731341,0.054750706226089,0.0,1.0,1.0,1.0,2.0,1.0,-1.0,1.0
19.87,2.0,2.0,1.0654062043506,0.0017840069772045,1.0654062043506,18.2628731341,0.058337272373714,0.0,1.0,1.0,1.0,2.0,1.0,-1.0,1.0
19.88,2.0,2.0,1.127540518223,0.00068491211510829,1.127540518223,18.2628731341,0.061739492463413,0.0,1.0,1.0,1.0,2.0,1.0,-1.0,1.0
19.89,2.0,2.0,1.1839280923043,0.00066736617852089,1.1839280923043,18.2628731341,0.0648270446611,0.0,1.0,1.0,1.0,2.0,1.0,-1.0,1.0
19.9,2.0,2.0,1.231697259051,0.0019380176050177,1.231697259051,18.2628731341,0.067442688234591,0.0,1.0,1.0,1.0,2.0,1.0,-1.0,1.0
19.91,2.0,2.0,1.2688119859679,0.0028149033566909,1.2688119859679,18.2628731341,0.069474938398317,0.0,1.0,1.0,1.0,2.0,1.0,-1.0,1.0
19.92,2.0,2.0,1.2947193860429,0.0030678963375834,1.2947193860429,18.2628731341,0.070893521327999,0.0,1.0,1.0,1.0,2.0,1.0,-1.0,1.0
19.93,2.0,2.0,1.3101906348501,0.0026219690573054,1.3101906348501,18.2628731341,0.071740663433935,0.0,1.0,1.0,1.0,2.0,1.0,-1.0,1.0
19.94,2.0,2.0,1.3160047832069,0.0015780637431637,1.3160047832069,18.2628731341,0.072059022342418,0.0,1.0,1.0,1.0,2.0,1.0,-1.0,1.0
19.95,2.0,2.0,1.3124161022521,0.00020237951674037,1.3124161022521,18.2628731341,0.071862520897745,0.0,1.0,1.0,1.0,2.0,1.0,-1.0,1.0
19.96,2.0,2.0,1.2990043641581,0.0012344508045528,1.2990043641581,18.2628731341,0.071128149148264,0.0,1.0,1.0,1.0,2.0,1.0,-1.0,1.0
19.97,2.0,2.0,1.2755157835196,0.0023320379655876,1.2755157835196,18.2628731341,0.069842010846477,0.0,1.0,1.0,1.0,2.0,1.0,-1.0,1.0
19.98,2.0,2.0,1.242780595592,0.0028735351950221,1.242780595592,18.2628731341,0.068049566268489,0.0,1.0,1.0,1.0,2.0,1.0,-1.0,1.0
19.99,2.0,2.0,1.2027565050514,0.0027564195286539,1.2027565050514,18.2628731341,0.065858011289892,0.0,1.0,1.0,1.0,2.0,1.0,-1.0,1.0
20.0,2.0,2.0,1.1577972900598,0.0020397364915687,1.1577972900598,18.2628731341,0.063396229145239,0.0,1.0,1.0,1.0,2.0,1.0,-1.0,1.0
