time_s,FAULT_ACTIVE_REFERENCE,stage4_VIBR1_2,stage9_VIBR1_2,stage4_PIBR1_2,stage9_PIBR1_2,stage4_QIBR1_2,stage9_QIBR1_2,stage4_DFIG_LVRT_LOWV,stage9_DFIG_LVRT_LOWV,stage4_DFIG_LVRT_IMMTRIP,stage9_DFIG_LVRT_IMMTRIP,stage4_DFIG_LVRT_TIMER_S,stage9_DFIG_LVRT_TIMER_S,stage4_DFIG_LVRT_DURATION_EXCEEDED,stage9_DFIG_LVRT_DURATION_EXCEEDED,stage4_DFIG_LVRT_TRIP_REQUEST,stage9_DFIG_LVRT_TRIP_REQUEST,stage4_DFIG_LVRT_TRIP_LATCH,stage9_DFIG_LVRT_TRIP_LATCH,stage4_DFIG_LVRT_FINAL_BRK_CMD,stage9_DFIG_LVRT_FINAL_BRK_CMD,stage4_DFIG_LVRT_FINAL_CMD_BOOL,stage9_DFIG_LVRT_FINAL_CMD_BOOL,stage4_DFIG_LVRT_BRK_OPEN_BOOL,stage9_DFIG_LVRT_BRK_OPEN_BOOL,stage4_DFIG_LVRT_TRIP_CONFIRMED,stage9_DFIG_LVRT_TRIP_CONFIRMED,stage4_DFIG_LVRT_CASCADE_EVENT_VALID,stage9_DFIG_LVRT_CASCADE_EVENT_VALID,stage4_DFIG_LVRT_CASCADE_EVENT_CAUSE_CODE,stage9_DFIG_LVRT_CASCADE_EVENT_CAUSE_CODE,stage4_DFIG_LVRT_CASCADE_EVENT_BRK_OPEN,stage9_DFIG_LVRT_CASCADE_EVENT_BRK_OPEN,stage4_DFIG_LVRT_CASCADE_SOURCE_AVAILABLE,stage9_DFIG_LVRT_CASCADE_SOURCE_AVAILABLE,stage4_DFIG_LVRT_CASCADE_AVAILABLE,stage9_DFIG_LVRT_CASCADE_AVAILABLE,stage4_DFIG_LVRT_CASCADE_FIRST_EVENT_TIME_S,stage9_DFIG_LVRT_CASCADE_FIRST_EVENT_TIME_S,stage4_DFIG_LVRT_EXISTING_BRK_CMD,stage9_DFIG_LVRT_EXISTING_BRK_CMD,stage4_DFIG_LVRT_ORIGINAL_CMD_OPEN_BOOL,stage9_DFIG_LVRT_ORIGINAL_CMD_OPEN_BOOL,stage4_DFIG_LVRT_TALLOW_S,stage9_DFIG_LVRT_TALLOW_S,stage4_E_28_29_1_A_P,stage9_E_28_29_1_A_P,stage4_E_28_29_1_A_Q,stage9_E_28_29_1_A_Q,stage4_E_28_29_1_B_P,stage9_E_28_29_1_B_P,stage4_E_28_29_1_B_Q,stage9_E_28_29_1_B_Q,stage4_PAPER_OVL1_S_MAX_PU,stage9_PAPER_OVL1_S_MAX_PU,stage4_PAPER_OVL1_LOADING_INDEX_EQ,stage9_PAPER_OVL1_LOADING_INDEX_EQ,stage4_PAPER_OVL1_ABOVE_THRESHOLD,stage9_PAPER_OVL1_ABOVE_THRESHOLD,stage4_PAPER_OVL1_TIMER_OR_CURVE_STATE,stage9_PAPER_OVL1_TIMER_OR_CURVE_STATE,stage4_PAPER_OVL1_TRIP_REQUEST,stage9_PAPER_OVL1_TRIP_REQUEST,stage4_PAPER_OVL1_BRK_STATE,stage9_PAPER_OVL1_BRK_STATE
0.0,0,7.9015918286441e-05,7.9015918286441e-05,-6.1758973797331e-06,-6.1758973797331e-06,-9.1591328086474e-21,-9.1591328086474e-21,1.0,1.0,1.0,1.0,0.0,0.0,0.0,0.0,0.0,0.0,0.0,0.0,0.0,0.0,0.0,0.0,0.0,0.0,0.0,0.0,0.0,0.0,0.0,0.0,0.0,0.0,1.0,1.0,1.0,1.0,0.0,0.0,0.0,0.0,0.0,0.0,0.625,0.625,0.0,0.0,0.0,0.0,-2.8387772292467e-28,-2.6957308501233e-27,-5.5186322624168e-60,-3.7085208803441e-56,,0.0,,0.0,,0.0,,0.0,,0.0,,0.0
0.01,0,0.076190531158559,0.07609065564831,-0.49833242622884,-0.49009344605982,-0.041847802705914,-0.040404686668388,1.0,1.0,1.0,1.0,0.0099974999999997,0.0099974999999997,0.0,0.0,1.0,1.0,0.0,0.0,0.0,0.0,0.0,0.0,0.0,0.0,0.0,0.0,0.0,0.0,0.0,0.0,0.0,0.0,1.0,1.0,1.0,1.0,-1.0,-1.0,0.0,0.0,0.0,0.0,0.625,0.625,-0.0034265585373895,-0.0052988564997442,0.00053108951629839,0.00050374950568,-0.0036307363003249,-0.0056215910271724,0.00074592479226703,0.0005724836209474,,0.0056414698782986,,0.00071656966944569,,0.0,,0.0,,0.0,,0.0
0.02,0,0.11613952534593,0.11491183428071,-0.6366022837168,-0.61608906813777,0.33642982967848,0.32879809496918,1.0,1.0,1.0,1.0,0.019997500000001,0.019997500000001,0.0,0.0,1.0,1.0,0.0,0.0,0.0,0.0,0.0,0.0,0.0,0.0,0.0,0.0,0.0,0.0,0.0,0.0,0.0,0.0,1.0,1.0,1.0,1.0,-1.0,-1.0,0.0,0.0,0.0,0.0,0.625,0.625,-0.030128676031412,-0.045891854410517,0.0012314493507937,-0.00014505728152382,-0.031013052641225,-0.047305919516885,0.0024253175758201,-0.00072795715621623,,0.047276996634215,,0.0060050416968249,,0.0,,0.0,,0.0,,0.0
0.03,0,0.19912938707732,0.1974251413233,-1.3851177262369,-1.3722637683455,1.051417983708,1.0319151523218,1.0,1.0,1.0,1.0,0.029997500000004,0.029997500000004,0.0,0.0,1.0,1.0,0.0,0.0,0.0,0.0,0.0,0.0,0.0,0.0,0.0,0.0,0.0,0.0,0.0,0.0,0.0,0.0,1.0,1.0,1.0,1.0,-1.0,-1.0,0.0,0.0,0.0,0.0,0.625,0.625,-0.099129595411291,-0.15029975937623,0.0051825267940669,0.001200587218716,-0.10115140863552,-0.1536636336158,0.0084781559817282,-0.001662452592469,,0.15360097351355,,0.019510127890701,,0.0,,0.0,,0.0,,0.0
0.04,0,0.29658916608375,0.29479917599555,-2.3613365464556,-2.3384847430586,2.7098282525349,2.6796951520686,1.0,1.0,0.0,0.0,0.039997500000001,0.039997500000001,0.0,0.0,0.0,0.0,0.0,0.0,0.0,0.0,0.0,0.0,0.0,0.0,0.0,0.0,0.0,0.0,0.0,0.0,0.0,0.0,1.0,1.0,1.0,1.0,-1.0,-1.0,0.0,0.0,0.0,0.0,0.625,0.625,-0.2185260326165,-0.3312010625901,0.013352096140569,0.0054391608567258,-0.22201960883886,-0.33723748575002,0.020169779803569,-0.0016228400790639,,0.33712647851326,,0.042821217604815,,0.0,,0.0,,0.0,,0.0
0.05,0,0.39756782912292,0.39571237926866,-3.2015461914958,-3.1853769352687,4.8717614073198,4.8047974704304,1.0,1.0,0.0,0.0,0.049997499999997,0.049997499999997,0.0,0.0,0.0,0.0,0.0,0.0,0.0,0.0,0.0,0.0,0.0,0.0,0.0,0.0,0.0,0.0,0.0,0.0,0.0,0.0,1.0,1.0,1.0,1.0,-1.0,-1.0,0.0,0.0,0.0,0.0,0.625,0.625,-0.39798488423237,-0.60250253366281,0.025522185167687,0.011858803440565,-0.40326594848356,-0.61185164707096,0.037413544890273,-0.0017407150131611,,0.61169587160763,,0.077696543272401,,0.0,,0.0,,0.0,,0.0
0.06,0,0.49978528779818,0.49774028165532,-4.3671665291573,-4.3380493010894,7.9765064089418,7.9227106075521,1.0,1.0,0.0,0.0,0.059997499999993,0.059997499999993,0.0,0.0,0.0,0.0,0.0,0.0,0.0,0.0,0.0,0.0,0.0,0.0,0.0,0.0,0.0,0.0,0.0,0.0,0.0,0.0,1.0,1.0,1.0,1.0,-1.0,-1.0,0.0,0.0,0.0,0.0,0.625,0.625,-0.6392545929551,-0.9676630716268,0.046024618782667,0.026104406651884,-0.64682534693146,-0.98135480546227,0.064639940056881,0.0034656401285112,,0.98114945539372,,0.12462389343473,,0.0,,0.0,,0.0,,0.0
0.07,0,0.60200468393687,0.59975141761745,-5.0177403134791,-4.9764621379165,12.059580969599,11.947508657277,1.0,1.0,0.0,0.0,0.0699975,0.0699975,0.0,0.0,0.0,0.0,0.0,0.0,0.0,0.0,0.0,0.0,0.0,0.0,0.0,0.0,0.0,0.0,0.0,0.0,0.0,0.0,1.0,1.0,1.0,1.0,-1.0,-1.0,0.0,0.0,0.0,0.0,0.625,0.625,-0.94433231962491,-1.4292017722705,0.069497116156988,0.040823783890291,-0.95428821702677,-1.4476218488397,0.096463511870052,0.0066028250718283,,1.4473792784966,,0.18384359280983,,0.0,,0.0,,0.0,,0.0
0.08,0,0.70297885633993,0.70034553738587,-6.2889409732161,-6.2670046037131,16.194071826466,16.064376855881,1.0,1.0,0.0,0.0,0.07999750000001,0.07999750000001,0.0,0.0,0.0,0.0,0.0,0.0,0.0,0.0,0.0,0.0,0.0,0.0,0.0,0.0,0.0,0.0,0.0,0.0,0.0,0.0,1.0,1.0,1.0,1.0,-1.0,-1.0,0.0,0.0,0.0,0.0,0.625,0.625,-1.3188967727551,-1.9952875560241,0.099626068085462,0.060797266039814,-1.3317715603047,-2.0194483717034,0.13671764644835,0.012133849572773,,2.0191749752323,,0.256472085426,,0.0,,0.0,,0.0,,0.0
0.09,0,0.80374790494347,0.80097752868884,-7.1401833247051,-7.0675615952003,21.999673182226,21.865822760349,1.0,1.0,0.0,0.0,0.08999750000002,0.08999750000002,0.0,0.0,0.0,0.0,0.0,0.0,0.0,0.0,0.0,0.0,0.0,0.0,0.0,0.0,0.0,0.0,0.0,0.0,0.0,0.0,1.0,1.0,1.0,1.0,-1.0,-1.0,0.0,0.0,0.0,0.0,0.625,0.625,-1.7570085712124,-2.6581433972075,0.13661892824121,0.086191100129259,-1.773074461016,-2.6887606035807,0.18542979854712,0.020415044734203,,2.6884742106131,,0.34148530754777,,0.0,,0.0,,0.0,,0.0
0.1,0,0.90433311762685,0.90136022749201,-7.8983511482986,-7.8744298601959,27.739009974396,27.48690827842,0.0,0.0,0.0,0.0,0.0,0.0,0.0,0.0,0.0,0.0,0.0,0.0,0.0,0.0,0.0,0.0,0.0,0.0,0.0,0.0,0.0,0.0,0.0,0.0,0.0,0.0,1.0,1.0,1.0,1.0,-1.0,-1.0,0.0,0.0,0.0,0.0,2.0,2.0,-2.26579295072,-3.4268389784143,0.17411337399108,0.10869201093141,-2.2852083844993,-3.4643626920963,0.23640513929067,0.022993262651621,,3.4640294411664,,0.43999498094553,,0.0,,0.0,,0.0,,0.0
0.11,0,0.98637433378963,0.98324596130863,-6.2211397367712,-6.1908869119173,33.348418581824,33.134316389136,0.0,0.0,0.0,0.0,0.0,0.0,0.0,0.0,0.0,0.0,0.0,0.0,0.0,0.0,0.0,0.0,0.0,0.0,0.0,0.0,0.0,0.0,0.0,0.0,0.0,0.0,1.0,1.0,1.0,1.0,-1.0,-1.0,0.0,0.0,0.0,0.0,2.0,2.0,-2.765652878592,-4.1811231816179,0.18733710652263,0.099333712236848,-2.7846170583233,-4.2195803339139,0.26338547680736,-0.005185847179316,,4.2193051179453,,0.5359287807752,,0.0,,0.0,,0.0,,0.0
0.12,0,1.0133163716735,1.010249500922,-3.3714174917403,-3.3628233348591,36.12551077493,35.899095215942,0.0,0.0,0.0,0.0,0.0,0.0,0.0,0.0,0.0,0.0,0.0,0.0,0.0,0.0,0.0,0.0,0.0,0.0,0.0,0.0,0.0,0.0,0.0,0.0,0.0,0.0,1.0,1.0,1.0,1.0,-1.0,-1.0,0.0,0.0,0.0,0.0,2.0,2.0,-3.0573877470813,-4.6251189060865,0.20795226664688,0.1112751034109,-3.075556418251,-4.6637439448369,0.29371551718219,-0.0025092203523205,,4.663553928642,,0.59235649027289,,0.0,,0.0,,0.0,,0.0
0.13,0,1.0136155421751,1.0105511981995,-2.2113527672771,-2.2113996747663,36.981499856791,36.751564060782,0.0,0.0,0.0,0.0,0.0,0.0,0.0,0.0,0.0,0.0,0.0,0.0,0.0,0.0,0.0,0.0,0.0,0.0,0.0,0.0,0.0,0.0,0.0,0.0,0.0,0.0,1.0,1.0,1.0,1.0,-1.0,-1.0,0.0,0.0,0.0,0.0,2.0,2.0,-3.2427739061016,-4.9056032044096,0.2056008407752,0.098353023747169,-3.2597318503847,-4.9428596140794,0.29698187421939,-0.021846893976315,,4.9428117537712,,0.62782733240442,,0.0,,0.0,,0.0,,0.0
0.14,0,1.0137134800683,1.0107344819026,-1.6565267532595,-1.6513061038007,37.398394107454,37.176406225078,0.0,0.0,0.0,0.0,0.0,0.0,0.0,0.0,0.0,0.0,0.0,0.0,0.0,0.0,0.0,0.0,0.0,0.0,0.0,0.0,0.0,0.0,0.0,0.0,0.0,0.0,1.0,1.0,1.0,1.0,-1.0,-1.0,0.0,0.0,0.0,0.0,2.0,2.0,-3.3567892533607,-5.0780127929649,0.21699061639177,0.10772702876526,-3.3736450068733,-5.1157202995421,0.31165848180182,-0.016517367959038,,5.1156770129451,,0.64978437627723,,0.0,,0.0,,0.0,,0.0
0.15,0,1.0136973440506,1.0106900120619,-1.3666992087477,-1.3630406851211,37.521106599407,37.295692664308,0.0,0.0,0.0,0.0,0.0,0.0,0.0,0.0,0.0,0.0,0.0,0.0,0.0,0.0,0.0,0.0,0.0,0.0,0.0,0.0,0.0,0.0,0.0,0.0,0.0,0.0,1.0,1.0,1.0,1.0,-1.0,-1.0,0.0,0.0,0.0,0.0,2.0,2.0,-3.4193118015214,-5.1735346271359,0.21672714411444,0.10383351666746,-3.4357513163901,-5.210765999878,0.31372565367245,-0.022193703532362,,5.2107743543258,,0.66186347480091,,0.0,,0.0,,0.0,,0.0
0.16,0,1.0136950001006,1.0106241152199,-1.3082467826149,-1.3023428687042,37.559286467621,37.335539314049,0.0,0.0,0.0,0.0,0.0,0.0,0.0,0.0,0.0,0.0,0.0,0.0,0.0,0.0,0.0,0.0,0.0,0.0,0.0,0.0,0.0,0.0,0.0,0.0,0.0,0.0,1.0,1.0,1.0,1.0,-1.0,-1.0,0.0,0.0,0.0,0.0,2.0,2.0,-3.4645376514255,-5.2414392761852,0.21808696214944,0.10341752005733,-3.4808059855063,-5.2785842091029,0.31614566361703,-0.024436612391138,,5.2786196056672,,0.67048106035501,,0.0,,0.0,,0.0,,0.0
0.17,0,1.0135539657304,1.0105624904614,-1.1969212299042,-1.1902996417872,37.607439636713,37.382797847965,0.0,0.0,0.0,0.0,0.0,0.0,0.0,0.0,0.0,0.0,0.0,0.0,0.0,0.0,0.0,0.0,0.0,0.0,0.0,0.0,0.0,0.0,0.0,0.0,0.0,0.0,1.0,1.0,1.0,1.0,-1.0,-1.0,0.0,0.0,0.0,0.0,2.0,2.0,-3.4864757071574,-5.2750703009427,0.22120364441028,0.10642585369934,-3.5027452006917,-5.3123566822452,0.32016322273477,-0.021964246578141,,5.3123838098387,,0.67476973070941,,0.0,,0.0,,0.0,,0.0
0.18,0,1.0135313662348,1.0105020283853,-1.1931330959268,-1.186852151069,37.569968086339,37.344653993971,0.0,0.0,0.0,0.0,0.0,0.0,0.0,0.0,0.0,0.0,0.0,0.0,0.0,0.0,0.0,0.0,0.0,0.0,0.0,0.0,0.0,0.0,0.0,0.0,0.0,0.0,1.0,1.0,1.0,1.0,-1.0,-1.0,0.0,0.0,0.0,0.0,2.0,2.0,-3.5024799960357,-5.2991548097861,0.2189006647719,0.10229379762252,-3.5185585944704,-5.3361272161783,0.31828750902825,-0.026699878050773,,5.3361889680754,,0.67779342041028,,0.0,,0.0,,0.0,,0.0
0.19,0,1.0135209808673,1.0104177344319,-1.1793988238105,-1.1719860053077,37.607786790417,37.382761664604,0.0,0.0,0.0,0.0,0.0,0.0,0.0,0.0,0.0,0.0,0.0,0.0,0.0,0.0,0.0,0.0,0.0,0.0,0.0,0.0,0.0,0.0,0.0,0.0,0.0,0.0,1.0,1.0,1.0,1.0,-1.0,-1.0,0.0,0.0,0.0,0.0,2.0,2.0,-3.5120846181908,-5.3137606306314,0.22170761736175,0.10579277758176,-3.5282456068474,-5.3509797820347,0.32134392340071,-0.023572827139586,,5.3510237532335,,0.67967770896031,,0.0,,0.0,,0.0,,0.0
0.2,0,1.0134153756274,1.0103769900905,-1.13763960721,-1.1311664955308,37.579432317557,37.353097885615,0.0,0.0,0.0,0.0,0.0,0.0,0.0,0.0,0.0,0.0,0.0,0.0,0.0,0.0,0.0,0.0,0.0,0.0,0.0,0.0,0.0,0.0,0.0,0.0,0.0,0.0,1.0,1.0,1.0,1.0,-1.0,-1.0,0.0,0.0,0.0,0.0,2.0,2.0,-3.5160481143056,-5.3197465219438,0.22017788180607,0.10331383884268,-3.5321059690726,-5.3567641093949,0.3200703677967,-0.026048984421887,,5.3568253723936,,0.68041462051235,,0.0,,0.0,,0.0,,0.0
0.21,0,1.0133122758702,1.010260635468,-1.1730622532685,-1.1657119197968,37.578102896217,37.352289058561,0.0,0.0,0.0,0.0,0.0,0.0,0.0,0.0,0.0,0.0,0.0,0.0,0.0,0.0,0.0,0.0,0.0,0.0,0.0,0.0,0.0,0.0,0.0,0.0,0.0,0.0,1.0,1.0,1.0,1.0,-1.0,-1.0,0.0,0.0,0.0,0.0,2.0,2.0,-3.5213303805831,-5.3277148204353,0.22070342565902,0.10376702341902,-3.5374040198572,-5.3647956041067,0.32059936980801,-0.025933273868987,,5.3648568752584,,0.68143476800531,,0.0,,0.0,,0.0,,0.0
0.22,0,1.0132924890097,1.0102187737263,-1.1278488423147,-1.1205404524382,37.594443694045,37.36773139192,0.0,0.0,0.0,0.0,0.0,0.0,0.0,0.0,0.0,0.0,0.0,0.0,0.0,0.0,0.0,0.0,0.0,0.0,0.0,0.0,0.0,0.0,0.0,0.0,0.0,0.0,1.0,1.0,1.0,1.0,-1.0,-1.0,0.0,0.0,0.0,0.0,2.0,2.0,-3.5215450784602,-5.3281207684538,0.22133179673445,0.10471798675973,-3.53763397104,-5.3652498131861,0.3213789002612,-0.024846996149217,,5.3653043203871,,0.68149160170556,,0.0,,0.0,,0.0,,0.0
0.23,0,1.0132126016422,1.0101502989313,-1.1447897289026,-1.1382174069529,37.554881162754,37.328031684019,0.0,0.0,0.0,0.0,0.0,0.0,0.0,0.0,0.0,0.0,0.0,0.0,0.0,0.0,0.0,0.0,0.0,0.0,0.0,0.0,0.0,0.0,0.0,0.0,0.0,0.0,1.0,1.0,1.0,1.0,-1.0,-1.0,0.0,0.0,0.0,0.0,2.0,2.0,-3.523867169599,-5.3314803741017,0.21978486387398,0.1022555388412,-3.5398858658846,-5.368454392126,0.3198206774374,-0.027460391581909,,5.3685264796369,,0.68190087475644,,0.0,,0.0,,0.0,,0.0
0.24,0,1.0131313402793,1.0101137519568,-1.1472024576671,-1.1397127803251,37.589465596041,37.362418987854,0.0,0.0,0.0,0.0,0.0,0.0,0.0,0.0,0.0,0.0,0.0,0.0,0.0,0.0,0.0,0.0,0.0,0.0,0.0,0.0,0.0,0.0,0.0,0.0,0.0,0.0,1.0,1.0,1.0,1.0,-1.0,-1.0,0.0,0.0,0.0,0.0,2.0,2.0,-3.5244634190682,-5.332542554512,0.22155692391786,0.10485250951094,-3.5405637557103,-5.3697118386113,0.32161392079914,-0.024891640305506,,5.369766720467,,0.68205840798462,,0.0,,0.0,,0.0,,0.0
0.25,0,1.0131732030033,1.0100553659152,-1.1170436643327,-1.1107272662031,37.56019062411,37.332507723342,0.0,0.0,0.0,0.0,0.0,0.0,0.0,0.0,0.0,0.0,0.0,0.0,0.0,0.0,0.0,0.0,0.0,0.0,0.0,0.0,0.0,0.0,0.0,0.0,0.0,0.0,1.0,1.0,1.0,1.0,-1.0,-1.0,0.0,0.0,0.0,0.0,2.0,2.0,-3.5240329600324,-5.3317664240649,0.21995057333643,0.10253070453635,-3.5400553978337,-5.3687589866588,0.32007297801247,-0.027109821395308,,5.3688286130735,,0.68193925121885,,0.0,,0.0,,0.0,,0.0
0.26,0,1.013073483036,1.0099888173641,-1.154823732475,-1.1478179794956,37.562438535686,37.335216381642,0.0,0.0,0.0,0.0,0.0,0.0,0.0,0.0,0.0,0.0,0.0,0.0,0.0,0.0,0.0,0.0,0.0,0.0,0.0,0.0,0.0,0.0,0.0,0.0,0.0,0.0,1.0,1.0,1.0,1.0,-1.0,-1.0,0.0,0.0,0.0,0.0,2.0,2.0,-3.5258246050182,-5.3344897870153,0.22062563941769,0.1033743531456,-3.5418869180793,-5.3715751089211,0.32067517166987,-0.026456537597192,,5.3716401359205,,0.68229636594969,,0.0,,0.0,,0.0,,0.0
0.27,0,1.0130432328598,1.0100037906591,-1.1175718711098,-1.1106538668994,37.578910816333,37.350954704163,0.0,0.0,0.0,0.0,0.0,0.0,0.0,0.0,0.0,0.0,0.0,0.0,0.0,0.0,0.0,0.0,0.0,0.0,0.0,0.0,0.0,0.0,0.0,0.0,0.0,0.0,1.0,1.0,1.0,1.0,-1.0,-1.0,0.0,0.0,0.0,0.0,2.0,2.0,-3.5243321487607,-5.3323145925013,0.22089914972605,0.10390708733441,-3.5404018198253,-5.3694187238297,0.32103531283327,-0.025745309378937,,5.369478936213,,0.68202185413036,,0.0,,0.0,,0.0,,0.0
0.28,0,1.0130350451746,1.0099469161381,-1.1356176125496,-1.1288238235574,37.542938985787,37.31556567399,0.0,0.0,0.0,0.0,0.0,0.0,0.0,0.0,0.0,0.0,0.0,0.0,0.0,0.0,0.0,0.0,0.0,0.0,0.0,0.0,0.0,0.0,0.0,0.0,0.0,0.0,1.0,1.0,1.0,1.0,-1.0,-1.0,0.0,0.0,0.0,0.0,2.0,2.0,-3.5255754385363,-5.3340420697268,0.21961171978169,0.1019282067318,-3.5415911853409,-5.3710231966006,0.31969858826596,-0.027843100949377,,5.3710976007466,,0.68222745407768,,0.0,,0.0,,0.0,,0.0
0.29,0,1.0130381861174,1.009955056731,-1.1402483924723,-1.1327228305892,37.579216478116,37.351590348494,0.0,0.0,0.0,0.0,0.0,0.0,0.0,0.0,0.0,0.0,0.0,0.0,0.0,0.0,0.0,0.0,0.0,0.0,0.0,0.0,0.0,0.0,0.0,0.0,0.0,0.0,1.0,1.0,1.0,1.0,-1.0,-1.0,0.0,0.0,0.0,0.0,2.0,2.0,-3.5253886660809,-5.3338960465221,0.22127106651169,0.10436056107675,-3.5414827520947,-5.3710560168913,0.32136361507529,-0.025402829808916,,5.371113765839,,0.68222950733954,,0.0,,0.0,,0.0,,0.0
0.3,0,1.0129889285939,1.0099516321215,-1.1129238619785,-1.1061251439816,37.552859885661,37.325170047405,0.0,0.0,0.0,0.0,0.0,0.0,0.0,0.0,0.0,0.0,0.0,0.0,0.0,0.0,0.0,0.0,0.0,0.0,0.0,0.0,0.0,0.0,0.0,0.0,0.0,0.0,1.0,1.0,1.0,1.0,-1.0,-1.0,0.0,0.0,0.0,0.0,2.0,2.0,-3.5246676189389,-5.3327400328889,0.21975423369171,0.10221295946278,-3.5406877549408,-5.3697320450166,0.31989319548872,-0.027452383813498,,5.3698036413787,,0.68206309761446,,0.0,,0.0,,0.0,,0.0
0.31,0,1.0129704524742,1.009943993545,-1.1500457480524,-1.1428712788199,37.557413005063,37.330344009777,0.0,0.0,0.0,0.0,0.0,0.0,0.0,0.0,0.0,0.0,0.0,0.0,0.0,0.0,0.0,0.0,0.0,0.0,0.0,0.0,0.0,0.0,0.0,0.0,0.0,0.0,1.0,1.0,1.0,1.0,-1.0,-1.0,0.0,0.0,0.0,0.0,2.0,2.0,-3.5261315214994,-5.3349165114241,0.22047471937916,0.10316387241822,-3.5421924629768,-5.3720024216666,0.32053761225522,-0.02666986689032,,5.3720685522029,,0.68235078263904,,0.0,,0.0,,0.0,,0.0
0.32,0,1.0130103351845,1.0099106090715,-1.1155885522256,-1.1085810762248,37.575676435708,37.348234490465,0.0,0.0,0.0,0.0,0.0,0.0,0.0,0.0,0.0,0.0,0.0,0.0,0.0,0.0,0.0,0.0,0.0,0.0,0.0,0.0,0.0,0.0,0.0,0.0,0.0,0.0,1.0,1.0,1.0,1.0,-1.0,-1.0,0.0,0.0,0.0,0.0,2.0,2.0,-3.5245694256083,-5.332672207248,0.22076741914006,0.10368316304974,-3.5406376395213,-5.3697722224539,0.32090867230192,-0.025979500003828,,5.3698337406017,,0.68206692076529,,0.0,,0.0,,0.0,,0.0
0.33,0,1.0129945292196,1.0099446019245,-1.1327278484502,-1.1259945409538,37.542677179136,37.315980417194,0.0,0.0,0.0,0.0,0.0,0.0,0.0,0.0,0.0,0.0,0.0,0.0,0.0,0.0,0.0,0.0,0.0,0.0,0.0,0.0,0.0,0.0,0.0,0.0,0.0,0.0,1.0,1.0,1.0,1.0,-1.0,-1.0,0.0,0.0,0.0,0.0,2.0,2.0,-3.5256749993548,-5.33420657395,0.21957304885569,0.10191077718783,-3.5416912878587,-5.3711921031695,0.31966490175943,-0.027863235933565,,5.3712665302044,,0.68224891120292,,0.0,,0.0,,0.0,,0.0
0.34,0,1.0130454388708,1.0099269492946,-1.1381675445892,-1.1311196023574,37.579500730785,37.35287490604,0.0,0.0,0.0,0.0,0.0,0.0,0.0,0.0,0.0,0.0,0.0,0.0,0.0,0.0,0.0,0.0,0.0,0.0,0.0,0.0,0.0,0.0,0.0,0.0,0.0,0.0,1.0,1.0,1.0,1.0,-1.0,-1.0,0.0,0.0,0.0,0.0,2.0,2.0,-3.5254793527175,-5.3340113758552,0.22120652382253,0.10427174498586,-3.5415716349804,-5.3711665662217,0.32130083006854,-0.025494499234487,,5.3712248905598,,0.68224362220785,,0.0,,0.0,,0.0,,0.0
0.35,0,1.0130772088128,1.0099884558647,-1.1119151154385,-1.1054659418332,37.555610352735,37.329242967179,0.0,0.0,0.0,0.0,0.0,0.0,0.0,0.0,0.0,0.0,0.0,0.0,0.0,0.0,0.0,0.0,0.0,0.0,0.0,0.0,0.0,0.0,0.0,0.0,0.0,0.0,1.0,1.0,1.0,1.0,-1.0,-1.0,0.0,0.0,0.0,0.0,2.0,2.0,-3.5247295751835,-5.3328700341197,0.21980606807035,0.10231083466556,-3.5407516380536,-5.3698666493178,0.31994552917611,-0.027361465275081,,5.3699376942439,,0.68208012477572,,0.0,,0.0,,0.0,,0.0
0.36,0,1.0130593838023,1.0099735802785,-1.1480769553214,-1.1413482029861,37.561053032354,37.335464851065,0.0,0.0,0.0,0.0,0.0,0.0,0.0,0.0,0.0,0.0,0.0,0.0,0.0,0.0,0.0,0.0,0.0,0.0,0.0,0.0,0.0,0.0,0.0,0.0,0.0,0.0,1.0,1.0,1.0,1.0,-1.0,-1.0,0.0,0.0,0.0,0.0,2.0,2.0,-3.5261439609507,-5.3349360607514,0.22048940956566,0.10323597604203,-3.5422034239943,-5.3720198705874,0.3205545576119,-0.02659709973921,,5.3720856901614,,0.68235295947266,,0.0,,0.0,,0.0,,0.0
0.37,0,1.0130712767199,1.0099813938335,-1.1152121305255,-1.1086837132509,37.579911331931,37.354314835037,0.0,0.0,0.0,0.0,0.0,0.0,0.0,0.0,0.0,0.0,0.0,0.0,0.0,0.0,0.0,0.0,0.0,0.0,0.0,0.0,0.0,0.0,0.0,0.0,0.0,0.0,1.0,1.0,1.0,1.0,-1.0,-1.0,0.0,0.0,0.0,0.0,2.0,2.0,-3.5246459472308,-5.3328086495552,0.22084625316146,0.10381866401073,-3.5407149642913,-5.3699093379408,0.32098578547667,-0.0258531873943,,5.3699702677118,,0.68208426220081,,0.0,,0.0,,0.0,,0.0
0.38,0,1.0130956391402,1.0100387673517,-1.1315517783637,-1.1255461741871,37.548514093008,37.323906429527,0.0,0.0,0.0,0.0,0.0,0.0,0.0,0.0,0.0,0.0,0.0,0.0,0.0,0.0,0.0,0.0,0.0,0.0,0.0,0.0,0.0,0.0,0.0,0.0,0.0,0.0,1.0,1.0,1.0,1.0,-1.0,-1.0,0.0,0.0,0.0,0.0,2.0,2.0,-3.5256687815415,-5.3342328817761,0.21968474660807,0.10213732803417,-3.5416859230467,-5.3712216020312,0.31977870234485,-0.027637787352597,,5.3712947788507,,0.68225249929673,,0.0,,0.0,,0.0,,0.0
0.39,0,1.0131282968792,1.0101025436169,-1.1373848577273,-1.1307937139795,37.584617457492,37.360379683534,0.0,0.0,0.0,0.0,0.0,0.0,0.0,0.0,0.0,0.0,0.0,0.0,0.0,0.0,0.0,0.0,0.0,0.0,0.0,0.0,0.0,0.0,0.0,0.0,0.0,0.0,1.0,1.0,1.0,1.0,-1.0,-1.0,0.0,0.0,0.0,0.0,2.0,2.0,-3.5255331636761,-5.3341054838026,0.22127783306941,0.10442530340248,-3.5416239360974,-5.3712571284286,0.32137148214565,-0.025346992631741,,5.3713148720643,,0.6822550515017,,0.0,,0.0,,0.0,,0.0
0.4,0,1.0131504474211,1.0101481823824,-1.11212780594,-1.1059094179043,37.561913573885,37.338326861005,0.0,0.0,0.0,0.0,0.0,0.0,0.0,0.0,0.0,0.0,0.0,0.0,0.0,0.0,0.0,0.0,0.0,0.0,0.0,0.0,0.0,0.0,0.0,0.0,0.0,0.0,1.0,1.0,1.0,1.0,-1.0,-1.0,0.0,0.0,0.0,0.0,2.0,2.0,-3.5247656032604,-5.3329693532791,0.21996854807152,0.10260829611582,-3.5407899138768,-5.3699712848121,0.3201078135661,-0.027070886533043,,5.3700407477491,,0.68209321445229,,0.0,,0.0,,0.0,,0.0
0.41,0,1.0063753931709,1.0033047669229,-21.808036269519,-21.898131521084,14.204939036128,14.17936739898,0.0,0.0,0.0,0.0,0.0,0.0,0.0,0.0,0.0,0.0,0.0,0.0,0.0,0.0,0.0,0.0,0.0,0.0,0.0,0.0,0.0,0.0,0.0,0.0,0.0,0.0,1.0,1.0,1.0,1.0,-1.0,-1.0,0.0,0.0,0.0,0.0,2.0,2.0,-3.5311829636375,-5.3412717633,0.21397985348956,0.09364917970188,-3.5475087126119,-5.3785116358898,0.31312388725582,-0.037720604671261,,5.3786429964945,,0.68318585709206,,0.0,,0.0,,0.0,,0.0
0.42,0,1.0081016339201,1.0050217219509,-11.032414332962,-11.081544604499,9.4990677349779,9.4785232327047,0.0,0.0,0.0,0.0,0.0,0.0,0.0,0.0,0.0,0.0,0.0,0.0,0.0,0.0,0.0,0.0,0.0,0.0,0.0,0.0,0.0,0.0,0.0,0.0,0.0,0.0,1.0,1.0,1.0,1.0,-1.0,-1.0,0.0,0.0,0.0,0.0,2.0,2.0,-3.5267217827591,-5.3346754505384,0.21024029571365,0.089082034311527,-3.5427691142754,-5.3717449960879,0.30991175065089,-0.041299768321834,,5.3719044706886,,0.68232994129113,,0.0,,0.0,,0.0,,0.0
0.43,0,1.004728535788,1.0015719234639,-5.0840379406172,-5.1049186001301,9.188316774713,9.1799244966714,0.0,0.0,0.0,0.0,0.0,0.0,0.0,0.0,0.0,0.0,0.0,0.0,0.0,0.0,0.0,0.0,0.0,0.0,0.0,0.0,0.0,0.0,0.0,0.0,0.0,0.0,1.0,1.0,1.0,1.0,-1.0,-1.0,0.0,0.0,0.0,0.0,2.0,2.0,-3.5257377389787,-5.3331646860087,0.20790311836558,0.085943369504678,-3.5417335914934,-5.3701138530648,0.30771667296828,-0.044106689950714,,5.3702983087725,,0.6821259294045,,0.0,,0.0,,0.0,,0.0
0.44,0,1.0048092191054,1.0018127659051,-2.2527510248806,-2.2586523892165,9.2697773436819,9.2512083922122,0.0,0.0,0.0,0.0,0.0,0.0,0.0,0.0,0.0,0.0,0.0,0.0,0.0,0.0,0.0,0.0,0.0,0.0,0.0,0.0,0.0,0.0,0.0,0.0,0.0,0.0,1.0,1.0,1.0,1.0,-1.0,-1.0,0.0,0.0,0.0,0.0,2.0,2.0,-3.5238849071106,-5.3306063464243,0.20852080249687,0.087040702947129,-3.5399478807135,-5.3676970685268,0.30847538363432,-0.042673397173704,,5.3678655841324,,0.68181692896155,,0.0,,0.0,,0.0,,0.0
0.45,0,1.0046819758228,1.00173054942,-1.0103074207077,-1.0061917808822,9.0205290991612,8.9999233157789,0.0,0.0,0.0,0.0,0.0,0.0,0.0,0.0,0.0,0.0,0.0,0.0,0.0,0.0,0.0,0.0,0.0,0.0,0.0,0.0,0.0,0.0,0.0,0.0,0.0,0.0,1.0,1.0,1.0,1.0,-1.0,-1.0,0.0,0.0,0.0,0.0,2.0,2.0,-3.5221256041669,-5.3280601009306,0.20660382511365,0.084509075891394,-3.5381203022012,-5.3649974938308,0.30668904412986,-0.044910696900604,,5.3651872833901,,0.68147673587021,,0.0,,0.0,,0.0,,0.0
0.46,0,1.004472013959,1.0014776936731,-0.59604004325096,-0.58699866306941,8.5942817485974,8.5749876711752,0.0,0.0,0.0,0.0,0.0,0.0,0.0,0.0,0.0,0.0,0.0,0.0,0.0,0.0,0.0,0.0,0.0,0.0,0.0,0.0,0.0,0.0,0.0,0.0,0.0,0.0,1.0,1.0,1.0,1.0,-1.0,-1.0,0.0,0.0,0.0,0.0,2.0,2.0,-3.5227652706471,-5.3289836101971,0.20666354530427,0.084653878029154,-3.5387909175707,-5.3659930163747,0.30673408066131,-0.044780636464835,,5.3661803101042,,0.68160286839234,,0.0,,0.0,,0.0,,0.0
0.47,0,1.0042957011117,1.0013229386851,-0.47098275649289,-0.46034444168545,8.0321653348972,8.014772476368,0.0,0.0,0.0,0.0,0.0,0.0,0.0,0.0,0.0,0.0,0.0,0.0,0.0,0.0,0.0,0.0,0.0,0.0,0.0,0.0,0.0,0.0,0.0,0.0,0.0,0.0,1.0,1.0,1.0,1.0,-1.0,-1.0,0.0,0.0,0.0,0.0,2.0,2.0,-3.5209652146825,-5.3264261309166,0.2065978021694,0.084695519319209,-3.5370013779611,-5.3634546257245,0.30676733747813,-0.044512823167456,,5.3636383228576,,0.6812799896036,,0.0,,0.0,,0.0,,0.0
0.48,0,1.0040655677838,1.0011254794315,-0.56230173528584,-0.55200509133177,7.3923687938224,7.3784681629926,0.0,0.0,0.0,0.0,0.0,0.0,0.0,0.0,0.0,0.0,0.0,0.0,0.0,0.0,0.0,0.0,0.0,0.0,0.0,0.0,0.0,0.0,0.0,0.0,0.0,0.0,1.0,1.0,1.0,1.0,-1.0,-1.0,0.0,0.0,0.0,0.0,2.0,2.0,-3.5215844049863,-5.327244514684,0.20506194702076,0.082557445380759,-3.5375699709148,-5.3641640894732,0.30520811373188,-0.04669264657399,,5.3643693910574,,0.68137284861191,,0.0,,0.0,,0.0,,0.0
0.49,0,1.0038815051856,1.0009204480631,-0.66575923743815,-0.65591781331697,6.81189831128,6.8009558374467,0.0,0.0,0.0,0.0,0.0,0.0,0.0,0.0,0.0,0.0,0.0,0.0,0.0,0.0,0.0,0.0,0.0,0.0,0.0,0.0,0.0,0.0,0.0,0.0,0.0,0.0,1.0,1.0,1.0,1.0,-1.0,-1.0,0.0,0.0,0.0,0.0,2.0,2.0,-3.5213488866887,-5.326942661243,0.20614460551807,0.084146617437893,-3.5374023609717,-5.3640116194324,0.30629463508505,-0.045079959177989,,5.3641992918374,,0.68135124290551,,0.0,,0.0,,0.0,,0.0
0.5,1,1.0036887879326,1.0007889067996,-0.76082559956129,-0.75276615452405,6.1757137268352,6.1678662062203,0.0,0.0,0.0,0.0,0.0,0.0,0.0,0.0,0.0,0.0,0.0,0.0,0.0,0.0,0.0,0.0,0.0,0.0,0.0,0.0,0.0,0.0,0.0,0.0,0.0,0.0,1.0,1.0,1.0,1.0,-1.0,-1.0,0.0,0.0,0.0,0.0,2.0,2.0,-3.5204700746374,-5.3256319543197,0.20460252815464,0.082043954830662,-3.5360216258097,-5.3618956639915,0.30476086425813,-0.047071061578853,,5.3627731085416,,0.68117009158948,,0.0,,0.0,,0.0,,0.0
0.51,1,0.93572260992153,0.95730359467336,-0.30028871446847,-0.4945289228155,3.6089601541211,4.3436512876292,0.0,0.0,0.0,0.0,0.0,0.0,0.0,0.0,0.0,0.0,0.0,0.0,0.0,0.0,0.0,0.0,0.0,0.0,0.0,0.0,0.0,0.0,0.0,0.0,0.0,0.0,1.0,1.0,1.0,1.0,-1.0,-1.0,0.0,0.0,0.0,0.0,2.0,2.0,-1.8730071043167,-2.8027484582665,0.66556086188783,0.88326460866608,-2.1395283391831,-3.2462777357451,0.18542313178772,-0.027686523839694,,3.2472129460184,,0.41245532769732,,0.0,,0.0,,0.0,,0.0
0.52,1,0.8760672781473,0.91947204615778,-0.63144711717821,-0.69569736124649,2.4288538312224,3.4437654882351,1.0,0.0,0.0,0.0,0.0056724999999999,0.0,0.0,0.0,0.0,0.0,0.0,0.0,0.0,0.0,0.0,0.0,0.0,0.0,0.0,0.0,0.0,0.0,0.0,0.0,0.0,0.0,1.0,1.0,1.0,1.0,-1.0,-1.0,0.0,0.0,0.0,0.0,1.9436173349184,2.0,-1.204089564973,-1.8269857089522,0.80103154872652,1.2000330002022,-1.2955088889033,-1.9663410001366,0.11281800062486,-0.016243983615814,,2.1864319840144,,0.27771677911063,,0.0,,0.0,,0.0,,0.0
0.53,1,0.8741394109362,0.91854426150597,-0.68421471217531,-0.78057800597668,2.4628349644123,3.2666019523127,1.0,0.0,0.0,0.0,0.015672499999999,0.0,0.0,0.0,0.0,0.0,0.0,0.0,0.0,0.0,0.0,0.0,0.0,0.0,0.0,0.0,0.0,0.0,0.0,0.0,0.0,0.0,1.0,1.0,1.0,1.0,-1.0,-1.0,0.0,0.0,0.0,0.0,1.9436173349184,2.0,-0.6554681537646,-0.97104381183269,1.1121640479291,1.730924765721,-0.78151722980133,-1.1876978337588,0.069086589013106,-0.0088510680465149,,1.9846565058926,,0.25208760962482,,0.0,,0.0,,0.0,,0.0
0.54,1,0.8743184455408,0.91857896889047,-0.6634895110311,-0.78018479721027,2.2814496715079,2.9662608553497,1.0,0.0,0.0,0.0,0.025672500000003,0.0,0.0,0.0,0.0,0.0,0.0,0.0,0.0,0.0,0.0,0.0,0.0,0.0,0.0,0.0,0.0,0.0,0.0,0.0,0.0,0.0,1.0,1.0,1.0,1.0,-1.0,-1.0,0.0,0.0,0.0,0.0,1.9436173349184,2.0,-0.31080558636119,-0.46517590821865,1.1070131990901,1.7460522307603,-0.47195394528096,-0.7180191641734,0.042354325681417,-0.0046811457080067,,1.8068681364988,,0.2295052408741,,0.0,,0.0,,0.0,,0.0
0.55,1,0.87448252525174,0.91860603076553,-0.80975811548998,-0.87328125092177,2.104429175693,2.669123572675,1.0,0.0,0.0,0.0,0.035672500000003,0.0,0.0,0.0,0.0,0.0,0.0,0.0,0.0,0.0,0.0,0.0,0.0,0.0,0.0,0.0,0.0,0.0,0.0,0.0,0.0,0.0,1.0,1.0,1.0,1.0,-1.0,-1.0,0.0,0.0,0.0,0.0,1.9436173349184,2.0,-0.19355960348813,-0.28286481788756,1.210276910349,1.9370021526308,-0.28344720181414,-0.43218574326309,0.0262686739532,-0.001966907452055,,1.9576189687552,,0.24865334879083,,0.0,,0.0,,0.0,,0.0
0.56,1,0.87421437715739,0.91837502955785,-0.7462798746518,-0.84250984746601,1.9575488691205,2.413240695845,1.0,0.0,0.0,0.0,0.045672499999999,0.0,0.0,0.0,0.0,0.0,0.0,0.0,0.0,0.0,0.0,0.0,0.0,0.0,0.0,0.0,0.0,0.0,0.0,0.0,0.0,0.0,1.0,1.0,1.0,1.0,-1.0,-1.0,0.0,0.0,0.0,0.0,1.9436173349184,2.0,-0.021274325832785,-0.020238999654878,1.2508434577023,2.0012764955932,-0.16928506641332,-0.25910773777679,0.016433328720221,-0.00042389712951205,,2.0012817481773,,0.25419931891786,,0.0,,0.0,,0.0,,0.0
0.57,1,0.87420574219785,0.91832567114173,-0.78211738877499,-0.85917150758004,1.6019327074596,2.0351585954159,1.0,0.0,0.0,0.0,0.055672499999995,0.0,0.0,0.0,0.0,0.0,0.0,0.0,0.0,0.0,0.0,0.0,0.0,0.0,0.0,0.0,0.0,0.0,0.0,0.0,0.0,0.0,1.0,1.0,1.0,1.0,-1.0,-1.0,0.0,0.0,0.0,0.0,1.9436173349184,2.0,0.012051969745455,0.025340035939393,1.244125465107,2.0041851494546,-0.10037675611252,-0.15444979464193,0.010495133223966,0.00054940679816508,,2.0043571801028,,0.25458995491979,,0.0,,0.0,,0.0,,0.0
0.58,1,0.87404333498483,0.9182733548354,-0.83254378475827,-0.89641892882999,1.4590293958235,1.7935634203947,1.0,0.0,0.0,0.0,0.065672499999995,0.0,0.0,0.0,0.0,0.0,0.0,0.0,0.0,0.0,0.0,0.0,0.0,0.0,0.0,0.0,0.0,0.0,0.0,0.0,0.0,0.0,1.0,1.0,1.0,1.0,-1.0,-1.0,0.0,0.0,0.0,0.0,1.9436173349184,2.0,0.061657233183024,0.10558792201917,1.2894788822615,2.076456844438,-0.058267988297186,-0.090655188685825,0.0069454256034717,0.0011934018383051,,2.0791357347552,,0.26408819657397,,0.0,,0.0,,0.0,,0.0
0.59,1,0.87398356488635,0.91818960858192,-0.72937590996459,-0.83113020233287,1.1513260487392,1.4692575088708,1.0,0.0,0.0,0.0,0.075672500000005,0.0,0.0,0.0,0.0,0.0,0.0,0.0,0.0,0.0,0.0,0.0,0.0,0.0,0.0,0.0,0.0,0.0,0.0,0.0,0.0,0.0,1.0,1.0,1.0,1.0,-1.0,-1.0,0.0,0.0,0.0,0.0,1.9436173349184,2.0,0.095907067711786,0.15369601981424,1.2748763794864,2.0557454308954,-0.032939103852427,-0.052171437369841,0.0046359469977257,0.0014046151759349,,2.061452215293,,0.26184206675869,,0.0,,0.0,,0.0,,0.0
0.6,1,0.87392052835893,0.9181041157163,-0.84717432593785,-0.90141713668136,0.90496227739549,1.1776980005813,1.0,0.0,0.0,0.0,0.085672500000015,0.0,0.0,0.0,0.0,0.0,0.0,0.0,0.0,0.0,0.0,0.0,0.0,0.0,0.0,0.0,0.0,0.0,0.0,0.0,0.0,0.0,1.0,1.0,1.0,1.0,-1.0,-1.0,0.0,0.0,0.0,0.0,1.9436173349184,2.0,0.094484688469201,0.15350921239459,1.2888988049449,2.0813286530633,-0.017503977477405,-0.028766796425909,0.0034664252102895,0.0018111180689691,,2.0870029295864,,0.26508747394694,,0.0,,0.0,,0.0,,0.0
0.61,1,0.87376372606846,0.91804969344187,-0.76711685501201,-0.86547731012309,0.75108163091505,0.95959755521696,1.0,0.0,0.0,0.0,0.095672500000025,0.0,0.0,0.0,0.0,0.0,0.0,0.0,0.0,0.0,0.0,0.0,0.0,0.0,0.0,0.0,0.0,0.0,0.0,0.0,0.0,0.0,1.0,1.0,1.0,1.0,-1.0,-1.0,0.0,0.0,0.0,0.0,1.9436173349184,2.0,0.11891137396648,0.1901976573559,1.2941845781251,2.0878370347034,-0.0081597179186502,-0.014586757721537,0.0025198657011601,0.001758270671782,,2.0964627738076,,0.26628904686903,,0.0,,0.0,,0.0,,0.0
0.62,1,0.87361161225121,0.91796429436431,-0.98811126032348,-1.0957008924971,0.41132994897403,0.62768317063343,1.0,0.0,0.0,0.0,0.10567250000004,0.0,0.0,0.0,0.0,0.0,0.0,0.0,0.0,0.0,0.0,0.0,0.0,0.0,0.0,0.0,0.0,0.0,0.0,0.0,0.0,0.0,1.0,1.0,1.0,1.0,-1.0,-1.0,0.0,0.0,0.0,0.0,1.9436173349184,2.0,0.11520702690654,0.18375008842187,1.2869189415071,2.0794070316005,-0.0024693625660419,-0.0059448543687815,0.0021061006278175,0.0019438024199767,,2.0875143758387,,0.26515243695833,,0.0,,0.0,,0.0,,0.0
0.63,1,0.87353378326359,0.91789512767811,-1.6442292963366,-1.8168995823826,0.30510271138279,0.44006297536044,1.0,0.0,0.0,0.0,0.11567250000005,0.0,0.0,0.0,0.0,0.0,0.0,0.0,0.0,0.0,0.0,0.0,0.0,0.0,0.0,0.0,0.0,0.0,0.0,0.0,0.0,0.0,1.0,1.0,1.0,1.0,-1.0,-1.0,0.0,0.0,0.0,0.0,1.9436173349184,2.0,0.12044933518702,0.19321410519195,1.298378231507,2.0962351768667,0.0009374275485239,-0.00078382134454972,0.0018190749475448,0.0019865740090412,,2.1051237871262,,0.26738915368245,,0.0,,0.0,,0.0,,0.0
0.64,1,0.87334339821257,0.91779404935523,-2.6995233346896,-3.0433694648864,0.030385648056911,0.16408913547288,1.0,0.0,0.0,0.0,0.12567250000006,0.0,0.0,0.0,0.0,0.0,0.0,0.0,0.0,0.0,0.0,0.0,0.0,0.0,0.0,0.0,0.0,0.0,0.0,0.0,0.0,0.0,1.0,1.0,1.0,1.0,-1.0,-1.0,0.0,0.0,0.0,0.0,1.9436173349184,2.0,0.12674951196849,0.20101989033802,1.2912505993928,2.0856495521936,0.0030581505366341,0.0024422728569995,0.0015622239415548,0.0019319954161008,,2.0953039702684,,0.26614185766357,,0.0,,0.0,,0.0,,0.0
0.65,1,0.87313561778577,0.91763710108979,-4.4685726426729,-4.9414189611805,-0.17860369821959,-0.079465930477751,1.0,0.0,0.0,0.0,0.13567250000007,0.0,0.0,0.0,0.0,0.0,0.0,0.0,0.0,0.0,0.0,0.0,0.0,0.0,0.0,0.0,0.0,0.0,0.0,0.0,0.0,0.0,1.0,1.0,1.0,1.0,-1.0,-1.0,0.0,0.0,0.0,0.0,1.9436173349184,2.0,0.1202464138561,0.19273569998044,1.2943336843758,2.0914694281077,0.0043033772522794,0.0043280332100457,0.0015568469300469,0.0020730955871592,,2.1003422920325,,0.266781816511,,0.0,,0.0,,0.0,,0.0
0.66,1,0.87305032247003,0.9175349671386,-6.3646046388305,-7.0822286875962,-0.30252962206234,-0.25861008588336,1.0,0.0,0.0,0.0,0.14567250000008,0.0,0.0,0.0,0.0,0.0,0.0,0.0,0.0,0.0,0.0,0.0,0.0,0.0,0.0,0.0,0.0,0.0,0.0,0.0,0.0,0.0,1.0,1.0,1.0,1.0,-1.0,-1.0,0.0,0.0,0.0,0.0,1.9436173349184,2.0,0.12896296272901,0.20495780351697,1.2970247453325,2.0940989743079,0.0050818849325227,0.0055048136997103,0.0014042167025706,0.0019742427221849,,2.1040964308946,,0.26725866068485,,0.0,,0.0,,0.0,,0.0
0.67,1,0.87144267686017,0.91752866490689,-9.3095520422888,-9.5187592003734,-0.53363811930267,-0.55585586897384,1.0,0.0,0.0,0.0,0.15567250000009,0.0,0.0,0.0,0.0,0.0,0.0,0.0,0.0,0.0,0.0,0.0,0.0,0.0,0.0,0.0,0.0,0.0,0.0,0.0,0.0,0.0,1.0,1.0,1.0,1.0,-1.0,-1.0,0.0,0.0,0.0,0.0,1.9436173349184,2.0,0.12407732190753,0.19766813536199,1.2908305691937,2.0865886990841,0.005543515810151,0.0062179210633602,0.0014082145820704,0.0020424201739493,,2.0959333160363,,0.2662217960659,,0.0,,0.0,,0.0,,0.0
0.68,1,0.87043710314307,0.91051071893218,12.186552028981,-30.775831177119,-40.520679705944,-44.667981726202,1.0,0.0,0.0,0.0,0.1656725000001,0.0,0.0,0.0,0.0,0.0,0.0,0.0,0.0,0.0,0.0,0.0,0.0,0.0,0.0,0.0,0.0,0.0,0.0,0.0,0.0,0.0,1.0,1.0,1.0,1.0,-1.0,-1.0,0.0,0.0,0.0,0.0,1.9321965462545,2.0,0.12531335377301,0.1982999540091,1.2961020314457,2.0916033226191,0.0058213131866851,0.0066242521796608,0.0013840091098833,0.0020440288302385,,2.1009869703874,,0.26686370243179,,0.0,,0.0,,0.0,,0.0
0.69,1,0.8849924959508,0.92179820680914,7.4542783750074,42.135931251612,48.964072084755,46.606674526925,1.0,0.0,0.0,0.0,0.17567250000011,0.0,0.0,0.0,0.0,0.0,0.0,0.0,0.0,0.0,0.0,0.0,0.0,0.0,0.0,0.0,0.0,0.0,0.0,0.0,0.0,0.0,1.0,1.0,1.0,1.0,-1.0,-1.0,0.0,0.0,0.0,0.0,1.9321965462545,2.0,0.12935015121148,0.20664940412895,1.2957126847965,2.0916095395457,0.006015125910689,0.0069198441984514,0.0013324864785457,0.0019979054545511,,2.1017807938622,,0.26696453250573,,0.0,,0.0,,0.0,,0.0
0.7,1,0.87667037618333,0.92469216343459,31.572581166484,5.4556648736099,-8.3276847852682,-19.159463144192,1.0,0.0,0.0,0.0,0.18567250000012,0.0,0.0,0.0,0.0,0.0,0.0,0.0,0.0,0.0,0.0,0.0,0.0,0.0,0.0,0.0,0.0,0.0,0.0,0.0,0.0,0.0,1.0,1.0,1.0,1.0,-1.0,-1.0,0.0,0.0,0.0,0.0,1.9321965462545,2.0,0.12264264963864,0.19572782013462,1.2954461094482,2.0935997464001,0.0061029233098086,0.0070591713204217,0.0013659965399213,0.0020545145510541,,2.1027399679984,,0.26708636513243,,0.0,,0.0,,0.0,,0.0
0.71,1,0.8749753327559,0.92026411023768,-1.7144861620524,9.3439373134024,8.2260001488693,28.076300120707,1.0,0.0,0.0,0.0,0.19567250000013,0.0,0.0,0.0,0.0,0.0,0.0,0.0,0.0,0.0,0.0,0.0,0.0,0.0,0.0,0.0,0.0,0.0,0.0,0.0,0.0,0.0,1.0,1.0,1.0,1.0,-1.0,-1.0,0.0,0.0,0.0,0.0,1.9321965462545,2.0,0.12964770763095,0.20649108323225,1.2988094370863,2.0977220693576,0.0061937381423007,0.007183538257762,0.0013273621346252,0.0020125310253181,,2.107852713027,,0.26773577709317,,0.0,,0.0,,0.0,,0.0
0.72,1,0.87598114911895,0.92323531935562,39.734854015043,37.3919210224,11.022317475148,-2.0713998730179,1.0,0.0,0.0,0.0,0.20567250000014,0.0,0.0,0.0,0.0,0.0,0.0,0.0,0.0,0.0,0.0,0.0,0.0,0.0,0.0,0.0,0.0,0.0,0.0,0.0,0.0,0.0,1.0,1.0,1.0,1.0,-1.0,-1.0,0.0,0.0,0.0,0.0,1.9321965462545,2.0,0.12515974171265,0.19940926888991,1.2923162772994,2.0901854223927,0.006193676652904,0.007208583378672,0.0013335354556879,0.0020284409212046,,2.0996774629723,,0.26669737108273,,0.0,,0.0,,0.0,,0.0
0.73,1,0.87559509257958,0.92405118923797,18.761763629182,12.651082663599,-5.30452164669,16.546867166615,1.0,0.0,0.0,0.0,0.21567250000015,0.0,0.0,0.0,0.0,0.0,0.0,0.0,0.0,0.0,0.0,0.0,0.0,0.0,0.0,0.0,0.0,0.0,0.0,0.0,0.0,0.0,1.0,1.0,1.0,1.0,-1.0,-1.0,0.0,0.0,0.0,0.0,1.9321965462545,2.0,0.12553633358615,0.20119475972318,1.2995378960693,2.1011928027994,0.0062590316457297,0.0072853001255805,0.0013390145847314,0.0020342434936951,,2.1108069958913,,0.26811102495253,,0.0,,0.0,,0.0,,0.0
0.74,1,0.87550231070775,0.92478208264479,33.608316574122,42.862520937713,15.315145504408,18.390897509924,1.0,0.0,0.0,0.0,0.22567250000016,0.0,0.0,0.0,0.0,0.0,0.0,0.0,0.0,0.0,0.0,0.0,0.0,0.0,0.0,0.0,0.0,0.0,0.0,0.0,0.0,0.0,1.0,1.0,1.0,1.0,-1.0,-1.0,0.0,0.0,0.0,0.0,1.9321965462545,2.0,0.12961578766946,0.20569579932565,1.2940621894343,2.0938632287859,0.0062461616425296,0.0072823423955773,0.0013146408656495,0.0020108981412344,,2.1039334185098,,0.26723795513591,,0.0,,0.0,,0.0,,0.0
0.75,1,0.87549810369013,0.92580611064533,37.71575306025,27.519275469326,-3.998716222103,10.357695499127,1.0,0.0,0.0,0.0,0.23567250000017,0.0,0.0,0.0,0.0,0.0,0.0,0.0,0.0,0.0,0.0,0.0,0.0,0.0,0.0,0.0,0.0,0.0,0.0,0.0,0.0,0.0,1.0,1.0,1.0,1.0,-1.0,-1.0,0.0,0.0,0.0,0.0,1.9321965462545,2.0,0.12254727046565,0.19695261600677,1.2954562097085,2.0978496864207,0.0062563169384783,0.0073015638065732,0.0013368662668337,0.0020361495833511,,2.1070841949139,,0.26763816126215,,0.0,,0.0,,0.0,,0.0
0.76,1,0.87535076761465,0.92663303916431,33.5630269216,41.082629557038,8.8977334849258,27.269052081875,1.0,0.0,0.0,0.0,0.24567250000018,0.0,0.0,0.0,0.0,0.0,0.0,0.0,0.0,0.0,0.0,0.0,0.0,0.0,0.0,0.0,0.0,0.0,0.0,0.0,0.0,0.0,1.0,1.0,1.0,1.0,-1.0,-1.0,0.0,0.0,0.0,0.0,1.9321965462545,2.0,0.13000840808091,0.20699228320516,1.2984789502183,2.1015428726359,0.0062901612057316,0.007335010633626,0.0013176690694472,0.002015472663963,,2.111704235919,,0.26822499081674,,0.0,,0.0,,0.0,,0.0
0.77,1,0.87531062048098,0.9275305304372,48.198846933486,43.505576007084,2.6200837319993,15.141863359685,1.0,0.0,0.0,0.0,0.25567250000015,0.0,0.0,0.0,0.0,0.0,0.0,0.0,0.0,0.0,0.0,0.0,0.0,0.0,0.0,0.0,0.0,0.0,0.0,0.0,0.0,0.0,1.0,1.0,1.0,1.0,-1.0,-1.0,0.0,0.0,0.0,0.0,1.9321965462545,2.0,0.12495617571108,0.19969638669822,1.2918519565485,2.0945176214231,0.0062452418223736,0.0072995979203582,0.001320259001214,0.0020204260123129,,2.1040178360833,,0.26724867770893,,0.0,,0.0,,0.0,,0.0
0.78,1,0.87524012077819,0.92839810097855,41.675512742787,42.66655524792,2.1655199757446,27.634584233551,1.0,0.0,0.0,0.0,0.26567250000011,0.0,0.0,0.0,0.0,0.0,0.0,0.0,0.0,0.0,0.0,0.0,0.0,0.0,0.0,0.0,0.0,0.0,0.0,0.0,0.0,0.0,1.0,1.0,1.0,1.0,-1.0,-1.0,0.0,0.0,0.0,0.0,1.9321965462545,2.0,0.12566091525547,0.20183226703389,1.2993260011245,2.1050322227584,0.0062980959609727,0.0073508757189663,0.0013288116927111,0.002028254459639,,2.1146892716534,,0.26860414485206,,0.0,,0.0,,0.0,,0.0
0.79,1,0.87514074005207,0.92926675497808,52.615979842897,53.635659585926,6.0138666461984,23.93117031289,1.0,0.0,0.0,0.0,0.27567250000006,0.0,0.0,0.0,0.0,0.0,0.0,0.0,0.0,0.0,0.0,0.0,0.0,0.0,0.0,0.0,0.0,0.0,0.0,0.0,0.0,0.0,1.0,1.0,1.0,1.0,-1.0,-1.0,0.0,0.0,0.0,0.0,1.9321965462545,2.0,0.1295759938611,0.20586887915045,1.2935130822745,2.0977757043113,0.0062655314960894,0.0073222641534776,0.0013065759207896,0.0020066947198394,,2.1078445379639,,0.2677347387109,,0.0,,0.0,,0.0,,0.0
0.8,1,0.87508242377414,0.93005100962621,52.871377843524,50.021158409658,0.0016548015674558,26.95940958905,1.0,0.0,0.0,0.0,0.28567250000002,0.0,0.0,0.0,0.0,0.0,0.0,0.0,0.0,0.0,0.0,0.0,0.0,0.0,0.0,0.0,0.0,0.0,0.0,0.0,0.0,0.0,1.0,1.0,1.0,1.0,-1.0,-1.0,0.0,0.0,0.0,0.0,1.9321965462545,2.0,0.12247500761397,0.1974942955175,1.2951379792431,2.1017904534421,0.0062707460603795,0.0073322957479882,0.001328949337794,0.0020298808909865,,2.1110581180985,,0.26814292205752,,0.0,,0.0,,0.0,,0.0
0.81,1,0.87489738530375,0.93082911018779,56.828636520192,59.474313231592,4.8844110670838,30.684058741711,1.0,0.0,0.0,0.0,0.29567249999997,0.0,0.0,0.0,0.0,0.0,0.0,0.0,0.0,0.0,0.0,0.0,0.0,0.0,0.0,0.0,0.0,0.0,0.0,0.0,0.0,0.0,1.0,1.0,1.0,1.0,-1.0,-1.0,0.0,0.0,0.0,0.0,1.9321965462545,2.0,0.13005290653154,0.2072576520832,1.2979838278668,2.1051433972553,0.0062975672886427,0.0073553112672769,0.001309366225572,0.0020093244160459,,2.1153135654975,,0.26868344156783,,0.0,,0.0,,0.0,,0.0
0.82,1,0.87475945939492,0.93171914808998,62.504846499642,59.819969898113,0.9033969547267,28.882761312358,1.0,0.0,0.0,0.0,0.30567249999993,0.0,0.0,0.0,0.0,0.0,0.0,0.0,0.0,0.0,0.0,0.0,0.0,0.0,0.0,0.0,0.0,0.0,0.0,0.0,0.0,0.0,1.0,1.0,1.0,1.0,-1.0,-1.0,0.0,0.0,0.0,0.0,1.9321965462545,2.0,0.12483401337455,0.2000401227763,1.2913740538115,2.098342932518,0.0062513324937934,0.007318639400151,0.0013132368778323,0.002015018776091,,2.107858637531,,0.26773652961334,,0.0,,0.0,,0.0,,0.0
0.83,1,0.87458965883429,0.93248576765016,63.56282022091,64.791558941068,2.2120492193993,34.260535844033,1.0,0.0,0.0,0.0,0.31567249999988,0.0,0.0,0.0,0.0,0.0,0.0,0.0,0.0,0.0,0.0,0.0,0.0,0.0,0.0,0.0,0.0,0.0,0.0,0.0,0.0,0.0,1.0,1.0,1.0,1.0,-1.0,-1.0,0.0,0.0,0.0,0.0,1.9321965462545,2.0,0.12567866584597,0.20224131553943,1.2988642304408,2.1085155502178,0.0063002413181985,0.0073629284309737,0.0013218136252198,0.0020224532977522,,2.1181955677617,,0.26904950847139,,0.0,,0.0,,0.0,,0.0
0.84,1,0.87443290826122,0.9332826668309,69.911828220633,69.055035519839,1.7019171221211,32.728352211008,1.0,0.0,0.0,0.0,0.32567249999984,0.0,0.0,0.0,0.0,0.0,0.0,0.0,0.0,0.0,0.0,0.0,0.0,0.0,0.0,0.0,0.0,0.0,0.0,0.0,0.0,0.0,1.0,1.0,1.0,1.0,-1.0,-1.0,0.0,0.0,0.0,0.0,1.9321965462545,2.0,0.12948651785702,0.20606991464793,1.292928835339,2.1013034008961,0.0062678008927043,0.0073355710533224,0.0012981061586083,0.001999541328424,,2.1113753164637,,0.26818321204091,,0.0,,0.0,,0.0,,0.0
0.85,1,0.87434425061934,0.93396313539299,71.957657068284,71.426071750729,0.42661939856618,36.302329563712,1.0,0.0,0.0,0.0,0.33567249999979,0.0,0.0,0.0,0.0,0.0,0.0,0.0,0.0,0.0,0.0,0.0,0.0,0.0,0.0,0.0,0.0,0.0,0.0,0.0,0.0,0.0,1.0,1.0,1.0,1.0,-1.0,-1.0,0.0,0.0,0.0,0.0,1.9321965462545,2.0,0.12243624592318,0.19793181530701,1.2946388759201,2.1052504622243,0.0062721935258171,0.0073434164518212,0.001323095668887,0.0020252338870935,,2.1145437061573,,0.2685856553765,,0.0,,0.0,,0.0,,0.0
0.86,1,0.87415630896208,0.93466332466918,76.680485088935,77.029553055812,1.0885952306095,36.67312850998,1.0,0.0,0.0,0.0,0.34567249999974,0.0,0.0,0.0,0.0,0.0,0.0,0.0,0.0,0.0,0.0,0.0,0.0,0.0,0.0,0.0,0.0,0.0,0.0,0.0,0.0,0.0,1.0,1.0,1.0,1.0,-1.0,-1.0,0.0,0.0,0.0,0.0,1.9321965462545,2.0,0.12999926169541,0.2074713331754,1.2973421536296,2.1083545865268,0.0062970371256387,0.0073640947369101,0.001300830449748,0.0020016707034461,,2.1185303999267,,0.26909203826928,,0.0,,0.0,,0.0,,0.0
0.87,1,0.87393619205598,0.93539319356868,80.299799766841,79.13193512788,-0.42924115436136,38.172099534988,1.0,0.0,0.0,0.0,0.3556724999997,0.0,0.0,0.0,0.0,0.0,0.0,0.0,0.0,0.0,0.0,0.0,0.0,0.0,0.0,0.0,0.0,0.0,0.0,0.0,0.0,0.0,1.0,1.0,1.0,1.0,-1.0,-1.0,0.0,0.0,0.0,0.0,1.9321965462545,2.0,0.12474902511975,0.20036237372638,1.2907835003966,2.1016841275016,0.0062527996251171,0.007330079763595,0.0013064261956922,0.0020093971260636,,2.1112153838437,,0.26816289767833,,0.0,,0.0,,0.0,,0.0
0.88,1,0.87379480072043,0.93605557957578,84.047291464636,84.423767234687,-0.15713370979948,40.021753147532,1.0,0.0,0.0,0.0,0.36567249999965,0.0,0.0,0.0,0.0,0.0,0.0,0.0,0.0,0.0,0.0,0.0,0.0,0.0,0.0,0.0,0.0,0.0,0.0,0.0,0.0,0.0,1.0,1.0,1.0,1.0,-1.0,-1.0,0.0,0.0,0.0,0.0,1.9321965462545,2.0,0.12565069347444,0.20256554899604,1.298197885673,2.1115565498913,0.006299209455642,0.0073705339903671,0.0013144797880979,0.0020159408462352,,2.1212535451164,,0.26943792742415,,0.0,,0.0,,0.0,,0.0
0.89,1,0.87361785052373,0.93671415086017,88.229171332869,87.392029943013,-1.0862033972163,40.385878831714,1.0,0.0,0.0,0.0,0.37567249999961,0.0,0.0,0.0,0.0,0.0,0.0,0.0,0.0,0.0,0.0,0.0,0.0,0.0,0.0,0.0,0.0,0.0,0.0,0.0,0.0,0.0,1.0,1.0,1.0,1.0,-1.0,-1.0,0.0,0.0,0.0,0.0,1.9321965462545,2.0,0.12937471410873,0.20626273865968,1.2922415381297,2.1044027765741,0.0062680461424125,0.0073453391183107,0.0012901943381256,0.0019925757711975,,2.1144789427645,,0.26857742924325,,0.0,,0.0,,0.0,,0.0
0.9,1,0.87343603322771,0.9373395567081,91.859958816842,91.718520673688,-1.3318487411143,42.641788523143,1.0,0.0,0.0,0.0,0.38567249999956,0.0,0.0,0.0,0.0,0.0,0.0,0.0,0.0,0.0,0.0,0.0,0.0,0.0,0.0,0.0,0.0,0.0,0.0,0.0,0.0,0.0,1.0,1.0,1.0,1.0,-1.0,-1.0,0.0,0.0,0.0,0.0,1.9321965462545,2.0,0.12240799508226,0.19830542627125,1.293958923297,2.1082311425639,0.0062720615542027,0.0073521469866824,0.0013161221149331,0.0020191208250533,,2.1175461253787,,0.26896701743204,,0.0,,0.0,,0.0,,0.0
0.91,1,0.87323141504533,0.93796736977609,96.018983835711,95.679722312558,-2.0908581871817,42.729249546297,1.0,0.0,0.0,0.0,0.39567249999952,0.0,0.0,0.0,0.0,0.0,0.0,0.0,0.0,0.0,0.0,0.0,0.0,0.0,0.0,0.0,0.0,0.0,0.0,0.0,0.0,0.0,1.0,1.0,1.0,1.0,-1.0,-1.0,0.0,0.0,0.0,0.0,1.9321965462545,2.0,0.12989785466666,0.20764922284289,1.2965658756854,2.1111747802933,0.0062961551773077,0.0073720238820036,0.0012928970166352,0.0019945139874267,,2.121354627686,,0.26945076675593,,0.0,,0.0,,0.0,,0.0
0.92,1,0.8729859105527,0.93852356623112,99.646519644446,99.132664744101,-2.480530693502,44.625970976854,1.0,0.0,0.0,0.0,0.40567249999947,0.0,0.0,0.0,0.0,0.0,0.0,0.0,0.0,0.0,0.0,0.0,0.0,0.0,0.0,0.0,0.0,0.0,0.0,0.0,0.0,0.0,1.0,1.0,1.0,1.0,-1.0,-1.0,0.0,0.0,0.0,0.0,1.9321965462545,2.0,0.12467952304824,0.20065885991039,1.2900736327991,2.104581733317,0.006252949966627,0.0073392448147648,0.0012990732401656,0.0020028497926863,,2.1141280738833,,0.26853286248961,,0.0,,0.0,,0.0,,0.0
0.93,1,0.87271843429861,0.93912862228652,103.93406515868,103.79403268779,-3.1733236141568,45.147795409542,1.0,0.0,0.0,0.0,0.41567249999943,0.0,0.0,0.0,0.0,0.0,0.0,0.0,0.0,0.0,0.0,0.0,0.0,0.0,0.0,0.0,0.0,0.0,0.0,0.0,0.0,0.0,1.0,1.0,1.0,1.0,-1.0,-1.0,0.0,0.0,0.0,0.0,1.9321965462545,2.0,0.12559133015743,0.20282538001601,1.297363373703,2.1141752761705,0.0062982776804958,0.0073781126101025,0.0013067257489992,0.0020088656703739,,2.1238850851608,,0.26977218105316,,0.0,,0.0,,0.0,,0.0
0.94,1,0.87250050678635,0.93978273531081,107.4390257047,106.89245787552,-3.8550714813188,46.160443323925,1.0,0.0,0.0,0.0,0.42567249999938,0.0,0.0,0.0,0.0,0.0,0.0,0.0,0.0,0.0,0.0,0.0,0.0,0.0,0.0,0.0,0.0,0.0,0.0,0.0,0.0,0.0,1.0,1.0,1.0,1.0,-1.0,-1.0,0.0,0.0,0.0,0.0,1.9321965462545,2.0,0.12924940536781,0.20643765603314,1.2914317717659,2.1070765016122,0.0062675859970156,0.0073536536736412,0.0012826623842488,0.0019857935333096,,2.117157183338,,0.26891761469205,,0.0,,0.0,,0.0,,0.0
0.95,1,0.87226070731818,0.94032428829392,111.75402123662,111.54499168091,-4.2049708764973,47.390451967698,1.0,0.0,0.0,0.0,0.43567249999933,0.0,0.0,0.0,0.0,0.0,0.0,0.0,0.0,0.0,0.0,0.0,0.0,0.0,0.0,0.0,0.0,0.0,0.0,0.0,0.0,0.0,1.0,1.0,1.0,1.0,-1.0,-1.0,0.0,0.0,0.0,0.0,1.9321965462545,2.0,0.12237322748527,0.19862141000534,1.2931073327504,2.110754639433,0.0062714686387217,0.0073600558070128,0.0013083249784593,0.0020119128065664,,2.1200879981982,,0.26928988168644,,0.0,,0.0,,0.0,,0.0
0.96,1,0.87199532199625,0.94085682584057,115.46909373973,115.052056267,-5.3392716618056,47.596361600053,1.0,0.0,0.0,0.0,0.44567249999929,0.0,0.0,0.0,0.0,0.0,0.0,0.0,0.0,0.0,0.0,0.0,0.0,0.0,0.0,0.0,0.0,0.0,0.0,0.0,0.0,0.0,1.0,1.0,1.0,1.0,-1.0,-1.0,0.0,0.0,0.0,0.0,1.9321965462545,2.0,0.12976525531419,0.20779024209713,1.2956326037265,2.113568982977,0.0062951380138473,0.0073794694188907,0.0012852532040882,0.0019875530280256,,2.1237513176651,,0.26975519013905,,0.0,,0.0,,0.0,,0.0
0.97,1,0.87174438533247,0.9413965004718,119.36355834457,119.04451989324,-5.4633898711114,49.120791084414,1.0,0.0,0.0,0.0,0.45567249999924,0.0,0.0,0.0,0.0,0.0,0.0,0.0,0.0,0.0,0.0,0.0,0.0,0.0,0.0,0.0,0.0,0.0,0.0,0.0,0.0,0.0,1.0,1.0,1.0,1.0,-1.0,-1.0,0.0,0.0,0.0,0.0,1.9321965462545,2.0,0.12460708177361,0.20091798397048,1.2891969239847,2.1070139938751,0.0062523529330689,0.0073470946002779,0.0012913720307099,0.0019957075827768,,2.1165739354353,,0.26884353156019,,0.0,,0.0,,0.0,,0.0
0.98,1,0.87150269723526,0.94188847211672,123.62679470157,123.3102564455,-6.6117691617064,49.231066419039,1.0,0.0,0.0,0.0,0.4656724999992,0.0,0.0,0.0,0.0,0.0,0.0,0.0,0.0,0.0,0.0,0.0,0.0,0.0,0.0,0.0,0.0,0.0,0.0,0.0,0.0,0.0,1.0,1.0,1.0,1.0,-1.0,-1.0,0.0,0.0,0.0,0.0,1.9321965462545,2.0,0.12550676476659,0.20303370409842,1.2963534632372,2.1163624430585,0.0062971338181119,0.0073852426634976,0.0012987884457913,0.0020014835018975,,2.1260821547085,,0.27005124899707,,0.0,,0.0,,0.0,,0.0
0.99,1,0.87123033552861,0.94242649020996,127.04604961048,126.69208349732,-7.1489253020274,50.241995024739,1.0,0.0,0.0,0.0,0.47567249999915,0.0,0.0,0.0,0.0,0.0,0.0,0.0,0.0,0.0,0.0,0.0,0.0,0.0,0.0,0.0,0.0,0.0,0.0,0.0,0.0,0.0,1.0,1.0,1.0,1.0,-1.0,-1.0,0.0,0.0,0.0,0.0,1.9321965462545,2.0,0.12911216919065,0.20658635583301,1.2904651227097,2.1093156981294,0.0062666056171492,0.0073609639207569,0.0012751275699591,0.0019788326727543,,2.1194003773782,,0.26920254128859,,0.0,,0.0,,0.0,,0.0
1.0,1,0.87093309393112,0.94289049446522,131.54198848467,131.26218718812,-7.7456590878115,50.926840673239,1.0,0.0,0.0,0.0,0.48567249999911,0.0,0.0,0.0,0.0,0.0,0.0,0.0,0.0,0.0,0.0,0.0,0.0,0.0,0.0,0.0,0.0,0.0,0.0,0.0,0.0,0.0,1.0,1.0,1.0,1.0,-1.0,-1.0,0.0,0.0,0.0,0.0,1.9321965462545,2.0,0.12232356159888,0.19888694781179,1.2920815337067,2.1128462150709,0.0062704066072076,0.007367161357498,0.0013002474413592,0.0020042786632315,,2.1221951454966,,0.269557527863,,0.0,,0.0,,0.0,,0.0
1.01,1,0.87093239316154,0.94375511501779,135.23756059197,134.9136209005,-9.1785935822345,50.898617915772,1.0,0.0,0.0,0.0,0.49567249999906,0.0,0.0,0.0,0.0,0.0,0.0,0.0,0.0,0.0,0.0,0.0,0.0,0.0,0.0,0.0,0.0,0.0,0.0,0.0,0.0,0.0,1.0,1.0,1.0,1.0,-1.0,-1.0,0.0,0.0,0.0,0.0,1.9321965462545,2.0,0.1299005443267,0.20844195963313,1.2954441033185,2.1172510966084,0.0063043685432469,0.0074005187843274,0.0012630496634222,0.0019630993813135,,2.127478852177,,0.27022865507472,,0.0,,0.0,,0.0,,0.0
1.02,1,0.87081442061897,0.9446554890637,139.07702888939,138.83776070185,-9.02650930753,52.332549411581,1.0,0.0,0.0,0.0,0.50567249999908,0.0,0.0,0.0,0.0,0.0,0.0,0.0,0.0,0.0,0.0,0.0,0.0,0.0,0.0,0.0,0.0,0.0,0.0,0.0,0.0,0.0,1.0,1.0,1.0,1.0,-1.0,-1.0,0.0,0.0,0.0,0.0,1.9321965462545,2.0,0.12468262919313,0.20152187903712,1.2891894108824,2.1115613667757,0.0062632109697428,0.0073720576608148,0.0012639194672458,0.0019651417411958,,2.1211575272736,,0.26942573140514,,0.0,,0.0,,0.0,,0.0
1.03,1,0.87049343899711,0.94514312303176,143.33432614298,143.01782716541,-10.548696047897,52.029058627627,1.0,0.0,0.0,0.0,0.51567249999914,0.0,0.0,0.0,0.0,0.0,0.0,0.0,0.0,0.0,0.0,0.0,0.0,0.0,0.0,0.0,0.0,0.0,0.0,0.0,0.0,0.0,1.0,1.0,1.0,1.0,-1.0,-1.0,0.0,0.0,0.0,0.0,1.9321965462545,2.0,0.12550567587994,0.20359606125864,1.2966248360128,2.1218635490356,0.0063109090829934,0.0074151187056661,0.0012641709906915,0.001962520442227,,2.131611526575,,0.27075358017246,,0.0,,0.0,,0.0,,0.0
1.04,1,0.87010321376972,0.94564556380839,146.7146152823,146.48263053633,-11.056394777789,52.815166967228,1.0,0.0,0.0,0.0,0.52567249999921,0.0,0.0,0.0,0.0,0.0,0.0,0.0,0.0,0.0,0.0,0.0,0.0,0.0,0.0,0.0,0.0,0.0,0.0,0.0,0.0,0.0,1.0,1.0,1.0,1.0,-1.0,-1.0,0.0,0.0,0.0,0.0,1.9321965462545,2.0,0.12916052674837,0.20728593725719,1.2908399418241,2.115512455211,0.0062836509870442,0.0073961462838354,0.001238763745893,0.0019383925061862,,2.1256355183076,,0.26999451802002,,0.0,,0.0,,0.0,,0.0
1.05,1,0.86968666501873,0.94613957168705,151.28403851343,151.03541831778,-11.83992191142,53.180220386743,1.0,0.0,0.0,0.0,0.53567249999928,0.0,0.0,0.0,0.0,0.0,0.0,0.0,0.0,0.0,0.0,0.0,0.0,0.0,0.0,0.0,0.0,0.0,0.0,0.0,0.0,0.0,1.0,1.0,1.0,1.0,-1.0,-1.0,0.0,0.0,0.0,0.0,1.9321965462545,2.0,0.12242426932372,0.19966567761318,1.2923756142049,2.119501197731,0.0062863337353639,0.0074022545905213,0.0012605963993297,0.00196033906939,,2.1288934332482,,0.27040833269642,,0.0,,0.0,,0.0,,0.0
1.06,1,0.86924599088159,0.94651580275998,154.77060062045,154.55034394702,-13.055489224079,53.224328182997,1.0,0.0,0.0,0.0,0.54567249999934,0.0,0.0,0.0,0.0,0.0,0.0,0.0,0.0,0.0,0.0,0.0,0.0,0.0,0.0,0.0,0.0,0.0,0.0,0.0,0.0,0.0,1.0,1.0,1.0,1.0,-1.0,-1.0,0.0,0.0,0.0,0.0,1.9321965462545,2.0,0.12952808578535,0.208531476685,1.2947251718513,2.1226413850739,0.0063114438830738,0.0074251260550263,0.0012354639667096,0.0019340233593143,,2.1328528721099,,0.27091125371833,,0.0,,0.0,,0.0,,0.0
1.07,1,0.86883540724102,0.94696934812447,158.89564533058,158.69427580062,-13.478220890287,53.949426983756,1.0,0.0,0.0,0.0,0.55567249999941,0.0,0.0,0.0,0.0,0.0,0.0,0.0,0.0,0.0,0.0,0.0,0.0,0.0,0.0,0.0,0.0,0.0,0.0,0.0,0.0,0.0,1.0,1.0,1.0,1.0,-1.0,-1.0,0.0,0.0,0.0,0.0,1.9321965462545,2.0,0.12461045109481,0.20201958924665,1.2884102048767,2.1166820817533,0.0062695794256415,0.0073943366330182,0.0012410695934492,0.0019421195008276,,2.1263026202211,,0.27007925214216,,0.0,,0.0,,0.0,,0.0
1.08,1,0.86839886365739,0.94739253063594,162.92272348358,162.72714694542,-14.824951274264,53.767549076311,1.0,0.0,0.0,0.0,0.56567249999947,0.0,0.0,0.0,0.0,0.0,0.0,0.0,0.0,0.0,0.0,0.0,0.0,0.0,0.0,0.0,0.0,0.0,0.0,0.0,0.0,0.0,1.0,1.0,1.0,1.0,-1.0,-1.0,0.0,0.0,0.0,0.0,1.9321965462545,2.0,0.1254001728884,0.20400245430733,1.2950565331342,2.1259048401892,0.0063124099966483,0.0074320612533219,0.0012444979200239,0.0019438055733353,,2.1356732041598,,0.27126948737877,,0.0,,0.0,,0.0,,0.0
1.09,1,0.86797040463982,0.9477864289916,166.58225518683,166.4126540744,-15.516771108256,54.234218572781,1.0,0.0,0.0,0.0,0.57567249999954,0.0,0.0,0.0,0.0,0.0,0.0,0.0,0.0,0.0,0.0,0.0,0.0,0.0,0.0,0.0,0.0,0.0,0.0,0.0,0.0,0.0,1.0,1.0,1.0,1.0,-1.0,-1.0,0.0,0.0,0.0,0.0,1.9321965462545,2.0,0.12883957272202,0.20745217265853,1.2893269871497,2.1195379503273,0.0062842840528982,0.007411426577361,0.0012217137078545,0.001922625400869,,2.1296585899785,,0.27050552157044,,0.0,,0.0,,0.0,,0.0
1.1,1,0.8674630859977,0.94816234507788,170.86385793027,170.70679512356,-16.497826309691,54.355272280244,1.0,0.0,0.0,0.0,0.5856724999996,0.0,0.0,0.0,0.0,0.0,0.0,0.0,0.0,0.0,0.0,0.0,0.0,0.0,0.0,0.0,0.0,0.0,0.0,0.0,0.0,0.0,1.0,1.0,1.0,1.0,-1.0,-1.0,0.0,0.0,0.0,0.0,1.9321965462545,2.0,0.12238823762703,0.2001616977654,1.2906195187107,2.1231045047103,0.0062863945282517,0.0074166450699051,0.0012433433644743,0.0019447701690724,,2.1325271579272,,0.27086988207064,,0.0,,0.0,,0.0,,0.0
1.11,1,0.86693131175882,0.94849640008255,174.52210550392,174.39059609133,-17.668414730757,54.30957048008,1.0,0.0,0.0,0.0,0.59567249999967,0.0,0.0,0.0,0.0,0.0,0.0,0.0,0.0,0.0,0.0,0.0,0.0,0.0,0.0,0.0,0.0,0.0,0.0,0.0,0.0,0.0,1.0,1.0,1.0,1.0,-1.0,-1.0,0.0,0.0,0.0,0.0,1.9321965462545,2.0,0.12922269244396,0.20868733791415,1.2927632991556,2.1259597341914,0.0063094922423824,0.0074372580478754,0.0012196322552201,0.0019201323190599,,2.1361708908193,,0.27133270267066,,0.0,,0.0,,0.0,,0.0
1.12,1,0.86645221022866,0.94876087552589,178.58397720556,178.45929650799,-18.394778808484,54.689148500164,1.0,0.0,0.0,0.0,0.60567249999973,0.0,0.0,0.0,0.0,0.0,0.0,0.0,0.0,0.0,0.0,0.0,0.0,0.0,0.0,0.0,0.0,0.0,0.0,0.0,0.0,0.0,1.0,1.0,1.0,1.0,-1.0,-1.0,0.0,0.0,0.0,0.0,1.9321965462545,2.0,0.12445063509735,0.20236991003014,1.2865201316055,2.1200178683561,0.0062683567146845,0.0074069064823379,0.0012247634840975,0.0019277036701661,,2.129656614672,,0.27050527067045,,0.0,,0.0,,0.0,,0.0
1.13,1,0.865929246336,0.9491194328289,182.56694188134,182.4855785399,-19.693500931689,54.458176589297,1.0,0.0,0.0,0.0,0.6156724999998,0.0,0.0,0.0,0.0,0.0,0.0,0.0,0.0,0.0,0.0,0.0,0.0,0.0,0.0,0.0,0.0,0.0,0.0,0.0,0.0,0.0,1.0,1.0,1.0,1.0,-1.0,-1.0,0.0,0.0,0.0,0.0,1.9321965462545,2.0,0.12520459413745,0.20428179622477,1.292866078693,2.1288314256349,0.0063092753051307,0.0074425902101649,0.0012282341111772,0.0019296235455549,,2.1386131048721,,0.27164290844226,,0.0,,0.0,,0.0,,0.0
1.14,1,0.86535307837579,0.94942492253846,186.31859647604,186.23070892805,-20.606169446112,54.632196856296,1.0,0.0,0.0,0.0,0.62567249999987,0.0,0.0,0.0,0.0,0.0,0.0,0.0,0.0,0.0,0.0,0.0,0.0,0.0,0.0,0.0,0.0,0.0,0.0,0.0,0.0,0.0,1.0,1.0,1.0,1.0,-1.0,-1.0,0.0,0.0,0.0,0.0,1.9319435464195,2.0,0.12855572344802,0.20763979229387,1.2871828070385,2.1224920474728,0.0062804025504913,0.0074208310866014,0.0012054617236648,0.001908259643334,,2.1326171554205,,0.27088131339535,,0.0,,0.0,,0.0,,0.0
1.15,1,0.86484560873665,0.94971118542344,190.47634936123,190.4346536855,-21.681056627497,54.621351406302,1.0,0.0,0.0,0.0,0.63567249999993,0.0,0.0,0.0,0.0,0.0,0.0,0.0,0.0,0.0,0.0,0.0,0.0,0.0,0.0,0.0,0.0,0.0,0.0,0.0,0.0,0.0,1.0,1.0,1.0,1.0,-1.0,-1.0,0.0,0.0,0.0,0.0,1.930946731057,2.0,0.12223158453513,0.20049258650882,1.2883246626302,2.1258252467851,0.0062813316076309,0.0074245859912213,0.0012261316840185,0.0019293503862105,,2.1352668405943,,0.27121787178706,,0.0,,0.0,,0.0,,0.0
1.16,1,0.86426989616917,0.94991644969435,194.22750852294,194.20290286467,-22.939555252653,54.405888780538,1.0,0.0,0.0,0.0,0.6456725,0.0,0.0,0.0,0.0,0.0,0.0,0.0,0.0,0.0,0.0,0.0,0.0,0.0,0.0,0.0,0.0,0.0,0.0,0.0,0.0,0.0,1.0,1.0,1.0,1.0,-1.0,-1.0,0.0,0.0,0.0,0.0,1.9298158670854,2.0,0.12891729726697,0.20883284130374,1.2903442664559,2.1285148205993,0.0063018343827706,0.0074421157850389,0.0012024541843793,0.0019045766480846,,2.1387281917905,,0.27165752658201,,0.0,,0.0,,0.0,,0.0
1.17,1,0.86364781130926,0.95020579718673,198.22166616253,198.20702941639,-23.861160193658,54.56219534245,1.0,0.0,0.0,0.0,0.65567250000006,0.0,0.0,0.0,0.0,0.0,0.0,0.0,0.0,0.0,0.0,0.0,0.0,0.0,0.0,0.0,0.0,0.0,0.0,0.0,0.0,0.0,1.0,1.0,1.0,1.0,-1.0,-1.0,0.0,0.0,0.0,0.0,1.9285939146822,2.0,0.12423175999596,0.20262769892275,1.284105506064,2.122540268187,0.0062593753629855,0.0074099117711464,0.0012065065260447,0.0019106837221933,,2.1321921174043,,0.27082732580749,,0.0,,0.0,,0.0,,0.0
1.18,1,0.86287559666002,0.95027497700066,199.97122834881,201.09689968265,-24.590996038134,54.411965173253,1.0,0.0,0.0,0.0,0.66567250000013,0.0,0.0,0.0,0.0,0.0,0.0,0.0,0.0,0.0,0.0,0.0,0.0,0.0,0.0,0.0,0.0,0.0,0.0,0.0,0.0,0.0,1.0,1.0,1.0,1.0,-1.0,-1.0,0.0,0.0,0.0,0.0,1.9270770644785,2.0,0.12499234416325,0.20449323711357,1.2902277628427,2.1309803598714,0.0062973444623995,0.0074419363718173,0.0012100748599401,0.0019121617597983,,2.1407724745904,,0.27191718781956,,0.0,,0.0,,0.0,,0.0
1.19,1,0.86281846777447,0.9505963023807,198.75016106638,199.9021383912,-23.757082042109,56.014946663046,1.0,0.0,0.0,0.0,0.67567250000019,0.0,0.0,0.0,0.0,0.0,0.0,0.0,0.0,0.0,0.0,0.0,0.0,0.0,0.0,0.0,0.0,0.0,0.0,0.0,0.0,0.0,1.0,1.0,1.0,1.0,-1.0,-1.0,0.0,0.0,0.0,0.0,1.9267346080924,2.0,0.12836474969178,0.20789513807479,1.2849207966708,2.1248665189741,0.0062670180430578,0.0074173765998889,0.0011889622359696,0.0018921200075852,,2.1350051204882,,0.27118462855544,,0.0,,0.0,,0.0,,0.0
1.2,1,0.86322132521745,0.95155143697665,198.07805696362,198.83108315882,-23.525122783114,57.049174609704,1.0,0.0,0.0,0.0,0.68567250000026,0.0,0.0,0.0,0.0,0.0,0.0,0.0,0.0,0.0,0.0,0.0,0.0,0.0,0.0,0.0,0.0,0.0,0.0,0.0,0.0,0.0,1.0,1.0,1.0,1.0,-1.0,-1.0,0.0,0.0,0.0,0.0,1.9267346080924,2.0,0.12215746329107,0.20086091080542,1.2864318618866,2.1285048079695,0.0062664570531855,0.0074182587156923,0.0012112073141473,0.0019150642646166,,2.1379688815301,,0.2715610803164,,0.0,,0.0,,0.0,,0.0
1.21,1,0.86322200578188,0.95217678096444,197.79018290211,198.39603541573,-23.806157508248,57.352228418283,1.0,0.0,0.0,0.0,0.69567250000032,0.0,0.0,0.0,0.0,0.0,0.0,0.0,0.0,0.0,0.0,0.0,0.0,0.0,0.0,0.0,0.0,0.0,0.0,0.0,0.0,0.0,1.0,1.0,1.0,1.0,-1.0,-1.0,0.0,0.0,0.0,0.0,1.9267346080924,2.0,0.12879160507423,0.20911101465469,1.288831193198,2.1314724139699,0.0062846248799453,0.0074318380706049,0.0011900153550693,0.0018929804363751,,2.141698744077,,0.27203484095502,,0.0,,0.0,,0.0,,0.0
1.22,1,0.86313302613656,0.9527491638601,198.01734179129,198.60122315802,-23.650687305769,58.149555683288,1.0,0.0,0.0,0.0,0.70567250000039,0.0,0.0,0.0,0.0,0.0,0.0,0.0,0.0,0.0,0.0,0.0,0.0,0.0,0.0,0.0,0.0,0.0,0.0,0.0,0.0,0.0,1.0,1.0,1.0,1.0,-1.0,-1.0,0.0,0.0,0.0,0.0,1.9267346080924,2.0,0.12420843766905,0.20302159467516,1.2830989058191,2.125910968074,0.0062411638258181,0.0073970504431631,0.0011957739023815,0.0019008541036425,,2.1355847846176,,0.27125825648266,,0.0,,0.0,,0.0,,0.0
1.23,1,0.86313462246847,0.95330249728786,198.22577027344,198.81517117721,-23.828195589274,58.562082863476,1.0,0.0,0.0,0.0,0.71567250000045,0.0,0.0,0.0,0.0,0.0,0.0,0.0,0.0,0.0,0.0,0.0,0.0,0.0,0.0,0.0,0.0,0.0,0.0,0.0,0.0,0.0,1.0,1.0,1.0,1.0,-1.0,-1.0,0.0,0.0,0.0,0.0,1.9267346080924,2.0,0.12495857535089,0.20488363794132,1.289637395794,2.1347260289511,0.0062769738469273,0.0074254866602535,0.001200985752452,0.0019045758696296,,2.1445380475828,,0.27239548433671,,0.0,,0.0,,0.0,,0.0
1.24,1,0.86309073693417,0.95381198153275,198.16354598447,198.67647552096,-23.767831478619,59.215570166218,1.0,0.0,0.0,0.0,0.72567250000052,0.0,0.0,0.0,0.0,0.0,0.0,0.0,0.0,0.0,0.0,0.0,0.0,0.0,0.0,0.0,0.0,0.0,0.0,0.0,0.0,0.0,1.0,1.0,1.0,1.0,-1.0,-1.0,0.0,0.0,0.0,0.0,1.9267346080924,2.0,0.12826953357212,0.20818228606639,1.2845102320798,2.1288377787433,0.0062445584737927,0.007397845367072,0.0011802270425244,0.0018848986426411,,2.1389856092541,,0.2716902232995,,0.0,,0.0,,0.0,,0.0
1.25,1,0.86305724821281,0.95434821510691,198.40766844795,198.93047963748,-23.736053531081,59.783606329259,1.0,0.0,0.0,0.0,0.73567250000059,0.0,0.0,0.0,0.0,0.0,0.0,0.0,0.0,0.0,0.0,0.0,0.0,0.0,0.0,0.0,0.0,0.0,0.0,0.0,0.0,0.0,1.0,1.0,1.0,1.0,-1.0,-1.0,0.0,0.0,0.0,0.0,1.9267346080924,2.0,0.12213116848285,0.20123368537576,1.2860206295763,2.1323497907612,0.0062418926477322,0.0073957943497869,0.0012018916649157,0.0019068837503368,,2.1418318045147,,0.27205174205986,,0.0,,0.0,,0.0,,0.0
1.26,1,0.86296221994843,0.95486943361429,198.35974384822,198.84410406977,-23.90204019964,60.103855538631,1.0,0.0,0.0,0.0,0.74567250000065,0.0,0.0,0.0,0.0,0.0,0.0,0.0,0.0,0.0,0.0,0.0,0.0,0.0,0.0,0.0,0.0,0.0,0.0,0.0,0.0,0.0,1.0,1.0,1.0,1.0,-1.0,-1.0,0.0,0.0,0.0,0.0,1.9267346080924,2.0,0.12869479714236,0.20938823774123,1.2884396087558,2.1352731030617,0.006257480475318,0.0074059927646504,0.001181153362667,0.0018849606767182,,2.1455084233712,,0.27251873977775,,0.0,,0.0,,0.0,,0.0
1.27,1,0.86293407368564,0.95538570173565,198.44148073058,198.90090499452,-23.735299364923,60.793567315483,1.0,0.0,0.0,0.0,0.75567250000072,0.0,0.0,0.0,0.0,0.0,0.0,0.0,0.0,0.0,0.0,0.0,0.0,0.0,0.0,0.0,0.0,0.0,0.0,0.0,0.0,0.0,1.0,1.0,1.0,1.0,-1.0,-1.0,0.0,0.0,0.0,0.0,1.9267346080924,2.0,0.12416075951816,0.20335549278648,1.2827762290357,2.1297271603749,0.0062124681307122,0.0073689201103806,0.0011867505215936,0.0018923660205219,,2.1394154445997,,0.27174482023577,,0.0,,0.0,,0.0,,0.0
1.28,1,0.86291944878751,0.9558205582282,198.5722150361,199.05191650919,-23.892646951781,61.047658164124,1.0,0.0,0.0,0.0,0.76567250000078,0.0,0.0,0.0,0.0,0.0,0.0,0.0,0.0,0.0,0.0,0.0,0.0,0.0,0.0,0.0,0.0,0.0,0.0,0.0,0.0,0.0,1.0,1.0,1.0,1.0,-1.0,-1.0,0.0,0.0,0.0,0.0,1.9267346080924,2.0,0.12488853521712,0.20518054636288,1.2892474437277,2.1383778634242,0.0062456161462411,0.007393930542132,0.0011923251963966,0.0018962911042116,,2.1482015562349,,0.27286081681928,,0.0,,0.0,,0.0,,0.0
1.29,1,0.86283326365416,0.95630472953599,198.46501705609,198.87899908154,-23.85370212012,61.549706815147,1.0,0.0,0.0,0.0,0.77567250000085,0.0,0.0,0.0,0.0,0.0,0.0,0.0,0.0,0.0,0.0,0.0,0.0,0.0,0.0,0.0,0.0,0.0,0.0,0.0,0.0,0.0,1.0,1.0,1.0,1.0,-1.0,-1.0,0.0,0.0,0.0,0.0,1.9267346080924,2.0,0.12817374855523,0.20844056782613,1.2841689159609,2.132483319258,0.0062114080189049,0.0073637223722863,0.0011721762808186,0.0018769837716798,,2.1426390816918,,0.27215428099961,,0.0,,0.0,,0.0,,0.0
1.3,1,0.86276702791739,0.95678992002956,198.65523823329,199.10421333872,-23.793946317818,62.007323311904,1.0,0.0,0.0,0.0,0.78567250000091,0.0,0.0,0.0,0.0,0.0,0.0,0.0,0.0,0.0,0.0,0.0,0.0,0.0,0.0,0.0,0.0,0.0,0.0,0.0,0.0,0.0,1.0,1.0,1.0,1.0,-1.0,-1.0,0.0,0.0,0.0,0.0,1.9267346080924,2.0,0.12208596706697,0.2015513795756,1.2856367781219,2.1358740831911,0.0062067419539317,0.0073589998081031,0.0011939560478359,0.0018989669207701,,2.145370318795,,0.27250119797523,,0.0,,0.0,,0.0,,0.0
1.31,1,0.86271835938991,0.95719033447338,198.5828119137,198.99319599238,-23.946474178362,62.202802997107,1.0,0.0,0.0,0.0,0.79567250000098,0.0,0.0,0.0,0.0,0.0,0.0,0.0,0.0,0.0,0.0,0.0,0.0,0.0,0.0,0.0,0.0,0.0,0.0,0.0,0.0,0.0,1.0,1.0,1.0,1.0,-1.0,-1.0,0.0,0.0,0.0,0.0,1.9267346080924,2.0,0.12857973665451,0.20961135513607,1.2880312625902,2.1387009471689,0.0062199885517013,0.0073660822507796,0.0011743890943619,0.0018781342250687,,2.1489417920637,,0.27295484028384,,0.0,,0.0,,0.0,,0.0
1.32,1,0.86270769568061,0.95763835733136,198.6108756694,199.00736822069,-23.777889461229,62.778707302625,1.0,0.0,0.0,0.0,0.80567250000104,0.0,0.0,0.0,0.0,0.0,0.0,0.0,0.0,0.0,0.0,0.0,0.0,0.0,0.0,0.0,0.0,0.0,0.0,0.0,0.0,0.0,1.0,1.0,1.0,1.0,-1.0,-1.0,0.0,0.0,0.0,0.0,1.9267234509001,2.0,0.12409722948259,0.20363761866907,1.2823953341524,2.133132524537,0.0061735815283197,0.0073269252508334,0.0011804920666918,0.0018859857356684,,2.1428322167646,,0.27217881267987,,0.0,,0.0,,0.0,,0.0
1.33,1,0.86255831827691,0.95804470538769,198.7172521286,199.14124858652,-23.915166230561,62.92187955261,1.0,0.0,0.0,0.0,0.81567250000111,0.0,0.0,0.0,0.0,0.0,0.0,0.0,0.0,0.0,0.0,0.0,0.0,0.0,0.0,0.0,0.0,0.0,0.0,0.0,0.0,0.0,1.0,1.0,1.0,1.0,-1.0,-1.0,0.0,0.0,0.0,0.0,1.9264538390832,2.0,0.12479721633245,0.20542545095404,1.2887868782351,2.1416241005398,0.0062042607476184,0.0073487679693454,0.0011871695867542,0.0018910768459461,,2.1514563685676,,0.27327423740784,,0.0,,0.0,,0.0,,0.0
1.34,1,0.86245871359128,0.9584605556199,198.58752830688,198.94444761392,-23.87631804592,63.306302286141,1.0,0.0,0.0,0.0,0.82567250000118,0.0,0.0,0.0,0.0,0.0,0.0,0.0,0.0,0.0,0.0,0.0,0.0,0.0,0.0,0.0,0.0,0.0,0.0,0.0,0.0,0.0,1.0,1.0,1.0,1.0,-1.0,-1.0,0.0,0.0,0.0,0.0,1.9262473541422,2.0,0.12806478817777,0.20865382014272,1.2837509943977,2.1357255624996,0.0061685757435083,0.0073163101292977,0.0011684348174267,0.0018732262825007,,2.1458867956988,,0.2725667999712,,0.0,,0.0,,0.0,,0.0
1.35,1,0.86236935971353,0.95878466542429,198.74755759568,199.15371460763,-23.807253178641,63.668274002494,1.0,0.0,0.0,0.0,0.83567250000124,0.0,0.0,0.0,0.0,0.0,0.0,0.0,0.0,0.0,0.0,0.0,0.0,0.0,0.0,0.0,0.0,0.0,0.0,0.0,0.0,0.0,1.0,1.0,1.0,1.0,-1.0,-1.0,0.0,0.0,0.0,0.0,1.9260613533234,2.0,0.12202176730343,0.20182058479546,1.2851697607077,2.1390081087281,0.006162001988765,0.0073090382489351,0.0011911313143327,0.0018962896989372,,2.1485157280687,,0.27290072237793,,0.0,,0.0,,0.0,,0.0
1.36,1,0.86229914061672,0.95916987629784,198.6658911943,199.03033972729,-23.958765434681,63.7606215668,1.0,0.0,0.0,0.0,0.84567250000131,0.0,0.0,0.0,0.0,0.0,0.0,0.0,0.0,0.0,0.0,0.0,0.0,0.0,0.0,0.0,0.0,0.0,0.0,0.0,0.0,0.0,1.0,1.0,1.0,1.0,-1.0,-1.0,0.0,0.0,0.0,0.0,1.9259447401079,2.0,0.12844876595829,0.20979103581124,1.2875455158172,2.1417569540835,0.0061731824108829,0.0073132734665556,0.0011736245929675,0.0018776991137871,,2.1520008591132,,0.27334339764776,,0.0,,0.0,,0.0,,0.0
1.37,1,0.86222991994475,0.95954450400356,198.6755289508,199.03085420954,-23.788572516669,64.236988580045,1.0,0.0,0.0,0.0,0.85567250000137,0.0,0.0,0.0,0.0,0.0,0.0,0.0,0.0,0.0,0.0,0.0,0.0,0.0,0.0,0.0,0.0,0.0,0.0,0.0,0.0,0.0,1.0,1.0,1.0,1.0,-1.0,-1.0,0.0,0.0,0.0,0.0,1.9257875778412,2.0,0.12402039026314,0.20387665008823,1.2819364740117,2.1361767879137,0.0061255240837888,0.0072721562651277,0.0011810685960373,0.0018871347847159,,2.145885419276,,0.27256662514037,,0.0,,0.0,,0.0,,0.0
1.38,1,0.86214865233222,0.95991800049717,198.77150555719,199.15566888705,-23.914813248397,64.292696773171,1.0,0.0,0.0,0.0,0.86567250000144,0.0,0.0,0.0,0.0,0.0,0.0,0.0,0.0,0.0,0.0,0.0,0.0,0.0,0.0,0.0,0.0,0.0,0.0,0.0,0.0,0.0,1.0,1.0,1.0,1.0,-1.0,-1.0,0.0,0.0,0.0,0.0,1.9256414205824,2.0,0.12468913722459,0.20562774685143,1.288257123813,2.1445285684106,0.0061538518511352,0.0072909315031866,0.0011897630743919,0.0018945611609182,,2.1543668901665,,0.27364392678756,,0.0,,0.0,,0.0,,0.0
1.39,1,0.86207272544252,0.9603211761312,198.63504323392,198.95380264452,-23.882483655545,64.582141645887,1.0,0.0,0.0,0.0,0.8756725000015,0.0,0.0,0.0,0.0,0.0,0.0,0.0,0.0,0.0,0.0,0.0,0.0,0.0,0.0,0.0,0.0,0.0,0.0,0.0,0.0,0.0,1.0,1.0,1.0,1.0,-1.0,-1.0,0.0,0.0,0.0,0.0,1.9254834743227,2.0,0.12794480190703,0.20882732145467,1.2832712569391,2.1386361877919,0.0061169164942449,0.0072563906597822,0.0011733403635495,0.001879345656823,,2.1488005926245,,0.27293690537723,,0.0,,0.0,,0.0,,0.0
1.4,1,0.86198008893278,0.96066994800419,198.78031357802,199.1477077155,-23.812355564199,64.847511596337,1.0,0.0,0.0,0.0,0.88567250000157,0.0,0.0,0.0,0.0,0.0,0.0,0.0,0.0,0.0,0.0,0.0,0.0,0.0,0.0,0.0,0.0,0.0,0.0,0.0,0.0,0.0,1.0,1.0,1.0,1.0,-1.0,-1.0,0.0,0.0,0.0,0.0,1.925300916284,2.0,0.12194414363732,0.20204551448956,1.2846463200814,2.1418132109259,0.0061084379629569,0.0072465167390237,0.0011978381137408,0.0019046400930068,,2.1513295099582,,0.27325812404842,,0.0,,0.0,,0.0,,0.0
1.41,1,0.86192212000237,0.96102518997818,198.70123188927,199.0266363558,-23.957594308337,64.854446135791,1.0,0.0,0.0,0.0,0.89567250000163,0.0,0.0,0.0,0.0,0.0,0.0,0.0,0.0,0.0,0.0,0.0,0.0,0.0,0.0,0.0,0.0,0.0,0.0,0.0,0.0,0.0,1.0,1.0,1.0,1.0,-1.0,-1.0,0.0,0.0,0.0,0.0,1.9252041639012,2.0,0.12830658149091,0.20992882463784,1.287017607237,2.1444822633205,0.0061177394730272,0.0072479899161017,0.0011833514171605,0.0018894840151246,,2.1547267280247,,0.27368963276501,,0.0,,0.0,,0.0,,0.0
1.42,1,0.86182886802072,0.96130659644176,198.70154568363,199.01838459765,-23.792885952376,65.245591223982,1.0,0.0,0.0,0.0,0.9056725000017,0.0,0.0,0.0,0.0,0.0,0.0,0.0,0.0,0.0,0.0,0.0,0.0,0.0,0.0,0.0,0.0,0.0,0.0,0.0,0.0,0.0,1.0,1.0,1.0,1.0,-1.0,-1.0,0.0,0.0,0.0,0.0,1.9250195288856,2.0,0.12393442491779,0.20407039926921,1.281442311874,2.1388824957452,0.0060688773256977,0.0072048566820442,0.0011929936837507,0.0019016256649088,,2.1485973004776,,0.27291108356311,,0.0,,0.0,,0.0,,0.0
1.43,1,0.86169841936928,0.96161112937639,198.79395789271,199.13963152666,-23.908869472879,65.226707348914,1.0,0.0,0.0,0.0,0.91567250000177,0.0,0.0,0.0,0.0,0.0,0.0,0.0,0.0,0.0,0.0,0.0,0.0,0.0,0.0,0.0,0.0,0.0,0.0,0.0,0.0,0.0,1.0,1.0,1.0,1.0,-1.0,-1.0,0.0,0.0,0.0,0.0,1.9247647519435,2.0,0.12457030945106,0.20578325362294,1.2877041604984,2.1470845890307,0.0060948690874063,0.0072204740007612,0.0012046631556146,0.0019125571741219,,2.156926112502,,0.27396899474725,,0.0,,0.0,,0.0,,0.0
1.44,1,0.86167929453472,0.96193234849644,198.65819414644,198.93790803142,-23.881616328288,65.430909413945,1.0,0.0,0.0,0.0,0.92567250000183,0.0,0.0,0.0,0.0,0.0,0.0,0.0,0.0,0.0,0.0,0.0,0.0,0.0,0.0,0.0,0.0,0.0,0.0,0.0,0.0,0.0,1.0,1.0,1.0,1.0,-1.0,-1.0,0.0,0.0,0.0,0.0,1.9247071571288,2.0,0.12781786730595,0.20895296875163,1.2827801315792,2.1411825565341,0.0060568197823939,0.0071838396353063,0.0011914405726856,0.0019010954827596,,2.1513472182139,,0.27326037332019,,0.0,,0.0,,0.0,,0.0
1.45,1,0.86164795046719,0.96222169118043,198.79476087411,199.12521189607,-23.810238939297,65.630740664193,1.0,0.0,0.0,0.0,0.9356725000019,0.0,0.0,0.0,0.0,0.0,0.0,0.0,0.0,0.0,0.0,0.0,0.0,0.0,0.0,0.0,0.0,0.0,0.0,0.0,0.0,0.0,1.0,1.0,1.0,1.0,-1.0,-1.0,0.0,0.0,0.0,0.0,1.9246474441898,2.0,0.12185820257606,0.20222082883934,1.2841205175722,2.1442451243024,0.0060463366975827,0.0071711593828623,0.0012186144025855,0.0019297192003195,,2.1537671089077,,0.27356774361764,,0.0,,0.0,,0.0,,0.0
1.46,1,0.86152411743465,0.96246245198225,198.71835767065,199.00791905807,-23.956637979382,65.571727579983,1.0,0.0,0.0,0.0,0.94567250000196,0.0,0.0,0.0,0.0,0.0,0.0,0.0,0.0,0.0,0.0,0.0,0.0,0.0,0.0,0.0,0.0,0.0,0.0,0.0,0.0,0.0,1.0,1.0,1.0,1.0,-1.0,-1.0,0.0,0.0,0.0,0.0,1.9244100826167,2.0,0.12815798387266,0.21001727358177,1.2865001821984,2.1468251926995,0.0060538435510113,0.0071698248908796,0.0012080918514368,0.0019191361646747,,2.1570672337,,0.2739869197158,,0.0,,0.0,,0.0,,0.0
1.47,1,0.86140882252986,0.96265371369143,198.71580073355,198.99596631204,-23.796398625091,65.896870646646,1.0,0.0,0.0,0.0,0.95567250000203,0.0,0.0,0.0,0.0,0.0,0.0,0.0,0.0,0.0,0.0,0.0,0.0,0.0,0.0,0.0,0.0,0.0,0.0,0.0,0.0,0.0,1.0,1.0,1.0,1.0,-1.0,-1.0,0.0,0.0,0.0,0.0,1.9241881673033,2.0,0.12384352555186,0.20421280478808,1.2809679244114,2.1411975531964,0.0060037264880068,0.0071244958015219,0.0012207283545118,0.0019350061880386,,2.15091543742,,0.27320552927644,,0.0,,0.0,,0.0,,0.0
1.48,1,0.86139139852187,0.96289545779697,198.80558665319,199.11541631172,-23.906133251839,65.822635260083,1.0,0.0,0.0,0.0,0.96567250000209,0.0,0.0,0.0,0.0,0.0,0.0,0.0,0.0,0.0,0.0,0.0,0.0,0.0,0.0,0.0,0.0,0.0,0.0,0.0,0.0,0.0,1.0,1.0,1.0,1.0,-1.0,-1.0,0.0,0.0,0.0,0.0,1.9241435903228,2.0,0.12444583831436,0.20588815097463,1.287183731964,2.1492463716715,0.0060272933233456,0.0071367563848606,0.0012362971959646,0.0019505498376898,,2.1590880639908,,0.27424360205653,,0.0,,0.0,,0.0,,0.0
1.49,1,0.86131043129206,0.96320354275967,198.67271616815,198.91599689367,-23.886563260336,65.969435209355,1.0,0.0,0.0,0.0,0.97567250000216,0.0,0.0,0.0,0.0,0.0,0.0,0.0,0.0,0.0,0.0,0.0,0.0,0.0,0.0,0.0,0.0,0.0,0.0,0.0,0.0,0.0,1.0,1.0,1.0,1.0,-1.0,-1.0,0.0,0.0,0.0,0.0,1.9240011357741,2.0,0.12768855748282,0.20902755025531,1.2823324177463,2.143332673019,0.0059881666677703,0.007097932027085,0.0012270814753626,0.0019438488447687,,2.1534945173093,,0.273533119508,,0.0,,0.0,,0.0,,0.0
1.5,1,0.86126474952752,0.96343695285712,198.80380985629,199.09698585664,-23.810037038441,66.108936109398,1.0,0.0,0.0,0.0,0.98567250000222,0.0,0.0,0.0,0.0,0.0,0.0,0.0,0.0,0.0,0.0,0.0,0.0,0.0,0.0,0.0,0.0,0.0,0.0,0.0,0.0,0.0,1.0,1.0,1.0,1.0,-1.0,-1.0,0.0,0.0,0.0,0.0,1.9238965721197,2.0,0.12176912128047,0.20234390204602,1.2836511723617,2.1462804144229,0.0059754790391024,0.0070821301025299,0.001257731208642,0.0019767955572599,,2.15580493187,,0.27382658433787,,0.0,,0.0,,0.0,,0.0
1.51,1,0.86119488589222,0.96054993020927,198.74043160097,198.29542283528,-23.951207329462,66.430187662192,1.0,0.0,0.0,0.0,0.99567250000229,0.0,0.0,0.0,0.0,0.0,0.0,0.0,0.0,0.0,0.0,0.0,0.0,0.0,0.0,0.0,0.0,0.0,0.0,0.0,0.0,0.0,1.0,1.0,1.0,1.0,-1.0,-1.0,0.0,0.0,0.0,0.0,1.9237756683279,2.0,0.12800544978896,0.20943274386154,1.2860424626282,2.1463551599072,0.0059811575470609,0.007073209374944,0.0012520582510171,0.001970223216352,,2.1565444578985,,0.27392051764483,,0.0,,0.0,,0.0,,0.0
1.52,1,0.86105931958792,0.95752989183531,198.74119384735,198.5092314643,-23.801108630105,66.410699856828,1.0,0.0,0.0,0.0,1.0056725000024,0.0,0.0,0.0,0.0,0.0,0.0,0.0,0.0,0.0,0.0,0.0,0.0,0.0,0.0,0.0,0.0,0.0,0.0,0.0,0.0,0.0,1.0,1.0,1.0,1.0,-1.0,-1.0,0.0,0.0,0.0,0.0,1.9234961639489,2.0,0.12374284323844,0.20353935104427,1.2805250750719,2.1381152218763,0.0059295102497784,0.0070205610568631,0.0012684990221891,0.0019887528655955,,2.1477842261056,,0.27280780827378,,0.0,,0.0,,0.0,,0.0
1.53,1,0.86088549559214,0.95648308717521,198.81892360928,198.85575197333,-23.891527531735,66.913149004614,1.0,0.0,0.0,0.0,1.0156725000024,0.0,0.0,0.0,0.0,0.0,0.0,0.0,0.0,0.0,0.0,0.0,0.0,0.0,0.0,0.0,0.0,0.0,0.0,0.0,0.0,0.0,1.0,1.0,1.0,1.0,-1.0,-1.0,0.0,0.0,0.0,0.0,1.9231679373814,2.0,0.1243045635398,0.20496870343426,1.2866438988444,2.1438460531412,0.0059502116898636,0.0070252431288474,0.0012890659691011,0.0020083848689034,,2.1536258296408,,0.27354979857144,,0.0,,0.0,,0.0,,0.0
1.54,1,0.86065718689795,0.95534081566701,198.66801909923,198.63047057304,-23.861831830616,67.20229924801,1.0,0.0,0.0,0.0,1.0256725000025,0.0,0.0,0.0,0.0,0.0,0.0,0.0,0.0,0.0,0.0,0.0,0.0,0.0,0.0,0.0,0.0,0.0,0.0,0.0,0.0,0.0,1.0,1.0,1.0,1.0,-1.0,-1.0,0.0,0.0,0.0,0.0,1.9227155042941,2.0,0.12753018581306,0.20790145023257,1.2817892332576,2.1358466487945,0.0059095911583471,0.006980172999676,0.0012849060653651,0.0020059011963354,,2.1459356905747,,0.27257301051311,,0.0,,0.0,,0.0,,0.0
1.55,1,0.86042812915531,0.95420629381357,198.76702914788,198.69746059666,-23.777268843211,67.635959172704,1.0,0.0,0.0,0.0,1.0356725000026,0.0,0.0,0.0,0.0,0.0,0.0,0.0,0.0,0.0,0.0,0.0,0.0,0.0,0.0,0.0,0.0,0.0,0.0,0.0,0.0,0.0,1.0,1.0,1.0,1.0,-1.0,-1.0,0.0,0.0,0.0,0.0,1.9222813503911,2.0,0.12163843157684,0.20110551680663,1.2829869791066,2.136709785033,0.005893920900466,0.0069571363470824,0.0013201212376869,0.0020427591192782,,2.1461612456206,,0.27260166012183,,0.0,,0.0,,0.0,,0.0
1.56,1,0.86020592787166,0.95313746343223,198.68770966543,198.65149271223,-23.904308688742,67.846965885046,1.0,0.0,0.0,0.0,1.0456725000026,0.0,0.0,0.0,0.0,0.0,0.0,0.0,0.0,0.0,0.0,0.0,0.0,0.0,0.0,0.0,0.0,0.0,0.0,0.0,0.0,0.0,1.0,1.0,1.0,1.0,-1.0,-1.0,0.0,0.0,0.0,0.0,1.9218330722164,2.0,0.1278011549501,0.20853649355725,1.2852845353706,2.1372403357506,0.0058971366908179,0.0069462130010723,0.0013204297805234,0.0020429499830547,,2.1473849634929,,0.27275709463272,,0.0,,0.0,,0.0,,0.0
1.57,1,0.85993316749139,0.95213167906146,198.66199027048,198.59947316637,-23.749562929625,68.422575532341,1.0,0.0,0.0,0.0,1.0556725000027,0.0,0.0,0.0,0.0,0.0,0.0,0.0,0.0,0.0,0.0,0.0,0.0,0.0,0.0,0.0,0.0,0.0,0.0,0.0,0.0,0.0,1.0,1.0,1.0,1.0,-1.0,-1.0,0.0,0.0,0.0,0.0,1.9212972928981,2.0,0.12358271547646,0.20269278085001,1.2797146728787,2.1297599705307,0.0058433206414019,0.006892231018272,0.001341346104091,0.0020673456923401,,2.139386158356,,0.27174110034816,,0.0,,0.0,,0.0,,0.0
1.58,1,0.859756723898,0.95112603354156,198.74178906534,198.73886245429,-23.840585388323,68.7262516798,1.0,0.0,0.0,0.0,1.0656725000027,0.0,0.0,0.0,0.0,0.0,0.0,0.0,0.0,0.0,0.0,0.0,0.0,0.0,0.0,0.0,0.0,0.0,0.0,0.0,0.0,0.0,1.0,1.0,1.0,1.0,-1.0,-1.0,0.0,0.0,0.0,0.0,1.9209209710409,2.0,0.12410420252981,0.2041176941727,1.2856960472736,2.1356960082014,0.0058606243255964,0.0068934961156144,0.0013674461495376,0.0020934462980249,,2.1454315961404,,0.27250898131682,,0.0,,0.0,,0.0,,0.0
1.59,1,0.85951753486508,0.95004912540537,198.60993953032,198.55217740887,-23.825507967604,69.201399528422,1.0,0.0,0.0,0.0,1.0756725000028,0.0,0.0,0.0,0.0,0.0,0.0,0.0,0.0,0.0,0.0,0.0,0.0,0.0,0.0,0.0,0.0,0.0,0.0,0.0,0.0,0.0,1.0,1.0,1.0,1.0,-1.0,-1.0,0.0,0.0,0.0,0.0,1.920480871668,2.0,0.12731447437807,0.20702115923574,1.2808291225049,2.1280378514754,0.0058183184922848,0.0068465138444273,0.001368456827406,0.0020970343392443,,2.1380783211234,,0.27157498114276,,0.0,,0.0,,0.0,,0.0
1.6,1,0.85929823829626,0.94904508678963,198.72186703843,198.71374573232,-23.742604855475,69.773647299014,1.0,0.0,0.0,0.0,1.0856725000029,0.0,0.0,0.0,0.0,0.0,0.0,0.0,0.0,0.0,0.0,0.0,0.0,0.0,0.0,0.0,0.0,0.0,0.0,0.0,0.0,0.0,1.0,1.0,1.0,1.0,-1.0,-1.0,0.0,0.0,0.0,0.0,1.9200579202999,2.0,0.12145783191535,0.20030242062259,1.2819353221041,2.1290177113733,0.0057993732049431,0.006820033416483,0.0014081864589062,0.0021392504554303,,2.1384276149971,,0.27161934784169,,0.0,,0.0,,0.0,,0.0
1.61,1,0.85904072610827,0.94802413865502,198.6607224588,198.63446467939,-23.873015061013,70.095811970606,1.0,0.0,0.0,0.0,1.0956725000029,0.0,0.0,0.0,0.0,0.0,0.0,0.0,0.0,0.0,0.0,0.0,0.0,0.0,0.0,0.0,0.0,0.0,0.0,0.0,0.0,0.0,1.0,1.0,1.0,1.0,-1.0,-1.0,0.0,0.0,0.0,0.0,1.9195442830387,2.0,0.12755555596985,0.20763853649318,1.2841942366725,2.1296139492076,0.0058001587425737,0.0068060573807305,0.0014144647272812,0.0021460759644949,,2.1397074731738,,0.27178191319618,,0.0,,0.0,,0.0,,0.0
1.62,1,0.85876299668017,0.94700931911045,198.64256529548,198.60304261875,-23.726471981988,70.824115261576,1.0,0.0,0.0,0.0,1.105672500003,0.0,0.0,0.0,0.0,0.0,0.0,0.0,0.0,0.0,0.0,0.0,0.0,0.0,0.0,0.0,0.0,0.0,0.0,0.0,0.0,0.0,1.0,1.0,1.0,1.0,-1.0,-1.0,0.0,0.0,0.0,0.0,1.9189957170942,2.0,0.12339018916961,0.20186587682683,1.2786345447182,2.1222440545555,0.0057440945523131,0.0067491892759356,0.001439699392259,0.002175648883675,,2.1318256556305,,0.27078077847182,,0.0,,0.0,,0.0,,0.0
1.63,1,0.85847424323808,0.94597445149618,198.72934367016,198.73823491534,-23.816117286124,71.229889637163,1.0,0.0,0.0,0.0,1.1156725000031,0.0,0.0,0.0,0.0,0.0,0.0,0.0,0.0,0.0,0.0,0.0,0.0,0.0,0.0,0.0,0.0,0.0,0.0,0.0,0.0,0.0,1.0,1.0,1.0,1.0,-1.0,-1.0,0.0,0.0,0.0,0.0,1.9184315488295,2.0,0.12387752303694,0.20325599867777,1.2845476393698,2.128118197252,0.0057578125320333,0.0067462179092884,0.0014715271887712,0.0022081572499386,,2.1378061524392,,0.27154041075095,,0.0,,0.0,,0.0,,0.0
1.64,1,0.85831008329939,0.94495617863875,198.60782047809,198.55426584882,-23.805704876885,71.845752015383,1.0,0.0,0.0,0.0,1.1256725000031,0.0,0.0,0.0,0.0,0.0,0.0,0.0,0.0,0.0,0.0,0.0,0.0,0.0,0.0,0.0,0.0,0.0,0.0,0.0,0.0,0.0,1.0,1.0,1.0,1.0,-1.0,-1.0,0.0,0.0,0.0,0.0,1.9181072853002,2.0,0.12708090297409,0.20613154035133,1.279739994847,2.120549321923,0.0057137643145134,0.0066965233141839,0.0014778687949406,0.002217798219924,,2.1305389060436,,0.27061733778241,,0.0,,0.0,,0.0,,0.0
1.65,1,0.85808384993038,0.94392286350946,198.72106422359,198.72424301407,-23.72357792846,72.526543010267,1.0,0.0,0.0,0.0,1.1356725000032,0.0,0.0,0.0,0.0,0.0,0.0,0.0,0.0,0.0,0.0,0.0,0.0,0.0,0.0,0.0,0.0,0.0,0.0,0.0,0.0,0.0,1.0,1.0,1.0,1.0,-1.0,-1.0,0.0,0.0,0.0,0.0,1.9176563537624,2.0,0.12126369302273,0.19947634434058,1.2808206450514,2.1214915111557,0.0056911303360669,0.0066656234658409,0.0015223442322823,0.002265578715186,,2.1308570360164,,0.27065774609698,,0.0,,0.0,,0.0,,0.0
1.66,1,0.85789329312357,0.94287977358453,198.66587082359,198.63817148379,-23.856075239001,72.982760944852,1.0,0.0,0.0,0.0,1.1456725000033,0.0,0.0,0.0,0.0,0.0,0.0,0.0,0.0,0.0,0.0,0.0,0.0,0.0,0.0,0.0,0.0,0.0,0.0,0.0,0.0,0.0,1.0,1.0,1.0,1.0,-1.0,-1.0,0.0,0.0,0.0,0.0,1.917290396819,2.0,0.12730112751151,0.20672140256981,1.2831038299536,2.1220835192875,0.0056892267901981,0.0066479573768868,0.0015349996215072,0.0022793752800863,,2.1321236636563,,0.27081863093176,,0.0,,0.0,,0.0,,0.0
1.67,1,0.85767370693337,0.94186712917777,198.65049651755,198.6157100291,-23.722746135076,73.826096229722,1.0,0.0,0.0,0.0,1.1556725000033,0.0,0.0,0.0,0.0,0.0,0.0,0.0,0.0,0.0,0.0,0.0,0.0,0.0,0.0,0.0,0.0,0.0,0.0,0.0,0.0,0.0,1.0,1.0,1.0,1.0,-1.0,-1.0,0.0,0.0,0.0,0.0,1.9168590668026,2.0,0.12319277388906,0.20101798552707,1.2776049787721,2.1147741603098,0.0056304786152818,0.0065874269175546,0.0015647190067429,0.0023142808913965,,2.1243090114469,,0.269826027431,,0.0,,0.0,,0.0,,0.0
1.68,1,0.85750694962966,0.94076820878004,198.8841872863,198.71786195529,-23.852487702884,73.914703081903,1.0,0.0,0.0,0.0,1.1656725000034,0.0,0.0,0.0,0.0,0.0,0.0,0.0,0.0,0.0,0.0,0.0,0.0,0.0,0.0,0.0,0.0,0.0,0.0,0.0,0.0,0.0,1.0,1.0,1.0,1.0,-1.0,-1.0,0.0,0.0,0.0,0.0,1.9165140370806,2.0,0.12364487504332,0.20233130055643,1.2835002390729,2.1204860294976,0.0056400391173738,0.0065792691976348,0.0016026228454922,0.0023534738837243,,2.130120744787,,0.27056422366856,,0.0,,0.0,,0.0,,0.0
1.69,1,0.85720821484547,0.93931808448537,199.08517464371,198.65627970907,-23.988609844776,73.534972232324,1.0,0.0,0.0,0.0,1.1756725000035,0.0,0.0,0.0,0.0,0.0,0.0,0.0,0.0,0.0,0.0,0.0,0.0,0.0,0.0,0.0,0.0,0.0,0.0,0.0,0.0,0.0,1.0,1.0,1.0,1.0,-1.0,-1.0,0.0,0.0,0.0,0.0,1.9159416542453,2.0,0.12684012159403,0.20513281139749,1.2787653080933,2.1126841183447,0.0055937977086808,0.0065256707862778,0.0016143778675553,0.0023690429755465,,2.1226142297069,,0.26961075920883,,0.0,,0.0,,0.0,,0.0
1.7,1,0.85698356786785,0.9379163641234,199.47664936896,199.10741221408,-24.008220571654,73.427902770822,1.0,0.0,0.0,0.0,1.1856725000035,0.0,0.0,0.0,0.0,0.0,0.0,0.0,0.0,0.0,0.0,0.0,0.0,0.0,0.0,0.0,0.0,0.0,0.0,0.0,0.0,0.0,1.0,1.0,1.0,1.0,-1.0,-1.0,0.0,0.0,0.0,0.0,1.9155066586865,2.0,0.12105951723782,0.19850961186408,1.2798182930834,2.1132405991043,0.0055666836215755,0.0064888994268037,0.0016635932659813,0.0024221056001589,,2.1225519489325,,0.26960284841343,,0.0,,0.0,,0.0,,0.0
1.71,1,0.85685914187891,0.93676200885392,199.65644798004,199.24089954926,-24.204675776847,73.20090697416,1.0,0.0,0.0,0.0,1.1956725000036,0.0,0.0,0.0,0.0,0.0,0.0,0.0,0.0,0.0,0.0,0.0,0.0,0.0,0.0,0.0,0.0,0.0,0.0,0.0,0.0,0.0,1.0,1.0,1.0,1.0,-1.0,-1.0,0.0,0.0,0.0,0.0,1.91525576927,2.0,0.12703558238295,0.20562493869329,1.2821236707043,2.113478260887,0.0055614832283169,0.006466284343251,0.0016827501423688,0.0024426402931853,,2.1234529103168,,0.26971728695786,,0.0,,0.0,,0.0,,0.0
1.72,1,0.85666923146819,0.93569116807865,199.83374117112,199.42680519221,-24.147185285367,73.23362112107,1.0,0.0,0.0,0.0,1.2056725000037,0.0,0.0,0.0,0.0,0.0,0.0,0.0,0.0,0.0,0.0,0.0,0.0,0.0,0.0,0.0,0.0,0.0,0.0,0.0,0.0,0.0,1.0,1.0,1.0,1.0,-1.0,-1.0,0.0,0.0,0.0,0.0,1.9148839027895,2.0,0.12298256049988,0.20003170029272,1.2766751051728,2.1060189621514,0.0054993213109152,0.0064009725042609,0.0017167656434554,0.0024824777106142,,2.1154996943152,,0.26870708332578,,0.0,,0.0,,0.0,,0.0
1.73,1,0.85647527214932,0.93532754843308,200.11487046419,199.84465007479,-24.295132685884,73.077090777927,1.0,0.0,0.0,0.0,1.2156725000037,0.0,0.0,0.0,0.0,0.0,0.0,0.0,0.0,0.0,0.0,0.0,0.0,0.0,0.0,0.0,0.0,0.0,0.0,0.0,0.0,0.0,1.0,1.0,1.0,1.0,-1.0,-1.0,0.0,0.0,0.0,0.0,1.9145049984772,2.0,0.12340050750596,0.20144540350268,1.2825346168728,2.1120867201493,0.0055038297843978,0.0063877119796808,0.0017608157309422,0.0025286340334655,,2.1216748404853,,0.26949143962749,,0.0,,0.0,,0.0,,0.0
1.74,1,0.85634132133602,0.93544458483957,200.19866343919,199.89481445877,-24.365716983867,73.182119582243,1.0,0.0,0.0,0.0,1.2256725000038,0.0,0.0,0.0,0.0,0.0,0.0,0.0,0.0,0.0,0.0,0.0,0.0,0.0,0.0,0.0,0.0,0.0,0.0,0.0,0.0,0.0,1.0,1.0,1.0,1.0,-1.0,-1.0,0.0,0.0,0.0,0.0,1.9142307628514,2.0,0.1265964205929,0.20439037350076,1.2779062085667,2.105439828643,0.0054547947898325,0.0063319674053937,0.0017780585285532,0.0025509820793163,,2.1153315262131,,0.26868572290662,,0.0,,0.0,,0.0,,0.0
1.75,1,0.85620959234143,0.93552021747656,200.48938339563,200.23785435115,-24.356697040867,73.289075048298,1.0,0.0,0.0,0.0,1.2356725000039,0.0,0.0,0.0,0.0,0.0,0.0,0.0,0.0,0.0,0.0,0.0,0.0,0.0,0.0,0.0,0.0,0.0,0.0,0.0,0.0,0.0,1.0,1.0,1.0,1.0,-1.0,-1.0,0.0,0.0,0.0,0.0,1.9139861211453,2.0,0.12085206840153,0.19796906865208,1.2789718760682,2.1073118773954,0.0054222567399628,0.0062911773580451,0.0018320145490581,0.0026105615135328,,2.1165978588639,,0.26884657027239,,0.0,,0.0,,0.0,,0.0
1.76,1,0.85609653954879,0.93557924179674,200.63356265834,200.32841919592,-24.546231556559,73.142808836115,1.0,0.0,0.0,0.0,1.2456725000039,0.0,0.0,0.0,0.0,0.0,0.0,0.0,0.0,0.0,0.0,0.0,0.0,0.0,0.0,0.0,0.0,0.0,0.0,0.0,0.0,0.0,1.0,1.0,1.0,1.0,-1.0,-1.0,0.0,0.0,0.0,0.0,1.9137470538988,2.0,0.12676860588171,0.20517094204474,1.2813344073587,2.1090858569776,0.005412966610755,0.0062658809781395,0.0018578162719915,0.0026393766063979,,2.11903643578,,0.26915631406122,,0.0,,0.0,,0.0,,0.0
1.77,1,0.85599247853508,0.93566341461902,200.78987594641,200.47604911368,-24.489124723714,73.349041513384,1.0,0.0,0.0,0.0,1.255672500004,0.0,0.0,0.0,0.0,0.0,0.0,0.0,0.0,0.0,0.0,0.0,0.0,0.0,0.0,0.0,0.0,0.0,0.0,0.0,0.0,0.0,1.0,1.0,1.0,1.0,-1.0,-1.0,0.0,0.0,0.0,0.0,1.9135544873051,2.0,0.12277315408153,0.19973417290743,1.2759628702638,2.1031758800643,0.0053465220644143,0.0061975627406792,0.0018959159846205,0.0026852871025163,,2.1126405480094,,0.26834391954624,,0.0,,0.0,,0.0,,0.0
1.78,1,0.85587121607876,0.93574760047341,201.04212957039,200.76240312468,-24.623688976665,73.225565990991,1.0,0.0,0.0,0.0,1.2656725000041,0.0,0.0,0.0,0.0,0.0,0.0,0.0,0.0,0.0,0.0,0.0,0.0,0.0,0.0,0.0,0.0,0.0,0.0,0.0,0.0,0.0,1.0,1.0,1.0,1.0,-1.0,-1.0,0.0,0.0,0.0,0.0,1.9133184597673,2.0,0.12315336116578,0.20113717944166,1.2818155335124,2.1101952746054,0.0053449112722498,0.0061787936694556,0.0019460438884318,0.0027390053916868,,2.1197622727559,,0.26924850860859,,0.0,,0.0,,0.0,,0.0
1.79,1,0.85577719761126,0.93582948187091,201.10081968513,200.74001955246,-24.684459750009,73.278410311318,1.0,0.0,0.0,0.0,1.2756725000041,0.0,0.0,0.0,0.0,0.0,0.0,0.0,0.0,0.0,0.0,0.0,0.0,0.0,0.0,0.0,0.0,0.0,0.0,0.0,0.0,0.0,1.0,1.0,1.0,1.0,-1.0,-1.0,0.0,0.0,0.0,0.0,1.9131299636787,2.0,0.12634858218295,0.20409329622872,1.2772929717919,2.1042670643591,0.0052922215868168,0.0061188737818808,0.0019684735588768,0.0027677801692974,,2.1141353312587,,0.26853378430878,,0.0,,0.0,,0.0,,0.0
1.8,1,0.85571264891792,0.93591111734431,201.34831115713,201.0364575295,-24.66447176942,73.367944924242,1.0,0.0,0.0,0.0,1.2856725000042,0.0,0.0,0.0,0.0,0.0,0.0,0.0,0.0,0.0,0.0,0.0,0.0,0.0,0.0,0.0,0.0,0.0,0.0,0.0,0.0,0.0,1.0,1.0,1.0,1.0,-1.0,-1.0,0.0,0.0,0.0,0.0,1.9129960480547,2.0,0.12063731129922,0.19772556704061,1.278361576556,2.1065143254381,0.0052530671262282,0.0060709167565892,0.0020266862326028,0.0028329200637207,,2.1157808051614,,0.26874278953542,,0.0,,0.0,,0.0,,0.0
1.81,1,0.85561323158903,0.93596031171047,201.46177728698,201.08905155538,-24.838838985416,73.217266382295,1.0,0.0,0.0,0.0,1.2956725000043,0.0,0.0,0.0,0.0,0.0,0.0,0.0,0.0,0.0,0.0,0.0,0.0,0.0,0.0,0.0,0.0,0.0,0.0,0.0,0.0,0.0,1.0,1.0,1.0,1.0,-1.0,-1.0,0.0,0.0,0.0,0.0,1.9128117045197,2.0,0.12649342307814,0.2048543550857,1.2807761770482,2.108547136057,0.0052386399407214,0.0060393792775311,0.0020588542104597,0.002868907971408,,2.1184695877698,,0.26908431401512,,0.0,,0.0,,0.0,,0.0
1.82,1,0.85550200469081,0.93600938462965,201.57911765447,201.19025956033,-24.772133052964,73.407504487984,1.0,0.0,0.0,0.0,1.3056725000043,0.0,0.0,0.0,0.0,0.0,0.0,0.0,0.0,0.0,0.0,0.0,0.0,0.0,0.0,0.0,0.0,0.0,0.0,0.0,0.0,0.0,1.0,1.0,1.0,1.0,-1.0,-1.0,0.0,0.0,0.0,0.0,1.9125858193171,2.0,0.12255443269398,0.19947941872437,1.2754729055343,2.1028175156296,0.0051668482480066,0.0059643142845348,0.0021004009303715,0.0029193720721873,,2.112259632513,,0.26829553632392,,0.0,,0.0,,0.0,,0.0
1.83,1,0.85541275862432,0.93602021432277,201.79989708221,201.43044960162,-24.887357224935,73.280898756037,1.0,0.0,0.0,0.0,1.3156725000044,0.0,0.0,0.0,0.0,0.0,0.0,0.0,0.0,0.0,0.0,0.0,0.0,0.0,0.0,0.0,0.0,0.0,0.0,0.0,0.0,0.0,1.0,1.0,1.0,1.0,-1.0,-1.0,0.0,0.0,0.0,0.0,1.9124179183391,2.0,0.12289287143492,0.20083360834157,1.2813116647394,2.1098421100711,0.0051578081893644,0.0059368865019505,0.0021561210756978,0.0029794995161021,,2.1193818934213,,0.2692001934886,,0.0,,0.0,,0.0,,0.0
1.84,1,0.85538387020497,0.9360735747451,201.82643518235,201.37540791187,-24.942978803376,73.321893680761,1.0,0.0,0.0,0.0,1.3256725000045,0.0,0.0,0.0,0.0,0.0,0.0,0.0,0.0,0.0,0.0,0.0,0.0,0.0,0.0,0.0,0.0,0.0,0.0,0.0,0.0,0.0,1.0,1.0,1.0,1.0,-1.0,-1.0,0.0,0.0,0.0,0.0,1.9123017831107,2.0,0.12608761296157,0.20377526886891,1.2768859878389,2.1040082570809,0.0051004369716831,0.0058704589934752,0.0021831490965481,0.0030136097379607,,2.1138470931569,,0.26849717280755,,0.0,,0.0,,0.0,,0.0
1.85,1,0.8552949215089,0.93610719251223,202.0379152832,201.63285103271,-24.91057235298,73.401657353704,1.0,0.0,0.0,0.0,1.3356725000045,0.0,0.0,0.0,0.0,0.0,0.0,0.0,0.0,0.0,0.0,0.0,0.0,0.0,0.0,0.0,0.0,0.0,0.0,0.0,0.0,0.0,1.0,1.0,1.0,1.0,-1.0,-1.0,0.0,0.0,0.0,0.0,1.9121890371047,2.0,0.12040570300503,0.19743938746493,1.2779446544847,2.1062006840986,0.0050533187413767,0.0058130575673051,0.0022447905283432,0.0030831616622508,,2.1154417485518,,0.26869972315594,,0.0,,0.0,,0.0,,0.0
1.86,1,0.85523190078385,0.93603663051279,202.12274117909,201.66058823043,-25.068474603834,73.246835147423,1.0,0.0,0.0,0.0,1.3456725000046,0.0,0.0,0.0,0.0,0.0,0.0,0.0,0.0,0.0,0.0,0.0,0.0,0.0,0.0,0.0,0.0,0.0,0.0,0.0,0.0,0.0,1.0,1.0,1.0,1.0,-1.0,-1.0,0.0,0.0,0.0,0.0,1.9120606988838,2.0,0.12619957988076,0.20448828382575,1.2804052915698,2.1082233586225,0.0050325185609158,0.0057733995740322,0.0022827357793372,0.0031254336916137,,2.1181120262361,,0.26903889717243,,0.0,,0.0,,0.0,,0.0
1.87,1,0.85520066928853,0.93605475848589,202.20559152741,201.7305793536,-24.997191320085,73.426871332871,1.0,0.0,0.0,0.0,1.3556725000046,0.0,0.0,0.0,0.0,0.0,0.0,0.0,0.0,0.0,0.0,0.0,0.0,0.0,0.0,0.0,0.0,0.0,0.0,0.0,0.0,0.0,1.0,1.0,1.0,1.0,-1.0,-1.0,0.0,0.0,0.0,0.0,1.9119927808918,2.0,0.12231659592043,0.19916929276598,1.2751580989518,2.1025069152669,0.0049541994686574,0.0056898987495698,0.0023267545858176,0.003179267540191,,2.1119211127509,,0.26825253813385,,0.0,,0.0,,0.0,,0.0
1.88,1,0.85522071869882,0.93610791219632,202.39100601063,201.93980283543,-25.102327174458,73.302728171454,1.0,0.0,0.0,0.0,1.3656725000047,0.0,0.0,0.0,0.0,0.0,0.0,0.0,0.0,0.0,0.0,0.0,0.0,0.0,0.0,0.0,0.0,0.0,0.0,0.0,0.0,0.0,1.0,1.0,1.0,1.0,-1.0,-1.0,0.0,0.0,0.0,0.0,1.911973853969,2.0,0.12260827727484,0.2004674117284,1.2809727191054,2.1094355254257,0.004936246769215,0.0056520021885279,0.0023872046506394,0.0032447638900443,,2.118942479966,,0.26914437995751,,0.0,,0.0,,0.0,,0.0
1.89,1,0.85513090704374,0.93612154021082,202.39121204146,201.85879375109,-25.148180508572,73.332721390358,1.0,0.0,0.0,0.0,1.3756725000048,0.0,0.0,0.0,0.0,0.0,0.0,0.0,0.0,0.0,0.0,0.0,0.0,0.0,0.0,0.0,0.0,0.0,0.0,0.0,0.0,0.0,1.0,1.0,1.0,1.0,-1.0,-1.0,0.0,0.0,0.0,0.0,1.9118592852805,2.0,0.12580401884972,0.20339562811274,1.2766364775551,2.1036342672625,0.004873042110158,0.005577592868787,0.0024179258222605,0.0032830818483289,,2.1134383346682,,0.2684452530169,,0.0,,0.0,,0.0,,0.0
1.9,1,0.85505681595778,0.93606884742305,202.56693692178,202.08522091357,-25.096822646942,73.409065749716,1.0,0.0,0.0,0.0,1.3856725000048,0.0,0.0,0.0,0.0,0.0,0.0,0.0,0.0,0.0,0.0,0.0,0.0,0.0,0.0,0.0,0.0,0.0,0.0,0.0,0.0,0.0,1.0,1.0,1.0,1.0,-1.0,-1.0,0.0,0.0,0.0,0.0,1.9116928559623,2.0,0.12014780268468,0.19709022213935,1.277676474029,2.105744854927,0.0048165214318975,0.0055090574981389,0.0024817753966035,0.0033556841915181,,2.114955283948,,0.26863793327,,0.0,,0.0,,0.0,,0.0
1.91,1,0.85502958542277,0.93608269556253,202.62083027497,202.09144058624,-25.246188395908,73.256525611825,1.0,0.0,0.0,0.0,1.3956725000049,0.0,0.0,0.0,0.0,0.0,0.0,0.0,0.0,0.0,0.0,0.0,0.0,0.0,0.0,0.0,0.0,0.0,0.0,0.0,0.0,0.0,1.0,1.0,1.0,1.0,-1.0,-1.0,0.0,0.0,0.0,0.0,1.9116442649559,2.0,0.12587726163499,0.20405426805559,1.280177492662,2.1077451429298,0.0047879543112325,0.005459686021223,0.0025245492145659,0.0034030712674179,,2.1175942788287,,0.26897313379931,,0.0,,0.0,,0.0,,0.0
1.92,1,0.85503048337884,0.93602838565207,202.66921451101,202.12907136764,-25.168553417036,73.428135831766,1.0,0.0,0.0,0.0,1.405672500005,0.0,0.0,0.0,0.0,0.0,0.0,0.0,0.0,0.0,0.0,0.0,0.0,0.0,0.0,0.0,0.0,0.0,0.0,0.0,0.0,0.0,1.0,1.0,1.0,1.0,-1.0,-1.0,0.0,0.0,0.0,0.0,1.9116227846249,2.0,0.12205057884987,0.19879248815116,1.2749778720179,2.1020210139833,0.0047018707782128,0.0053662354222346,0.0025696961042082,0.0034587117106999,,2.1114018432126,,0.26818658142232,,0.0,,0.0,,0.0,,0.0
1.93,1,0.85501639628181,0.93599257369496,202.8247837273,202.31667209665,-25.25335174647,73.304889109109,1.0,0.0,0.0,0.0,1.415672500005,0.0,0.0,0.0,0.0,0.0,0.0,0.0,0.0,0.0,0.0,0.0,0.0,0.0,0.0,0.0,0.0,0.0,0.0,0.0,0.0,0.0,1.0,1.0,1.0,1.0,-1.0,-1.0,0.0,0.0,0.0,0.0,1.9116227846249,2.0,0.12229126652687,0.20003266596569,1.2807639300022,2.1088578710341,0.0046734179660835,0.0053161101046717,0.0026335775896588,0.0035280824542419,,2.1183263368652,,0.26906611853495,,0.0,,0.0,,0.0,,0.0
1.94,1,0.85497537198329,0.93598282439211,202.79497512262,202.21251669022,-25.28916221327,73.33288503353,1.0,0.0,0.0,0.0,1.4256725000051,0.0,0.0,0.0,0.0,0.0,0.0,0.0,0.0,0.0,0.0,0.0,0.0,0.0,0.0,0.0,0.0,0.0,0.0,0.0,0.0,0.0,1.0,1.0,1.0,1.0,-1.0,-1.0,0.0,0.0,0.0,0.0,1.9115492396291,2.0,0.12548831065441,0.20295234525448,1.2765131157181,2.1031083127307,0.0046031503028029,0.0052322898996922,0.0026667219633882,0.0035690616147246,,2.1128722408731,,0.26837334876988,,0.0,,0.0,,0.0,,0.0
1.95,1,0.85493783630195,0.93593274673942,202.93331856899,202.41132470796,-25.231359248708,73.411713038926,1.0,0.0,0.0,0.0,1.4356725000052,0.0,0.0,0.0,0.0,0.0,0.0,0.0,0.0,0.0,0.0,0.0,0.0,0.0,0.0,0.0,0.0,0.0,0.0,0.0,0.0,0.0,1.0,1.0,1.0,1.0,-1.0,-1.0,0.0,0.0,0.0,0.0,1.9114796370398,2.0,0.11985440268945,0.19667402966648,1.2775233763667,2.105151457958,0.0045357503583739,0.0051509454816623,0.0027310867337734,0.0036428164089823,,2.1143256611332,,0.26855795967765,,0.0,,0.0,,0.0,,0.0
1.96,1,0.85492808653279,0.93589547465759,202.96167600206,202.39570414282,-25.3650389849,73.258050336022,1.0,0.0,0.0,0.0,1.4456725000052,0.0,0.0,0.0,0.0,0.0,0.0,0.0,0.0,0.0,0.0,0.0,0.0,0.0,0.0,0.0,0.0,0.0,0.0,0.0,0.0,0.0,1.0,1.0,1.0,1.0,-1.0,-1.0,0.0,0.0,0.0,0.0,1.9114296508029,2.0,0.12551787966475,0.20355811697141,1.2800621373712,2.1071560913843,0.0044979309000586,0.0050902321208037,0.0027773005431151,0.0036936450281698,,2.1169602738362,,0.26889260359039,,0.0,,0.0,,0.0,,0.0
1.97,1,0.85493576480674,0.93587033100728,202.97666219407,202.4064927144,-25.281453650133,73.429694626518,1.0,0.0,0.0,0.0,1.4556725000053,0.0,0.0,0.0,0.0,0.0,0.0,0.0,0.0,0.0,0.0,0.0,0.0,0.0,0.0,0.0,0.0,0.0,0.0,0.0,0.0,0.0,1.0,1.0,1.0,1.0,-1.0,-1.0,0.0,0.0,0.0,0.0,1.9114130719993,2.0,0.12174768068823,0.19835562444112,1.2749023731893,2.1014548081307,0.0044028661822093,0.0049853972689695,0.0028217902341815,0.0037490209457158,,2.1107970096113,,0.26810975651266,,0.0,,0.0,,0.0,,0.0
1.98,1,0.85489367925208,0.93579059215546,203.10081289795,202.57073420157,-25.34687868005,73.308990001826,1.0,0.0,0.0,0.0,1.4656725000054,0.0,0.0,0.0,0.0,0.0,0.0,0.0,0.0,0.0,0.0,0.0,0.0,0.0,0.0,0.0,0.0,0.0,0.0,0.0,0.0,0.0,1.0,1.0,1.0,1.0,-1.0,-1.0,0.0,0.0,0.0,0.0,1.9113516727321,2.0,0.12193246723773,0.1995339462075,1.2806535269926,2.1082197351424,0.0043622899059437,0.0049212649730537,0.0028872708026434,0.003820161020468,,2.1176440180076,,0.2689794515831,,0.0,,0.0,,0.0,,0.0
1.99,1,0.85484895393518,0.93581556820175,203.04566089486,202.44497837816,-25.37655909342,73.337272811281,1.0,0.0,0.0,0.0,1.4756725000054,0.0,0.0,0.0,0.0,0.0,0.0,0.0,0.0,0.0,0.0,0.0,0.0,0.0,0.0,0.0,0.0,0.0,0.0,0.0,0.0,0.0,1.0,1.0,1.0,1.0,-1.0,-1.0,0.0,0.0,0.0,0.0,1.9112952700075,2.0,0.1251321989905,0.20244729405673,1.2764838700963,2.1025360849141,0.0042837272881627,0.0048266001529953,0.0029211212652311,0.0038616908582913,,2.1122542324726,,0.2682948504202,,0.0,,0.0,,0.0,,0.0
2.0,1,0.85483755027705,0.93580194945922,203.14648071421,202.61604298029,-25.308685953245,73.418798050843,1.0,0.0,0.0,0.0,1.4856725000055,0.0,0.0,0.0,0.0,0.0,0.0,0.0,0.0,0.0,0.0,0.0,0.0,0.0,0.0,0.0,0.0,0.0,0.0,0.0,0.0,0.0,1.0,1.0,1.0,1.0,-1.0,-1.0,0.0,0.0,0.0,0.0,1.9112495476934,2.0,0.11951768924644,0.19619233164,1.2774571199039,2.1045132790365,0.0042040656377238,0.0047308290913655,0.0029837599635402,0.003934024528588,,2.1136454249574,,0.26847155726442,,0.0,,0.0,,0.0,,0.0
2.01,1,0.85480028955206,0.93571704120753,203.15499288974,202.58032092693,-25.425855295677,73.265316184176,1.0,0.0,0.0,0.0,1.4956725000056,0.0,0.0,0.0,0.0,0.0,0.0,0.0,0.0,0.0,0.0,0.0,0.0,0.0,0.0,0.0,0.0,0.0,0.0,0.0,0.0,0.0,1.0,1.0,1.0,1.0,-1.0,-1.0,0.0,0.0,0.0,0.0,1.9111652815171,2.0,0.12511376358284,0.20299445338617,1.2800325907291,2.106524370672,0.004155514105171,0.0046571329803902,0.0030314947080704,0.0039859520114818,,2.1162774161488,,0.26880586819733,,0.0,,0.0,,0.0,,0.0
2.02,1,0.85477024693338,0.93567353204332,203.13615485874,202.56875486999,-25.336476737645,73.435630024382,1.0,0.0,0.0,0.0,1.5056725000056,0.0,0.0,0.0,0.0,0.0,0.0,0.0,0.0,0.0,0.0,0.0,0.0,0.0,0.0,0.0,0.0,0.0,0.0,0.0,0.0,0.0,1.0,1.0,1.0,1.0,-1.0,-1.0,0.0,0.0,0.0,0.0,1.9111445466888,2.0,0.12139996962957,0.19785282144316,1.2749078841429,2.1008479766668,0.0040503979473787,0.00453959329081,0.0030730353136447,0.0040383202989352,,2.1101456096172,,0.26802701682096,,0.0,,0.0,,0.0,,0.0
2.03,1,0.85474711244077,0.93564964474437,203.23133158684,202.71021840832,-25.393294885411,73.324313245469,1.0,0.0,0.0,0.0,1.5156725000057,0.0,0.0,0.0,0.0,0.0,0.0,0.0,0.0,0.0,0.0,0.0,0.0,0.0,0.0,0.0,0.0,0.0,0.0,0.0,0.0,0.0,1.0,1.0,1.0,1.0,-1.0,-1.0,0.0,0.0,0.0,0.0,1.9110923190046,2.0,0.12152530164268,0.19896644728759,1.2806201637412,2.1075536829675,0.0039961853353815,0.0044597946083221,0.0031376595016342,0.0041083826819879,,2.1169275340514,,0.26888844504,,0.0,,0.0,,0.0,,0.0
2.04,1,0.8547148331183,0.93559895934783,203.15426146886,202.56543652733,-25.413456766611,73.348796928209,1.0,0.0,0.0,0.0,1.5256725000058,0.0,0.0,0.0,0.0,0.0,0.0,0.0,0.0,0.0,0.0,0.0,0.0,0.0,0.0,0.0,0.0,0.0,0.0,0.0,0.0,0.0,1.0,1.0,1.0,1.0,-1.0,-1.0,0.0,0.0,0.0,0.0,1.9109614187111,2.0,0.1247292334341,0.20187703589036,1.2765310244833,2.101945401371,0.0039082303359316,0.004353011385068,0.0031699859782071,0.0041477004472423,,2.1116117163605,,0.2682132391437,,0.0,,0.0,,0.0,,0.0
2.05,1,0.85475517459116,0.93559750662684,203.22589094863,202.71125560306,-25.333146656913,73.433195136719,1.0,0.0,0.0,0.0,1.5356725000058,0.0,0.0,0.0,0.0,0.0,0.0,0.0,0.0,0.0,0.0,0.0,0.0,0.0,0.0,0.0,0.0,0.0,0.0,0.0,0.0,0.0,1.0,1.0,1.0,1.0,-1.0,-1.0,0.0,0.0,0.0,0.0,1.9109614187111,2.0,0.11913199404218,0.19564423861646,1.2774651611326,2.1038703551368,0.0038151830250532,0.0042414821007731,0.0032280400164787,0.0042153051595642,,2.1129543878394,,0.26838378293434,,0.0,,0.0,,0.0,,0.0
2.06,1,0.85471121379327,0.93551803451996,203.20881771579,202.65990587755,-25.444778722428,73.286887169786,1.0,0.0,0.0,0.0,1.5456725000059,0.0,0.0,0.0,0.0,0.0,0.0,0.0,0.0,0.0,0.0,0.0,0.0,0.0,0.0,0.0,0.0,0.0,0.0,0.0,0.0,0.0,1.0,1.0,1.0,1.0,-1.0,-1.0,0.0,0.0,0.0,0.0,1.9109614187111,2.0,0.12465889436881,0.20236574381478,1.2800772805128,2.1059080533508,0.0037545757585542,0.0041533948770813,0.0032747635346843,0.0042652804750245,,2.1156037783596,,0.26872030389967,,0.0,,0.0,,0.0,,0.0
2.07,1,0.85471386419166,0.93549244106332,203.16677662432,202.62438031685,-25.349205883598,73.453692447241,1.0,0.0,0.0,0.0,1.555672500006,0.0,0.0,0.0,0.0,0.0,0.0,0.0,0.0,0.0,0.0,0.0,0.0,0.0,0.0,0.0,0.0,0.0,0.0,0.0,0.0,0.0,1.0,1.0,1.0,1.0,-1.0,-1.0,0.0,0.0,0.0,0.0,1.9109614187111,2.0,0.12100314500109,0.19728427545224,1.2749857437128,2.1002617513112,0.0036386514221084,0.0040221883476204,0.0033105045878635,0.0043112059444029,,2.1095086710811,,0.26794611399845,,0.0,,0.0,,0.0,,0.0
2.08,1,0.85471575421604,0.93547695935087,203.23941237687,202.74619477574,-25.386663817919,73.349990625573,1.0,0.0,0.0,0.0,1.565672500006,0.0,0.0,0.0,0.0,0.0,0.0,0.0,0.0,0.0,0.0,0.0,0.0,0.0,0.0,0.0,0.0,0.0,0.0,0.0,0.0,0.0,1.0,1.0,1.0,1.0,-1.0,-1.0,0.0,0.0,0.0,0.0,1.9109614187111,2.0,0.12106688417847,0.19833029514268,1.2806631843016,2.106907051749,0.0035696071358678,0.0039253923272512,0.0033711303027431,0.0043765217490524,,2.1162240538797,,0.26879909021493,,0.0,,0.0,,0.0,,0.0
2.09,1,0.85467183071784,0.93547858325424,203.13856177931,202.58542614542,-25.407293387747,73.373029060974,1.0,0.0,0.0,0.0,1.5756725000061,0.0,0.0,0.0,0.0,0.0,0.0,0.0,0.0,0.0,0.0,0.0,0.0,0.0,0.0,0.0,0.0,0.0,0.0,0.0,0.0,0.0,1.0,1.0,1.0,1.0,-1.0,-1.0,0.0,0.0,0.0,0.0,1.9109352180224,2.0,0.12427560840196,0.2012386057451,1.2766569081618,2.1013735664005,0.0034714648665311,0.0038055888286245,0.0033991378979532,0.0044101528866182,,2.1109815646198,,0.26813319836811,,0.0,,0.0,,0.0,,0.0
2.1,1,0.85469447568176,0.93546691165285,203.18313394581,202.70720476963,-25.320889827993,73.459801775365,1.0,0.0,0.0,0.0,1.5856725000062,0.0,0.0,0.0,0.0,0.0,0.0,0.0,0.0,0.0,0.0,0.0,0.0,0.0,0.0,0.0,0.0,0.0,0.0,0.0,0.0,0.0,1.0,1.0,1.0,1.0,-1.0,-1.0,0.0,0.0,0.0,0.0,1.9109352180224,2.0,0.11869460236865,0.19502535493242,1.2775501589433,2.1032402303237,0.0033643714920406,0.0036774692818745,0.003449091225725,0.0044689115452611,,2.1122696775141,,0.26829681222244,,0.0,,0.0,,0.0,,0.0
2.11,1,0.85466687846378,0.93541143222428,203.15242464479,202.64315231852,-25.41750847091,73.318802544973,1.0,0.0,0.0,0.0,1.5956725000062,0.0,0.0,0.0,0.0,0.0,0.0,0.0,0.0,0.0,0.0,0.0,0.0,0.0,0.0,0.0,0.0,0.0,0.0,0.0,0.0,0.0,1.0,1.0,1.0,1.0,-1.0,-1.0,0.0,0.0,0.0,0.0,1.9109352180224,2.0,0.12415241701043,0.20166551357733,1.2802027432057,2.1053025791048,0.0032907557108606,0.003574010447336,0.0034916028941672,0.0045130806804534,,2.1149342724972,,0.26863526443214,,0.0,,0.0,,0.0,,0.0
2.12,1,0.85465037119475,0.93539677535328,203.0883745392,202.58785058911,-25.314657805492,73.482958809733,1.0,0.0,0.0,0.0,1.6056725000063,0.0,0.0,0.0,0.0,0.0,0.0,0.0,0.0,0.0,0.0,0.0,0.0,0.0,0.0,0.0,0.0,0.0,0.0,0.0,0.0,0.0,1.0,1.0,1.0,1.0,-1.0,-1.0,0.0,0.0,0.0,0.0,1.9108737822374,2.0,0.12055495322526,0.1966448688411,1.2751445390764,2.0996788982464,0.003163799215284,0.0034287844445135,0.0035181255873282,0.0045484017181916,,2.1088685958626,,0.26786481276,,0.0,,0.0,,0.0,,0.0
2.13,1,0.85466529099132,0.93529116491558,203.13739815801,202.69188678366,-25.343657828696,73.385784561509,1.0,0.0,0.0,0.0,1.6156725000064,0.0,0.0,0.0,0.0,0.0,0.0,0.0,0.0,0.0,0.0,0.0,0.0,0.0,0.0,0.0,0.0,0.0,0.0,0.0,0.0,0.0,1.0,1.0,1.0,1.0,-1.0,-1.0,0.0,0.0,0.0,0.0,1.9108737822374,2.0,0.12055504867583,0.19762341935375,1.2807838052399,2.1062707781053,0.0030792646813468,0.0033143097788758,0.003570874021465,0.0046044816017511,,2.1155244363461,,0.26871022601542,,0.0,,0.0,,0.0,,0.0
2.14,1,0.85466118376765,0.93528398870177,203.02167033104,202.52159965006,-25.36086576149,73.405955314048,1.0,0.0,0.0,0.0,1.6256725000064,0.0,0.0,0.0,0.0,0.0,0.0,0.0,0.0,0.0,0.0,0.0,0.0,0.0,0.0,0.0,0.0,0.0,0.0,0.0,0.0,0.0,1.0,1.0,1.0,1.0,-1.0,-1.0,0.0,0.0,0.0,0.0,1.9108737822374,2.0,0.12376965595041,0.20053324125501,1.2768586518769,2.1008251808537,0.0029706681793788,0.0031812524933369,0.0035911783394389,0.0046282725952422,,2.110368561807,,0.26805533581945,,0.0,,0.0,,0.0,,0.0
2.15,1,0.85466387744484,0.93532372974248,203.04598359994,202.62100584568,-25.267016442473,73.503011407072,1.0,0.0,0.0,0.0,1.6356725000065,0.0,0.0,0.0,0.0,0.0,0.0,0.0,0.0,0.0,0.0,0.0,0.0,0.0,0.0,0.0,0.0,0.0,0.0,0.0,0.0,0.0,1.0,1.0,1.0,1.0,-1.0,-1.0,0.0,0.0,0.0,0.0,1.9108737822374,2.0,0.11820434467066,0.19433867695062,1.2777075944588,2.1026435115533,0.0028496120327525,0.0030365653802495,0.0036288702306829,0.0046733265547403,,2.1116121311029,,0.26821329182357,,0.0,,0.0,,0.0,,0.0
2.16,1,0.85468262053837,0.93528223354724,203.00021973671,202.54654370583,-25.35705345527,73.360863688312,1.0,0.0,0.0,0.0,1.6456725000065,0.0,0.0,0.0,0.0,0.0,0.0,0.0,0.0,0.0,0.0,0.0,0.0,0.0,0.0,0.0,0.0,0.0,0.0,0.0,0.0,0.0,1.0,1.0,1.0,1.0,-1.0,-1.0,0.0,0.0,0.0,0.0,1.9108737822374,2.0,0.12359279753311,0.20089908401232,1.2803985471863,2.1047363700737,0.0027626617905583,0.0029175223195444,0.0036632885247009,0.0047070848407408,,2.1142977502007,,0.26855441447966,,0.0,,0.0,,0.0,,0.0
2.17,1,0.8546846006182,0.93522481045301,202.91789122608,202.47340790867,-25.258733687735,73.522236615219,1.0,0.0,0.0,0.0,1.6556725000066,0.0,0.0,0.0,0.0,0.0,0.0,0.0,0.0,0.0,0.0,0.0,0.0,0.0,0.0,0.0,0.0,0.0,0.0,0.0,0.0,0.0,1.0,1.0,1.0,1.0,-1.0,-1.0,0.0,0.0,0.0,0.0,1.9108737822374,2.0,0.12005484038918,0.19594218558626,1.275369763466,2.0991450559918,0.0026252411548358,0.0027588724128243,0.0036766490817809,0.0047270214776795,,2.1082715905259,,0.26778898218287,,0.0,,0.0,,0.0,,0.0
2.18,1,0.85469953686259,0.93518244157633,202.95222706455,202.56769901777,-25.272397166356,73.436040750344,1.0,0.0,0.0,0.0,1.6656725000067,0.0,0.0,0.0,0.0,0.0,0.0,0.0,0.0,0.0,0.0,0.0,0.0,0.0,0.0,0.0,0.0,0.0,0.0,0.0,0.0,0.0,1.0,1.0,1.0,1.0,-1.0,-1.0,0.0,0.0,0.0,0.0,1.9108737822374,2.0,0.11999181405556,0.19685147831887,1.280971684778,2.1056899706801,0.0025254384497607,0.0026270184864452,0.0037169694108726,0.0047686099028074,,2.1148741980095,,0.26862763387543,,0.0,,0.0,,0.0,,0.0
2.19,1,0.85473497879017,0.93516404180416,202.82709928939,202.38282008588,-25.29129891221,73.452255209316,1.0,0.0,0.0,0.0,1.6756725000067,0.0,0.0,0.0,0.0,0.0,0.0,0.0,0.0,0.0,0.0,0.0,0.0,0.0,0.0,0.0,0.0,0.0,0.0,0.0,0.0,0.0,1.0,1.0,1.0,1.0,-1.0,-1.0,0.0,0.0,0.0,0.0,1.9108737822374,2.0,0.12321433515285,0.19976485081438,1.2771294873292,2.1003279640355,0.0024069341080483,0.0024814266736529,0.0037256771465993,0.0047777812429823,,2.1098007305915,,0.26798321088832,,0.0,,0.0,,0.0,,0.0
2.2,1,0.85477124002212,0.93515442439268,202.82974010311,202.46904295423,-25.192311191907,73.552188602967,1.0,0.0,0.0,0.0,1.6856725000068,0.0,0.0,0.0,0.0,0.0,0.0,0.0,0.0,0.0,0.0,0.0,0.0,0.0,0.0,0.0,0.0,0.0,0.0,0.0,0.0,0.0,1.0,1.0,1.0,1.0,-1.0,-1.0,0.0,0.0,0.0,0.0,1.9108737822374,2.0,0.11766557362081,0.19359011245412,1.2779355477794,2.102096575361,0.0022730627628775,0.0023213729614775,0.0037464357476802,0.0048036310177133,,2.1109986677029,,0.26813537077191,,0.0,,0.0,,0.0,,0.0
2.21,1,0.85485600385282,0.93509372682783,202.77932556107,202.38829126792,-25.274474909759,73.412967605533,1.0,0.0,0.0,0.0,1.6956725000069,0.0,0.0,0.0,0.0,0.0,0.0,0.0,0.0,0.0,0.0,0.0,0.0,0.0,0.0,0.0,0.0,0.0,0.0,0.0,0.0,0.0,1.0,1.0,1.0,1.0,-1.0,-1.0,0.0,0.0,0.0,0.0,1.9108737822374,2.0,0.12298613921069,0.20007431156562,1.2806666470354,2.1042309730168,0.0021734073327989,0.0021876493228743,0.0037683051357987,0.0048217378083007,,2.1137164818462,,0.26848058278657,,0.0,,0.0,,0.0,,0.0
2.22,1,0.85481682795187,0.93505166335838,202.68135936808,202.29990340489,-25.17402728637,73.576639523966,1.0,0.0,0.0,0.0,1.7056725000069,0.0,0.0,0.0,0.0,0.0,0.0,0.0,0.0,0.0,0.0,0.0,0.0,0.0,0.0,0.0,0.0,0.0,0.0,0.0,0.0,0.0,1.0,1.0,1.0,1.0,-1.0,-1.0,0.0,0.0,0.0,0.0,1.9108737822374,2.0,0.11950948948894,0.19518381707413,1.2756680235844,2.098678456308,0.0020271923769494,0.0020174371294718,0.0037642089915269,0.0048210471918188,,2.1077365905941,,0.26772102742418,,0.0,,0.0,,0.0,,0.0
2.23,1,0.85488956651355,0.93506568879367,202.70463539164,202.38367023681,-25.182066946729,73.494313346067,1.0,0.0,0.0,0.0,1.715672500007,0.0,0.0,0.0,0.0,0.0,0.0,0.0,0.0,0.0,0.0,0.0,0.0,0.0,0.0,0.0,0.0,0.0,0.0,0.0,0.0,0.0,1.0,1.0,1.0,1.0,-1.0,-1.0,0.0,0.0,0.0,0.0,1.9108737822374,2.0,0.11938430336474,0.19602530077802,1.2812295710779,2.1051785677265,0.0019135481568583,0.0018698606832329,0.0037870330726534,0.0048423050249813,,2.114288263044,,0.26855320943755,,0.0,,0.0,,0.0,,0.0
2.24,1,0.85489907682235,0.93500812681775,202.57178965903,202.19048389163,-25.198016171523,73.5083062992,1.0,0.0,0.0,0.0,1.7256725000071,0.0,0.0,0.0,0.0,0.0,0.0,0.0,0.0,0.0,0.0,0.0,0.0,0.0,0.0,0.0,0.0,0.0,0.0,0.0,0.0,0.0,1.0,1.0,1.0,1.0,-1.0,-1.0,0.0,0.0,0.0,0.0,1.9108737822374,2.0,0.12261681725179,0.19894692890365,1.2774675205373,2.0999032097564,0.0017867810601224,0.0017137752796399,0.0037799038506937,0.0048316836730491,,2.109300598778,,0.26791968501722,,0.0,,0.0,,0.0,,0.0
2.25,1,0.85492904684164,0.9350541859527,202.56164996891,202.26545646024,-25.096355908157,73.611882082477,1.0,0.0,0.0,0.0,1.7356725000071,0.0,0.0,0.0,0.0,0.0,0.0,0.0,0.0,0.0,0.0,0.0,0.0,0.0,0.0,0.0,0.0,0.0,0.0,0.0,0.0,0.0,1.0,1.0,1.0,1.0,-1.0,-1.0,0.0,0.0,0.0,0.0,1.9108737822374,2.0,0.1170867559366,0.1927936501931,1.2782257317414,2.1016236529029,0.001642620791387,0.0015411225104646,0.0037787725103295,0.0048324736190172,,2.1104547655487,,0.26806628526844,,0.0,,0.0,,0.0,,0.0
2.26,1,0.85493187050158,0.935061202402,202.50625585088,202.17764119063,-25.169374307681,73.476904068831,1.0,0.0,0.0,0.0,1.7456725000072,0.0,0.0,0.0,0.0,0.0,0.0,0.0,0.0,0.0,0.0,0.0,0.0,0.0,0.0,0.0,0.0,0.0,0.0,0.0,0.0,0.0,1.0,1.0,1.0,1.0,-1.0,-1.0,0.0,0.0,0.0,0.0,1.9108737822374,2.0,0.1223412399837,0.19920345414094,1.2809921332068,2.1037952897245,0.0015321671783439,0.0013950864215332,0.003783266023779,0.0048292791876152,,2.1132005559,,0.26841505077226,,0.0,,0.0,,0.0,,0.0
2.27,1,0.85498001341462,0.9350180663092,202.39658011851,202.07918256168,-25.073403350262,73.636830062662,1.0,0.0,0.0,0.0,1.7556725000073,0.0,0.0,0.0,0.0,0.0,0.0,0.0,0.0,0.0,0.0,0.0,0.0,0.0,0.0,0.0,0.0,0.0,0.0,0.0,0.0,0.0,1.0,1.0,1.0,1.0,-1.0,-1.0,0.0,0.0,0.0,0.0,1.9108737822374,2.0,0.11892864749548,0.19438107891828,1.2760164056859,2.0982660692543,0.0013801991162341,0.0012167708289404,0.003757335629468,0.0048025537298166,,2.1072517139382,,0.2676594392366,,0.0,,0.0,,0.0,,0.0
2.28,1,0.85503651587989,0.93500114886894,202.41198134386,202.15530002706,-25.073972104275,73.557661736615,1.0,0.0,0.0,0.0,1.7656725000073,0.0,0.0,0.0,0.0,0.0,0.0,0.0,0.0,0.0,0.0,0.0,0.0,0.0,0.0,0.0,0.0,0.0,0.0,0.0,0.0,0.0,1.0,1.0,1.0,1.0,-1.0,-1.0,0.0,0.0,0.0,0.0,1.9108737822374,2.0,0.11874419865823,0.19515867815806,1.2815320275563,2.1047154183936,0.001255700880612,0.0010568720607529,0.0037573936956637,0.0047973923603094,,2.1137469384467,,0.26848445133087,,0.0,,0.0,,0.0,,0.0
2.29,1,0.85508612448639,0.93500799946567,202.27561321141,201.95852477606,-25.093261956551,73.573819584188,1.0,0.0,0.0,0.0,1.7756725000074,0.0,0.0,0.0,0.0,0.0,0.0,0.0,0.0,0.0,0.0,0.0,0.0,0.0,0.0,0.0,0.0,0.0,0.0,0.0,0.0,0.0,1.0,1.0,1.0,1.0,-1.0,-1.0,0.0,0.0,0.0,0.0,1.9108737822374,2.0,0.12198965445208,0.19809230195136,1.2778442544548,2.09952189937,0.0011237064484288,0.0008939695310666,0.0037301479772018,0.0047617478008165,,2.1088405620897,,0.26786125195904,,0.0,,0.0,,0.0,,0.0
2.3,1,0.85511655476247,0.93502758981339,202.25586539294,202.02236479108,-24.984912502147,73.675220413792,1.0,0.0,0.0,0.0,1.7856725000075,0.0,0.0,0.0,0.0,0.0,0.0,0.0,0.0,0.0,0.0,0.0,0.0,0.0,0.0,0.0,0.0,0.0,0.0,0.0,0.0,0.0,1.0,1.0,1.0,1.0,-1.0,-1.0,0.0,0.0,0.0,0.0,1.9108737822374,2.0,0.11648202003819,0.19196340823303,1.2785494335251,2.1011809932578,0.00097346614274564,0.00071338571962602,0.0037022993033047,0.0047316785170243,,2.1099381914903,,0.26800067093206,,0.0,,0.0,,0.0,,0.0
2.31,1,0.85522587583643,0.93500119613626,202.19913939938,201.93183979409,-25.057345095304,73.544191811972,1.0,0.0,0.0,0.0,1.7956725000075,0.0,0.0,0.0,0.0,0.0,0.0,0.0,0.0,0.0,0.0,0.0,0.0,0.0,0.0,0.0,0.0,0.0,0.0,0.0,0.0,0.0,1.0,1.0,1.0,1.0,-1.0,-1.0,0.0,0.0,0.0,0.0,1.9108737822374,2.0,0.12167470952329,0.19830478024069,1.2813467635425,2.1033845397919,0.00085571493406615,0.00055922990710239,0.0036846009166221,0.0047015565417107,,2.1127071616988,,0.26835238070094,,0.0,,0.0,,0.0,,0.0
2.32,1,0.85532829316527,0.9349881302616,202.08143865585,201.82882606915,-24.965208245062,73.701604791783,1.0,0.0,0.0,0.0,1.8056725000076,0.0,0.0,0.0,0.0,0.0,0.0,0.0,0.0,0.0,0.0,0.0,0.0,0.0,0.0,0.0,0.0,0.0,0.0,0.0,0.0,0.0,1.0,1.0,1.0,1.0,-1.0,-1.0,0.0,0.0,0.0,0.0,1.9108737822374,2.0,0.11833058232746,0.19355680944938,1.2763917014379,2.0978784454891,0.00070265103382457,0.00037817548270104,0.0036328332168663,0.0046437549544723,,2.1067898028606,,0.26760076809675,,0.0,,0.0,,0.0,,0.0
2.33,1,0.85537030676353,0.93495886237655,202.09383909158,201.89784351265,-24.958999886468,73.626330092886,1.0,0.0,0.0,0.0,1.8156725000077,0.0,0.0,0.0,0.0,0.0,0.0,0.0,0.0,0.0,0.0,0.0,0.0,0.0,0.0,0.0,0.0,0.0,0.0,0.0,0.0,0.0,1.0,1.0,1.0,1.0,-1.0,-1.0,0.0,0.0,0.0,0.0,1.9108737822374,2.0,0.11809155409881,0.19427467264592,1.2818571758275,2.1042720489877,0.00057212362706464,0.00021142449440162,0.0036051410287854,0.0046063689696154,,2.1132240293244,,0.26841803232571,,0.0,,0.0,,0.0,,0.0
2.34,1,0.85541574454022,0.93489619849946,201.95734899817,201.70007770114,-24.978714104303,73.638488990147,1.0,0.0,0.0,0.0,1.8256725000077,0.0,0.0,0.0,0.0,0.0,0.0,0.0,0.0,0.0,0.0,0.0,0.0,0.0,0.0,0.0,0.0,0.0,0.0,0.0,0.0,0.0,1.0,1.0,1.0,1.0,-1.0,-1.0,0.0,0.0,0.0,0.0,1.9108737822374,2.0,0.12135469480441,0.19722845193344,1.2782394002313,2.0991581521306,0.00043953968761961,4.7276850937285e-05,0.0035539266245918,0.0045409440743565,,2.1083974643517,,0.26780497045679,,0.0,,0.0,,0.0,,0.0
2.35,1,0.85548065048368,0.93496001331778,201.92744895992,201.75811479193,-24.8721897032,73.745448705532,1.0,0.0,0.0,0.0,1.8356725000078,0.0,0.0,0.0,0.0,0.0,0.0,0.0,0.0,0.0,0.0,0.0,0.0,0.0,0.0,0.0,0.0,0.0,0.0,0.0,0.0,0.0,1.0,1.0,1.0,1.0,-1.0,-1.0,0.0,0.0,0.0,0.0,1.9108737822374,2.0,0.11587450358155,0.19113055635924,1.2788840699959,2.100763401776,0.00028928950028561,-0.00013441283783408,0.0034952244114734,0.0044749277203312,,2.1094466467718,,0.2679382357788,,0.0,,0.0,,0.0,,0.0
2.36,1,0.85550022985195,0.93498553397862,201.87270114531,201.66551485753,-24.941778263568,73.613812385587,1.0,0.0,0.0,0.0,1.8456725000079,0.0,0.0,0.0,0.0,0.0,0.0,0.0,0.0,0.0,0.0,0.0,0.0,0.0,0.0,0.0,0.0,0.0,0.0,0.0,0.0,0.0,1.0,1.0,1.0,1.0,-1.0,-1.0,0.0,0.0,0.0,0.0,1.9108737822374,2.0,0.12101042024258,0.19741041143337,1.2817040076073,2.1029996125671,0.00016953683691916,-0.00029043146935067,0.0034510568231448,0.0044128745063018,,2.1122402349334,,0.26829307247716,,0.0,,0.0,,0.0,,0.0
2.37,1,0.85558465194129,0.93504570016145,201.75238323224,201.55634082972,-24.852012061163,73.771219940871,1.0,0.0,0.0,0.0,1.8556725000079,0.0,0.0,0.0,0.0,0.0,0.0,0.0,0.0,0.0,0.0,0.0,0.0,0.0,0.0,0.0,0.0,0.0,0.0,0.0,0.0,0.0,1.0,1.0,1.0,1.0,-1.0,-1.0,0.0,0.0,0.0,0.0,1.9108737822374,2.0,0.11774060331093,0.19274319552939,1.2767611982205,2.0975117779102,2.1738428960607e-05,-0.0004668233531389,0.0033703887519442,0.0043199496953116,,2.1063500148513,,0.26754490699047,,0.0,,0.0,,0.0,,0.0
2.38,1,0.85564554995226,0.93496202326477,201.76095818966,201.62359021991,-24.841150341798,73.696397709127,1.0,0.0,0.0,0.0,1.865672500008,0.0,0.0,0.0,0.0,0.0,0.0,0.0,0.0,0.0,0.0,0.0,0.0,0.0,0.0,0.0,0.0,0.0,0.0,0.0,0.0,0.0,1.0,1.0,1.0,1.0,-1.0,-1.0,0.0,0.0,0.0,0.0,1.9108737822374,2.0,0.11745235554203,0.19340856604857,1.2821659930943,2.1038464649717,-0.00010801691815661,-0.00063270915048894,0.0033108873895931,0.0042455215625299,,2.1127208035549,,0.26835411346572,,0.0,,0.0,,0.0,,0.0
2.39,1,0.85576261771559,0.93493676700154,201.62633077846,201.42627746611,-24.860594726445,73.707927194733,1.0,0.0,0.0,0.0,1.8756725000081,0.0,0.0,0.0,0.0,0.0,0.0,0.0,0.0,0.0,0.0,0.0,0.0,0.0,0.0,0.0,0.0,0.0,0.0,0.0,0.0,0.0,1.0,1.0,1.0,1.0,-1.0,-1.0,0.0,0.0,0.0,0.0,1.9108737822374,2.0,0.12073938020089,0.19638966031222,1.2786086895901,2.0988067585498,-0.00023488247216207,-0.00079053320443488,0.0032328675161403,0.0041467051403707,,2.1079693273412,,0.26775058924006,,0.0,,0.0,,0.0,,0.0
2.4,1,0.85584993029464,0.93500686348363,201.59428875666,201.47794567443,-24.753705265231,73.816259987181,1.0,0.0,0.0,0.0,1.8856725000081,0.0,0.0,0.0,0.0,0.0,0.0,0.0,0.0,0.0,0.0,0.0,0.0,0.0,0.0,0.0,0.0,0.0,0.0,0.0,0.0,0.0,1.0,1.0,1.0,1.0,-1.0,-1.0,0.0,0.0,0.0,0.0,1.9108737822374,2.0,0.11529396174136,0.19032909291553,1.2791841182462,2.1003408144028,-0.00037719792736945,-0.00096430706672953,0.0031405809527031,0.0040410997981581,,2.1089532527548,,0.26787556573087,,0.0,,0.0,,0.0,,0.0
2.41,1,0.85589639582566,0.93499606390465,201.53989693009,201.38798381768,-24.820676217836,73.683784670139,1.0,0.0,0.0,0.0,1.8956725000082,0.0,0.0,0.0,0.0,0.0,0.0,0.0,0.0,0.0,0.0,0.0,0.0,0.0,0.0,0.0,0.0,0.0,0.0,0.0,0.0,0.0,1.0,1.0,1.0,1.0,-1.0,-1.0,0.0,0.0,0.0,0.0,1.9108737822374,2.0,0.12037927316662,0.19655704742986,1.2820179600163,2.1026013970048,-0.00049181525184957,-0.0011138050327162,0.0030668937313097,0.0039434775853782,,2.1117642337313,,0.26823261163426,,0.0,,0.0,,0.0,,0.0
2.42,1,0.85597163619386,0.9349686970225,201.41912388809,201.27671508008,-24.733754003293,73.836922009152,1.0,0.0,0.0,0.0,1.9056725000083,0.0,0.0,0.0,0.0,0.0,0.0,0.0,0.0,0.0,0.0,0.0,0.0,0.0,0.0,0.0,0.0,0.0,0.0,0.0,0.0,0.0,1.0,1.0,1.0,1.0,-1.0,-1.0,0.0,0.0,0.0,0.0,1.9108737822374,2.0,0.11719141593444,0.19198199129354,1.2770785682244,2.0971319031068,-0.00062638168900188,-0.0012761478794758,0.0029559096020081,0.0038131848921662,,2.1059021437782,,0.26748801918752,,0.0,,0.0,,0.0,,0.0
2.43,1,0.85254967423946,0.93500604158804,124.72690888182,201.34450124506,-15.352366491407,73.770435725291,1.0,0.0,0.0,0.0,1.9156725000083,0.0,1.0,0.0,1.0,0.0,1.0,0.0,1.0,0.0,1.0,0.0,1.0,0.0,1.0,0.0,1.0,0.0,1.0,0.0,1.0,0.0,0.0,1.0,0.0,1.0,2.42521,-1.0,0.0,0.0,0.0,0.0,1.9003875209017,2.0,0.11954062875956,0.1926038261894,1.2793158913301,2.1034109199812,-0.00075829000395269,-0.0014312467799822,0.0028509998460382,0.0036987553202414,,2.112213574924,,0.26828968616925,,0.0,,0.0,,0.0,,0.0
2.44,1,0.85796244549966,0.93502810935748,45.884218488057,201.14404392266,-5.6481554170285,73.776831350776,1.0,0.0,0.0,0.0,1.9256725000084,0.0,1.0,0.0,1.0,0.0,1.0,0.0,1.0,0.0,1.0,0.0,1.0,0.0,1.0,0.0,1.0,0.0,1.0,0.0,1.0,0.0,0.0,1.0,0.0,1.0,2.42521,-1.0,0.0,0.0,0.0,0.0,1.9003875209017,2.0,0.12049900167892,0.19562141283671,1.2794418168921,2.0984380373643,-0.00089202067401835,-0.0015733101486005,0.0027277524373682,0.0035648931750764,,2.1075307899963,,0.267694886991,,0.0,,0.0,,0.0,,0.0
2.45,1,0.8653275137343,0.93506360162912,16.879182834824,201.19413305214,-2.0780105217033,73.883885393281,1.0,0.0,0.0,0.0,1.9356725000084,0.0,1.0,0.0,1.0,0.0,1.0,0.0,1.0,0.0,1.0,0.0,1.0,0.0,1.0,0.0,1.0,0.0,1.0,0.0,1.0,0.0,0.0,1.0,0.0,1.0,2.42521,-1.0,0.0,0.0,0.0,0.0,1.9003875209017,2.0,0.11542979502126,0.18960884708831,1.2822575156585,2.0998978732831,-0.0010282344588875,-0.0017281582402748,0.0025884211263867,0.0034184519766719,,2.1084471663755,,0.26781128352122,,0.0,,0.0,,0.0,,0.0
2.46,1,0.8665734416104,0.9350508645126,6.2085568923149,201.10901627788,-0.7640023806714,73.751409893701,1.0,0.0,0.0,0.0,1.9456725000085,0.0,1.0,0.0,1.0,0.0,1.0,0.0,1.0,0.0,1.0,0.0,1.0,0.0,1.0,0.0,1.0,0.0,1.0,0.0,1.0,0.0,0.0,1.0,0.0,1.0,2.42521,-1.0,0.0,0.0,0.0,0.0,1.9003875209017,2.0,0.12043199389396,0.19579462550932,1.2867736865445,2.102179326679,-0.0011366379936655,-0.0018608315479123,0.0024738699341662,0.0032838830711764,,2.1112732404455,,0.26817024652303,,0.0,,0.0,,0.0,,0.0
2.47,1,0.86720804566513,0.93508175302283,2.2835959418987,200.99539037454,-0.27926711234232,73.905880015206,1.0,0.0,0.0,0.0,1.9556725000086,0.0,1.0,0.0,1.0,0.0,1.0,0.0,1.0,0.0,1.0,0.0,1.0,0.0,1.0,0.0,1.0,0.0,1.0,0.0,1.0,0.0,0.0,1.0,0.0,1.0,2.42521,-1.0,0.0,0.0,0.0,0.0,1.9003875209017,2.0,0.11736180082434,0.19131978966133,1.2831764301242,2.0967136101646,-0.0012524030602782,-0.0019981197585307,0.0023253685073975,0.0031166400571784,,2.1054252652297,,0.2674274469056,,0.0,,0.0,,0.0,,0.0
2.48,1,0.86770145839158,0.93507827166807,0.84174305009599,201.06309246279,-0.09970587896774,73.836325917612,1.0,0.0,0.0,0.0,1.9656725000086,0.0,1.0,0.0,1.0,0.0,1.0,0.0,1.0,0.0,1.0,0.0,1.0,0.0,1.0,0.0,1.0,0.0,1.0,0.0,1.0,0.0,0.0,1.0,0.0,1.0,2.42521,-1.0,0.0,0.0,0.0,0.0,1.9003875209017,2.0,0.11716200087914,0.19190802520113,1.2893290383846,2.1029200385975,-0.0013547723349993,-0.0021306779043204,0.0021900190062628,0.0029620383532007,,2.1116614233469,,0.26821955283847,,0.0,,0.0,,0.0,,0.0
2.49,1,0.86807194361534,0.93513529200509,0.31195702324177,200.86633560032,-0.034342643174941,73.842701160146,1.0,0.0,0.0,0.0,1.9756725000087,0.0,1.0,0.0,1.0,0.0,1.0,0.0,1.0,0.0,1.0,0.0,1.0,0.0,1.0,0.0,1.0,0.0,1.0,0.0,1.0,0.0,0.0,1.0,0.0,1.0,2.42521,-1.0,0.0,0.0,0.0,0.0,1.9003875209017,2.0,0.12043100677685,0.1949750023177,1.2864738184706,2.0980092088456,-0.0014464659180305,-0.0022461170293658,0.0020501930308477,0.0027943047195458,,2.1070439338749,,0.26763304737517,,0.0,,0.0,,0.0,,0.0
2.5,0,0.86832040204376,0.93512313978782,0.11594511493126,200.91603087083,-0.0096111886968218,73.947292973657,1.0,0.0,0.0,0.0,1.9856725000088,0.0,1.0,0.0,1.0,0.0,1.0,0.0,1.0,0.0,1.0,0.0,1.0,0.0,1.0,0.0,1.0,0.0,1.0,0.0,1.0,0.0,0.0,1.0,0.0,1.0,2.42521,-1.0,0.0,0.0,0.0,0.0,1.9003875209017,2.0,0.11517428497998,0.18902125752228,1.2875515494614,2.099391492975,-0.0015421584582258,-0.0023696252138819,0.0018849670972762,0.0026091017529311,,2.1078900084512,,0.26774051429294,,0.0,,0.0,,0.0,,0.0
2.51,0,0.85661623247985,0.92577297663159,0.055432270210479,177.15536908759,-0.0063508696612526,88.119448141857,1.0,0.0,0.0,0.0,1.9956725000088,0.0,1.0,0.0,1.0,0.0,1.0,0.0,1.0,0.0,1.0,0.0,1.0,0.0,1.0,0.0,1.0,0.0,1.0,0.0,1.0,0.0,0.0,1.0,0.0,1.0,2.42521,-1.0,0.0,0.0,0.0,0.0,1.9003875209017,2.0,-2.801680963665,-5.2831096296371,-0.38830507335503,-2.1677071871368,-3.1260409031544,-6.0621884816163,-2.3518672590338,-6.2307454019152,,8.6876301218518,,1.1034876333611,,1.0,,0.0,,0.0,,0.0
2.52,0,0.80259758448879,0.87308433096433,0.026458153272807,187.25004820556,0.0063625436186906,65.758043207561,1.0,1.0,0.0,0.0,2.0056725000087,0.0045674999999999,1.0,0.0,1.0,0.0,1.0,0.0,1.0,0.0,1.0,0.0,1.0,0.0,1.0,0.0,1.0,0.0,1.0,0.0,1.0,0.0,0.0,1.0,0.0,1.0,2.42521,-1.0,0.0,0.0,0.0,0.0,1.8086738263022,1.9471299354305,-4.9059873609798,-8.9747438301578,-3.31757082041,-9.0191531348341,-5.2425262373955,-9.7990299971917,-5.9950567549183,-15.233678666352,,18.109491544784,,2.3002360466364,,1.0,,0.0,,0.0,,0.0
2.53,0,0.77152047167812,0.83647139852406,-0.14209198530717,204.1925145652,0.096325515505455,63.459276991003,1.0,1.0,0.0,0.0,2.0156725000083,0.014567499999999,1.0,0.0,1.0,0.0,1.0,0.0,1.0,0.0,1.0,0.0,1.0,0.0,1.0,0.0,1.0,0.0,1.0,0.0,1.0,0.0,0.0,1.0,0.0,1.0,2.42521,-1.0,0.0,0.0,0.0,0.0,1.7476294975759,1.8752116752904,-6.1467722940983,-11.253067381476,-5.2010819298031,-13.484824525771,-6.5077793884292,-12.16476634546,-8.3294338907828,-21.072175309804,,24.328751879387,,3.0901956526083,,1.0,,0.0,,0.0,,0.0
2.54,0,0.76204689938027,0.82920902536159,-0.95040137525689,202.19103662884,0.33251213898927,64.544868919172,1.0,1.0,0.0,0.0,2.0256725000079,0.024567500000002,1.0,0.0,1.0,0.0,1.0,0.0,1.0,0.0,1.0,0.0,1.0,0.0,1.0,0.0,1.0,0.0,1.0,0.0,1.0,0.0,0.0,1.0,0.0,1.0,2.42521,-1.0,0.0,0.0,0.0,0.0,1.7290206948507,1.8609462994376,-6.8356493046704,-12.507549692946,-6.4591878161932,-16.593773370707,-7.1976855010048,-13.420604083048,-9.8748373511112,-25.102125805524,,28.462888432223,,3.6153064707134,,1.0,,0.0,,0.0,,0.0
2.55,0,0.75514464798584,0.8244659585328,-1.6893141099686,198.51547363917,0.13046090249409,67.115914896172,1.0,1.0,0.0,0.0,2.0356725000075,0.034567500000003,1.0,0.0,1.0,0.0,1.0,0.0,1.0,0.0,1.0,0.0,1.0,0.0,1.0,0.0,1.0,0.0,1.0,0.0,1.0,0.0,0.0,1.0,0.0,1.0,2.42521,-1.0,0.0,0.0,0.0,0.0,1.7155264532552,1.851697311564,-7.2719985348405,-13.366417509685,-7.3093392629309,-18.757251546826,-7.6414192165522,-14.31727402219,-10.919568649519,-27.912031928715,,31.368679127447,,3.9843949392994,,1.0,,0.0,,0.0,,0.0
2.56,0,0.75067248386851,0.81965686278515,-2.2169512480811,197.85306700328,-0.081668451718409,65.363848738902,1.0,1.0,0.0,0.0,2.0456725000071,0.044567499999999,1.0,0.0,1.0,0.0,1.0,0.0,1.0,0.0,1.0,0.0,1.0,0.0,1.0,0.0,1.0,0.0,1.0,0.0,1.0,0.0,0.0,1.0,0.0,1.0,2.42521,-1.0,0.0,0.0,0.0,0.0,1.7066780929558,1.8421831229509,-7.5411401360505,-13.855006246661,-7.8315915231954,-20.165542940326,-7.9181999908925,-14.8260973371,-11.556238298939,-29.7184709186,,33.210616473663,,4.2183546100574,,1.0,,0.0,,0.0,,0.0
2.57,0,0.74992519637675,0.81600242749372,-2.6674398526467,197.451015101,4.5169666359141,65.133876982799,1.0,1.0,0.0,0.0,2.0556725000068,0.054567499999995,1.0,0.0,1.0,0.0,1.0,0.0,1.0,0.0,1.0,0.0,1.0,0.0,1.0,0.0,1.0,0.0,1.0,0.0,1.0,0.0,0.0,1.0,0.0,1.0,2.42521,-1.0,0.0,0.0,0.0,0.0,1.7035038761253,1.8350047679152,-7.7414213272632,-14.197395052354,-8.1853361265861,-21.201032614315,-8.1147354206065,-15.164303076841,-11.983286786827,-31.03836083432,,34.54421539934,,4.3877460207997,,1.0,,0.0,,0.0,,0.0
2.58,0,0.75419613837892,0.81407844309395,1.0492538046352,198.71618175529,7.8091226546317,64.815720179878,1.0,1.0,0.0,0.0,2.0656725000064,0.064567499999994,1.0,0.0,1.0,0.0,1.0,0.0,1.0,0.0,1.0,0.0,1.0,0.0,1.0,0.0,1.0,0.0,1.0,0.0,1.0,0.0,0.0,1.0,0.0,1.0,2.42521,-1.0,0.0,0.0,0.0,0.0,1.7035038761253,1.8312255128448,-7.9801794621936,-14.543369381596,-8.3789684650221,-21.863127675638,-8.3588630790228,-15.531731900716,-12.223828005812,-31.883096175146,,35.464594121441,,4.5046509216302,,1.0,,0.0,,0.0,,0.0
2.59,0,0.75422003540609,0.81381744095098,7.1651812537567,198.61826960428,1.5215020392118,64.443816178528,1.0,1.0,0.0,0.0,2.075672500006,0.074567500000004,1.0,0.0,1.0,0.0,1.0,0.0,1.0,0.0,1.0,0.0,1.0,0.0,1.0,0.0,1.0,0.0,1.0,0.0,1.0,0.0,0.0,1.0,0.0,1.0,2.42521,-1.0,0.0,0.0,0.0,0.0,1.7035038761253,1.8305378975266,-8.2360753602099,-14.84874411293,-8.465118624682,-22.27314973122,-8.6136347053092,-15.833538401977,-12.321264157434,-32.391500922418,,36.054002985715,,4.5795166080829,,1.0,,0.0,,0.0,,0.0
2.6,0,0.75245288520768,0.81525583253783,4.3604302504815,199.28749940008,-4.8494022747039,64.834664321719,1.0,1.0,0.0,0.0,2.0856725000056,0.084567500000014,1.0,0.0,1.0,0.0,1.0,0.0,1.0,0.0,1.0,0.0,1.0,0.0,1.0,0.0,1.0,0.0,1.0,0.0,1.0,0.0,0.0,1.0,0.0,1.0,2.42521,-1.0,0.0,0.0,0.0,0.0,1.7035038761253,1.8305378975266,-8.5553591925154,-15.247636875249,-8.5096872399861,-22.558461922155,-8.928672502996,-16.230586928329,-12.368692580125,-32.744798115812,,36.5464343029,,4.6420643755605,,1.0,,0.0,,0.0,,0.0
2.61,0,0.75992957575852,0.81835719141161,3.7413453583855,199.73577580524,-6.0265251520896,64.564346404611,1.0,1.0,0.0,0.0,2.0956725000052,0.094567500000024,1.0,0.0,1.0,0.0,1.0,0.0,1.0,0.0,1.0,0.0,1.0,0.0,1.0,0.0,1.0,0.0,1.0,0.0,1.0,0.0,0.0,1.0,0.0,1.0,2.42521,-1.0,0.0,0.0,0.0,0.0,1.7035038761253,1.8305378975266,-8.9713153257807,-15.744956417251,-8.459630076841,-22.650467243758,-9.3488092735856,-16.736544264622,-12.302579076143,-32.850420986435,,36.867980796308,,4.6829066506172,,1.0,,0.0,,0.0,,0.0
2.62,0,0.77317403137993,0.82331373691363,1.4783978454901,200.19898871126,-2.1203685991872,65.101678866724,1.0,1.0,0.0,0.0,2.1056725000049,0.10456750000003,1.0,0.0,1.0,0.0,1.0,0.0,1.0,0.0,1.0,0.0,1.0,0.0,1.0,0.0,1.0,0.0,1.0,0.0,1.0,0.0,0.0,1.0,0.0,1.0,2.42521,-1.0,0.0,0.0,0.0,0.0,1.7035038761253,1.8305378975266,-9.4552196289979,-16.310921496675,-8.3798806240462,-22.675206827906,-9.8244038048734,-17.287750835598,-12.191248658249,-32.855488712504,,37.126037074621,,4.7156845092316,,1.0,,0.0,,0.0,,0.0
2.63,0,0.7880698979101,0.83029488914653,0.54469254119423,201.11319067833,-0.7803866532776,65.329290822058,1.0,1.0,0.0,0.0,2.1156725000045,0.11456750000004,1.0,0.0,1.0,0.0,1.0,0.0,1.0,0.0,1.0,0.0,1.0,0.0,1.0,0.0,1.0,0.0,1.0,0.0,1.0,0.0,0.0,1.0,0.0,1.0,2.42521,-1.0,0.0,0.0,0.0,0.0,1.7035038761253,1.8305378975266,-10.073349012279,-17.048865185284,-8.2725849346259,-22.622353758126,-10.441431640205,-18.026948278392,-12.045228622352,-32.765095026757,,37.396700160912,,4.7500636626188,,1.0,,0.0,,0.0,,0.0
2.64,0,0.80556968268197,0.83949436573542,0.20009597784897,201.65615193765,-0.28734404389493,65.854304559012,1.0,1.0,0.0,0.0,2.1256725000041,0.12456750000005,1.0,0.0,1.0,0.0,1.0,0.0,1.0,0.0,1.0,0.0,1.0,0.0,1.0,0.0,1.0,0.0,1.0,0.0,1.0,0.0,0.0,1.0,0.0,1.0,2.42521,-1.0,0.0,0.0,0.0,0.0,1.7035038761253,1.8305378975266,-10.76062863649,-17.872481167084,-8.1176847380706,-22.464086568071,-11.124169039754,-18.842232242422,-11.82208229044,-32.51833754111,,37.58273511661,,4.773693498386,,1.0,,0.0,,0.0,,0.0
2.65,0,0.82708626328466,0.85115892863891,0.073316543216148,202.69450714198,-0.10546962726185,66.648506416825,1.0,1.0,0.0,0.0,2.1356725000037,0.13456750000006,1.0,0.0,1.0,0.0,1.0,0.0,1.0,0.0,1.0,0.0,1.0,0.0,1.0,0.0,1.0,0.0,1.0,0.0,1.0,0.0,0.0,1.0,0.0,1.0,2.42521,-1.0,0.0,0.0,0.0,0.0,1.7035038761253,1.8305378975266,-11.55001762883,-18.827135874679,-8.0014091523613,-22.31923248789,-11.901842053122,-19.778099326028,-11.625015242267,-32.268940077026,,37.847738917905,,4.8073538192584,,1.0,,0.0,,0.0,,0.0
2.66,0,0.852621777851,0.86536152140358,0.026953248936693,203.59090562053,-0.038942393492637,67.292857027628,1.0,1.0,0.0,0.0,2.1456725000034,0.14456750000007,1.0,0.0,1.0,0.0,1.0,0.0,1.0,0.0,1.0,0.0,1.0,0.0,1.0,0.0,1.0,0.0,1.0,0.0,1.0,0.0,0.0,1.0,0.0,1.0,2.42521,-1.0,0.0,0.0,0.0,0.0,1.7035038761253,1.8305378975266,-12.426086386725,-19.923067569802,-7.8397775277643,-22.074819203495,-12.774394298577,-20.869810933758,-11.353203856497,-31.874283887888,,38.098627930014,,4.8392213042141,,1.0,,0.0,,0.0,,0.0
2.67,0,0.8827555112496,0.88249410386869,0.0094049579526711,204.5832340757,-0.014333880098321,68.43291368474,1.0,1.0,0.0,0.0,2.155672500003,0.15456750000008,1.0,0.0,1.0,0.0,1.0,0.0,1.0,0.0,1.0,0.0,1.0,0.0,1.0,0.0,1.0,0.0,1.0,0.0,1.0,0.0,0.0,1.0,0.0,1.0,2.42521,-1.0,0.0,0.0,0.0,0.0,1.7035038761253,1.8305378975266,-13.311939702962,-21.058879047867,-7.7419825868523,-21.842361352194,-13.641974961388,-21.975159551492,-11.111112791501,-31.442495717916,,38.360516972852,,4.8724859938972,,1.0,,0.0,,0.0,,0.0
2.68,0,0.91640282506174,0.9025469708585,0.0034139297596424,205.81035052253,-0.0050956415177549,69.511928479161,0.0,0.0,0.0,0.0,2.1609400000028,0.0,0.0,0.0,0.0,0.0,1.0,0.0,1.0,0.0,1.0,0.0,1.0,0.0,1.0,0.0,1.0,0.0,1.0,0.0,1.0,0.0,0.0,1.0,0.0,1.0,2.42521,-1.0,0.0,0.0,0.0,0.0,1.7035038761253,2.0,-14.257002355106,-22.331329616453,-7.6730832977756,-21.59834701287,-14.575031817579,-23.229240148301,-10.870368968133,-30.96395771867,,38.708543666451,,4.9166917378203,,1.0,,0.0,,0.0,,0.0
2.69,0,0.95279116351717,0.92563166395143,0.00090140342706297,206.7438670499,-0.0021566913939273,71.060139006445,0.0,0.0,0.0,0.0,2.1609400000028,0.0,0.0,0.0,0.0,0.0,1.0,0.0,1.0,0.0,1.0,0.0,1.0,0.0,1.0,0.0,1.0,0.0,1.0,0.0,1.0,0.0,0.0,1.0,0.0,1.0,2.42521,-1.0,0.0,0.0,0.0,0.0,1.7035038761253,2.0,-15.089351165701,-23.573925929541,-7.6536175484525,-21.313766983998,-15.387459050182,-24.440651942744,-10.627033414898,-30.364771854678,,38.978854757879,,4.9510261814336,,1.0,,0.0,,0.0,,0.0
2.7,0,0.99135101469048,0.95079094160189,-8.7209047969276e-05,207.73328705438,-0.00051589901383858,72.605795578206,0.0,0.0,0.0,0.0,2.1609400000028,0.0,0.0,0.0,0.0,0.0,1.0,0.0,1.0,0.0,1.0,0.0,1.0,0.0,1.0,0.0,1.0,0.0,1.0,0.0,1.0,0.0,0.0,1.0,0.0,1.0,2.42521,-1.0,0.0,0.0,0.0,0.0,1.7035038761253,2.0,-15.835738188307,-24.817426736919,-7.7800821582072,-21.124521468981,-16.108620105503,-25.640833069588,-10.496903710812,-29.812499807382,,39.322123503908,,4.9946275791507,,1.0,,0.0,,0.0,,0.0
2.71,0,1.0313115392087,0.97762496838093,-0.00010523505550643,208.53176224331,-0.00036752911325411,73.505530547957,0.0,0.0,0.0,0.0,2.1609400000028,0.0,0.0,0.0,0.0,0.0,1.0,0.0,1.0,0.0,1.0,0.0,1.0,0.0,1.0,0.0,1.0,0.0,1.0,0.0,1.0,0.0,0.0,1.0,0.0,1.0,2.42521,-1.0,0.0,0.0,0.0,0.0,1.7035038761253,2.0,-16.343869353317,-25.972338497921,-7.9477740625011,-20.88878815296,-16.594776031515,-26.760674075874,-10.358140454692,-29.12897347701,,39.555259603911,,5.0242401201584,,1.0,,0.0,,0.0,,0.0
2.72,0,1.0714317995279,1.0045815808563,-0.0007332005236168,208.32345980492,-0.0001458659617226,71.545488448031,0.0,0.0,0.0,0.0,2.1609400000028,0.0,0.0,0.0,0.0,0.0,1.0,0.0,1.0,0.0,1.0,0.0,1.0,0.0,1.0,0.0,1.0,0.0,1.0,0.0,1.0,0.0,0.0,1.0,0.0,1.0,2.42521,-1.0,0.0,0.0,0.0,0.0,1.7035038761253,2.0,-16.505714570401,-26.880294115916,-8.3373139522422,-20.795447400915,-16.722585481185,-27.606108894002,-10.40607209264,-28.510181555137,,39.685374327907,,5.0407670655778,,1.0,,0.0,,0.0,,0.0
2.73,0,1.1093060932046,1.0308901307879,-0.00038380841530601,208.65980774511,0.00014539879555987,68.141927527185,0.0,0.0,0.0,0.0,2.1609400000028,0.0,0.0,0.0,0.0,0.0,1.0,0.0,1.0,0.0,1.0,0.0,1.0,0.0,1.0,0.0,1.0,0.0,1.0,0.0,1.0,0.0,0.0,1.0,0.0,1.0,2.42521,-1.0,0.0,0.0,0.0,0.0,1.7035038761253,2.0,-16.298278233567,-27.577666350585,-8.8118313176816,-20.749328278892,-16.489638493629,-28.253565946216,-10.514292425968,-27.871237761424,,39.687193186066,,5.0409980937705,,1.0,,0.0,,0.0,,0.0
2.74,0,1.1430933489498,1.0578736423641,-0.00067836023908407,208.80847152996,-0.00026992153233898,64.424599340084,0.0,0.0,0.0,0.0,2.1609400000028,0.0,0.0,0.0,0.0,0.0,1.0,0.0,1.0,0.0,1.0,0.0,1.0,0.0,1.0,0.0,1.0,0.0,1.0,0.0,1.0,0.0,0.0,1.0,0.0,1.0,2.42521,-1.0,0.0,0.0,0.0,0.0,1.7035038761253,2.0,-15.486688908012,-27.775243151535,-9.4734548715699,-20.807684316933,-15.644865068581,-28.382592817803,-10.795258092151,-27.251636762781,,39.347689581788,,4.9978749377949,,1.0,,0.0,,0.0,,0.0
2.75,0,1.1698444349482,1.0838382030269,-0.00074794265207195,208.7187509648,0.00025649481979543,60.049776349797,0.0,0.0,0.0,0.0,2.1609400000028,0.0,0.0,0.0,0.0,0.0,1.0,0.0,1.0,0.0,1.0,0.0,1.0,0.0,1.0,0.0,1.0,0.0,1.0,0.0,1.0,0.0,0.0,1.0,0.0,1.0,2.42521,-1.0,0.0,0.0,0.0,0.0,1.7035038761253,2.0,-14.197657440689,-27.544464584092,-10.281282697858,-21.055492987756,-14.331604296982,-28.085475415584,-11.243882939671,-26.784991747482,,38.810583645646,,4.9296526780964,,1.0,,0.0,,0.0,,0.0
2.76,0,1.1870591344242,1.1075180807408,-0.00045050115600635,208.14252929784,-0.00016190809914383,54.699238292728,0.0,0.0,0.0,0.0,2.1609400000028,0.0,0.0,0.0,0.0,0.0,1.0,0.0,1.0,0.0,1.0,0.0,1.0,0.0,1.0,0.0,1.0,0.0,1.0,0.0,1.0,0.0,0.0,1.0,0.0,1.0,2.42521,-1.0,0.0,0.0,0.0,0.0,1.7035038761253,2.0,-12.251625428881,-26.652910856568,-11.132232594025,-21.353344420833,-12.363437992893,-27.130233139128,-11.77064170677,-26.321803489856,,37.801147490447,,4.8014358573632,,1.0,,0.0,,0.0,,0.0
2.77,0,1.1930805203433,1.1277826893388,-0.00095034267043354,207.15691555824,2.1000510551377e-05,49.7770811468,0.0,0.0,0.0,0.0,2.1609400000028,0.0,0.0,0.0,0.0,0.0,1.0,0.0,1.0,0.0,1.0,0.0,1.0,0.0,1.0,0.0,1.0,0.0,1.0,0.0,1.0,0.0,0.0,1.0,0.0,1.0,2.42521,-1.0,0.0,0.0,0.0,0.0,1.7035038761253,2.0,-9.8456765386926,-25.080713136506,-12.11489867197,-21.919779647982,-9.9446121634791,-25.489120111916,-12.506974231119,-26.139888492535,,36.510925206888,,4.6375540720864,,1.0,,0.0,,0.0,,0.0
2.78,0,1.1865861329021,1.1448546672731,-0.0004349831406075,207.44919669193,0.00012108475534722,51.119138295419,0.0,0.0,0.0,0.0,2.1609400000028,0.0,0.0,0.0,0.0,0.0,1.0,0.0,1.0,0.0,1.0,0.0,1.0,0.0,1.0,0.0,1.0,0.0,1.0,0.0,1.0,0.0,0.0,1.0,0.0,1.0,2.42521,-1.0,0.0,0.0,0.0,0.0,1.7035038761253,2.0,-7.0551946995777,-22.857887364896,-12.967814886248,-22.522453840099,-7.1507844857453,-23.21753636654,-13.202397309977,-26.028677519931,,34.879829012619,,4.4303750768998,,1.0,,0.0,,0.0,,0.0
2.79,0,1.1670721369226,1.1564267299267,-0.00078963166735572,205.70817678141,-0.00023470019447078,53.067277523543,0.0,0.0,0.0,0.0,2.1609400000028,0.0,0.0,0.0,0.0,0.0,1.0,0.0,1.0,0.0,1.0,0.0,1.0,0.0,1.0,0.0,1.0,0.0,1.0,0.0,1.0,0.0,0.0,1.0,0.0,1.0,2.42521,-1.0,0.0,0.0,0.0,0.0,1.7035038761253,2.0,-4.0369804837127,-19.862243490872,-13.820738695676,-23.326201530497,-4.1373296095028,-20.171522571821,-14.015824810344,-26.20221362926,,33.068254986582,,4.2002721021401,,1.0,,0.0,,0.0,,0.0
2.8,0,1.1355872095049,1.1598380663772,-0.00064399282660389,203.46577184491,0.00024916475842647,54.098287424974,0.0,0.0,0.0,0.0,2.1609400000028,0.0,0.0,0.0,0.0,0.0,1.0,0.0,1.0,0.0,1.0,0.0,1.0,0.0,1.0,0.0,1.0,0.0,1.0,0.0,1.0,0.0,0.0,1.0,0.0,1.0,2.42521,-1.0,0.0,0.0,0.0,0.0,1.7035038761253,2.0,-1.1188522164934,-16.401783709189,-14.441555895164,-24.200819005652,-1.2367528989377,-16.689254822914,-14.708718844783,-26.577011042617,,31.38338206325,,3.9862624805742,,1.0,,0.0,,0.0,,0.0
2.81,0,1.0938578266229,1.1555781910825,-0.0004465136187084,201.15726505226,-0.00019437833615779,55.239085134636,0.0,0.0,0.0,0.0,2.1609400000028,0.0,0.0,0.0,0.0,0.0,1.0,0.0,1.0,0.0,1.0,0.0,1.0,0.0,1.0,0.0,1.0,0.0,1.0,0.0,1.0,0.0,0.0,1.0,0.0,1.0,2.42521,-1.0,0.0,0.0,0.0,0.0,1.7035038761253,2.0,1.6469650361464,-12.396295124703,-14.888094933102,-25.091981415413,1.5096281364731,-12.667958824968,-15.341927464985,-27.123807122485,,29.936817838558,,3.8025224144777,,1.0,,0.0,,0.0,,0.0
2.82,0,1.0438770000855,1.1434708964387,-0.00075236355820667,198.74282605431,8.2050900716537e-05,56.948932793704,0.0,0.0,0.0,0.0,2.1609400000028,0.0,0.0,0.0,0.0,0.0,1.0,0.0,1.0,0.0,1.0,0.0,1.0,0.0,1.0,0.0,1.0,0.0,1.0,0.0,1.0,0.0,0.0,1.0,0.0,1.0,2.42521,-1.0,0.0,0.0,0.0,0.0,1.7035038761253,2.0,3.8970537249788,-8.2514929338265,-15.106836266585,-26.059631919454,3.7268581218404,-8.5355614221972,-15.838076617636,-27.945227919799,,29.219916354341,,3.7114628376915,,1.0,,0.0,,0.0,,0.0
2.83,0,0.98905541130647,1.1240156676426,-0.00027354943454415,196.44518785304,5.9929345787313e-05,58.583719295502,0.0,0.0,0.0,0.0,2.1609400000028,0.0,0.0,0.0,0.0,0.0,1.0,0.0,1.0,0.0,1.0,0.0,1.0,0.0,1.0,0.0,1.0,0.0,1.0,0.0,1.0,0.0,0.0,1.0,0.0,1.0,2.42521,-1.0,0.0,0.0,0.0,0.0,1.7035038761253,2.0,5.6609789206031,-4.0689020541729,-15.050972165227,-26.860773760085,5.4646296989056,-4.3761228329903,-16.126952284199,-28.786815097459,,29.117358000447,,3.6984360543648,,1.0,,0.0,,0.0,,0.0
2.84,0,0.93211237977075,1.0980536326012,-0.00055421961228245,194.02995133837,-0.00015118607173945,60.375032326713,0.0,0.0,0.0,0.0,2.1609400000028,0.0,0.0,0.0,0.0,0.0,1.0,0.0,1.0,0.0,1.0,0.0,1.0,0.0,1.0,0.0,1.0,0.0,1.0,0.0,1.0,0.0,0.0,1.0,0.0,1.0,2.42521,-1.0,0.0,0.0,0.0,0.0,1.7035038761253,2.0,6.7560979556496,-0.10593361392288,-14.834135800692,-27.670534281266,6.522840779386,-0.45475900763597,-16.300323239211,-29.844014385234,,29.847027478884,,3.7911173995191,,1.0,,0.0,,0.0,,0.0
2.85,0,0.87586401525874,1.0669067445494,-0.00036500277579073,192.06821018202,0.00018717708342488,62.193866636378,1.0,0.0,0.0,0.0,2.1652325000026,0.0,1.0,0.0,1.0,0.0,1.0,0.0,1.0,0.0,1.0,0.0,1.0,0.0,1.0,0.0,1.0,0.0,1.0,0.0,1.0,0.0,0.0,1.0,0.0,1.0,2.42521,-1.0,0.0,0.0,0.0,0.0,1.7035038761253,2.0,7.2223477554319,3.3648951140358,-14.363889022621,-28.240333375059,6.961866122157,2.9604054761388,-16.225510865813,-30.82078133588,,30.96192985729,,3.9327303560699,,1.0,,0.0,,0.0,,0.0
2.86,0,0.82221537322966,1.0321529789621,-0.00023427785094945,190.30579406008,-0.0001484181273626,63.607676447183,1.0,0.0,0.0,0.0,2.1752325000022,0.0,1.0,0.0,1.0,0.0,1.0,0.0,1.0,0.0,1.0,0.0,1.0,0.0,1.0,0.0,1.0,0.0,1.0,0.0,1.0,0.0,0.0,1.0,0.0,1.0,2.42521,-1.0,0.0,0.0,0.0,0.0,1.7035038761253,2.0,7.0939096512782,6.3365658675092,-13.801302569648,-28.699091960237,6.8040441976173,5.8760473359984,-16.059116036642,-31.840095665799,,32.377112144046,,4.1124843431162,,1.0,,0.0,,0.0,,0.0
2.87,0,0.77417737210621,0.99520107964945,-0.00045604853173294,188.82177184384,4.5589411636614e-05,64.827634355352,1.0,0.0,0.0,0.0,2.1852325000019,0.0,1.0,0.0,1.0,0.0,1.0,0.0,1.0,0.0,1.0,0.0,1.0,0.0,1.0,0.0,1.0,0.0,1.0,0.0,1.0,0.0,0.0,1.0,0.0,1.0,2.42521,-1.0,0.0,0.0,0.0,0.0,1.7035038761253,2.0,6.3870228341586,8.5186297985485,-13.085824588795,-28.961931234662,6.0711866359147,7.9840627394082,-15.69879113152,-32.76023692132,,33.718424825888,,4.2828555417197,,1.0,,0.0,,0.0,,0.0
2.88,0,0.73556620846555,0.95750779944716,-0.00012419988006547,187.63268303183,5.5132883097812e-05,64.332549142608,1.0,0.0,0.0,0.0,2.1952325000015,0.0,1.0,0.0,1.0,0.0,1.0,0.0,1.0,0.0,1.0,0.0,1.0,0.0,1.0,0.0,1.0,0.0,1.0,0.0,1.0,0.0,0.0,1.0,0.0,1.0,2.42521,-1.0,0.0,0.0,0.0,0.0,1.67700505199,2.0,5.255270091171,10.053891076177,-12.327480261527,-29.016158679369,4.923458727084,9.4618274893109,-15.261490479053,-33.536143847943,,34.844907328653,,4.4259393854796,,1.0,,0.0,,0.0,,0.0
2.89,0,0.70792234754217,0.92077918389985,-0.00032596843812056,187.20364725846,-0.00013634395410741,65.027103995222,1.0,0.0,0.0,0.0,2.2052325000011,0.0,1.0,0.0,1.0,0.0,1.0,0.0,1.0,0.0,1.0,0.0,1.0,0.0,1.0,0.0,1.0,0.0,1.0,0.0,1.0,0.0,0.0,1.0,0.0,1.0,2.42521,-1.0,0.0,0.0,0.0,0.0,1.6227046108984,2.0,3.7019051133367,10.801496297225,-11.519482262088,-28.961201126318,3.3485506038313,10.135469105555,-14.715949787144,-34.236785280839,,35.705175779594,,4.5352091844547,,1.0,,0.0,,0.0,,0.0
2.9,0,0.69433521200662,0.88695026769423,-0.00027198932717974,187.42227397076,0.00015223149439685,67.214723928245,1.0,1.0,0.0,0.0,2.2152325000007,0.0039024999999999,1.0,0.0,1.0,0.0,1.0,0.0,1.0,0.0,1.0,0.0,1.0,0.0,1.0,0.0,1.0,0.0,1.0,0.0,1.0,0.0,0.0,1.0,0.0,1.0,2.42521,-1.0,0.0,0.0,0.0,0.0,1.5961031481606,1.9747822107545,1.8857555711623,10.89057283803,-10.707068422868,-28.67889102163,1.5282084700342,10.169408813128,-14.106094203244,-34.688778084538,,36.148546026028,,4.5915253002512,,1.0,,0.0,,0.0,,0.0
2.91,0,0.69646945028233,0.8560783461777,-0.00011668271967202,187.68565461564,-9.4609247006305e-05,69.840752881578,1.0,1.0,0.0,0.0,2.2252325000003,0.0139025,1.0,0.0,1.0,0.0,1.0,0.0,1.0,0.0,1.0,0.0,1.0,0.0,1.0,0.0,1.0,0.0,1.0,0.0,1.0,0.0,0.0,1.0,0.0,1.0,2.42521,-1.0,0.0,0.0,0.0,0.0,1.594011781272,1.9137253224616,-0.18855007391059,10.373349944706,-9.9186030033329,-28.342302688653,-0.55738851540055,9.5949704469381,-13.462705141862,-35.073432772265,,36.362193307667,,4.6186624055243,,1.0,,0.0,,0.0,,0.0
2.92,0,0.71367921382742,0.82790089281796,-0.00041019669543713,187.92154712078,1.1882511767571e-06,71.809777049369,1.0,1.0,0.0,0.0,2.2352325,0.023902500000002,1.0,0.0,1.0,0.0,1.0,0.0,1.0,0.0,1.0,0.0,1.0,0.0,1.0,0.0,1.0,0.0,1.0,0.0,1.0,0.0,0.0,1.0,0.0,1.0,2.42521,-1.0,0.0,0.0,0.0,0.0,1.594011781272,1.8583767533702,-2.3956694268141,9.2742202159002,-9.1562360246103,-27.839487683004,-2.761513213038,8.4427731211411,-12.76759223831,-35.219679386401,,36.217567345279,,4.6002922679011,,1.0,,0.0,,0.0,,0.0
2.93,0,0.74484708178307,0.80198859804897,-0.00013127716834838,187.54489409662,0.0001124667201162,67.854752605452,1.0,1.0,0.0,0.0,2.2452324999996,0.033902500000003,1.0,0.0,1.0,0.0,1.0,0.0,1.0,0.0,1.0,0.0,1.0,0.0,1.0,0.0,1.0,0.0,1.0,0.0,1.0,0.0,0.0,1.0,0.0,1.0,2.42521,-1.0,0.0,0.0,0.0,0.0,1.594011781272,1.8074776029385,-4.7185894662615,7.7692599869256,-8.4851926771398,-27.293777655987,-5.0795710806202,6.9041338001398,-12.104556945932,-35.269416946266,,35.939046511993,,4.5649150371887,,1.0,,0.0,,0.0,,0.0
2.94,0,0.78929692714607,0.78125445957251,-0.00033608881281897,188.56757953314,-0.00018214554599757,63.746614415504,1.0,1.0,0.0,0.0,2.2552324999992,0.043902499999999,1.0,0.0,1.0,0.0,1.0,0.0,1.0,0.0,1.0,0.0,1.0,0.0,1.0,0.0,1.0,0.0,1.0,0.0,1.0,0.0,0.0,1.0,0.0,1.0,2.42521,-1.0,0.0,0.0,0.0,0.0,1.594011781272,1.7667498309371,-7.0431831534389,5.8272057177568,-7.8691656355719,-26.675789509561,-7.3950256245644,4.9156548256719,-11.409148838927,-35.165331452164,,35.507433511877,,4.5100923063236,,1.0,,0.0,,0.0,,0.0
2.95,0,0.84480337786772,0.76868846302647,-0.00042086256936956,190.62234014917,0.00017971260941707,61.455616843034,1.0,1.0,0.0,0.0,2.2652324999988,0.053902499999995,1.0,0.0,1.0,0.0,1.0,0.0,1.0,0.0,1.0,0.0,1.0,0.0,1.0,0.0,1.0,0.0,1.0,0.0,1.0,0.0,0.0,1.0,0.0,1.0,2.42521,-1.0,0.0,0.0,0.0,0.0,1.594011781272,1.7421812439248,-9.2998106233826,3.6386844437365,-7.4269071703712,-25.99849900504,-9.6290057904132,2.7098065530089,-10.81516495862,-34.916914869609,,35.022173613292,,4.4484554399349,,1.0,,0.0,,0.0,,0.0
2.96,0,0.90839842245893,0.76257961241877,-0.00020624399133091,193.00969979327,-0.00011322205951948,59.726567387455,0.0,1.0,0.0,0.0,2.2739599999985,0.063902499999994,0.0,0.0,0.0,0.0,1.0,0.0,1.0,0.0,1.0,0.0,1.0,0.0,1.0,0.0,1.0,0.0,1.0,0.0,1.0,0.0,0.0,1.0,0.0,1.0,2.42521,-1.0,0.0,0.0,0.0,0.0,1.594011781272,1.7300670954618,-11.378867499237,1.167019950491,-7.0899883164967,-25.324043423763,-11.688658629723,0.20934656961161,-10.239040937535,-34.602928315524,,34.603752613032,,4.3953083338945,,1.0,,0.0,,0.0,,0.0
2.97,0,0.97634316134747,0.76306159204335,-0.00068911046797946,195.3702816228,-2.2844571547621e-05,58.709382000201,0.0,1.0,0.0,0.0,2.2739599999985,0.073902500000004,0.0,0.0,0.0,0.0,1.0,0.0,1.0,0.0,1.0,0.0,1.0,0.0,1.0,0.0,1.0,0.0,1.0,0.0,1.0,0.0,0.0,1.0,0.0,1.0,2.42521,-1.0,0.0,0.0,0.0,0.0,1.594011781272,1.7287574336428,-13.085089325363,-1.4727710617428,-7.0120265371947,-24.582248054272,-13.357950763677,-2.4415353031382,-9.8369957076503,-34.115137245247,,34.202542807287,,4.3443473637781,,1.0,,0.0,,0.0,,0.0
2.98,0,1.042433748124,0.77052423010138,-0.00032809118236489,198.160431802,0.00015598103446994,58.390893576426,0.0,1.0,0.0,0.0,2.2739599999985,0.083902500000014,0.0,0.0,0.0,0.0,1.0,0.0,1.0,0.0,1.0,0.0,1.0,0.0,1.0,0.0,1.0,0.0,1.0,0.0,1.0,0.0,0.0,1.0,0.0,1.0,2.42521,-1.0,0.0,0.0,0.0,0.0,1.594011781272,1.7287574336428,-14.333153851879,-4.2591035756269,-7.1369040348426,-23.88658325558,-14.573553411797,-5.2307371987896,-9.5671014373783,-33.607065958466,,34.011788733149,,4.3201181138132,,1.0,,0.0,,0.0,,0.0
2.99,0,1.1045363253518,0.78512384836906,-0.00066420030759748,200.93873420734,-0.00024492499179543,58.637287539922,0.0,1.0,0.0,0.0,2.2739599999985,0.093902500000024,0.0,0.0,0.0,0.0,1.0,0.0,1.0,0.0,1.0,0.0,1.0,0.0,1.0,0.0,1.0,0.0,1.0,0.0,1.0,0.0,0.0,1.0,0.0,1.0,2.42521,-1.0,0.0,0.0,0.0,0.0,1.594011781272,1.7287574336428,-14.813758461069,-7.1717949893941,-7.5442454731032,-23.136324265812,-15.01162127153,-8.1498214664902,-9.5153574971033,-32.937215726109,,33.930462912597,,4.3097882498579,,1.0,,0.0,,0.0,,0.0
3.0,0,1.1576432692367,0.80697242736767,-0.00070473537395371,203.79303254306,0.00026962238753025,59.809663604358,0.0,1.0,0.0,0.0,2.2739599999985,0.10390250000003,0.0,0.0,0.0,0.0,1.0,0.0,1.0,0.0,1.0,0.0,1.0,0.0,1.0,0.0,1.0,0.0,1.0,0.0,1.0,0.0,0.0,1.0,0.0,1.0,2.42521,-1.0,0.0,0.0,0.0,0.0,1.594011781272,1.7287574336428,-14.52363119619,-10.10958563417,-8.237027252942,-22.441832263561,-14.68407026915,-11.066108276422,-9.7315189148367,-32.234035675997,,34.080583519718,,4.3288563076767,,1.0,,0.0,,0.0,,0.0
3.01,0,1.1963354392964,0.83555142157605,-0.00047421367893416,206.60315381866,-0.00018773135531958,61.395161248382,0.0,1.0,0.0,0.0,2.2739599999985,0.11390250000004,0.0,0.0,0.0,0.0,1.0,0.0,1.0,0.0,1.0,0.0,1.0,0.0,1.0,0.0,1.0,0.0,1.0,0.0,1.0,0.0,0.0,1.0,0.0,1.0,2.42521,-1.0,0.0,0.0,0.0,0.0,1.594011781272,1.7287574336428,-13.231660560935,-13.11722637271,-9.1093978028784,-21.74116290065,-13.358050725778,-14.06455997748,-10.138105404619,-31.425783677093,,34.429268835526,,4.3731457086446,,1.0,,0.0,,0.0,,0.0
3.02,0,1.2161291568486,0.87082443513748,-0.00097377034967937,208.92996437557,5.581376018328e-05,63.64018391958,0.0,1.0,0.0,0.0,2.2739599999985,0.12390250000005,0.0,0.0,0.0,0.0,1.0,0.0,1.0,0.0,1.0,0.0,1.0,0.0,1.0,0.0,1.0,0.0,1.0,0.0,1.0,0.0,0.0,1.0,0.0,1.0,2.42521,-1.0,0.0,0.0,0.0,0.0,1.594011781272,1.7287574336428,-11.080011841126,-16.017231681404,-10.21591325608,-21.083103647787,-11.182474180006,-16.92590636783,-10.854688825,-30.535333360086,,34.912374876946,,4.434508995851,,1.0,,0.0,,0.0,,0.0
3.03,0,1.2145681169817,0.91109552033263,-0.00044469220475362,211.06579420072,8.9687972619566e-05,66.445671458408,0.0,0.0,0.0,0.0,2.2739599999985,0.0,0.0,0.0,0.0,0.0,1.0,0.0,1.0,0.0,1.0,0.0,1.0,0.0,1.0,0.0,1.0,0.0,1.0,0.0,1.0,0.0,0.0,1.0,0.0,1.0,2.42521,-1.0,0.0,0.0,0.0,0.0,1.594011781272,2.0,-8.1839202768672,-18.845924493459,-11.274449278072,-20.511428486351,-8.276301690888,-19.715927369106,-11.635779863648,-29.629307078365,,35.589179013897,,4.5204754774872,,1.0,,0.0,,0.0,,0.0
3.04,0,1.1916964915689,0.95435994639093,-0.00084896005218178,212.22491910266,-0.0002153121879653,68.145524882419,0.0,0.0,0.0,0.0,2.2739599999985,0.0,0.0,0.0,0.0,0.0,1.0,0.0,1.0,0.0,1.0,0.0,1.0,0.0,1.0,0.0,1.0,0.0,1.0,0.0,1.0,0.0,0.0,1.0,0.0,1.0,2.42521,-1.0,0.0,0.0,0.0,0.0,1.594011781272,2.0,-4.8232783701242,-21.380442943979,-12.339792286483,-19.97908334597,-4.9190848805836,-22.197716758384,-12.583245077645,-28.613103341718,,36.213581575119,,4.5997860023236,,1.0,,0.0,,0.0,,0.0
3.05,0,1.1489120811801,0.9985535803298,-0.00062053313346745,212.42771117693,0.00024808024285681,66.629278836491,0.0,0.0,0.0,0.0,2.2739599999985,0.0,0.0,0.0,0.0,0.0,1.0,0.0,1.0,0.0,1.0,0.0,1.0,0.0,1.0,0.0,1.0,0.0,1.0,0.0,1.0,0.0,0.0,1.0,0.0,1.0,2.42521,-1.0,0.0,0.0,0.0,0.0,1.594011781272,2.0,-1.4488824525765,-23.544877165429,-13.134363095136,-19.650605518843,-1.5642763057627,-24.290514549866,-13.423880346241,-27.684651283892,,36.83006636147,,4.6780908251984,,1.0,,0.0,,0.0,,0.0
3.06,0,1.0903148976415,1.0425272724726,-0.00047674765741021,212.66821131529,-0.00020788124218347,63.119111153702,0.0,0.0,0.0,0.0,2.2739599999985,0.0,0.0,0.0,0.0,0.0,1.0,0.0,1.0,0.0,1.0,0.0,1.0,0.0,1.0,0.0,1.0,0.0,1.0,0.0,1.0,0.0,0.0,1.0,0.0,1.0,2.42521,-1.0,0.0,0.0,0.0,0.0,1.594011781272,2.0,1.6940623101987,-25.162661053108,-13.685567902091,-19.399962881711,1.5517512407485,-25.840286474996,-14.186891957539,-26.69792986288,,37.154944237453,,4.7193562466621,,1.0,,0.0,,0.0,,0.0
3.07,0,1.0205524921232,1.0853862581705,-0.00070852614703092,212.22901350174,0.00010562800429096,58.464380355135,0.0,0.0,0.0,0.0,2.2739599999985,0.0,0.0,0.0,0.0,0.0,1.0,0.0,1.0,0.0,1.0,0.0,1.0,0.0,1.0,0.0,1.0,0.0,1.0,0.0,1.0,0.0,0.0,1.0,0.0,1.0,2.42521,-1.0,0.0,0.0,0.0,0.0,1.594011781272,2.0,4.1427849733923,-25.997274531089,-13.891224954181,-19.430383225177,3.9602347242222,-26.582935517312,-14.731995861637,-25.88585702122,,37.104506050218,,4.7129496760459,,1.0,,0.0,,0.0,,0.0
3.08,0,0.94639007304158,1.1236397204585,-0.00024695089732329,211.47672857711,3.1838029093539e-05,52.641312966943,0.0,0.0,0.0,0.0,2.2739599999985,0.0,0.0,0.0,0.0,0.0,1.0,0.0,1.0,0.0,1.0,0.0,1.0,0.0,1.0,0.0,1.0,0.0,1.0,0.0,1.0,0.0,0.0,1.0,0.0,1.0,2.42521,-1.0,0.0,0.0,0.0,0.0,1.594011781272,2.0,5.830945041202,-26.006482968062,-13.748011028014,-19.634811404193,5.6133912581231,-26.5141179565,-15.020013394881,-25.178241604684,,36.564611337023,,4.6443731907477,,1.0,,0.0,,0.0,,0.0
3.09,0,0.87302242717647,1.154495136883,-0.00050578844632327,209.59479153591,-0.0001274619618473,46.09355513009,1.0,0.0,0.0,0.0,2.2776924999984,0.0,1.0,0.0,1.0,0.0,1.0,0.0,1.0,0.0,1.0,0.0,1.0,0.0,1.0,0.0,1.0,0.0,1.0,0.0,1.0,0.0,0.0,1.0,0.0,1.0,2.42521,-1.0,0.0,0.0,0.0,0.0,1.594011781272,2.0,6.5434464872907,-24.884551557215,-13.330207336426,-20.1032758877,6.2816366426475,-25.304818448606,-15.077908340563,-24.701607962554,,35.363200845543,,4.4917721244795,,1.0,,0.0,,0.0,,0.0
3.1,0,0.80585361326614,1.1771285034804,-0.00030745635003291,208.85549702647,0.00016690340289926,46.536080807632,1.0,0.0,0.0,0.0,2.287692499998,0.0,1.0,0.0,1.0,0.0,1.0,0.0,1.0,0.0,1.0,0.0,1.0,0.0,1.0,0.0,1.0,0.0,1.0,0.0,1.0,0.0,0.0,1.0,0.0,1.0,2.42521,-1.0,0.0,0.0,0.0,0.0,1.594011781272,2.0,6.3563856267084,-22.787933014936,-12.624210970126,-20.83140146234,6.0643247469884,-23.140921978738,-14.840751816749,-24.537358538565,,33.729043175744,,4.284204266008,,1.0,,0.0,,0.0,,0.0
3.11,0,0.75251971327798,1.1903533110946,-0.00018991795169187,206.86522775985,-0.00013118860205053,49.617735982689,1.0,0.0,0.0,0.0,2.2976924999976,0.0,1.0,0.0,1.0,0.0,1.0,0.0,1.0,0.0,1.0,0.0,1.0,0.0,1.0,0.0,1.0,0.0,1.0,0.0,1.0,0.0,0.0,1.0,0.0,1.0,2.42521,-1.0,0.0,0.0,0.0,0.0,1.594011781272,2.0,5.3087630728725,-19.593804288392,-11.775069508502,-21.688586112193,4.9841099855283,-19.892067043619,-14.428205336229,-24.602099375994,,31.638943229512,,4.0187234144057,,1.0,,0.0,,0.0,,0.0
3.12,0,0.71995526391975,1.1906962675292,-0.00041130714639318,203.07522524762,3.0035020234646e-05,51.367048522038,1.0,0.0,0.0,0.0,2.3076924999972,0.0,1.0,0.0,1.0,0.0,1.0,0.0,1.0,0.0,1.0,0.0,1.0,0.0,1.0,0.0,1.0,0.0,1.0,0.0,1.0,0.0,0.0,1.0,0.0,1.0,2.42521,-1.0,0.0,0.0,0.0,0.0,1.594011781272,2.0,3.5420418623257,-15.601560983635,-10.780154493628,-22.785845717881,3.1975570548431,-15.870089995822,-13.787452954944,-25.099877406406,,29.697132635446,,3.7720780178099,,1.0,,0.0,,0.0,,0.0
3.13,0,0.71393305573397,1.1789335364656,-0.00011643255332618,199.77203968841,7.5050238894735e-05,53.574922596773,1.0,0.0,0.0,0.0,2.3176924999968,0.0,1.0,0.0,1.0,0.0,1.0,0.0,1.0,0.0,1.0,0.0,1.0,0.0,1.0,0.0,1.0,0.0,1.0,0.0,1.0,0.0,0.0,1.0,0.0,1.0,2.42521,-1.0,0.0,0.0,0.0,0.0,1.594011781272,2.0,1.217428621079,-11.043470150746,-9.7758128238422,-23.833355813451,0.8616219417841,-11.30879307833,-13.054233972703,-25.772965910523,,28.145398973494,,3.5749795131293,,1.0,,0.0,,0.0,,0.0
3.14,0,0.7352191311494,1.155780999188,-0.0003258195430221,196.23684673324,-0.00015976227595963,55.934256075639,1.0,0.0,0.0,0.0,2.3276924999965,0.0,1.0,0.0,1.0,0.0,1.0,0.0,1.0,0.0,1.0,0.0,1.0,0.0,1.0,0.0,1.0,0.0,1.0,0.0,1.0,0.0,0.0,1.0,0.0,1.0,2.42521,-1.0,0.0,0.0,0.0,0.0,1.594011781272,2.0,-1.5085713673618,-6.219511240213,-8.7657449929856,-24.955245218342,-1.8703415328296,-6.5039703803081,-12.194243318547,-26.79807030784,,27.576130716286,,3.5026720514761,,1.0,,0.0,,0.0,,0.0
3.15,0,0.78037857413242,1.1228173738761,-0.00035882699104673,192.87117283773,0.0001744677371506,58.668882733203,1.0,0.0,0.0,0.0,2.3376924999961,0.0,1.0,0.0,1.0,0.0,1.0,0.0,1.0,0.0,1.0,0.0,1.0,0.0,1.0,0.0,1.0,0.0,1.0,0.0,1.0,0.0,0.0,1.0,0.0,1.0,2.42521,-1.0,0.0,0.0,0.0,0.0,1.594011781272,2.0,-4.4322490890783,-1.6198844484318,-7.8873754612714,-25.895996320343,-4.7810448203681,-1.9529693824791,-11.347745170671,-27.905718145912,,27.973482780705,,3.5531430180143,,1.0,,0.0,,0.0,,0.0
3.16,0,0.84360027429581,1.0824620884122,-0.00017504066862999,189.8574404209,-0.00010647150527531,60.974418599051,1.0,0.0,0.0,0.0,2.3476924999957,0.0,1.0,0.0,1.0,0.0,1.0,0.0,1.0,0.0,1.0,0.0,1.0,0.0,1.0,0.0,1.0,0.0,1.0,0.0,1.0,0.0,0.0,1.0,0.0,1.0,2.42521,-1.0,0.0,0.0,0.0,0.0,1.594011781272,2.0,-7.3785474288811,2.5969983406634,-7.1375217286637,-26.691407440984,-7.7140336142684,2.2071295268699,-10.495484067135,-29.125312182699,,29.208122703304,,3.7099648286961,,1.0,,0.0,,0.0,,0.0
3.17,0,0.91920468722248,1.0366220819711,-0.0006214789907464,187.12557412496,-6.1535465333639e-06,63.210776471091,0.0,0.0,0.0,0.0,2.3552749999954,0.0,0.0,0.0,0.0,0.0,1.0,0.0,1.0,0.0,1.0,0.0,1.0,0.0,1.0,0.0,1.0,0.0,1.0,0.0,1.0,0.0,0.0,1.0,0.0,1.0,2.42521,-1.0,0.0,0.0,0.0,0.0,1.594011781272,2.0,-10.055425303054,5.9702121625094,-6.6649097887449,-27.268975746968,-10.356181168413,5.4975388932317,-9.7828660555152,-30.332843277337,,30.826132967542,,3.9154816718621,,1.0,,0.0,,0.0,,0.0
3.18,0,0.99737662652849,0.98873175881997,-0.00027776453362516,185.21255358598,0.00014667381092247,64.847805882929,0.0,0.0,0.0,0.0,2.3552749999954,0.0,0.0,0.0,0.0,0.0,1.0,0.0,1.0,0.0,1.0,0.0,1.0,0.0,1.0,0.0,1.0,0.0,1.0,0.0,1.0,0.0,0.0,1.0,0.0,1.0,2.42521,-1.0,0.0,0.0,0.0,0.0,1.594011781272,2.0,-12.27356376364,8.4922914910185,-6.4758190777588,-27.551005144997,-12.539418033471,7.9461749303295,-9.2323589045374,-31.39468260851,,32.383991922702,,4.113358200608,,1.0,,0.0,,0.0,,0.0
3.19,0,1.0704709296546,0.94088522365549,-0.00062254068977595,183.6070907952,-0.00024133640694404,65.407310598138,0.0,0.0,0.0,0.0,2.3552749999954,0.0,0.0,0.0,0.0,0.0,1.0,0.0,1.0,0.0,1.0,0.0,1.0,0.0,1.0,0.0,1.0,0.0,1.0,0.0,1.0,0.0,0.0,1.0,0.0,1.0,2.42521,-1.0,0.0,0.0,0.0,0.0,1.594011781272,2.0,-13.637323229826,9.951028729034,-6.6550238373463,-27.641673380288,-13.855857237137,9.3146921486228,-8.9385977036627,-32.366875338426,,33.679987595419,,4.2779733117112,,1.0,,0.0,,0.0,,0.0
3.2,0,1.1327192653596,0.8962882328097,-0.00066479623620404,183.18124254812,0.00025601996938794,66.59699365661,0.0,1.0,0.0,0.0,2.3552749999954,0.0008425,0.0,0.0,0.0,0.0,1.0,0.0,1.0,0.0,1.0,0.0,1.0,0.0,1.0,0.0,1.0,0.0,1.0,0.0,1.0,0.0,0.0,1.0,0.0,1.0,2.42521,-1.0,0.0,0.0,0.0,0.0,1.594011781272,1.9932478667015,-14.034816558254,10.399582653046,-7.2230684268118,-27.415946524109,-14.208567750612,9.6887553451023,-8.9798012541438,-33.041412359401,,34.432376168892,,4.373540396712,,1.0,,0.0,,0.0,,0.0
3.21,0,1.1781622543587,0.85761531120613,-0.00046734273528058,183.68537153784,-0.00020077673141678,69.076434850069,0.0,1.0,0.0,0.0,2.3552749999954,0.0108425,0.0,0.0,0.0,0.0,1.0,0.0,1.0,0.0,1.0,0.0,1.0,0.0,1.0,0.0,1.0,0.0,1.0,0.0,1.0,0.0,0.0,1.0,0.0,1.0,2.42521,-1.0,0.0,0.0,0.0,0.0,1.594011781272,1.9167443609099,-13.192106796248,9.8952980052023,-8.0738180883596,-27.039279371028,-13.324829573499,9.1113760928046,-9.2939875204055,-33.565477013703,,34.780116380378,,4.4177097521766,,1.0,,0.0,,0.0,,0.0
3.22,0,1.2019331761137,0.82480638443134,-0.00095989984009844,184.7395704506,6.4918963790651e-05,71.610564778034,0.0,1.0,0.0,0.0,2.3552749999954,0.020842500000001,0.0,0.0,0.0,0.0,1.0,0.0,1.0,0.0,1.0,0.0,1.0,0.0,1.0,0.0,1.0,0.0,1.0,0.0,1.0,0.0,0.0,1.0,0.0,1.0,2.42521,-1.0,0.0,0.0,0.0,0.0,1.594011781272,1.8522982547545,-11.229563667119,8.4775027161206,-9.225732516021,-26.424746608235,-11.332631714863,7.6273049373015,-9.9819880789455,-33.771241762826,,34.621977091316,,4.3976231753563,,1.0,,0.0,,0.0,,0.0
3.23,0,1.1999588247684,0.79880770754713,-0.00043441161313531,185.77565662902,8.0618978681676e-05,68.193312844566,0.0,1.0,0.0,0.0,2.3552749999954,0.030842500000004,0.0,0.0,0.0,0.0,1.0,0.0,1.0,0.0,1.0,0.0,1.0,0.0,1.0,0.0,1.0,0.0,1.0,0.0,1.0,0.0,0.0,1.0,0.0,1.0,2.42521,-1.0,0.0,0.0,0.0,0.0,1.594011781272,1.8012294251679,-8.2992233150066,6.352397845032,-10.378281532375,-25.701713020558,-8.3891095301014,5.4598230618358,-10.798447796041,-33.783462116702,,34.222098375536,,4.3468312779668,,1.0,,0.0,,0.0,,0.0
3.24,0,1.1719780185292,0.78224031176094,-0.00083601599303616,188.38371917618,-0.00018959227141219,63.030659097272,0.0,1.0,0.0,0.0,2.3552749999954,0.040842500000001,0.0,0.0,0.0,0.0,1.0,0.0,1.0,0.0,1.0,0.0,1.0,0.0,1.0,0.0,1.0,0.0,1.0,0.0,1.0,0.0,0.0,1.0,0.0,1.0,2.42521,-1.0,0.0,0.0,0.0,0.0,1.594011781272,1.7686863263069,-4.7783950554284,3.5629033520999,-11.533049640788,-24.856915835928,-4.8723037538886,2.6221004101312,-11.803155757817,-33.543735206517,,33.646321238955,,4.2736970698022,,1.0,,0.0,,0.0,,0.0
3.25,0,1.1215035229571,0.7796816986286,-0.00056909165817168,192.77257618848,0.00024468369642632,60.508020757837,0.0,1.0,0.0,0.0,2.3552749999954,0.050842499999997,0.0,0.0,0.0,0.0,1.0,0.0,1.0,0.0,1.0,0.0,1.0,0.0,1.0,0.0,1.0,0.0,1.0,0.0,1.0,0.0,0.0,1.0,0.0,1.0,2.42521,-1.0,0.0,0.0,0.0,0.0,1.594011781272,1.7624497746148,-1.2029675151899,0.35427859774662,-12.384716546285,-23.940637311162,-1.3187864880028,-0.60013873102922,-12.699699497684,-33.087507916536,,33.093221005064,,4.2034432422856,,1.0,,0.0,,0.0,,0.0
3.26,0,1.0543661337609,0.78934986778158,-0.00045071899341124,197.82379459195,-0.00020438712893388,59.257174393369,0.0,1.0,0.0,0.0,2.3552749999954,0.060842499999993,0.0,0.0,0.0,0.0,1.0,0.0,1.0,0.0,1.0,0.0,1.0,0.0,1.0,0.0,1.0,0.0,1.0,0.0,1.0,0.0,0.0,1.0,0.0,1.0,2.42521,-1.0,0.0,0.0,0.0,0.0,1.594011781272,1.7624497746148,2.0585454489283,-3.2327067080374,-12.942677074353,-23.006192981831,1.9104165232078,-4.2049301448624,-13.49604472248,-32.471128806914,,32.742363683772,,4.1588779569673,,1.0,,0.0,,0.0,,0.0
3.27,0,0.97629672379127,0.81042767758588,-0.00064307460636405,202.4505696331,0.00010538906411259,59.418917257169,0.0,1.0,0.0,0.0,2.3552749999954,0.0708425,0.0,0.0,0.0,0.0,1.0,0.0,1.0,0.0,1.0,0.0,1.0,0.0,1.0,0.0,1.0,0.0,1.0,0.0,1.0,0.0,0.0,1.0,0.0,1.0,2.42521,-1.0,0.0,0.0,0.0,0.0,1.594011781272,1.7624497746148,4.4910506049405,-6.9820479881113,-13.083917069376,-22.037687315269,4.2983589606085,-7.9451295886745,-14.019925923817,-31.636598223265,,32.618972216817,,4.1432049879369,,1.0,,0.0,,0.0,,0.0
3.28,0,0.89613094250045,0.84150803316945,-0.00021542789135506,206.84001985686,1.3618672844276e-05,60.886087442517,1.0,1.0,0.0,0.0,2.3557774999954,0.08084250000001,1.0,0.0,1.0,0.0,1.0,0.0,1.0,0.0,1.0,0.0,1.0,0.0,1.0,0.0,1.0,0.0,1.0,0.0,1.0,0.0,0.0,1.0,0.0,1.0,2.42521,-1.0,0.0,0.0,0.0,0.0,1.594011781272,1.7624497746148,5.972585509513,-10.816770152098,-12.834512903142,-21.150051108295,5.7400024761762,-11.757575339568,-14.251674133613,-30.729698670775,,32.902007288007,,4.1791556092785,,1.0,,0.0,,0.0,,0.0
3.29,0,0.82018061732492,0.88145005665698,-0.0004606221641604,210.26939243016,-0.00012120783614606,63.062279739117,1.0,1.0,0.0,0.0,2.365777499995,0.09084250000002,1.0,0.0,1.0,0.0,1.0,0.0,1.0,0.0,1.0,0.0,1.0,0.0,1.0,0.0,1.0,0.0,1.0,0.0,1.0,0.0,0.0,1.0,0.0,1.0,2.42521,-1.0,0.0,0.0,0.0,0.0,1.594011781272,1.7624497746148,6.2877958745717,-14.558259029042,-12.256476073774,-20.273577977065,6.0088456081792,-15.467564605274,-14.187886435595,-29.636371295194,,33.429555792706,,4.246163900696,,1.0,,0.0,,0.0,,0.0
3.3,0,0.75800657772039,0.92717555650017,-0.00028111675352181,212.7024105215,0.00015555478028043,66.2955478741,1.0,0.0,0.0,0.0,2.3757774999946,0.0,1.0,0.0,1.0,0.0,1.0,0.0,1.0,0.0,1.0,0.0,1.0,0.0,1.0,0.0,1.0,0.0,1.0,0.0,1.0,0.0,0.0,1.0,0.0,1.0,2.42521,-1.0,0.0,0.0,0.0,0.0,1.594011781272,2.0,5.549229492438,-18.030045000802,-11.393990688445,-19.57570683873,5.2407746764983,-18.87694177112,-13.813584593315,-28.547102947048,,34.223533087004,,4.3470135125164,,1.0,,0.0,,0.0,,0.0
3.31,0,0.72109945221782,0.97382511712723,-0.00017056739050499,213.58034417464,-0.00012156789047251,66.158679033951,1.0,0.0,0.0,0.0,2.3857774999943,0.0,1.0,0.0,1.0,0.0,1.0,0.0,1.0,0.0,1.0,0.0,1.0,0.0,1.0,0.0,1.0,0.0,1.0,0.0,1.0,0.0,0.0,1.0,0.0,1.0,2.42521,-1.0,0.0,0.0,0.0,0.0,1.594011781272,2.0,3.8369511790611,-21.086652900667,-10.385245362873,-18.979804688687,3.4986115863185,-21.873807830993,-13.226333501889,-27.373989605499,,35.039534975359,,4.4506606498795,,1.0,,0.0,,0.0,,0.0
3.32,0,0.71629881166582,1.0202151816696,-0.00041506819822431,213.54401595953,3.0355720618048e-05,63.689228571138,1.0,0.0,0.0,0.0,2.3957774999939,0.0,1.0,0.0,1.0,0.0,1.0,0.0,1.0,0.0,1.0,0.0,1.0,0.0,1.0,0.0,1.0,0.0,1.0,0.0,1.0,0.0,0.0,1.0,0.0,1.0,2.42521,-1.0,0.0,0.0,0.0,0.0,1.594011781272,2.0,1.3893181824768,-23.413192523994,-9.2855951282326,-18.635966983398,1.0401496000044,-24.109529786478,-12.428798512248,-26.277096126596,,35.661472359309,,4.5296580521961,,1.0,,0.0,,0.0,,0.0
3.33,0,0.74350604359808,1.0646925306645,-0.00012348734319194,213.42093194963,9.0350151385945e-05,60.055046393064,1.0,0.0,0.0,0.0,2.4057774999935,0.0,1.0,0.0,1.0,0.0,1.0,0.0,1.0,0.0,1.0,0.0,1.0,0.0,1.0,0.0,1.0,0.0,1.0,0.0,1.0,0.0,0.0,1.0,0.0,1.0,2.42521,-1.0,0.0,0.0,0.0,0.0,1.594011781272,2.0,-1.5797702591961,-24.939281634571,-8.2405874213737,-18.52367847927,-1.9310211449789,-25.550348621891,-11.558113381433,-25.281052735069,,35.943724060481,,4.5655091712435,,1.0,,0.0,,0.0,,0.0
3.34,0,0.79792246832764,1.1044966510474,-0.00037397456419531,212.30639807734,-0.00017326885480385,54.768269089235,1.0,0.0,0.0,0.0,2.4157774999931,0.0,1.0,0.0,1.0,0.0,1.0,0.0,1.0,0.0,1.0,0.0,1.0,0.0,1.0,0.0,1.0,0.0,1.0,0.0,1.0,0.0,0.0,1.0,0.0,1.0,2.42521,-1.0,0.0,0.0,0.0,0.0,1.594011781272,2.0,-4.762788225279,-25.309471213245,-7.3004864805303,-18.669901973802,-5.1027202462964,-25.823134765631,-10.625753732821,-24.432784963623,,35.550240518869,,4.5155295777284,,1.0,,0.0,,0.0,,0.0
3.35,0,0.87101178626803,1.1369447856468,-0.0004136577316339,210.46256830257,0.00020226264213919,49.011075090176,1.0,0.0,0.0,0.0,2.4257774999927,0.0,1.0,0.0,1.0,0.0,1.0,0.0,1.0,0.0,1.0,0.0,1.0,0.0,1.0,0.0,1.0,0.0,1.0,0.0,1.0,0.0,0.0,1.0,0.0,1.0,2.42521,-1.0,0.0,0.0,0.0,0.0,1.594011781272,2.0,-7.8771596864495,-24.548873761681,-6.630745446225,-19.159984663912,-8.1885841328673,-24.973322619556,-9.8085200715568,-23.909319514919,,34.57413860827,,4.3915468146343,,1.0,,0.0,,0.0,,0.0
3.36,0,0.95257267555915,1.1595126064324,-0.00025347443565151,208.3827587961,-0.00015032336026704,44.995243230971,0.0,0.0,0.0,0.0,2.4294299999926,0.0,0.0,0.0,0.0,0.0,1.0,0.0,1.0,0.0,1.0,0.0,1.0,0.0,1.0,0.0,1.0,0.0,1.0,0.0,1.0,0.0,0.0,1.0,0.0,1.0,2.42521,-1.0,0.0,0.0,0.0,0.0,1.594011781272,2.0,-10.565629794248,-22.499965053523,-6.2322518044474,-19.834797192225,-10.843419925021,-22.848743769151,-9.0988972607637,-23.602266928515,,32.851082388408,,4.1726872173063,,1.0,,0.0,,0.0,,0.0
3.37,0,1.0316801846008,1.1717348882589,-0.00074670197482045,206.71561977018,2.7444693040956e-05,48.520373244178,0.0,0.0,0.0,0.0,2.4294299999926,0.0,0.0,0.0,0.0,0.0,1.0,0.0,1.0,0.0,1.0,0.0,1.0,0.0,1.0,0.0,1.0,0.0,1.0,0.0,1.0,0.0,0.0,1.0,0.0,1.0,2.42521,-1.0,0.0,0.0,0.0,0.0,1.594011781272,2.0,-12.468765085526,-19.30417484366,-6.2851955980101,-20.834956814751,-12.696698697888,-19.593552035749,-8.7088300939714,-23.756806313867,,30.79549952049,,3.9115906648194,,1.0,,0.0,,0.0,,0.0
3.38,0,1.0994265767612,1.171138393862,-0.00033731352031409,202.96398744669,0.0001036129102456,51.36454173098,0.0,0.0,0.0,0.0,2.4294299999926,0.0,0.0,0.0,0.0,0.0,1.0,0.0,1.0,0.0,1.0,0.0,1.0,0.0,1.0,0.0,1.0,0.0,1.0,0.0,1.0,0.0,0.0,1.0,0.0,1.0,2.42521,-1.0,0.0,0.0,0.0,0.0,1.594011781272,2.0,-13.323249752217,-15.199032423681,-6.6937205250388,-21.887363145441,-13.506395459115,-15.461065169101,-8.5859933559035,-24.160414289351,,28.684874589294,,3.643502765407,,1.0,,0.0,,0.0,,0.0
3.39,0,1.1508705406744,1.1570834613236,-0.00078495100146738,198.81910912262,-0.00022230712102977,53.562478566956,0.0,0.0,0.0,0.0,2.4294299999926,0.0,0.0,0.0,0.0,0.0,1.0,0.0,1.0,0.0,1.0,0.0,1.0,0.0,1.0,0.0,1.0,0.0,1.0,0.0,1.0,0.0,0.0,1.0,0.0,1.0,2.42521,-1.0,0.0,0.0,0.0,0.0,1.594011781272,2.0,-12.846500404807,-10.410145865461,-7.530584565981,-23.079680837645,-12.98226070204,-10.666320533972,-8.8669091850341,-24.9740832821,,27.157087939375,,3.4494459684494,,1.0,,0.0,,0.0,,0.0
3.4,0,1.1796860087273,1.1313576619688,-0.00064549762446169,195.01210884993,0.0002735696102137,56.313078151906,0.0,0.0,0.0,0.0,2.4294299999926,0.0,0.0,0.0,0.0,0.0,1.0,0.0,1.0,0.0,1.0,0.0,1.0,0.0,1.0,0.0,1.0,0.0,1.0,0.0,1.0,0.0,0.0,1.0,0.0,1.0,2.42521,-1.0,0.0,0.0,0.0,0.0,1.594011781272,2.0,-11.148310080937,-5.496885659819,-8.6140152181351,-24.187074773644,-11.253839258396,-5.7846181833288,-9.4527152449382,-25.996200202942,,26.63194221215,,3.3827428736379,,1.0,,0.0,,0.0,,0.0
3.41,0,1.1819617580684,1.0957676853879,-0.0005490994543181,191.4877959466,-0.00023474806118143,58.84553791032,0.0,0.0,0.0,0.0,2.4294299999926,0.0,0.0,0.0,0.0,0.0,1.0,0.0,1.0,0.0,1.0,0.0,1.0,0.0,1.0,0.0,1.0,0.0,1.0,0.0,1.0,0.0,0.0,1.0,0.0,1.0,2.42521,-1.0,0.0,0.0,0.0,0.0,1.594011781272,2.0,-8.2827816753391,-0.68427656414789,-9.8167234111926,-25.168162976282,-8.3702242854523,-1.0175464257145,-10.287576952764,-27.193019496482,,27.211553379903,,3.4563640737583,,1.0,,0.0,,0.0,,0.0
3.42,0,1.1561061887629,1.0523703595681,-0.00085418825459011,188.12899551882,0.00014221459868189,61.333734376989,0.0,0.0,0.0,0.0,2.4294299999926,0.0,0.0,0.0,0.0,0.0,1.0,0.0,1.0,0.0,1.0,0.0,1.0,0.0,1.0,0.0,1.0,0.0,1.0,0.0,1.0,0.0,0.0,1.0,0.0,1.0,2.42521,-1.0,0.0,0.0,0.0,0.0,1.594011781272,2.0,-4.8100151074732,3.4649720474175,-10.974766522645,-25.97320916867,-4.9037630343892,3.0542376364406,-11.27053426988,-28.486338328993,,28.648740086392,,3.6389130238399,,1.0,,0.0,,0.0,,0.0
3.43,0,1.1057945184762,1.0047803770902,-0.00034976477979438,185.58990792501,-5.5801045075974e-06,63.335500046385,0.0,0.0,0.0,0.0,2.4294299999926,0.0,0.0,0.0,0.0,0.0,1.0,0.0,1.0,0.0,1.0,0.0,1.0,0.0,1.0,0.0,1.0,0.0,1.0,0.0,1.0,0.0,0.0,1.0,0.0,1.0,2.42521,-1.0,0.0,0.0,0.0,0.0,1.594011781272,2.0,-1.1288700570701,6.8053773000739,-11.845528865118,-26.460334098234,-1.24203570885,6.3185698067709,-12.178879807373,-29.675182372603,,30.339582607764,,3.8536808933423,,1.0,,0.0,,0.0,,0.0
3.44,0,1.0364655270326,0.95532025586554,-0.00071109052791805,183.4812312608,-0.00011800481278739,64.28614728291,0.0,0.0,0.0,0.0,2.4294299999926,0.0,0.0,0.0,0.0,0.0,1.0,0.0,1.0,0.0,1.0,0.0,1.0,0.0,1.0,0.0,1.0,0.0,1.0,0.0,1.0,0.0,0.0,1.0,0.0,1.0,2.42521,-1.0,0.0,0.0,0.0,0.0,1.594011781272,2.0,2.1265481153742,9.0543972049726,-12.407064941446,-26.738034098552,1.9740569930439,8.4735587955345,-12.985932711843,-30.818946360326,,31.96190164226,,4.0597450289954,,1.0,,0.0,,0.0,,0.0
3.45,0,0.95619952360033,0.90764301433632,-0.00037428449412101,182.4454575349,0.0001787603964649,65.178490825299,0.0,0.0,0.0,0.0,2.4294299999926,0.0,0.0,0.0,0.0,0.0,1.0,0.0,1.0,0.0,1.0,0.0,1.0,0.0,1.0,0.0,1.0,0.0,1.0,0.0,1.0,0.0,0.0,1.0,0.0,1.0,2.42521,-1.0,0.0,0.0,0.0,0.0,1.594011781272,2.0,4.5587957699304,10.156584089564,-12.481795390022,-26.659586098189,4.3647051943523,9.4914475766457,-13.461556310065,-31.674219391942,,33.065309045557,,4.1998979138466,,1.0,,0.0,,0.0,,0.0
3.46,0,0.87486255644183,0.86575193925176,-0.00034330927369147,182.74513835918,-0.0001768025048418,67.479558835323,1.0,1.0,0.0,0.0,2.4325874999925,0.0082374999999998,1.0,0.0,1.0,0.0,1.0,0.0,1.0,0.0,1.0,0.0,1.0,0.0,1.0,0.0,1.0,0.0,1.0,0.0,1.0,0.0,0.0,1.0,0.0,1.0,2.42521,-1.0,0.0,0.0,0.0,0.0,1.594011781272,1.93272702314,5.8761715859303,10.153735374645,-12.187079213993,-26.38091760531,5.6339278121131,9.4076736548098,-13.673258276053,-32.361924863044,,33.701465832232,,4.2807014399093,,1.0,,0.0,,0.0,,0.0
3.47,0,0.80083643173731,0.83055857035461,-0.00045909093772583,183.76498708865,9.756695319082e-05,70.277556237532,1.0,1.0,0.0,0.0,2.4425874999921,0.0182375,1.0,0.0,1.0,0.0,1.0,0.0,1.0,0.0,1.0,0.0,1.0,0.0,1.0,0.0,1.0,0.0,1.0,0.0,1.0,0.0,0.0,1.0,0.0,1.0,2.42521,-1.0,0.0,0.0,0.0,0.0,1.594011781272,1.8635971913878,5.940712444452,9.0503771999915,-11.489069097615,-25.827620828586,5.6571222409308,8.2283744386774,-13.500214091761,-32.714546174729,,33.733539108716,,4.2847753315766,,1.0,,0.0,,0.0,,0.0
3.48,0,0.74681341726784,0.80406575608916,-0.00012883331400501,185.59314487986,1.6333955111127e-05,69.206518495289,1.0,1.0,0.0,0.0,2.4525874999917,0.028237500000003,1.0,0.0,1.0,0.0,1.0,0.0,1.0,0.0,1.0,0.0,1.0,0.0,1.0,0.0,1.0,0.0,1.0,0.0,1.0,0.0,0.0,1.0,0.0,1.0,2.42521,-1.0,0.0,0.0,0.0,0.0,1.594011781272,1.8115577348025,4.8474828652426,7.0723321093571,-10.557206504328,-25.116890463012,4.5316435864275,6.200222647667,-13.062750048471,-32.826871263359,,33.407555389112,,4.2433694477838,,1.0,,0.0,,0.0,,0.0
3.49,0,0.72465645515089,0.78782737983576,-0.00037121992766546,188.13709628222,-0.00011411799203113,63.790106531913,1.0,1.0,0.0,0.0,2.4625874999914,0.038237500000002,1.0,0.0,1.0,0.0,1.0,0.0,1.0,0.0,1.0,0.0,1.0,0.0,1.0,0.0,1.0,0.0,1.0,0.0,1.0,0.0,0.0,1.0,0.0,1.0,2.42521,-1.0,0.0,0.0,0.0,0.0,1.594011781272,1.7796609243094,2.7335007393268,4.2798425223726,-9.4507445645669,-24.259605017841,2.3933218860584,3.3543602509983,-12.346706097368,-32.655906546805,,32.828009811191,,4.1697565787695,,1.0,,0.0,,0.0,,0.0
3.5,0,0.73979970232974,0.7858676982621,-0.00026631394170917,192.89993777796,0.00017119143540083,60.697863336248,1.0,1.0,0.0,0.0,2.472587499991,0.048237499999998,1.0,0.0,1.0,0.0,1.0,0.0,1.0,0.0,1.0,0.0,1.0,0.0,1.0,0.0,1.0,0.0,1.0,0.0,1.0,0.0,0.0,1.0,0.0,1.0,2.42521,-1.0,0.0,0.0,0.0,0.0,1.594011781272,1.7737393842834,-0.099976958467481,0.94822829545119,-8.3393949334993,-23.304943103088,-0.44321573801754,0.0050194137123227,-11.492811808765,-32.224201074528,,32.22449731571,,4.093099473667,,1.0,,0.0,,0.0,,0.0
3.51,0,0.78768568220005,0.7981439880997,-0.00018556252287366,198.60594514015,-0.00014495776118247,59.255820936293,1.0,1.0,0.0,0.0,2.4825874999906,0.058237499999994,1.0,0.0,1.0,0.0,1.0,0.0,1.0,0.0,1.0,0.0,1.0,0.0,1.0,0.0,1.0,0.0,1.0,0.0,1.0,0.0,0.0,1.0,0.0,1.0,2.42521,-1.0,0.0,0.0,0.0,0.0,1.594011781272,1.7737393842834,-3.3673384145285,-2.8355997586364,-7.2992264159371,-22.320793853528,-3.7075354867736,-3.7967794838628,-10.539778977936,-31.598866378777,,31.826271512372,,4.0425175263343,,1.0,,0.0,,0.0,,0.0
3.52,0,0.86023859995664,0.82321142951532,-0.00055022696013694,203.87287162382,5.4667211185157e-05,59.573806608494,1.0,1.0,0.0,0.0,2.4925874999902,0.068237499999998,1.0,0.0,1.0,0.0,1.0,0.0,1.0,0.0,1.0,0.0,1.0,0.0,1.0,0.0,1.0,0.0,1.0,0.0,1.0,0.0,0.0,1.0,0.0,1.0,2.42521,-1.0,0.0,0.0,0.0,0.0,1.594011781272,1.7737393842834,-6.6581012115251,-6.8231348631916,-6.5065898419322,-21.3004375715,-6.9700789886804,-7.773988496395,-9.6503259952944,-30.728763697402,,31.696832907912,,4.0260764604398,,1.0,,0.0,,0.0,,0.0
3.53,0,0.9450772366492,0.8592586221495,-0.00020814698646128,208.63789496992,6.9733057056304e-05,61.290393933019,0.0,1.0,0.0,0.0,2.49739499999,0.078237500000008,0.0,0.0,0.0,0.0,1.0,0.0,1.0,0.0,1.0,0.0,1.0,0.0,1.0,0.0,1.0,0.0,1.0,0.0,1.0,0.0,0.0,1.0,0.0,1.0,2.42521,-1.0,0.0,0.0,0.0,0.0,1.594011781272,1.7737393842834,-9.6267174552558,-10.894348358726,-6.0173641442866,-20.363940108084,-9.9056064652163,-11.818935608627,-8.8877262519247,-29.761899649215,,32.022540390108,,4.0674472570385,,1.0,,0.0,,0.0,,0.0
3.54,0,1.0296285056779,0.90445445113289,-0.00065567736732343,212.10225048542,-0.00019653218243453,63.920282418493,0.0,0.0,0.0,0.0,2.49739499999,0.0,0.0,0.0,0.0,0.0,1.0,0.0,1.0,0.0,1.0,0.0,1.0,0.0,1.0,0.0,1.0,0.0,1.0,0.0,1.0,0.0,0.0,1.0,0.0,1.0,2.42521,-1.0,0.0,0.0,0.0,0.0,1.594011781272,2.0,-11.768775146384,-14.830401780484,-5.9667580455979,-19.456494957879,-11.997560311666,-15.716738439977,-8.4008228151735,-28.60165129429,,32.634999472574,,4.1452407420236,,1.0,,0.0,,0.0,,0.0
3.55,0,1.1031964457054,0.95401284136465,-0.00054657673256401,213.84683810923,0.00025711655263779,65.452887485149,0.0,0.0,0.0,0.0,2.49739499999,0.0,0.0,0.0,0.0,0.0,1.0,0.0,1.0,0.0,1.0,0.0,1.0,0.0,1.0,0.0,1.0,0.0,1.0,0.0,1.0,0.0,0.0,1.0,0.0,1.0,2.42521,-1.0,0.0,0.0,0.0,0.0,1.594011781272,2.0,-12.820482904924,-18.416139471114,-6.3688801576252,-18.752817142588,-13.000412415184,-19.232650279498,-8.2669035614066,-27.44634399239,,33.51371381753,,4.2568535063007,,1.0,,0.0,,0.0,,0.0
3.56,0,1.158054287077,1.0036010664182,-0.0005302358935849,214.32598650932,-0.00024656905814163,63.308962204041,0.0,0.0,0.0,0.0,2.49739499999,0.0,0.0,0.0,0.0,0.0,1.0,0.0,1.0,0.0,1.0,0.0,1.0,0.0,1.0,0.0,1.0,0.0,1.0,0.0,1.0,0.0,0.0,1.0,0.0,1.0,2.42521,-1.0,0.0,0.0,0.0,0.0,1.594011781272,2.0,-12.421416046942,-21.458725042183,-7.1685637253083,-18.18132640619,-12.554147390406,-22.205838942593,-8.4930246023817,-26.219447659648,,34.358841466461,,4.3642001469986,,1.0,,0.0,,0.0,,0.0
3.57,0,1.1882299546332,1.053312839252,-0.00089174862417997,214.2970356654,0.00016474022259263,60.13156060035,0.0,0.0,0.0,0.0,2.49739499999,0.0,0.0,0.0,0.0,0.0,1.0,0.0,1.0,0.0,1.0,0.0,1.0,0.0,1.0,0.0,1.0,0.0,1.0,0.0,1.0,0.0,0.0,1.0,0.0,1.0,2.42521,-1.0,0.0,0.0,0.0,0.0,1.594011781272,2.0,-10.666431842065,-23.623151838186,-8.3125818241845,-17.902853258526,-10.766674069224,-24.271310906402,-9.1278297423338,-25.102444094515,,34.917323457088,,4.435137555874,,1.0,,0.0,,0.0,,0.0
3.58,0,1.1884496076108,1.0990605670654,-0.00040665771174576,213.64229903449,-2.3908740686669e-05,55.085987114291,0.0,0.0,0.0,0.0,2.49739499999,0.0,0.0,0.0,0.0,0.0,1.0,0.0,1.0,0.0,1.0,0.0,1.0,0.0,1.0,0.0,1.0,0.0,1.0,0.0,1.0,0.0,0.0,1.0,0.0,1.0,2.42521,-1.0,0.0,0.0,0.0,0.0,1.594011781272,2.0,-7.7014793044879,-24.806500041495,-9.512699438756,-17.887141664532,-7.7869838650034,-25.362596568065,-9.9608259337787,-24.119285218032,,35.00013623882,,4.4456562910461,,1.0,,0.0,,0.0,,0.0
3.59,0,1.1578042702821,1.1380964045732,-0.00087137175586413,211.88092106799,-0.00010485015442392,48.766965400907,0.0,0.0,0.0,0.0,2.49739499999,0.0,0.0,0.0,0.0,0.0,1.0,0.0,1.0,0.0,1.0,0.0,1.0,0.0,1.0,0.0,1.0,0.0,1.0,0.0,1.0,0.0,0.0,1.0,0.0,1.0,2.42521,-1.0,0.0,0.0,0.0,0.0,1.594011781272,2.0,-4.0661689072657,-24.6568266988,-10.689267711131,-18.174041073126,-4.1602234601028,-25.111893509896,-10.985512318987,-23.349769534722,,34.290748374882,,4.3555510812096,,1.0,,0.0,,0.0,,0.0
3.6,0,1.1006796006708,1.1678859248821,-0.00045502560207169,209.65684610328,0.00019458250225248,43.325715742218,0.0,0.0,0.0,0.0,2.49739499999,0.0,0.0,0.0,0.0,0.0,1.0,0.0,1.0,0.0,1.0,0.0,1.0,0.0,1.0,0.0,1.0,0.0,1.0,0.0,1.0,0.0,0.0,1.0,0.0,1.0,2.42521,-1.0,0.0,0.0,0.0,0.0,1.594011781272,2.0,-0.36574630874235,-23.235442184685,-11.510235413993,-18.814547917844,-0.48607668682803,-23.604469707872,-11.883840053062,-22.94976310432,,32.922962116655,,4.1818172550838,,1.0,,0.0,,0.0,,0.0
3.61,0,1.0245553973067,1.186721191163,-0.00051573004272413,208.35679422119,-0.00021786076997218,45.958638020899,0.0,0.0,0.0,0.0,2.49739499999,0.0,0.0,0.0,0.0,0.0,1.0,0.0,1.0,0.0,1.0,0.0,1.0,0.0,1.0,0.0,1.0,0.0,1.0,0.0,1.0,0.0,0.0,1.0,0.0,1.0,2.42521,-1.0,0.0,0.0,0.0,0.0,1.594011781272,2.0,2.825612646664,-20.437478266137,-11.973852978757,-19.650329645868,2.6636595121352,-20.737734820018,-12.645289583937,-22.829078641381,,30.842951479795,,3.9176179299697,,1.0,,0.0,,0.0,,0.0
3.62,0,0.93892309830433,1.1916803585802,-0.00055292905579938,204.3837389354,0.00015415820184046,49.283368583375,0.0,0.0,0.0,0.0,2.49739499999,0.0,0.0,0.0,0.0,0.0,1.0,0.0,1.0,0.0,1.0,0.0,1.0,0.0,1.0,0.0,1.0,0.0,1.0,0.0,1.0,0.0,0.0,1.0,0.0,1.0,2.42521,-1.0,0.0,0.0,0.0,0.0,1.594011781272,2.0,4.9685645818872,-16.521212547264,-11.926850632933,-20.784834673059,4.7582274834945,-16.778464447951,-13.047920729725,-23.205039002861,,28.636600416884,,3.6373710641815,,1.0,,0.0,,0.0,,0.0
3.63,0,0.85603317093319,1.1815601714999,-0.00020422909938801,200.15833683349,-4.8849326776241e-05,51.609162040307,1.0,0.0,0.0,0.0,2.5027824999898,0.0,1.0,0.0,1.0,0.0,1.0,0.0,1.0,0.0,1.0,0.0,1.0,0.0,1.0,0.0,1.0,0.0,1.0,0.0,1.0,0.0,0.0,1.0,0.0,1.0,2.42521,-1.0,0.0,0.0,0.0,0.0,1.594011781272,2.0,5.8680038190349,-11.805142216711,-11.464276192663,-21.928423072892,5.6122299830836,-12.053024851882,-13.124730774725,-23.847155123469,,26.720772844739,,3.3940259857353,,1.0,,0.0,,0.0,,0.0
3.64,0,0.78626142872425,1.1579639738832,-0.00046190535670294,195.84339792664,-6.7525916086278e-05,54.339786188772,1.0,0.0,0.0,0.0,2.5127824999895,0.0,1.0,0.0,1.0,0.0,1.0,0.0,1.0,0.0,1.0,0.0,1.0,0.0,1.0,0.0,1.0,0.0,1.0,0.0,1.0,0.0,0.0,1.0,0.0,1.0,2.42521,-1.0,0.0,0.0,0.0,0.0,1.594011781272,2.0,5.3795484295266,-6.6523990459741,-10.630288181958,-23.151727713526,5.0804247061996,-6.9183842967177,-12.824860545524,-24.891542012199,,25.835295707699,,3.281554223397,,1.0,,0.0,,0.0,,0.0
3.65,0,0.7446516480133,1.1226107669576,-0.00022232799071848,191.98232228208,0.00014915904535959,57.424584395427,1.0,0.0,0.0,0.0,2.5227824999891,0.0,1.0,0.0,1.0,0.0,1.0,0.0,1.0,0.0,1.0,0.0,1.0,0.0,1.0,0.0,1.0,0.0,1.0,0.0,1.0,0.0,0.0,1.0,0.0,1.0,2.42521,-1.0,0.0,0.0,0.0,0.0,1.594011781272,2.0,3.695962762084,-1.6647306753239,-9.5726574319976,-24.204564157587,3.3728897306268,-1.9837538183607,-12.231587378896,-26.086675867551,,26.161487749131,,3.3229865678652,,1.0,,0.0,,0.0,,0.0
3.66,0,0.74285281788863,1.0785045818131,-0.00021861758588136,188.37780280076,-0.00015300441224979,60.012642488101,1.0,0.0,0.0,0.0,2.5327824999887,0.0,1.0,0.0,1.0,0.0,1.0,0.0,1.0,0.0,1.0,0.0,1.0,0.0,1.0,0.0,1.0,0.0,1.0,0.0,1.0,0.0,0.0,1.0,0.0,1.0,2.42521,-1.0,0.0,0.0,0.0,0.0,1.594011781272,2.0,1.0263112130067,2.8772325894103,-8.4137971935267,-25.074818260487,0.6851632251252,2.4919435789032,-11.403024825012,-27.409639779022,,27.521884602476,,3.4957818046645,,1.0,,0.0,,0.0,,0.0
3.67,0,0.78112977977257,1.0283268471433,-0.00045429626457693,185.29032044539,9.2912121731185e-05,62.477348624714,1.0,0.0,0.0,0.0,2.5427824999883,0.0,1.0,0.0,1.0,0.0,1.0,0.0,1.0,0.0,1.0,0.0,1.0,0.0,1.0,0.0,1.0,0.0,1.0,0.0,1.0,0.0,0.0,1.0,0.0,1.0,2.42521,-1.0,0.0,0.0,0.0,0.0,1.594011781272,2.0,-2.2251047482683,6.4416052374452,-7.3213523092757,-25.685551922704,-2.5577017625735,5.9630466254451,-10.463037625953,-28.723034620042,,29.334528681499,,3.726020695689,,1.0,,0.0,,0.0,,0.0
3.68,0,0.85003343252113,0.97663273364255,-0.00014466569389409,183.18614280884,2.5168483859507e-05,64.117820777167,1.0,0.0,0.0,0.0,2.5527824999879,0.0,1.0,0.0,1.0,0.0,1.0,0.0,1.0,0.0,1.0,0.0,1.0,0.0,1.0,0.0,1.0,0.0,1.0,0.0,1.0,0.0,0.0,1.0,0.0,1.0,2.42521,-1.0,0.0,0.0,0.0,0.0,1.594011781272,2.0,-5.6862123179675,8.9353110999324,-6.419086543762,-25.953313625108,-6.0015144978246,8.3712131214337,-9.519089706214,-29.870868594887,,31.020976084252,,3.9402303048863,,1.0,,0.0,,0.0,,0.0
3.69,0,0.9371934011173,0.9261030729656,-0.00058342198902052,181.72311845683,-0.00015290535115859,64.716403312865,0.0,0.0,0.0,0.0,2.5586599999877,0.0,0.0,0.0,0.0,0.0,1.0,0.0,1.0,0.0,1.0,0.0,1.0,0.0,1.0,0.0,1.0,0.0,1.0,0.0,1.0,0.0,0.0,1.0,0.0,1.0,2.42521,-1.0,0.0,0.0,0.0,0.0,1.594011781272,2.0,-8.8183091511846,10.13412460256,-5.861019966233,-25.966035744321,-9.0939795853101,9.4703741684187,-8.7105658300322,-30.871144601419,,32.290613026546,,4.1014973760011,,1.0,,0.0,,0.0,,0.0
3.7,0,1.0258904267548,0.88130964104633,-0.00043382187411672,181.86630403948,0.00023280414205854,66.331815571804,0.0,1.0,0.0,0.0,2.5586599999877,0.0043574999999999,0.0,0.0,0.0,0.0,1.0,0.0,1.0,0.0,1.0,0.0,1.0,0.0,1.0,0.0,1.0,0.0,1.0,0.0,1.0,0.0,0.0,1.0,0.0,1.0,2.42521,-1.0,0.0,0.0,0.0,0.0,1.594011781272,1.9638085646482,-11.212326363471,10.092900328117,-5.7538866753848,-25.627667575793,-11.440964753522,9.3483595977263,-8.182705994571,-31.528447321512,,32.885026634461,,4.1769987562666,,1.0,,0.0,,0.0,,0.0
3.71,0,1.103085883557,0.84515483827134,-0.00050394573788472,183.22851694506,-0.00025315261950401,68.776664512731,0.0,1.0,0.0,0.0,2.5586599999877,0.0143575,0.0,0.0,0.0,0.0,1.0,0.0,1.0,0.0,1.0,0.0,1.0,0.0,1.0,0.0,1.0,0.0,1.0,0.0,1.0,0.0,0.0,1.0,0.0,1.0,2.42521,-1.0,0.0,0.0,0.0,0.0,1.594011781272,1.8922684319344,-12.336953075055,8.8855243345817,-6.1144696628907,-25.091978973598,-12.512618211958,8.0651298730673,-7.993704359678,-31.95670672524,,32.958834866379,,4.1863737492185,,1.0,,0.0,,0.0,,0.0
3.72,0,1.1612013283065,0.81904534194175,-0.00083918917722025,185.72930765469,0.00018441098157657,70.348896924111,0.0,1.0,0.0,0.0,2.5586599999877,0.024357500000002,0.0,0.0,0.0,0.0,1.0,0.0,1.0,0.0,1.0,0.0,1.0,0.0,1.0,0.0,1.0,0.0,1.0,0.0,1.0,0.0,0.0,1.0,0.0,1.0,2.42521,-1.0,0.0,0.0,0.0,0.0,1.594011781272,1.8409819212944,-12.010604349483,6.6285046920586,-6.9689167477793,-24.303187701097,-12.138838171676,5.7466196260863,-8.2677966687048,-32.006969764082,,32.519025201367,,4.1305098922672,,1.0,,0.0,,0.0,,0.0
3.73,0,1.1917133723276,0.80505409407235,-0.00041061243236427,188.90452648918,-5.7339206991664e-05,65.994537439955,0.0,1.0,0.0,0.0,2.5586599999877,0.034357500000003,0.0,0.0,0.0,0.0,1.0,0.0,1.0,0.0,1.0,0.0,1.0,0.0,1.0,0.0,1.0,0.0,1.0,0.0,1.0,0.0,0.0,1.0,0.0,1.0,2.42521,-1.0,0.0,0.0,0.0,0.0,1.594011781272,1.8134991129835,-10.136961051382,3.5662656526312,-8.0800864487606,-23.40432961887,-10.232652441531,2.6494281070808,-8.8595191807293,-31.807014789775,,31.917517471701,,4.0541074290237,,1.0,,0.0,,0.0,,0.0
3.74,0,1.1894558066571,0.80599479797683,-0.00092684105003327,194.05539186054,-7.5504064743868e-05,62.061334810568,0.0,1.0,0.0,0.0,2.5586599999877,0.044357499999999,0.0,0.0,0.0,0.0,1.0,0.0,1.0,0.0,1.0,0.0,1.0,0.0,1.0,0.0,1.0,0.0,1.0,0.0,1.0,0.0,0.0,1.0,0.0,1.0,2.42521,-1.0,0.0,0.0,0.0,0.0,1.594011781272,1.8101898603013,-7.0530755834155,-0.15918565990983,-9.3675408802056,-22.38261870246,-7.137461663142,-1.1075898126264,-9.7949760112517,-31.290303992406,,31.31012001942,,3.976956863481,,1.0,,0.0,,0.0,,0.0
3.75,0,1.1537833226832,0.82356389235141,-0.00047052099040035,200.25250904433,0.00018935404015988,60.829010528163,0.0,1.0,0.0,0.0,2.5586599999877,0.054357499999995,0.0,0.0,0.0,0.0,1.0,0.0,1.0,0.0,1.0,0.0,1.0,0.0,1.0,0.0,1.0,0.0,1.0,0.0,1.0,0.0,0.0,1.0,0.0,1.0,2.42521,-1.0,0.0,0.0,0.0,0.0,1.594011781272,1.8101898603013,-3.3205087191391,-4.2512557815408,-10.457068580779,-21.337942484755,-3.4166714862894,-5.1925300011594,-10.758576029038,-30.542393634584,,30.980740862026,,3.9351196970992,,1.0,,0.0,,0.0,,0.0
3.76,0,1.0910114609897,0.85503460269504,-0.00061411941230683,206.29224584092,-0.00022856665455539,61.395399704171,0.0,1.0,0.0,0.0,2.5586599999877,0.064357499999994,0.0,0.0,0.0,0.0,1.0,0.0,1.0,0.0,1.0,0.0,1.0,0.0,1.0,0.0,1.0,0.0,1.0,0.0,1.0,0.0,0.0,1.0,0.0,1.0,2.42521,-1.0,0.0,0.0,0.0,0.0,1.594011781272,1.8101898603013,0.40650600515832,-8.5784623100449,-11.271628680966,-20.300966531985,0.27830805223404,-9.5100891323883,-11.701515012037,-29.586971635318,,31.077636354679,,3.9474271936629,,1.0,,0.0,,0.0,,0.0
3.77,0,1.0091000715405,0.89813620419458,-0.00058676632082517,210.88413045758,0.00018730877470111,63.468461493494,0.0,1.0,0.0,0.0,2.5586599999877,0.074357500000004,0.0,0.0,0.0,0.0,1.0,0.0,1.0,0.0,1.0,0.0,1.0,0.0,1.0,0.0,1.0,0.0,1.0,0.0,1.0,0.0,0.0,1.0,0.0,1.0,2.42521,-1.0,0.0,0.0,0.0,0.0,1.594011781272,1.8101898603013,3.4004098374383,-12.816497204568,-11.581442692718,-19.324778605205,3.2262572407684,-13.703492007122,-12.352715692469,-28.444743396022,,31.573207773125,,4.0103738113286,,1.0,,0.0,,0.0,,0.0
3.78,0,0.92085372542684,0.9481367702954,-0.00026027381937561,213.83497788993,-9.332725278747e-05,65.883744878841,0.0,0.0,0.0,0.0,2.5586599999877,0.0,0.0,0.0,0.0,0.0,1.0,0.0,1.0,0.0,1.0,0.0,1.0,0.0,1.0,0.0,1.0,0.0,1.0,0.0,1.0,0.0,0.0,1.0,0.0,1.0,2.42521,-1.0,0.0,0.0,0.0,0.0,1.594011781272,2.0,5.2672258626868,-16.808974534819,-11.420042448976,-18.511397200668,5.0445629752153,-17.637533455446,-12.68889799677,-27.245079098528,,32.455301204004,,4.1224157812091,,1.0,,0.0,,0.0,,0.0
3.79,0,0.83835670970749,1.0002256807912,-0.00052385764961081,214.58533625186,-3.362947478804e-05,64.158699245929,1.0,0.0,0.0,0.0,2.5662974999874,0.0,1.0,0.0,1.0,0.0,1.0,0.0,1.0,0.0,1.0,0.0,1.0,0.0,1.0,0.0,1.0,0.0,1.0,0.0,1.0,0.0,0.0,1.0,0.0,1.0,2.42521,-1.0,0.0,0.0,0.0,0.0,1.594011781272,2.0,5.6766128433055,-20.192563201788,-10.796202252993,-17.848617371675,5.4041202943817,-20.94406651319,-12.619543862471,-25.9488146508,,33.346137046312,,4.2355681969489,,1.0,,0.0,,0.0,,0.0
3.8,0,0.7761538348067,1.0517415772581,-0.00021234182814262,214.69993145292,0.00012841228189043,60.767334581005,1.0,0.0,0.0,0.0,2.5762974999871,0.0,1.0,0.0,1.0,0.0,1.0,0.0,1.0,0.0,1.0,0.0,1.0,0.0,1.0,0.0,1.0,0.0,1.0,0.0,1.0,0.0,0.0,1.0,0.0,1.0,2.42521,-1.0,0.0,0.0,0.0,0.0,1.594011781272,2.0,4.6983744030857,-22.737017935257,-9.8408359981071,-17.514193537968,4.3929572294129,-23.389950027894,-12.194126863012,-24.787402519106,,34.080650607527,,4.3288648290532,,1.0,,0.0,,0.0,,0.0
3.81,0,0.74975882400737,1.0995310200914,-0.00026844661669379,214.17961077397,-0.00015949586169969,55.593775398607,1.0,0.0,0.0,0.0,2.5862974999867,0.0,1.0,0.0,1.0,0.0,1.0,0.0,1.0,0.0,1.0,0.0,1.0,0.0,1.0,0.0,1.0,0.0,1.0,0.0,1.0,0.0,0.0,1.0,0.0,1.0,2.42521,-1.0,0.0,0.0,0.0,0.0,1.594011781272,2.0,2.4769229235672,-24.15546562095,-8.6938019845056,-17.412705865686,2.1448231585113,-24.712382944482,-11.468735761795,-23.690148582277,,34.233439663643,,4.3482718286115,,1.0,,0.0,,0.0,,0.0
3.82,0,0.76746624933307,1.1403803381311,-0.00042162453198591,212.32638231234,0.00012058028338801,49.345693143936,1.0,0.0,0.0,0.0,2.5962974999863,0.0,1.0,0.0,1.0,0.0,1.0,0.0,1.0,0.0,1.0,0.0,1.0,0.0,1.0,0.0,1.0,0.0,1.0,0.0,1.0,0.0,0.0,1.0,0.0,1.0,2.42521,-1.0,0.0,0.0,0.0,0.0,1.594011781272,2.0,-0.5914352470398,-24.18299514749,-7.529867873108,-17.727814935937,-0.92327732631748,-24.631886946021,-10.557647062009,-22.920790788375,,33.647128716955,,4.27379963425,,1.0,,0.0,,0.0,,0.0
3.83,0,0.82409482142067,1.1706349408988,-0.00013568091148852,210.07365979039,-1.0744838222341e-05,43.789910992306,1.0,0.0,0.0,0.0,2.6062974999859,0.0,1.0,0.0,1.0,0.0,1.0,0.0,1.0,0.0,1.0,0.0,1.0,0.0,1.0,0.0,1.0,0.0,1.0,0.0,1.0,0.0,0.0,1.0,0.0,1.0,2.42521,-1.0,0.0,0.0,0.0,0.0,1.594011781272,2.0,-4.1050313469327,-22.809206093767,-6.5027648021273,-18.32049924235,-4.4260487563574,-23.173066036665,-9.5827737969909,-22.430882908649,,32.251988902445,,4.0965914070893,,1.0,,0.0,,0.0,,0.0
3.84,0,0.90681772284815,1.1893468170887,-0.00057541787368967,208.45822554021,-0.00011364845427112,46.751480948838,0.0,0.0,0.0,0.0,2.6155599999856,0.0,0.0,0.0,0.0,0.0,1.0,0.0,1.0,0.0,1.0,0.0,1.0,0.0,1.0,0.0,1.0,0.0,1.0,0.0,1.0,0.0,0.0,1.0,0.0,1.0,2.42521,-1.0,0.0,0.0,0.0,0.0,1.594011781272,2.0,-7.4892852650904,-19.923789340936,-5.7877902133831,-19.236971115366,-7.7748598461223,-20.213000785291,-8.6948411041403,-22.364705972563,,30.146575576881,,3.8291654767392,,1.0,,0.0,,0.0,,0.0
3.85,0,0.99795016835987,1.1926171715236,-0.00036977370536795,204.25382296242,0.00021504197211222,50.34443998418,0.0,0.0,0.0,0.0,2.6155599999856,0.0,0.0,0.0,0.0,0.0,1.0,0.0,1.0,0.0,1.0,0.0,1.0,0.0,1.0,0.0,1.0,0.0,1.0,0.0,1.0,0.0,0.0,1.0,0.0,1.0,2.42521,-1.0,0.0,0.0,0.0,0.0,1.594011781272,2.0,-10.267367147411,-15.918600622189,-5.5146512617982,-20.37307088715,-10.507718662339,-16.17158772557,-8.0530540329301,-22.73098002013,,27.897628495662,,3.5435081389611,,1.0,,0.0,,0.0,,0.0
3.86,0,1.0808151987512,1.179556833864,-0.00051864235238512,199.67605562,-0.0002573272529782,52.735045630216,0.0,0.0,0.0,0.0,2.6155599999856,0.0,0.0,0.0,0.0,0.0,1.0,0.0,1.0,0.0,1.0,0.0,1.0,0.0,1.0,0.0,1.0,0.0,1.0,0.0,1.0,0.0,0.0,1.0,0.0,1.0,2.42521,-1.0,0.0,0.0,0.0,0.0,1.594011781272,2.0,-11.84060589955,-10.997506305011,-5.7365932872159,-21.572862092109,-12.026851803804,-11.240002145864,-7.748123931834,-23.445199440735,,26.000995156886,,3.3026010785771,,1.0,,0.0,,0.0,,0.0
3.87,0,1.1461169778159,1.1522741479465,-0.00078588442994437,195.0652471539,0.0002078479956361,55.835027766454,0.0,0.0,0.0,0.0,2.6155599999856,0.0,0.0,0.0,0.0,0.0,1.0,0.0,1.0,0.0,1.0,0.0,1.0,0.0,1.0,0.0,1.0,0.0,1.0,0.0,1.0,0.0,0.0,1.0,0.0,1.0,2.42521,-1.0,0.0,0.0,0.0,0.0,1.594011781272,2.0,-11.945256508408,-5.7885067633643,-6.4870602468893,-22.820944364646,-12.081045508066,-6.0613629295552,-7.9117825526122,-24.554853160106,,25.291953908611,,3.2125398952577,,1.0,,0.0,,0.0,,0.0
3.88,0,1.1840468874578,1.1133362088252,-0.00041621144465339,191.10284299372,-0.00010285702255404,58.923321998779,0.0,0.0,0.0,0.0,2.6155599999856,0.0,0.0,0.0,0.0,0.0,1.0,0.0,1.0,0.0,1.0,0.0,1.0,0.0,1.0,0.0,1.0,0.0,1.0,0.0,1.0,0.0,0.0,1.0,0.0,1.0,2.42521,-1.0,0.0,0.0,0.0,0.0,1.594011781272,2.0,-10.411192630035,-0.72684314814884,-7.5553330173416,-23.847288255016,-10.509999957575,-1.0531033764499,-8.4305573720946,-25.781178866621,,25.802103347562,,3.277338187675,,1.0,,0.0,,0.0,,0.0
3.89,0,1.1894170618815,1.0652924146562,-0.00093933385312854,187.21580188499,-3.444381440018e-05,61.580492228822,0.0,0.0,0.0,0.0,2.6155599999856,0.0,0.0,0.0,0.0,0.0,1.0,0.0,1.0,0.0,1.0,0.0,1.0,0.0,1.0,0.0,1.0,0.0,1.0,0.0,1.0,0.0,0.0,1.0,0.0,1.0,2.42521,-1.0,0.0,0.0,0.0,0.0,1.594011781272,2.0,-7.5372008992711,3.6939831453463,-8.8464111956,-24.722713525007,-7.6203059890226,3.2875977092771,-9.3253774367109,-27.182957140642,,27.380150542373,,3.4777789914281,,1.0,,0.0,,0.0,,0.0
3.9,0,1.1600329404567,1.0122323057541,-0.00044820478059569,184.2175004471,0.00016032137907342,63.99904983963,0.0,0.0,0.0,0.0,2.6155599999856,0.0,0.0,0.0,0.0,0.0,1.0,0.0,1.0,0.0,1.0,0.0,1.0,0.0,1.0,0.0,1.0,0.0,1.0,0.0,1.0,0.0,0.0,1.0,0.0,1.0,2.42521,-1.0,0.0,0.0,0.0,0.0,1.594011781272,2.0,-3.8592759591819,7.0606430538337,-9.9822041638375,-25.228687890349,-3.9504930483319,6.5617826125573,-10.288905434207,-28.454702316488,,29.200560619091,,3.7090043059419,,1.0,,0.0,,0.0,,0.0
3.91,0,1.1012940963904,0.95846398069936,-0.0006659627175177,182.11883937911,-0.00021690403639193,65.268082387731,0.0,0.0,0.0,0.0,2.6155599999856,0.0,0.0,0.0,0.0,0.0,1.0,0.0,1.0,0.0,1.0,0.0,1.0,0.0,1.0,0.0,1.0,0.0,1.0,0.0,1.0,0.0,0.0,1.0,0.0,1.0,2.42521,-1.0,0.0,0.0,0.0,0.0,1.594011781272,2.0,-0.074009765332941,9.2317914674929,-10.862750313296,-25.454509735461,-0.19553619073926,8.6392602441224,-11.258791787568,-29.628433683483,,30.861625322421,,3.9199898489068,,1.0,,0.0,,0.0,,0.0
3.92,0,1.0210133692003,0.90763222791917,-0.00055934095738805,180.97107131587,0.00020546881891717,66.07270301334,0.0,0.0,0.0,0.0,2.6155599999856,0.0,0.0,0.0,0.0,0.0,1.0,0.0,1.0,0.0,1.0,0.0,1.0,0.0,1.0,0.0,1.0,0.0,1.0,0.0,1.0,0.0,0.0,1.0,0.0,1.0,2.42521,-1.0,0.0,0.0,0.0,0.0,1.594011781272,2.0,3.0568999253037,9.9944272172561,-11.235925855642,-25.328549002556,2.8903983862711,9.3020255077792,-11.948156158461,-30.5216448756,,31.907257263077,,4.0528041952104,,1.0,,0.0,,0.0,,0.0
3.93,0,0.93225038207856,0.86456324703463,-0.0002867769634047,181.67814545938,-0.00012392021215429,68.111952887247,0.0,1.0,0.0,0.0,2.6155599999856,0.0083824999999997,0.0,0.0,0.0,0.0,1.0,0.0,1.0,0.0,1.0,0.0,1.0,0.0,1.0,0.0,1.0,0.0,1.0,0.0,1.0,0.0,0.0,1.0,0.0,1.0,2.42521,-1.0,0.0,0.0,0.0,0.0,1.594011781272,1.9303920919996,5.072036948836,9.4955968365985,-11.127888135345,-24.904621232923,4.855838564531,8.7268959721019,-12.327013341293,-31.119270739388,,32.319759714781,,4.1051995375307,,1.0,,0.0,,0.0,,0.0
3.94,0,0.84768554270609,0.83103502768646,-0.00053306598565645,183.5903183258,1.4279543263023e-07,70.446021842364,1.0,1.0,0.0,0.0,2.6218974999853,0.0183825,1.0,0.0,1.0,0.0,1.0,0.0,1.0,0.0,1.0,0.0,1.0,0.0,1.0,0.0,1.0,0.0,1.0,0.0,1.0,0.0,0.0,1.0,0.0,1.0,2.42521,-1.0,0.0,0.0,0.0,0.0,1.594011781272,1.8645330897181,5.6070349523089,7.7408581120617,-10.532800175685,-24.240486244401,5.340621444447,6.8933520950637,-12.28667967541,-31.40054018946,,32.148460446131,,4.0834414030443,,1.0,,0.0,,0.0,,0.0
3.95,0,0.78215980567571,0.80974805827853,-0.00019109142441182,186.67402603628,0.0001034796610909,68.673560008843,1.0,1.0,0.0,0.0,2.6318974999849,0.028382500000003,1.0,0.0,1.0,0.0,1.0,0.0,1.0,0.0,1.0,0.0,1.0,0.0,1.0,0.0,1.0,0.0,1.0,0.0,1.0,0.0,0.0,1.0,0.0,1.0,2.42521,-1.0,0.0,0.0,0.0,0.0,1.594011781272,1.8229183448637,4.7023731989963,4.9993736253598,-9.591790289469,-23.356015300176,4.4014608573124,4.1079922393309,-11.882813645829,-31.313315936005,,31.581974039704,,4.0114872872277,,1.0,,0.0,,0.0,,0.0
3.96,0,0.75212053843054,0.80284123664318,-0.00030512357159848,191.17927702055,-0.00016152103586499,63.459601603724,1.0,1.0,0.0,0.0,2.6418974999846,0.038382500000001,1.0,0.0,1.0,0.0,1.0,0.0,1.0,0.0,1.0,0.0,1.0,0.0,1.0,0.0,1.0,0.0,1.0,0.0,1.0,0.0,0.0,1.0,0.0,1.0,2.42521,-1.0,0.0,0.0,0.0,0.0,1.594011781272,1.8090260146679,2.5050024662104,1.4376167588026,-8.4449013517138,-22.373259231318,2.1774575845156,0.50978371518267,-11.163478694946,-30.955732003277,,30.960217058674,,3.9325127993756,,1.0,,0.0,,0.0,,0.0
3.97,0,0.76714724589908,0.81347438379287,-0.00039556553693687,197.54380107171,0.00014242969703402,61.011878147362,1.0,1.0,0.0,0.0,2.6518974999842,0.048382499999998,1.0,0.0,1.0,0.0,1.0,0.0,1.0,0.0,1.0,0.0,1.0,0.0,1.0,0.0,1.0,0.0,1.0,0.0,1.0,0.0,0.0,1.0,0.0,1.0,2.42521,-1.0,0.0,0.0,0.0,0.0,1.594011781272,1.8090260146679,-0.57430720764358,-2.6554065364805,-7.2846059943446,-21.283129947501,-0.90141065318086,-3.5919941621709,-10.259240830002,-30.255966811704,,30.468586242855,,3.8700667101859,,1.0,,0.0,,0.0,,0.0
3.98,0,0.82220033489782,0.84005386504569,-0.00014553465989617,204.34207451474,-5.1386193130604e-05,60.736840183914,1.0,1.0,0.0,0.0,2.6618974999838,0.058382499999994,1.0,0.0,1.0,0.0,1.0,0.0,1.0,0.0,1.0,0.0,1.0,0.0,1.0,0.0,1.0,0.0,1.0,0.0,1.0,0.0,0.0,1.0,0.0,1.0,2.42521,-1.0,0.0,0.0,0.0,0.0,1.594011781272,1.8090260146679,-4.0999259507941,-7.0455252203839,-6.2658307596476,-20.23263385895,-4.415329285942,-7.9665633544369,-9.2878974055377,-29.374278887226,,30.435337875005,,3.8658435604619,,1.0,,0.0,,0.0,,0.0
3.99,0,0.90384573091307,0.87998331252551,-0.00059472082649187,209.87710375621,-6.8713942738141e-05,62.233239943523,0.0,1.0,0.0,0.0,2.6714849999834,0.068382499999998,0.0,0.0,0.0,0.0,1.0,0.0,1.0,0.0,1.0,0.0,1.0,0.0,1.0,0.0,1.0,0.0,1.0,0.0,1.0,0.0,0.0,1.0,0.0,1.0,2.42521,-1.0,0.0,0.0,0.0,0.0,1.594011781272,1.8090260146679,-7.4720711003399,-11.467955691238,-5.581854993284,-19.192463126308,-7.7503542042734,-12.359942634379,-8.4225708815048,-28.239403916913,,30.825491461571,,3.915400188892,,1.0,,0.0,,0.0,,0.0
4.0,0,0.99417571689004,0.92920503354831,-0.00032179741825296,213.75754502231,0.00018953746321281,65.411444906024,0.0,0.0,0.0,0.0,2.6714849999834,0.0,0.0,0.0,0.0,0.0,1.0,0.0,1.0,0.0,1.0,0.0,1.0,0.0,1.0,0.0,1.0,0.0,1.0,0.0,1.0,0.0,0.0,1.0,0.0,1.0,2.42521,-1.0,0.0,0.0,0.0,0.0,1.594011781272,2.0,-10.187680170624,-15.617170448501,-5.3446464742228,-18.33298213078,-10.420336337599,-16.443515961025,-7.8060299165423,-27.03753718571,,31.644750134379,,4.0194609973389,,1.0,,0.0,,0.0,,0.0
4.01,0,1.0755848246697,0.9811817874946,-0.0005701353526255,215.24051528822,-0.00025340028540708,65.748765910271,0.0,0.0,0.0,0.0,2.6714849999834,0.0,0.0,0.0,0.0,0.0,1.0,0.0,1.0,0.0,1.0,0.0,1.0,0.0,1.0,0.0,1.0,0.0,1.0,0.0,1.0,0.0,0.0,1.0,0.0,1.0,2.42521,-1.0,0.0,0.0,0.0,0.0,1.594011781272,2.0,-11.646327353941,-19.250412575253,-5.6219726034875,-17.627900884277,-11.824131747403,-20.007206545953,-7.5510921843685,-25.743671271421,,32.603566377939,,4.141248165139,,1.0,,0.0,,0.0,,0.0
4.02,0,1.1388665552833,1.0325674926905,-0.00071886518129307,215.1125835567,0.00023875201262853,62.673973054347,0.0,0.0,0.0,0.0,2.6714849999834,0.0,0.0,0.0,0.0,0.0,1.0,0.0,1.0,0.0,1.0,0.0,1.0,0.0,1.0,0.0,1.0,0.0,1.0,0.0,1.0,0.0,0.0,1.0,0.0,1.0,2.42521,-1.0,0.0,0.0,0.0,0.0,1.594011781272,2.0,-11.61081077622,-21.964165693827,-6.4073060868624,-17.222604675106,-11.739941898863,-22.620469867695,-7.7534961015486,-24.522803643331,,33.362198437918,,4.2376082869117,,1.0,,0.0,,0.0,,0.0
4.03,0,1.1744619482011,1.0806676996308,-0.00043795652736612,214.69350308925,-0.00016166199737015,58.408656053827,0.0,0.0,0.0,0.0,2.6714849999834,0.0,0.0,0.0,0.0,0.0,1.0,0.0,1.0,0.0,1.0,0.0,1.0,0.0,1.0,0.0,1.0,0.0,1.0,0.0,1.0,0.0,0.0,1.0,0.0,1.0,2.42521,-1.0,0.0,0.0,0.0,0.0,1.594011781272,2.0,-9.9361779128512,-23.601178215605,-7.5025179319806,-17.124534450657,-10.030045562269,-24.159783201322,-8.3153861333932,-23.447519631476,,33.667235654517,,4.2763535824078,,1.0,,0.0,,0.0,,0.0
4.04,0,1.1774864816917,1.1222327749014,-0.0009234485432393,213.09192758014,2.8792556879452e-05,52.696677758746,0.0,0.0,0.0,0.0,2.6714849999834,0.0,0.0,0.0,0.0,0.0,1.0,0.0,1.0,0.0,1.0,0.0,1.0,0.0,1.0,0.0,1.0,0.0,1.0,0.0,1.0,0.0,0.0,1.0,0.0,1.0,2.42521,-1.0,0.0,0.0,0.0,0.0,1.594011781272,2.0,-6.9874114485909,-23.792147740253,-8.7800721704967,-17.354806510919,-7.0690940219585,-24.245810799435,-9.2229863060509,-22.589077669751,,33.138436502316,,4.2091864359246,,1.0,,0.0,,0.0,,0.0
4.05,0,1.1461836383628,1.1535523612146,-0.00040578559891185,210.47964307273,0.00010075037906299,46.613003154232,0.0,0.0,0.0,0.0,2.6714849999834,0.0,0.0,0.0,0.0,0.0,1.0,0.0,1.0,0.0,1.0,0.0,1.0,0.0,1.0,0.0,1.0,0.0,1.0,0.0,1.0,0.0,0.0,1.0,0.0,1.0,2.42521,-1.0,0.0,0.0,0.0,0.0,1.594011781272,2.0,-3.3007840882903,-22.560379422975,-9.878506989309,-17.978485322471,-3.3928522530031,-22.922846972253,-10.180728444693,-22.129780797057,,31.86282388373,,4.0471603448243,,1.0,,0.0,,0.0,,0.0
4.06,0,1.0860277963273,1.1729746311561,-0.00070529381877327,208.41537408161,-0.00018496807404663,46.152088213777,0.0,0.0,0.0,0.0,2.6714849999834,0.0,0.0,0.0,0.0,0.0,1.0,0.0,1.0,0.0,1.0,0.0,1.0,0.0,1.0,0.0,1.0,0.0,1.0,0.0,1.0,0.0,0.0,1.0,0.0,1.0,2.42521,-1.0,0.0,0.0,0.0,0.0,1.594011781272,2.0,0.38604371243325,-19.840742122017,-10.698037813225,-18.825568707271,0.26077374853525,-20.132589042464,-11.119184905512,-21.983414971036,,29.810346131539,,3.7864581987241,,1.0,,0.0,,0.0,,0.0
4.07,0,1.0054332907868,1.1787349517663,-0.00049080813405269,205.21001145969,0.00020952767887407,50.657120165094,0.0,0.0,0.0,0.0,2.6714849999834,0.0,0.0,0.0,0.0,0.0,1.0,0.0,1.0,0.0,1.0,0.0,1.0,0.0,1.0,0.0,1.0,0.0,1.0,0.0,1.0,0.0,0.0,1.0,0.0,1.0,2.42521,-1.0,0.0,0.0,0.0,0.0,1.594011781272,2.0,3.357697857656,-15.899519416018,-10.997305809147,-19.979268247547,3.1873561647661,-16.148008590551,-11.756378367217,-22.354753417528,,27.578168836116,,3.5029309299038,,1.0,,0.0,,0.0,,0.0
4.08,0,0.91751548423483,1.167989437413,-0.00031239899014989,200.32864859434,-0.0001520139812818,53.297496704141,0.0,0.0,0.0,0.0,2.6714849999834,0.0,0.0,0.0,0.0,0.0,1.0,0.0,1.0,0.0,1.0,0.0,1.0,0.0,1.0,0.0,1.0,0.0,1.0,0.0,1.0,0.0,0.0,1.0,0.0,1.0,2.42521,-1.0,0.0,0.0,0.0,0.0,1.594011781272,2.0,5.1540427409475,-11.12515261017,-10.824782134119,-21.154967752004,4.9331902604635,-11.366946432287,-12.080556975627,-23.028096190295,,25.681424434552,,3.262009762518,,1.0,,0.0,,0.0,,0.0
4.09,0,0.83484990943913,1.1427409549577,-0.00051116628226633,195.68099304704,4.5606126157062e-05,56.172989843783,1.0,0.0,0.0,0.0,2.6794474999831,0.0,1.0,0.0,1.0,0.0,1.0,0.0,1.0,0.0,1.0,0.0,1.0,0.0,1.0,0.0,1.0,0.0,1.0,0.0,1.0,0.0,0.0,1.0,0.0,1.0,2.42521,-1.0,0.0,0.0,0.0,0.0,1.594011781272,2.0,5.4661770110822,-5.9245944664875,-10.173206225243,-22.387519883082,5.1977905852574,-6.1888603061589,-11.978733235795,-24.102401216881,,24.884401663019,,3.1607733194884,,1.0,,0.0,,0.0,,0.0
4.1,0,0.77277312127985,1.1055278319876,-0.00015935111163239,191.54837102656,6.7215276566928e-05,59.222678201154,1.0,0.0,0.0,0.0,2.6894474999828,0.0,1.0,0.0,1.0,0.0,1.0,0.0,1.0,0.0,1.0,0.0,1.0,0.0,1.0,0.0,1.0,0.0,1.0,0.0,1.0,0.0,0.0,1.0,0.0,1.0,2.42521,-1.0,0.0,0.0,0.0,0.0,1.594011781272,2.0,4.3560950339453,-0.94417743335587,-9.2074373377264,-23.441395477397,4.054626439212,-1.2668248981421,-11.532870663737,-25.33868452413,,25.369751022728,,3.222421549073,,1.0,,0.0,,0.0,,0.0
4.11,0,0.74812405167867,1.0592965153434,-0.00034285826010093,187.77014938818,-0.00015232106086387,61.857295047654,1.0,0.0,0.0,0.0,2.6994474999824,0.0,1.0,0.0,1.0,0.0,1.0,0.0,1.0,0.0,1.0,0.0,1.0,0.0,1.0,0.0,1.0,0.0,1.0,0.0,1.0,0.0,0.0,1.0,0.0,1.0,2.42521,-1.0,0.0,0.0,0.0,0.0,1.594011781272,2.0,2.0128573353408,3.4931166545588,-8.0587617008445,-24.279729568975,1.6887972379896,3.0985981959368,-10.781180842145,-26.679793522182,,26.85827743745,,3.4114915793965,,1.0,,0.0,,0.0,,0.0
4.12,0,0.76875560113762,1.0075447384138,-0.00035199288461439,184.60021616974,0.00016381441541298,64.14114433,1.0,0.0,0.0,0.0,2.709447499982,0.0,1.0,0.0,1.0,0.0,1.0,0.0,1.0,0.0,1.0,0.0,1.0,0.0,1.0,0.0,1.0,0.0,1.0,0.0,1.0,0.0,0.0,1.0,0.0,1.0,2.42521,-1.0,0.0,0.0,0.0,0.0,1.594011781272,2.0,-1.1379600269688,6.8601601173235,-6.9351085159236,-24.837587996446,-1.4585235972568,6.3683188113096,-9.8779188897884,-27.992444019501,,28.706766466584,,3.6462834334974,,1.0,,0.0,,0.0,,0.0
4.13,0,0.82771303899488,0.95465768599912,-0.00017314984724856,182.41148500966,-0.00010659123541414,65.430482868262,1.0,0.0,0.0,0.0,2.7194474999816,0.0,1.0,0.0,1.0,0.0,1.0,0.0,1.0,0.0,1.0,0.0,1.0,0.0,1.0,0.0,1.0,0.0,1.0,0.0,1.0,0.0,0.0,1.0,0.0,1.0,2.42521,-1.0,0.0,0.0,0.0,0.0,1.594011781272,2.0,-4.6328842444159,9.0484470235312,-5.9761716268134,-25.032368778116,-4.9383195572964,8.4677816299205,-8.9252790555576,-29.111112077893,,30.316988188705,,3.8508109896212,,1.0,,0.0,,0.0,,0.0
4.14,0,0.91124730102081,0.90406966117266,-0.00061647513930788,181.23029426178,-3.5586861526792e-06,66.180698913479,0.0,0.0,0.0,0.0,2.7281899999813,0.0,0.0,0.0,0.0,0.0,1.0,0.0,1.0,0.0,1.0,0.0,1.0,0.0,1.0,0.0,1.0,0.0,1.0,0.0,1.0,0.0,0.0,1.0,0.0,1.0,2.42521,-1.0,0.0,0.0,0.0,0.0,1.594011781272,2.0,-7.8759690329542,9.8684132838747,-5.3868726836428,-24.951967783772,-8.1413614597835,9.1881799354138,-8.1194494134821,-30.046199258867,,31.419294414107,,3.9908240047758,,1.0,,0.0,,0.0,,0.0
4.15,0,1.000739959584,0.86052903690432,-0.00027679921290779,181.71340750302,0.00013559115299315,68.535631711467,0.0,1.0,0.0,0.0,2.7281899999813,0.0091074999999997,0.0,0.0,0.0,0.0,1.0,0.0,1.0,0.0,1.0,0.0,1.0,0.0,1.0,0.0,1.0,0.0,1.0,0.0,1.0,0.0,0.0,1.0,0.0,1.0,2.42521,-1.0,0.0,0.0,0.0,0.0,1.594011781272,1.9229759043598,-10.361816088526,9.3889352341878,-5.242478115712,-24.520205539987,-10.581045396397,8.6293124119114,-7.5688698397741,-30.616580669368,,31.80938823037,,4.0403730412863,,1.0,,0.0,,0.0,,0.0
4.16,0,1.0795660103379,0.82657557763532,-0.0006564791281537,183.59609958972,-0.00022789480805207,70.854153160665,0.0,1.0,0.0,0.0,2.7281899999813,0.019107500000001,0.0,0.0,0.0,0.0,1.0,0.0,1.0,0.0,1.0,0.0,1.0,0.0,1.0,0.0,1.0,0.0,1.0,0.0,1.0,0.0,0.0,1.0,0.0,1.0,2.42521,-1.0,0.0,0.0,0.0,0.0,1.594011781272,1.8557734556904,-11.52914357631,7.7171199652584,-5.6239841807469,-23.886209992198,-11.693558681122,6.8867578484762,-7.4099004878792,-30.924839646674,,31.682576210268,,4.024265599558,,1.0,,0.0,,0.0,,0.0
4.17,0,1.1389241983834,0.80401778250744,-0.00062991353870972,186.21472753833,0.00026258570512795,68.043779908017,0.0,1.0,0.0,0.0,2.7281899999813,0.029107500000004,0.0,0.0,0.0,0.0,1.0,0.0,1.0,0.0,1.0,0.0,1.0,0.0,1.0,0.0,1.0,0.0,1.0,0.0,1.0,0.0,0.0,1.0,0.0,1.0,2.42521,-1.0,0.0,0.0,0.0,0.0,1.594011781272,1.8114635009813,-11.194802703819,5.0101902431492,-6.4659071694989,-23.015848265476,-11.314088381357,4.1259286609707,-7.6804751823262,-30.843560414268,,31.11860287011,,3.952630689038,,1.0,,0.0,,0.0,,0.0
4.18,0,1.1700633100398,0.79546570194251,-0.00049948493490507,190.64936368545,-0.00022375439027572,62.905162382389,0.0,1.0,0.0,0.0,2.7281899999813,0.039107500000001,0.0,0.0,0.0,0.0,1.0,0.0,1.0,0.0,1.0,0.0,1.0,0.0,1.0,0.0,1.0,0.0,1.0,0.0,1.0,0.0,0.0,1.0,0.0,1.0,2.42521,-1.0,0.0,0.0,0.0,0.0,1.594011781272,1.7946647713027,-9.266421556744,1.5431482136437,-7.5955612347102,-22.05276252217,-9.3540426202767,0.63343500080017,-8.3093855211828,-30.498386906819,,30.505280206549,,3.8747275134876,,1.0,,0.0,,0.0,,0.0
4.19,0,1.1683283381991,0.80411126141614,-0.00088164702149852,196.99241806131,0.00011435124883151,60.302251299927,0.0,1.0,0.0,0.0,2.7281899999813,0.049107499999997,0.0,0.0,0.0,0.0,1.0,0.0,1.0,0.0,1.0,0.0,1.0,0.0,1.0,0.0,1.0,0.0,1.0,0.0,1.0,0.0,0.0,1.0,0.0,1.0,2.42521,-1.0,0.0,0.0,0.0,0.0,1.594011781272,1.7946534048688,-6.1904536984828,-2.4964850840103,-8.8395410901626,-20.993602556726,-6.2713660750962,-3.4246605881603,-9.229531461221,-29.836278880951,,30.032300229272,,3.8146504212966,,1.0,,0.0,,0.0,,0.0
4.2,0,1.1326596806506,0.82879077657867,-0.00037562757159472,203.69797265225,1.1459613180861e-05,59.916753537324,0.0,1.0,0.0,0.0,2.7281899999813,0.059107499999993,0.0,0.0,0.0,0.0,1.0,0.0,1.0,0.0,1.0,0.0,1.0,0.0,1.0,0.0,1.0,0.0,1.0,0.0,1.0,0.0,0.0,1.0,0.0,1.0,2.42521,-1.0,0.0,0.0,0.0,0.0,1.594011781272,1.7946534048688,-2.5001169494192,-6.7840700734901,-9.8746475185399,-19.952041785919,-2.5949848219124,-7.691676400375,-10.175305901624,-28.957306858866,,29.96137992176,,3.8056422474681,,1.0,,0.0,,0.0,,0.0
4.21,0,1.0694312338874,0.86645468865457,-0.00074445685085614,209.45487153248,-0.00012592287296997,61.290599671838,0.0,1.0,0.0,0.0,2.7281899999813,0.069107499999999,0.0,0.0,0.0,0.0,1.0,0.0,1.0,0.0,1.0,0.0,1.0,0.0,1.0,0.0,1.0,0.0,1.0,0.0,1.0,0.0,0.0,1.0,0.0,1.0,2.42521,-1.0,0.0,0.0,0.0,0.0,1.594011781272,1.7946534048688,1.0304213998088,-11.142441456274,-10.595749033061,-18.958314856972,0.8986842775537,-12.023899590367,-11.05958969794,-27.889074751475,,30.370289640994,,3.8575812471731,,1.0,,0.0,,0.0,,0.0
4.22,0,0.98758410767393,0.91428228554901,-0.00040640532926795,213.51073231569,0.00019000134946119,64.243698965571,0.0,0.0,0.0,0.0,2.7281899999813,0.0,0.0,0.0,0.0,0.0,1.0,0.0,1.0,0.0,1.0,0.0,1.0,0.0,1.0,0.0,1.0,0.0,1.0,0.0,1.0,0.0,0.0,1.0,0.0,1.0,2.42521,-1.0,0.0,0.0,0.0,0.0,1.594011781272,2.0,3.7633196512309,-15.211792927393,-10.791605089115,-18.083763855807,3.5866301587598,-16.032966085782,-11.623731569165,-26.680772791866,,31.127035623928,,3.9537018027276,,1.0,,0.0,,0.0,,0.0
4.23,0,0.90059478648523,0.96580221422369,-0.00036009571283638,215.3594595893,-0.00017373130317042,65.819402545924,0.0,0.0,0.0,0.0,2.7281899999813,0.0,0.0,0.0,0.0,0.0,1.0,0.0,1.0,0.0,1.0,0.0,1.0,0.0,1.0,0.0,1.0,0.0,1.0,0.0,1.0,0.0,0.0,1.0,0.0,1.0,2.42521,-1.0,0.0,0.0,0.0,0.0,1.594011781272,2.0,5.252863281862,-18.802181964918,-10.530465044935,-17.424873491768,5.025136138134,-19.550384839582,-11.869911941344,-25.464213952042,,32.103180020398,,4.0776899623029,,1.0,,0.0,,0.0,,0.0
4.24,0,0.82117732933389,1.0170510840344,-0.00047217915042156,215.36135138813,9.8639612964087e-05,63.370968854983,1.0,0.0,0.0,0.0,2.7381074999809,0.0,1.0,0.0,1.0,0.0,1.0,0.0,1.0,0.0,1.0,0.0,1.0,0.0,1.0,0.0,1.0,0.0,1.0,0.0,1.0,0.0,0.0,1.0,0.0,1.0,2.42521,-1.0,0.0,0.0,0.0,0.0,1.594011781272,2.0,5.2754884482537,-21.530298652295,-9.8120413730476,-16.975309179271,5.0041412196239,-22.189390134358,-11.692022372725,-24.228302779584,,32.853599316968,,4.1730069131843,,1.0,,0.0,,0.0,,0.0
4.25,0,0.76478483879972,1.0659717487928,-0.00013760385579794,214.87435300411,1.5162851540637e-05,59.715358656278,1.0,0.0,0.0,0.0,2.7481074999805,0.0,1.0,0.0,1.0,0.0,1.0,0.0,1.0,0.0,1.0,0.0,1.0,0.0,1.0,0.0,1.0,0.0,1.0,0.0,1.0,0.0,0.0,1.0,0.0,1.0,2.42521,-1.0,0.0,0.0,0.0,0.0,1.594011781272,2.0,3.9167687186398,-23.193259426913,-8.8198504040567,-16.892647353248,3.6141011490789,-23.749412100356,-11.194575017955,-23.201962850812,,33.201926033686,,4.217250765521,,1.0,,0.0,,0.0,,0.0
4.26,0,0.74793791240442,1.1085901018934,-0.00039014327813896,213.57265242021,-0.00012199000978516,54.522199900885,1.0,0.0,0.0,0.0,2.7581074999802,0.0,1.0,0.0,1.0,0.0,1.0,0.0,1.0,0.0,1.0,0.0,1.0,0.0,1.0,0.0,1.0,0.0,1.0,0.0,1.0,0.0,0.0,1.0,0.0,1.0,2.42521,-1.0,0.0,0.0,0.0,0.0,1.594011781272,2.0,1.4181795569224,-23.545763712656,-7.6772985382228,-17.067146004687,1.0982454363262,-24.006313961584,-10.410063138804,-22.32293065378,,32.781706247824,,4.1638751808693,,1.0,,0.0,,0.0,,0.0
4.27,0,0.77602361983269,1.1420980726914,-0.00029027520571384,211.02570574746,0.00017494604941014,48.618193251709,1.0,0.0,0.0,0.0,2.7681074999798,0.0,1.0,0.0,1.0,0.0,1.0,0.0,1.0,0.0,1.0,0.0,1.0,0.0,1.0,0.0,1.0,0.0,1.0,0.0,1.0,0.0,0.0,1.0,0.0,1.0,2.42521,-1.0,0.0,0.0,0.0,0.0,1.594011781272,2.0,-1.7927679837866,-22.44054665366,-6.5994896760743,-17.649871374723,-2.1064085099498,-22.804915750028,-9.5102164723288,-21.841391342114,,31.577896633298,,4.010969382174,,1.0,,0.0,,0.0,,0.0
4.28,0,0.84002814308736,1.1639738682765,-0.00023218079263886,208.40696519317,-0.00016478383196382,45.14217489515,1.0,0.0,0.0,0.0,2.7781074999794,0.0,1.0,0.0,1.0,0.0,1.0,0.0,1.0,0.0,1.0,0.0,1.0,0.0,1.0,0.0,1.0,0.0,1.0,0.0,1.0,0.0,0.0,1.0,0.0,1.0,2.42521,-1.0,0.0,0.0,0.0,0.0,1.594011781272,2.0,-5.2260596012578,-19.98378849846,-5.711461510485,-18.464528565228,-5.5204977453114,-20.280531263336,-8.5828925048276,-21.676140563031,,29.685288400565,,3.7705735837428,,1.0,,0.0,,0.0,,0.0
4.29,0,0.92572465961215,1.1732625632106,-0.000616808017291,206.15388014748,8.0814132916247e-05,49.194598397466,0.0,0.0,0.0,0.0,2.7852199999791,0.0,0.0,0.0,0.0,0.0,1.0,0.0,1.0,0.0,1.0,0.0,1.0,0.0,1.0,0.0,1.0,0.0,1.0,0.0,1.0,0.0,0.0,1.0,0.0,1.0,2.42521,-1.0,0.0,0.0,0.0,0.0,1.594011781272,2.0,-8.3103396643708,-16.227023889015,-5.2229052261581,-19.53748892584,-8.5624873314188,-16.474123123025,-7.8417485016279,-21.951781755952,,27.447026016282,,3.4862733975434,,1.0,,0.0,,0.0,,0.0
4.3,0,1.0140521044621,1.1669148021035,-0.00025222652677222,201.38767994164,4.4888713664662e-05,52.484086168983,0.0,0.0,0.0,0.0,2.7852199999791,0.0,0.0,0.0,0.0,0.0,1.0,0.0,1.0,0.0,1.0,0.0,1.0,0.0,1.0,0.0,1.0,0.0,1.0,0.0,1.0,0.0,0.0,1.0,0.0,1.0,2.42521,-1.0,0.0,0.0,0.0,0.0,1.594011781272,2.0,-10.532778510871,-11.672020433528,-5.1736491441817,-20.724581973391,-10.73819517691,-11.910066715253,-7.3603162234808,-22.612046512692,,25.557628283864,,3.2462853912654,,1.0,,0.0,,0.0,,0.0
4.31,0,1.0897750627219,1.1458277734645,-0.00075438164852188,196.90192326292,-0.00016348722350208,55.112655495755,0.0,0.0,0.0,0.0,2.7852199999791,0.0,0.0,0.0,0.0,0.0,1.0,0.0,1.0,0.0,1.0,0.0,1.0,0.0,1.0,0.0,1.0,0.0,1.0,0.0,1.0,0.0,0.0,1.0,0.0,1.0,2.42521,-1.0,0.0,0.0,0.0,0.0,1.594011781272,2.0,-11.393311283489,-6.6066076250434,-5.6580245903992,-21.888813747109,-11.544699018879,-6.8598429728811,-7.2992830617035,-23.566846168094,,24.545127485119,,3.1176793048515,,1.0,,0.0,,0.0,,0.0
4.32,0,1.1445122728579,1.1124010584949,-0.00052647727053602,192.56706180922,0.00024957573225081,58.043861945954,0.0,0.0,0.0,0.0,2.7852199999791,0.0,0.0,0.0,0.0,0.0,1.0,0.0,1.0,0.0,1.0,0.0,1.0,0.0,1.0,0.0,1.0,0.0,1.0,0.0,1.0,0.0,0.0,1.0,0.0,1.0,2.42521,-1.0,0.0,0.0,0.0,0.0,1.594011781272,2.0,-10.747313316355,-1.6667083876781,-6.5487893625216,-22.993780096673,-10.857217530208,-1.9730113928333,-7.6333157501549,-24.803492778902,,24.88137683468,,3.1603891110658,,1.0,,0.0,,0.0,,0.0
4.33,0,1.1697966622994,1.0695111026067,-0.00060443606926639,188.93364232544,-0.00026105684558967,60.848277331759,0.0,0.0,0.0,0.0,2.7852199999791,0.0,0.0,0.0,0.0,0.0,1.0,0.0,1.0,0.0,1.0,0.0,1.0,0.0,1.0,0.0,1.0,0.0,1.0,0.0,1.0,0.0,0.0,1.0,0.0,1.0,2.42521,-1.0,0.0,0.0,0.0,0.0,1.594011781272,2.0,-8.5717395097138,2.774831741545,-7.7089410326242,-23.821990124642,-8.6541125965571,2.4007452954698,-8.328872179737,-26.067767188756,,26.177255548537,,3.3249893662585,,1.0,,0.0,,0.0,,0.0
4.34,0,1.1615831841553,1.0200899319141,-0.00080030909594666,185.65964459931,0.00019793004490919,63.041668499989,0.0,0.0,0.0,0.0,2.7852199999791,0.0,0.0,0.0,0.0,0.0,1.0,0.0,1.0,0.0,1.0,0.0,1.0,0.0,1.0,0.0,1.0,0.0,1.0,0.0,1.0,0.0,0.0,1.0,0.0,1.0,2.42521,-1.0,0.0,0.0,0.0,0.0,1.594011781272,2.0,-5.3768464843148,6.3033158035017,-8.9076673732578,-24.446305585978,-5.4578042012419,5.8398868983014,-9.2518289469871,-27.394776922988,,28.00941641532,,3.5577072456417,,1.0,,0.0,,0.0,,0.0
4.35,0,1.120067368396,0.96815232219397,-0.00038259904219818,183.25512619698,-9.1220675430588e-05,64.729384619584,0.0,0.0,0.0,0.0,2.7852199999791,0.0,0.0,0.0,0.0,0.0,1.0,0.0,1.0,0.0,1.0,0.0,1.0,0.0,1.0,0.0,1.0,0.0,1.0,0.0,1.0,0.0,0.0,1.0,0.0,1.0,2.42521,-1.0,0.0,0.0,0.0,0.0,1.594011781272,2.0,-1.7006728200789,8.651958019048,-9.8781086135469,-24.695591420361,-1.7994086502245,8.0963685817736,-10.185766997288,-28.515097783219,,29.641488891736,,3.7650102464847,,1.0,,0.0,,0.0,,0.0
4.36,0,1.052922875534,0.91789947771438,-0.00075928741002331,181.85116157559,-3.9007919424341e-05,65.243937360419,0.0,0.0,0.0,0.0,2.7852199999791,0.0,0.0,0.0,0.0,0.0,1.0,0.0,1.0,0.0,1.0,0.0,1.0,0.0,1.0,0.0,1.0,0.0,1.0,0.0,1.0,0.0,0.0,1.0,0.0,1.0,2.42521,-1.0,0.0,0.0,0.0,0.0,1.594011781272,2.0,1.6582137790921,9.7642020946307,-10.492206027903,-24.679309882432,1.5194481674943,9.1188282290267,-11.006443932529,-29.479520449416,,30.857239929994,,3.9194328240056,,1.0,,0.0,,0.0,,0.0
4.37,0,0.96951642082177,0.87300963773294,-0.00032471617752163,181.85996301845,0.00013741439047371,67.21463618419,0.0,1.0,0.0,0.0,2.7852199999791,0.0061924999999998,0.0,0.0,0.0,0.0,1.0,0.0,1.0,0.0,1.0,0.0,1.0,0.0,1.0,0.0,1.0,0.0,1.0,0.0,1.0,0.0,0.0,1.0,0.0,1.0,2.42521,-1.0,0.0,0.0,0.0,0.0,1.594011781272,1.9469832165831,4.1416475435726,9.5566506862856,-10.587540293995,-24.339380452383,3.9580099862698,8.8223074448302,-11.499632987911,-30.124454590444,,31.389596484095,,3.9870518254766,,1.0,,0.0,,0.0,,0.0
4.38,0,0.88345864548619,0.83667839058933,-0.00042121889272986,183.26493286911,-0.00017300440947168,69.893062081339,1.0,1.0,0.0,0.0,2.7872224999791,0.0161925,1.0,0.0,1.0,0.0,1.0,0.0,1.0,0.0,1.0,0.0,1.0,0.0,1.0,0.0,1.0,0.0,1.0,0.0,1.0,0.0,0.0,1.0,0.0,1.0,2.42521,-1.0,0.0,0.0,0.0,0.0,1.594011781272,1.8756182668471,5.3192499450189,8.2185349528591,-10.234563458074,-23.759636531784,5.0844250780752,7.4199662737107,-11.662158176044,-30.47931049582,,31.369645481543,,3.9845176839121,,1.0,,0.0,,0.0,,0.0
4.39,0,0.80786771157405,0.81060101360596,-0.00041234853387143,185.70013850104,0.00014221007554006,69.658868720994,1.0,1.0,0.0,0.0,2.7972224999787,0.026192500000003,1.0,0.0,1.0,0.0,1.0,0.0,1.0,0.0,1.0,0.0,1.0,0.0,1.0,0.0,1.0,0.0,1.0,0.0,1.0,0.0,0.0,1.0,0.0,1.0,2.42521,-1.0,0.0,0.0,0.0,0.0,1.594011781272,1.8243948477801,5.0568198316193,5.8179929130294,-9.4539997705471,-22.981696735336,4.7823984725585,4.9559821588414,-11.412012443534,-30.517044118203,,30.9171179498,,3.9270384256989,,1.0,,0.0,,0.0,,0.0
4.4,0,0.75893379161537,0.79701393398767,-0.00013989147164128,188.96791170627,-4.6660394006587e-05,64.51096563361,1.0,1.0,0.0,0.0,2.8072224999783,0.036192500000002,1.0,0.0,1.0,0.0,1.0,0.0,1.0,0.0,1.0,0.0,1.0,0.0,1.0,0.0,1.0,0.0,1.0,0.0,1.0,0.0,0.0,1.0,0.0,1.0,2.42521,-1.0,0.0,0.0,0.0,0.0,1.594011781272,1.7977795542086,3.4564196130954,2.6428061451215,-8.4336076831122,-22.053531009422,3.1522150423559,1.7521873693748,-10.859728755433,-30.233086280312,,30.284149114883,,3.8466398277111,,1.0,,0.0,,0.0,,0.0
4.41,0,0.75147279442199,0.79923270778127,-0.00043232643782885,194.70528507057,-6.6996694753517e-05,61.03522965211,1.0,1.0,0.0,0.0,2.8172224999779,0.046192499999998,1.0,0.0,1.0,0.0,1.0,0.0,1.0,0.0,1.0,0.0,1.0,0.0,1.0,0.0,1.0,0.0,1.0,0.0,1.0,0.0,0.0,1.0,0.0,1.0,2.42521,-1.0,0.0,0.0,0.0,0.0,1.594011781272,1.7953521425783,0.81281295486436,-1.1449830948094,-7.2993236084916,-21.064879227279,0.49701534081152,-2.0580179696704,-10.045219872076,-29.704027074913,,29.775420959751,,3.7820220642869,,1.0,,0.0,,0.0,,0.0
4.42,0,0.78813492947722,0.81775318330854,-0.00022213323117914,201.10306793108,0.0001597905411249,59.853242198098,1.0,1.0,0.0,0.0,2.8272224999776,0.056192499999995,1.0,0.0,1.0,0.0,1.0,0.0,1.0,0.0,1.0,0.0,1.0,0.0,1.0,0.0,1.0,0.0,1.0,0.0,1.0,0.0,0.0,1.0,0.0,1.0,2.42521,-1.0,0.0,0.0,0.0,0.0,1.594011781272,1.7953521425783,-2.4518917539532,-5.2562952121814,-6.2622899640609,-20.024751315261,-2.7592849756426,-6.163027794184,-9.1440467626998,-28.890728452134,,29.540772955152,,3.752217483793,,1.0,,0.0,,0.0,,0.0
4.43,0,0.85773978557705,0.84989769816299,-0.00032365013569215,207.17394570593,-0.00020173635678184,60.710371341311,1.0,1.0,0.0,0.0,2.8372224999772,0.066192499999996,1.0,0.0,1.0,0.0,1.0,0.0,1.0,0.0,1.0,0.0,1.0,0.0,1.0,0.0,1.0,0.0,1.0,0.0,1.0,0.0,0.0,1.0,0.0,1.0,2.42521,-1.0,0.0,0.0,0.0,0.0,1.594011781272,1.7953521425783,-5.8169036853953,-9.4936059090568,-5.4456550810741,-19.058192718428,-6.1004377026041,-10.374252329101,-8.243760230059,-27.93731291017,,29.801097855449,,3.7852834988172,,1.0,,0.0,,0.0,,0.0
4.44,0,0.94512557194665,0.89345904949527,-0.00057866660551831,211.85195819838,0.00016355466798766,62.856163329909,0.0,1.0,0.0,0.0,2.842189999977,0.076192500000006,0.0,0.0,0.0,0.0,1.0,0.0,1.0,0.0,1.0,0.0,1.0,0.0,1.0,0.0,1.0,0.0,1.0,0.0,1.0,0.0,0.0,1.0,0.0,1.0,2.42521,-1.0,0.0,0.0,0.0,0.0,1.594011781272,1.7953521425783,-8.7421757535086,-13.58999467507,-5.0508524621336,-18.138534900494,-8.9820225712732,-14.429664952382,-7.5612745616998,-26.783198758201,,30.422509303516,,3.8642140976747,,1.0,,0.0,,0.0,,0.0
4.45,0,1.0315158366906,0.94354286030472,-0.00027201554740633,214.52388821712,-6.768511838536e-05,65.662512911908,0.0,0.0,0.0,0.0,2.842189999977,0.0,0.0,0.0,0.0,0.0,1.0,0.0,1.0,0.0,1.0,0.0,1.0,0.0,1.0,0.0,1.0,0.0,1.0,0.0,1.0,0.0,0.0,1.0,0.0,1.0,2.42521,-1.0,0.0,0.0,0.0,0.0,1.594011781272,2.0,-10.696930931846,-17.28473600381,-5.097014698489,-17.428852142004,-10.888908125762,-18.052672393925,-7.1501246649539,-25.615734449579,,31.337474213839,,3.9804313455708,,1.0,,0.0,,0.0,,0.0
4.46,0,1.103109763859,0.99436895474338,-0.00082571018118441,215.16747406393,-5.9418708482032e-05,64.38339069099,0.0,0.0,0.0,0.0,2.842189999977,0.0,0.0,0.0,0.0,0.0,1.0,0.0,1.0,0.0,1.0,0.0,1.0,0.0,1.0,0.0,1.0,0.0,1.0,0.0,1.0,0.0,0.0,1.0,0.0,1.0,2.42521,-1.0,0.0,0.0,0.0,0.0,1.594011781272,2.0,-11.258033514219,-20.336536714594,-5.6776959598525,-16.886031669347,-11.397531744224,-21.029733399488,-7.1816020759331,-24.396140731032,,32.208612593128,,4.0910818238956,,1.0,,0.0,,0.0,,0.0
4.47,0,1.1518667146818,1.0442462058775,-0.00043416480447516,214.93589780863,0.00018224967172461,61.279584765389,0.0,0.0,0.0,0.0,2.842189999977,0.0,0.0,0.0,0.0,0.0,1.0,0.0,1.0,0.0,1.0,0.0,1.0,0.0,1.0,0.0,1.0,0.0,1.0,0.0,1.0,0.0,0.0,1.0,0.0,1.0,2.42521,-1.0,0.0,0.0,0.0,0.0,1.594011781272,2.0,-10.30085536134,-22.404574410731,-6.615014821271,-16.658276847229,-10.402017527722,-22.997437910343,-7.5772712594927,-23.305517373469,,32.741747382535,,4.1587996754586,,1.0,,0.0,,0.0,,0.0
4.48,0,1.1701909250852,1.0896267902886,-0.00072899976763515,214.1386000913,-0.00024723950096315,56.852707043627,0.0,0.0,0.0,0.0,2.842189999977,0.0,0.0,0.0,0.0,0.0,1.0,0.0,1.0,0.0,1.0,0.0,1.0,0.0,1.0,0.0,1.0,0.0,1.0,0.0,1.0,0.0,0.0,1.0,0.0,1.0,2.42521,-1.0,0.0,0.0,0.0,0.0,1.594011781272,2.0,-7.8957294832049,-23.36307872891,-7.8020440833549,-16.715653974096,-7.9739708801446,-23.86251976067,-8.3361211268481,-22.377413603031,,32.713618562057,,4.155226801717,,1.0,,0.0,,0.0,,0.0
4.49,0,1.1545295850729,1.1277812824994,-0.0006832062022235,212.16776146791,0.00024622786312334,51.073669974936,0.0,0.0,0.0,0.0,2.842189999977,0.0,0.0,0.0,0.0,0.0,1.0,0.0,1.0,0.0,1.0,0.0,1.0,0.0,1.0,0.0,1.0,0.0,1.0,0.0,1.0,0.0,0.0,1.0,0.0,1.0,2.42521,-1.0,0.0,0.0,0.0,0.0,1.594011781272,2.0,-4.5888405343499,-22.910499649446,-8.9519952988027,-17.096224865848,-4.6701844956931,-23.312132618008,-9.2569942127905,-21.708167913658,,31.854976333904,,4.0461635627257,,1.0,,0.0,,0.0,,0.0
4.5,0,1.1071555758446,1.1552728877918,-0.00043557104496352,209.37580667862,-0.00017862212453139,45.310697055342,0.0,0.0,0.0,0.0,2.842189999977,0.0,0.0,0.0,0.0,0.0,1.0,0.0,1.0,0.0,1.0,0.0,1.0,0.0,1.0,0.0,1.0,0.0,1.0,0.0,1.0,0.0,0.0,1.0,0.0,1.0,2.42521,-1.0,0.0,0.0,0.0,0.0,1.594011781272,2.0,-0.94133953000733,-21.138461487441,-9.8618555546318,-17.815162660736,-1.0445240409649,-21.461253694627,-10.180769157986,-21.422415004304,,30.32429440252,,3.8517390121635,,1.0,,0.0,,0.0,,0.0
4.51,0,1.0362156452318,1.1706971279881,-0.00073115729786861,207.48811030369,5.9365144016876e-05,46.717173301084,0.0,0.0,0.0,0.0,2.842189999977,0.0,0.0,0.0,0.0,0.0,1.0,0.0,1.0,0.0,1.0,0.0,1.0,0.0,1.0,0.0,1.0,0.0,1.0,0.0,1.0,0.0,0.0,1.0,0.0,1.0,2.42521,-1.0,0.0,0.0,0.0,0.0,1.594011781272,2.0,2.2515839809242,-18.024081506485,-10.370237981775,-18.727867035861,2.106239635717,-18.287823165224,-10.935253640638,-21.453785570726,,28.191677593734,,3.5808577427969,,1.0,,0.0,,0.0,,0.0
4.52,0,0.95162377627651,1.1722334235681,-0.00026758869565704,203.79619792529,5.7278509757491e-05,50.863253832704,0.0,0.0,0.0,0.0,2.842189999977,0.0,0.0,0.0,0.0,0.0,1.0,0.0,1.0,0.0,1.0,0.0,1.0,0.0,1.0,0.0,1.0,0.0,1.0,0.0,1.0,0.0,0.0,1.0,0.0,1.0,2.42521,-1.0,0.0,0.0,0.0,0.0,1.594011781272,2.0,4.4981420005713,-13.902842847832,-10.376940981113,-19.884375173442,4.3075494600486,-14.137489144125,-11.366441728053,-21.958787557497,,26.117200003263,,3.3173612155898,,1.0,,0.0,,0.0,,0.0
4.53,0,0.86780792953987,1.1583856680169,-0.0004799929732887,199.20416253562,-0.00014155923278352,53.397212164775,1.0,0.0,0.0,0.0,2.8461424999768,0.0,1.0,0.0,1.0,0.0,1.0,0.0,1.0,0.0,1.0,0.0,1.0,0.0,1.0,0.0,1.0,0.0,1.0,0.0,1.0,0.0,0.0,1.0,0.0,1.0,2.42521,-1.0,0.0,0.0,0.0,0.0,1.594011781272,2.0,5.3926462987946,-9.1375132392221,-9.9371747936124,-21.020546851548,5.1514064162997,-9.3751435413726,-11.447652128083,-22.724737043116,,24.583123391639,,3.1225054786612,,1.0,,0.0,,0.0,,0.0
4.54,0,0.79747456046209,1.1312903042078,-0.0003374412232271,194.79097738544,0.00016207484044794,56.188977058714,1.0,0.0,0.0,0.0,2.8561424999765,0.0,1.0,0.0,1.0,0.0,1.0,0.0,1.0,0.0,1.0,0.0,1.0,0.0,1.0,0.0,1.0,0.0,1.0,0.0,1.0,0.0,0.0,1.0,0.0,1.0,2.42521,-1.0,0.0,0.0,0.0,0.0,1.594011781272,2.0,4.8786777121818,-4.1543411246126,-9.1054281599701,-22.178389573058,4.6011458476332,-4.4236430721192,-11.137076681547,-23.842022691644,,24.248824880416,,3.0800434645317,,1.0,,0.0,,0.0,,0.0
4.55,0,0.75677353750169,1.093325318387,-0.00017352270471399,190.98671283999,-0.00010667330405305,59.118172123421,1.0,0.0,0.0,0.0,2.8661424999761,0.0,1.0,0.0,1.0,0.0,1.0,0.0,1.0,0.0,1.0,0.0,1.0,0.0,1.0,0.0,1.0,0.0,1.0,0.0,1.0,0.0,0.0,1.0,0.0,1.0,2.42521,-1.0,0.0,0.0,0.0,0.0,1.594011781272,2.0,3.0717352346588,0.4876299991623,-8.058266793343,-23.1258507337,2.7659007581743,0.15718190394124,-10.533036591561,-25.059465537281,,25.059268989644,,3.1829846624787,,1.0,,0.0,,0.0,,0.0
4.56,0,0.75874413404514,1.0476801750827,-0.00045408353629079,187.52427827362,7.4415251116657e-06,61.529030788954,1.0,0.0,0.0,0.0,2.8761424999757,0.0,1.0,0.0,1.0,0.0,1.0,0.0,1.0,0.0,1.0,0.0,1.0,0.0,1.0,0.0,1.0,0.0,1.0,0.0,1.0,0.0,0.0,1.0,0.0,1.0,2.42521,-1.0,0.0,0.0,0.0,0.0,1.594011781272,2.0,0.30970874370657,4.5017151959987,-6.9353708606556,-23.866802907916,-0.0026888517534097,4.0979952125703,-9.6974025466474,-26.356301607655,,26.67212981597,,3.3878474330181,,1.0,,0.0,,0.0,,0.0
4.57,0,0.80284963902477,0.99735160549324,-0.00016467610710518,184.69214872059,0.00010921445573872,63.649910963289,1.0,0.0,0.0,0.0,2.8861424999753,0.0,1.0,0.0,1.0,0.0,1.0,0.0,1.0,0.0,1.0,0.0,1.0,0.0,1.0,0.0,1.0,0.0,1.0,0.0,1.0,0.0,0.0,1.0,0.0,1.0,2.42521,-1.0,0.0,0.0,0.0,0.0,1.594011781272,2.0,-2.9927280666136,7.4463968742742,-5.9305511292969,-24.319733101952,-3.2954636304577,6.9490534164264,-8.7920563449307,-27.576988315687,,28.438178672887,,3.6121678801579,,1.0,,0.0,,0.0,,0.0
4.58,0,0.8764134673276,0.94658860714555,-0.00043388670221913,182.7841101672,-0.00019710127131016,64.543994737102,1.0,0.0,0.0,0.0,2.8961424999749,0.0,1.0,0.0,1.0,0.0,1.0,0.0,1.0,0.0,1.0,0.0,1.0,0.0,1.0,0.0,1.0,0.0,1.0,0.0,1.0,0.0,0.0,1.0,0.0,1.0,2.42521,-1.0,0.0,0.0,0.0,0.0,1.594011781272,2.0,-6.2923256539946,9.2682442335467,-5.1795502935193,-24.447242826848,-6.5668549904545,8.6866616095262,-7.9213744790108,-28.611523025873,,29.900546314758,,3.797915268755,,1.0,,0.0,,0.0,,0.0
4.59,0,0.96385038989424,0.89858351075115,-0.00049850118289417,181.92931239941,0.00021815529470561,65.495844080643,0.0,1.0,0.0,0.0,2.8988949999748,0.0002825,0.0,0.0,0.0,0.0,1.0,0.0,1.0,0.0,1.0,0.0,1.0,0.0,1.0,0.0,1.0,0.0,1.0,0.0,1.0,0.0,0.0,1.0,0.0,1.0,2.42521,-1.0,0.0,0.0,0.0,0.0,1.594011781272,1.9972176100044,-9.0815053323448,9.8117007654161,-4.8576630046035,-24.313570266544,-9.312129763891,9.1362541946159,-7.2839731759299,-29.448754190253,,30.833102589039,,3.9163669410348,,1.0,,0.0,,0.0,,0.0
4.6,0,1.0469746738897,0.85755651285346,-0.00034515361990427,182.60064921759,-0.00017397512173834,68.065081809119,0.0,1.0,0.0,0.0,2.8988949999748,0.0102825,0.0,0.0,0.0,0.0,1.0,0.0,1.0,0.0,1.0,0.0,1.0,0.0,1.0,0.0,1.0,0.0,1.0,0.0,1.0,0.0,0.0,1.0,0.0,1.0,2.42521,-1.0,0.0,0.0,0.0,0.0,1.594011781272,1.9171093351418,-10.81526673022,9.1842159679751,-4.9854626002937,-23.868029189037,-10.996700143297,8.4363119682606,-6.9362561435582,-29.950055105894,,31.115547223186,,3.9522425660925,,1.0,,0.0,,0.0,,0.0
4.61,0,1.114167509986,0.82560470026147,-0.0008380256819799,184.43165923089,6.6492645628759e-05,70.480467396052,0.0,1.0,0.0,0.0,2.8988949999748,0.020282500000001,0.0,0.0,0.0,0.0,1.0,0.0,1.0,0.0,1.0,0.0,1.0,0.0,1.0,0.0,1.0,0.0,1.0,0.0,1.0,0.0,0.0,1.0,0.0,1.0,2.42521,-1.0,0.0,0.0,0.0,0.0,1.594011781272,1.8538663751348,-11.151083386175,7.4749182530262,-5.6344588586752,-23.24260125374,-11.28209985466,6.6597109307671,-7.0355145880645,-30.206269622508,,30.93190935598,,3.9289172043268,,1.0,,0.0,,0.0,,0.0
4.62,0,1.1575906509037,0.80408473284539,-0.00038026361856485,186.85825237051,6.5888592280788e-05,67.909793278305,0.0,1.0,0.0,0.0,2.8988949999748,0.030282500000004,0.0,0.0,0.0,0.0,1.0,0.0,1.0,0.0,1.0,0.0,1.0,0.0,1.0,0.0,1.0,0.0,1.0,0.0,1.0,0.0,0.0,1.0,0.0,1.0,2.42521,-1.0,0.0,0.0,0.0,0.0,1.594011781272,1.8115950105737,-9.9636123111442,4.8511679430092,-6.6064626877339,-22.4057533104,-10.058265344411,3.9875231993073,-7.4794168986662,-30.105258140373,,30.368491216373,,3.8573528144129,,1.0,,0.0,,0.0,,0.0
4.63,0,1.1698752080006,0.79557849175685,-0.0008399957793498,190.924246078,-0.0001744657746014,62.938095015015,0.0,1.0,0.0,0.0,2.8988949999748,0.040282500000001,0.0,0.0,0.0,0.0,1.0,0.0,1.0,0.0,1.0,0.0,1.0,0.0,1.0,0.0,1.0,0.0,1.0,0.0,1.0,0.0,0.0,1.0,0.0,1.0,2.42521,-1.0,0.0,0.0,0.0,0.0,1.594011781272,1.7948863227236,-7.4175383910206,1.5442832961773,-7.8080733304866,-21.492168708781,-7.4930703237417,0.65466091593772,-8.2809722394645,-29.771797513203,,29.77929308548,,3.7825138949468,,1.0,,0.0,,0.0,,0.0
4.64,0,1.1485963607483,0.8031795173433,-0.0005534288112588,196.74109643821,0.00023789206547096,60.433336106327,0.0,1.0,0.0,0.0,2.8988949999748,0.050282499999997,0.0,0.0,0.0,0.0,1.0,0.0,1.0,0.0,1.0,0.0,1.0,0.0,1.0,0.0,1.0,0.0,1.0,0.0,1.0,0.0,0.0,1.0,0.0,1.0,2.42521,-1.0,0.0,0.0,0.0,0.0,1.594011781272,1.794868218421,-4.0484086099644,-2.2717656055438,-8.9193214506494,-20.486986184513,-4.1293832630453,-3.1790684656865,-9.1957830812069,-29.143524496349,,29.316527627391,,3.7237342331766,,1.0,,0.0,,0.0,,0.0
4.65,0,1.0972547042939,0.82558536043405,-0.00053076105463435,202.98726264227,-0.0002268766893696,60.033669710396,0.0,1.0,0.0,0.0,2.8988949999748,0.060282499999993,0.0,0.0,0.0,0.0,1.0,0.0,1.0,0.0,1.0,0.0,1.0,0.0,1.0,0.0,1.0,0.0,1.0,0.0,1.0,0.0,0.0,1.0,0.0,1.0,2.42521,-1.0,0.0,0.0,0.0,0.0,1.594011781272,1.794868218421,-0.4478514823427,-6.3234586978068,-9.791226197489,-19.502434313066,-0.55361629879747,-7.2140837252643,-10.114015524184,-28.328257404728,,29.232362501842,,3.7130437256502,,1.0,,0.0,,0.0,,0.0
4.66,0,1.0246242823537,0.86028757751727,-0.00066161426343818,208.4037649525,0.00014825770618058,61.21446837769,0.0,1.0,0.0,0.0,2.8988949999748,0.0702825,0.0,0.0,0.0,0.0,1.0,0.0,1.0,0.0,1.0,0.0,1.0,0.0,1.0,0.0,1.0,0.0,1.0,0.0,1.0,0.0,0.0,1.0,0.0,1.0,2.42521,-1.0,0.0,0.0,0.0,0.0,1.594011781272,1.794868218421,2.6264631521014,-10.458129181838,-10.229686407897,-18.547983205633,2.4783992783463,-11.327890995954,-10.82066947958,-27.326646616894,,29.581226438701,,3.7573558147529,,1.0,,0.0,,0.0,,0.0
4.67,0,0.94052151230167,0.90501812662593,-0.00025394984636837,212.39029714618,-3.7888540226193e-05,63.885140327376,0.0,0.0,0.0,0.0,2.8988949999748,0.0,0.0,0.0,0.0,0.0,1.0,0.0,1.0,0.0,1.0,0.0,1.0,0.0,1.0,0.0,1.0,0.0,1.0,0.0,1.0,0.0,0.0,1.0,0.0,1.0,2.42521,-1.0,0.0,0.0,0.0,0.0,1.594011781272,2.0,4.7195631803486,-14.366099116744,-10.192118131725,-17.702855154499,4.5256896883927,-15.181888668104,-11.220621055338,-26.201760871162,,30.281962088061,,3.8463620353767,,1.0,,0.0,,0.0,,0.0
4.68,0,0.85906461639694,0.95410517184227,-0.000526177213485,214.44613320747,-7.7686672179095e-05,65.592424336467,1.0,0.0,0.0,0.0,2.9040224999746,0.0,1.0,0.0,1.0,0.0,1.0,0.0,1.0,0.0,1.0,0.0,1.0,0.0,1.0,0.0,1.0,0.0,1.0,0.0,1.0,0.0,0.0,1.0,0.0,1.0,2.42521,-1.0,0.0,0.0,0.0,0.0,1.594011781272,2.0,5.4534921568947,-17.8921314514,-9.7058655965834,-17.03231882389,5.2103629015712,-18.644485516639,-11.253752939617,-25.04486285674,,31.222312509095,,3.96580370659,,1.0,,0.0,,0.0,,0.0
4.69,0,0.7927601433764,1.003677007142,-0.00025658084998225,214.72438294655,0.00014804436986728,63.746091088172,1.0,0.0,0.0,0.0,2.9140224999743,0.0,1.0,0.0,1.0,0.0,1.0,0.0,1.0,0.0,1.0,0.0,1.0,0.0,1.0,0.0,1.0,0.0,1.0,0.0,1.0,0.0,0.0,1.0,0.0,1.0,2.42521,-1.0,0.0,0.0,0.0,0.0,1.594011781272,2.0,4.8156062265106,-20.686075392149,-8.858950762952,-16.551096108998,4.5377237691642,-21.356162248567,-10.920406722637,-23.861128552011,,32.022123129548,,4.0673942573296,,1.0,,0.0,,0.0,,0.0
4.7,0,0.75735689425572,1.0520547051351,-0.00024053247067295,214.57394583038,-0.00015013297331562,60.670314030289,1.0,0.0,0.0,0.0,2.9240224999739,0.0,1.0,0.0,1.0,0.0,1.0,0.0,1.0,0.0,1.0,0.0,1.0,0.0,1.0,0.0,1.0,0.0,1.0,0.0,1.0,0.0,0.0,1.0,0.0,1.0,2.42521,-1.0,0.0,0.0,0.0,0.0,1.594011781272,2.0,2.9244850436209,-22.577339082726,-7.8054734283985,-16.388318538082,2.6192140487866,-23.152784536027,-10.293628659686,-22.839394575411,,32.522059871569,,4.130895350786,,1.0,,0.0,,0.0,,0.0
4.71,0,0.7641142614983,1.0952864208206,-0.0004355270076153,213.58318707687,8.9512089224411e-05,55.831548229299,1.0,0.0,0.0,0.0,2.9340224999735,0.0,1.0,0.0,1.0,0.0,1.0,0.0,1.0,0.0,1.0,0.0,1.0,0.0,1.0,0.0,1.0,0.0,1.0,0.0,1.0,0.0,0.0,1.0,0.0,1.0,2.42521,-1.0,0.0,0.0,0.0,0.0,1.594011781272,2.0,0.13322788328576,-23.302709526713,-6.7005987106433,-16.461194321663,-0.1761074332123,-23.785788632987,-9.4606418456316,-21.928981358164,,32.352100748322,,4.1093074392325,,1.0,,0.0,,0.0,,0.0
4.72,0,0.81088037762224,1.1309131866113,-0.00013475449438379,211.48541212965,2.2637193501096e-05,50.188614170097,1.0,0.0,0.0,0.0,2.9440224999731,0.0,1.0,0.0,1.0,0.0,1.0,0.0,1.0,0.0,1.0,0.0,1.0,0.0,1.0,0.0,1.0,0.0,1.0,0.0,1.0,0.0,0.0,1.0,0.0,1.0,2.42521,-1.0,0.0,0.0,0.0,0.0,1.594011781272,2.0,-3.156761264428,-22.718723877691,-5.7128877795041,-16.917374424877,-3.4569503166845,-23.106119366435,-8.5567031883865,-21.364031017357,,31.469938848524,,3.9972567725496,,1.0,,0.0,,0.0,,0.0
4.73,0,0.88498623405775,1.1560395128474,-0.00053038721498278,208.94922786132,-0.00013775047317329,44.796167027807,1.0,0.0,0.0,0.0,2.9540224999728,0.0,1.0,0.0,1.0,0.0,1.0,0.0,1.0,0.0,1.0,0.0,1.0,0.0,1.0,0.0,1.0,0.0,1.0,0.0,1.0,0.0,0.0,1.0,0.0,1.0,2.42521,-1.0,0.0,0.0,0.0,0.0,1.594011781272,2.0,-6.4058008117956,-20.843834862304,-4.9972807265199,-17.599394815201,-6.6756982020736,-21.158256177254,-7.7106049770458,-21.066549718255,,29.858434088575,,3.7925662471974,,1.0,,0.0,,0.0,,0.0
4.74,0,0.97101446993864,1.169811112557,-0.0003845200884339,207.06693406068,0.00021803981627425,47.169710031348,0.0,0.0,0.0,0.0,2.9557999999727,0.0,0.0,0.0,0.0,0.0,1.0,0.0,1.0,0.0,1.0,0.0,1.0,0.0,1.0,0.0,1.0,0.0,1.0,0.0,1.0,0.0,0.0,1.0,0.0,1.0,2.42521,-1.0,0.0,0.0,0.0,0.0,1.594011781272,2.0,-9.1346088509637,-17.684150367853,-4.6931729792331,-18.564523208532,-9.3622041143616,-17.939056977781,-7.0857989143644,-21.186496178795,,27.762197208632,,3.5263058929733,,1.0,,0.0,,0.0,,0.0
4.75,0,1.0520245301417,1.1699671769554,-0.00046007367736472,203.35197923385,-0.00023930540468939,50.984728938533,0.0,0.0,0.0,0.0,2.9557999999727,0.0,0.0,0.0,0.0,0.0,1.0,0.0,1.0,0.0,1.0,0.0,1.0,0.0,1.0,0.0,1.0,0.0,1.0,0.0,1.0,0.0,0.0,1.0,0.0,1.0,2.42521,-1.0,0.0,0.0,0.0,0.0,1.594011781272,2.0,-10.796495579828,-13.628099204652,-4.8472453104756,-19.664108650581,-10.974138169054,-13.859442470549,-6.7642570755598,-21.660519781783,,25.715923285414,,3.2663917464144,,1.0,,0.0,,0.0,,0.0
4.76,0,1.117033500186,1.1555644065548,-0.00077178209774198,198.92183975514,0.0001821432566034,53.242735648718,0.0,0.0,0.0,0.0,2.9557999999727,0.0,0.0,0.0,0.0,0.0,1.0,0.0,1.0,0.0,1.0,0.0,1.0,0.0,1.0,0.0,1.0,0.0,1.0,0.0,1.0,0.0,0.0,1.0,0.0,1.0,2.42521,-1.0,0.0,0.0,0.0,0.0,1.594011781272,2.0,-11.099932236405,-8.893615304331,-5.4981848734492,-20.806884049493,-11.228907470841,-9.1240435218592,-6.8710651043655,-22.454344356299,,24.237773250049,,3.0786397057082,,1.0,,0.0,,0.0,,0.0
4.77,0,1.158353862875,1.1287031022776,-0.00038619764787274,194.72117612591,-7.4496561963903e-05,56.102525961658,0.0,0.0,0.0,0.0,2.9557999999727,0.0,0.0,0.0,0.0,0.0,1.0,0.0,1.0,0.0,1.0,0.0,1.0,0.0,1.0,0.0,1.0,0.0,1.0,0.0,1.0,0.0,0.0,1.0,0.0,1.0,2.42521,-1.0,0.0,0.0,0.0,0.0,1.594011781272,2.0,-9.8874515553842,-4.0597986666652,-6.4696151866311,-21.934267169628,-9.9798674816668,-4.3259822724381,-7.3207126042548,-23.546002787716,,23.939941362386,,3.040809618533,,1.0,,0.0,,0.0,,0.0
4.78,0,1.1693641250029,1.0919706474746,-0.00090421060163625,191.2007563063,-5.2552447322182e-05,58.789963296813,0.0,0.0,0.0,0.0,2.9557999999727,0.0,0.0,0.0,0.0,0.0,1.0,0.0,1.0,0.0,1.0,0.0,1.0,0.0,1.0,0.0,1.0,0.0,1.0,0.0,1.0,0.0,0.0,1.0,0.0,1.0,2.42521,-1.0,0.0,0.0,0.0,0.0,1.594011781272,2.0,-7.3739872700848,0.54000400611806,-7.6644749658303,-22.853003002241,-7.4481997126934,0.22110737567784,-8.1213569319151,-24.727175110231,,24.727526335533,,3.1408472888641,,1.0,,0.0,,0.0,,0.0
4.79,0,1.1478018466597,1.0474995652541,-0.00044424104786085,187.76843573262,0.0001657254257767,61.149526600228,0.0,0.0,0.0,0.0,2.9557999999727,0.0,0.0,0.0,0.0,0.0,1.0,0.0,1.0,0.0,1.0,0.0,1.0,0.0,1.0,0.0,1.0,0.0,1.0,0.0,1.0,0.0,0.0,1.0,0.0,1.0,2.42521,-1.0,0.0,0.0,0.0,0.0,1.594011781272,2.0,-4.0315541262673,4.4616406867175,-8.7625163973301,-23.613431567495,-4.1100567061596,4.0653523665021,-9.0239937312782,-26.025937657698,,26.34065631608,,3.3457442469033,,1.0,,0.0,,0.0,,0.0
4.8,0,1.0969491464992,0.99881770262333,-0.00065383245089125,185.24426417108,-0.00021834481229559,63.216334014641,0.0,0.0,0.0,0.0,2.9557999999727,0.0,0.0,0.0,0.0,0.0,1.0,0.0,1.0,0.0,1.0,0.0,1.0,0.0,1.0,0.0,1.0,0.0,1.0,0.0,1.0,0.0,0.0,1.0,0.0,1.0,2.42521,-1.0,0.0,0.0,0.0,0.0,1.594011781272,2.0,-0.4768667066564,7.4239807023512,-9.6417418296101,-24.037309355562,-0.58034655812318,6.9443726911099,-9.9460592230372,-27.185796623672,,28.057876226594,,3.5638625263921,,1.0,,0.0,,0.0,,0.0
4.81,0,1.0252303330529,0.94976512852829,-0.0005625318183982,183.36364834929,0.00020403561180748,63.936738027219,0.0,0.0,0.0,0.0,2.9557999999727,0.0,0.0,0.0,0.0,0.0,1.0,0.0,1.0,0.0,1.0,0.0,1.0,0.0,1.0,0.0,1.0,0.0,1.0,0.0,1.0,0.0,0.0,1.0,0.0,1.0,2.42521,-1.0,0.0,0.0,0.0,0.0,1.594011781272,2.0,2.5867779420812,9.299407260401,-10.08132994022,-24.222921235721,2.4431438994183,8.7323439182784,-10.645247034621,-28.254907207117,,29.572920976261,,3.7563008693922,,1.0,,0.0,,0.0,,0.0
4.82,0,0.9426139317831,0.90318233589148,-0.00029996093161785,182.54184263048,-0.00012950509639778,64.932677858484,0.0,0.0,0.0,0.0,2.9557999999727,0.0,0.0,0.0,0.0,0.0,1.0,0.0,1.0,0.0,1.0,0.0,1.0,0.0,1.0,0.0,1.0,0.0,1.0,0.0,1.0,0.0,0.0,1.0,0.0,1.0,2.42521,-1.0,0.0,0.0,0.0,0.0,1.594011781272,2.0,4.6964346640613,9.9565586231181,-10.072774156768,-24.090185578838,4.5066107346662,9.3011049601635,-11.065273637288,-29.056120108258,,30.508147660532,,3.8750917324938,,1.0,,0.0,,0.0,,0.0
4.83,0,0.86241957366192,0.86338501305219,-0.00054570100820326,183.25193354282,1.3499456789092e-05,67.321587870998,1.0,1.0,0.0,0.0,2.9605974999725,0.0092274999999997,1.0,0.0,1.0,0.0,1.0,0.0,1.0,0.0,1.0,0.0,1.0,0.0,1.0,0.0,1.0,0.0,1.0,0.0,1.0,0.0,0.0,1.0,0.0,1.0,2.42521,-1.0,0.0,0.0,0.0,0.0,1.594011781272,1.9280777038201,5.4862614247097,9.5268698161881,-9.6079861965126,-23.716833571492,5.248777598675,8.8001477257247,-11.1101636114,-29.617616981664,,30.897320922437,,3.9245238417945,,1.0,,0.0,,0.0,,0.0
4.84,0,0.79629407033253,0.83110306945097,-0.00019002900629043,184.75036444368,9.1238109351731e-05,69.8803886053,1.0,1.0,0.0,0.0,2.9705974999721,0.019227500000001,1.0,0.0,1.0,0.0,1.0,0.0,1.0,0.0,1.0,0.0,1.0,0.0,1.0,0.0,1.0,0.0,1.0,0.0,1.0,0.0,0.0,1.0,0.0,1.0,2.42521,-1.0,0.0,0.0,0.0,0.0,1.594011781272,1.8646667431841,4.9365740322032,8.021954693363,-8.7960038391079,-23.126102988878,4.6633655699862,7.2229316174341,-10.809288564757,-29.891233545337,,30.751678839304,,3.9060246382856,,1.0,,0.0,,0.0,,0.0
4.85,0,0.75955904706866,0.80887730106937,-0.00033134551720757,187.14156660416,-0.00015418036558527,68.801456297968,1.0,1.0,0.0,0.0,2.9805974999717,0.029227500000004,1.0,0.0,1.0,0.0,1.0,0.0,1.0,0.0,1.0,0.0,1.0,0.0,1.0,0.0,1.0,0.0,1.0,0.0,1.0,0.0,0.0,1.0,0.0,1.0,2.42521,-1.0,0.0,0.0,0.0,0.0,1.594011781272,1.8212265108455,3.147865160296,5.6786378822763,-7.7639432007598,-22.35627125847,2.8467494222241,4.8368936978979,-10.204921235528,-29.867769698238,,30.257203700687,,3.8432172681725,,1.0,,0.0,,0.0,,0.0
4.86,0,0.76352131143463,0.7981445193962,-0.00036612214712287,190.35966572622,0.00015192497932555,63.804980815054,1.0,1.0,0.0,0.0,2.9905974999714,0.039227500000001,1.0,0.0,1.0,0.0,1.0,0.0,1.0,0.0,1.0,0.0,1.0,0.0,1.0,0.0,1.0,0.0,1.0,0.0,1.0,0.0,0.0,1.0,0.0,1.0,2.42521,-1.0,0.0,0.0,0.0,0.0,1.594011781272,1.7999267341574,0.45465625454045,2.6141509627014,-6.6765095770199,-21.490948116352,0.14811838047127,1.732369401828,-9.4015546369762,-29.605893878699,,29.656820468571,,3.7669576366476,,1.0,,0.0,,0.0,,0.0
4.87,0,0.80677553207608,0.80169568495161,-0.0001521904154494,195.43602540916,-7.8509838499643e-05,61.121216260667,1.0,1.0,0.0,0.0,3.000597499971,0.049227499999997,1.0,0.0,1.0,0.0,1.0,0.0,1.0,0.0,1.0,0.0,1.0,0.0,1.0,0.0,1.0,0.0,1.0,0.0,1.0,0.0,0.0,1.0,0.0,1.0,2.42521,-1.0,0.0,0.0,0.0,0.0,1.594011781272,1.7988168780295,-2.763622545414,-0.92856526316307,-5.6794860831521,-20.531583000674,-3.063894790664,-1.8238255607626,-8.5053506080567,-29.062182494176,,29.119559021339,,3.6987156242015,,1.0,,0.0,,0.0,,0.0
4.88,0,0.87759308440864,0.81921194013516,-0.00057186656385205,201.23757038728,-3.2073395984033e-05,60.299903747189,1.0,1.0,0.0,0.0,3.0105974999706,0.059227499999993,1.0,0.0,1.0,0.0,1.0,0.0,1.0,0.0,1.0,0.0,1.0,0.0,1.0,0.0,1.0,0.0,1.0,0.0,1.0,0.0,0.0,1.0,0.0,1.0,2.42521,-1.0,0.0,0.0,0.0,0.0,1.594011781272,1.7988168780295,-5.9970957801998,-4.7902801319184,-4.9440964446709,-19.585394482639,-6.2684635094008,-5.6845243978729,-7.6646908337472,-28.356203624105,,28.920395651882,,3.6734182402048,,1.0,,0.0,,0.0,,0.0
4.89,0,0.96184498707212,0.84892685665779,-0.00027146894611417,206.32023784818,0.00015079915266601,61.065911633104,0.0,1.0,0.0,0.0,3.0132849999705,0.069227499999999,0.0,0.0,0.0,0.0,1.0,0.0,1.0,0.0,1.0,0.0,1.0,0.0,1.0,0.0,1.0,0.0,1.0,0.0,1.0,0.0,0.0,1.0,0.0,1.0,2.42521,-1.0,0.0,0.0,0.0,0.0,1.594011781272,1.7988168780295,-8.7835510740734,-8.7628008743643,-4.5809131497419,-18.628419123024,-9.0160590231387,-9.6413293681097,-7.0068462604139,-27.425689894627,,29.070805901804,,3.6925230879471,,1.0,,0.0,,0.0,,0.0
4.9,0,1.0428701638147,0.88861075622519,-0.00058384786287582,210.50315382639,-0.00023365533788685,63.208633364129,0.0,1.0,0.0,0.0,3.0132849999705,0.079227500000009,0.0,0.0,0.0,0.0,1.0,0.0,1.0,0.0,1.0,0.0,1.0,0.0,1.0,0.0,1.0,0.0,1.0,0.0,1.0,0.0,0.0,1.0,0.0,1.0,2.42521,-1.0,0.0,0.0,0.0,0.0,1.594011781272,1.7988168780295,-10.583804724003,-12.646542250415,-4.67824555498,-17.788803993779,-10.766574536724,-13.481950111804,-6.65126317321,-26.416941717442,,29.658006537108,,3.7671082890055,,1.0,,0.0,,0.0,,0.0
4.91,0,1.1093641239991,0.9343858119164,-0.00063839937720721,213.16029764342,0.00024682316124285,65.684328212795,0.0,0.0,0.0,0.0,3.0132849999705,0.0,0.0,0.0,0.0,0.0,1.0,0.0,1.0,0.0,1.0,0.0,1.0,0.0,1.0,0.0,1.0,0.0,1.0,0.0,1.0,0.0,0.0,1.0,0.0,1.0,2.42521,-1.0,0.0,0.0,0.0,0.0,1.594011781272,2.0,-11.105314395316,-16.263289612067,-5.2482348400415,-17.032798824392,-11.24021847456,-17.050642523808,-6.689333421462,-25.282639993753,,30.494371607874,,3.8733419223003,,1.0,,0.0,,0.0,,0.0
4.92,0,1.1538721004633,0.98197941598184,-0.00045852208838788,213.82619195588,-0.0001958986816524,65.03194233289,0.0,0.0,0.0,0.0,3.0132849999705,0.0,0.0,0.0,0.0,0.0,1.0,0.0,1.0,0.0,1.0,0.0,1.0,0.0,1.0,0.0,1.0,0.0,1.0,0.0,1.0,0.0,0.0,1.0,0.0,1.0,2.42521,-1.0,0.0,0.0,0.0,0.0,1.594011781272,2.0,-10.129971240378,-19.326665651899,-6.1703070997457,-16.492760052945,-10.225688633045,-20.036123725151,-7.0854481909478,-24.164552807847,,31.390236810608,,3.987133158634,,1.0,,0.0,,0.0,,0.0
4.93,0,1.1697260428966,1.0290398199774,-0.00089642156524401,214.17269231208,8.7275661770925e-05,62.515819151675,0.0,0.0,0.0,0.0,3.0132849999705,0.0,0.0,0.0,0.0,0.0,1.0,0.0,1.0,0.0,1.0,0.0,1.0,0.0,1.0,0.0,1.0,0.0,1.0,0.0,1.0,0.0,0.0,1.0,0.0,1.0,2.42521,-1.0,0.0,0.0,0.0,0.0,1.594011781272,2.0,-7.8536148998929,-21.69591191627,-7.333611531018,-16.1564735875,-7.9282417026791,-22.326882842764,-7.8324646421112,-23.080945986769,,32.112333625954,,4.0788526373235,,1.0,,0.0,,0.0,,0.0
4.94,0,1.1536860298693,1.0740643778657,-0.00039166027711051,213.58023837044,4.313642446645e-05,58.401399141916,0.0,0.0,0.0,0.0,3.0132849999705,0.0,0.0,0.0,0.0,0.0,1.0,0.0,1.0,0.0,1.0,0.0,1.0,0.0,1.0,0.0,1.0,0.0,1.0,0.0,1.0,0.0,0.0,1.0,0.0,1.0,2.42521,-1.0,0.0,0.0,0.0,0.0,1.594011781272,2.0,-4.6468072174413,-23.042896205395,-8.4471149716025,-16.086684798084,-4.7208686908263,-23.578972358565,-8.7133487494005,-22.11454463128,,32.326820901835,,4.1060964372009,,1.0,,0.0,,0.0,,0.0
4.95,0,1.1083552324807,1.11334135123,-0.00077343624143077,212.2841280687,-0.00014696639580126,53.197275263348,0.0,0.0,0.0,0.0,3.0132849999705,0.0,0.0,0.0,0.0,0.0,1.0,0.0,1.0,0.0,1.0,0.0,1.0,0.0,1.0,0.0,1.0,0.0,1.0,0.0,1.0,0.0,0.0,1.0,0.0,1.0,2.42521,-1.0,0.0,0.0,0.0,0.0,1.594011781272,2.0,-1.1323783439621,-23.306103336385,-9.384291042443,-16.331148457307,-1.2279768586117,-23.751125017876,-9.647866366219,-21.388193960414,,31.96240761417,,4.0598092966654,,1.0,,0.0,,0.0,,0.0
4.96,0,1.0411954340238,1.1443571247395,-0.00045810063668693,210.21391016926,0.00020318255107844,46.976998252473,0.0,0.0,0.0,0.0,3.0132849999705,0.0,0.0,0.0,0.0,0.0,1.0,0.0,1.0,0.0,1.0,0.0,1.0,0.0,1.0,0.0,1.0,0.0,1.0,0.0,1.0,0.0,0.0,1.0,0.0,1.0,2.42521,-1.0,0.0,0.0,0.0,0.0,1.594011781272,2.0,2.0398463067796,-22.276047743854,-9.9062439244331,-16.816591558755,1.9082660427819,-22.63614813954,-10.385329311807,-20.879216305494,,30.795801073731,,3.9116289675864,,1.0,,0.0,,0.0,,0.0
4.97,0,0.96069440268781,1.1653034537378,-0.00040667196776695,208.03292965743,-0.0001887107947911,45.02491557119,0.0,0.0,0.0,0.0,3.0132849999705,0.0,0.0,0.0,0.0,0.0,1.0,0.0,1.0,0.0,1.0,0.0,1.0,0.0,1.0,0.0,1.0,0.0,1.0,0.0,1.0,0.0,0.0,1.0,0.0,1.0,2.42521,-1.0,0.0,0.0,0.0,0.0,1.594011781272,2.0,4.3577243895498,-20.032821508612,-10.006791547904,-17.631545233821,4.1804353004684,-20.321716892945,-10.880051943708,-20.776207324255,,29.063425659155,,3.6915856623914,,1.0,,0.0,,0.0,,0.0
4.98,0,0.88016683033217,1.1749485571828,-0.00052423090691204,206.16479003611,0.00010897789735355,48.921781893403,1.0,0.0,0.0,0.0,3.0158074999704,0.0,1.0,0.0,1.0,0.0,1.0,0.0,1.0,0.0,1.0,0.0,1.0,0.0,1.0,0.0,1.0,0.0,1.0,0.0,1.0,0.0,0.0,1.0,0.0,1.0,2.42521,-1.0,0.0,0.0,0.0,0.0,1.594011781272,2.0,5.4411228565793,-16.688703505517,-9.6396494159345,-18.574304994983,5.2174807057374,-16.932163935194,-11.003342852608,-20.945683858087,,26.934647812787,,3.421192011339,,1.0,,0.0,,0.0,,0.0
4.99,0,0.81068538435761,1.1709801508923,-0.00016966623274028,201.75448796061,-9.7147855678872e-07,51.295822602891,1.0,0.0,0.0,0.0,3.02580749997,0.0,1.0,0.0,1.0,0.0,1.0,0.0,1.0,0.0,1.0,0.0,1.0,0.0,1.0,0.0,1.0,0.0,1.0,0.0,1.0,0.0,0.0,1.0,0.0,1.0,2.42521,-1.0,0.0,0.0,0.0,0.0,1.594011781272,2.0,5.213605667333,-12.475408601414,-8.9172779133687,-19.710394752588,4.951135217334,-12.696372276646,-10.793551466573,-21.537871173237,,25.002425159628,,3.175764458283,,1.0,,0.0,,0.0,,0.0
5.0,0,0.76609453903115,1.1538572960663,-0.00041738547968408,197.86288551453,-0.0001044498508619,53.879655843743,1.0,0.0,0.0,0.0,3.0358074999697,0.0,1.0,0.0,1.0,0.0,1.0,0.0,1.0,0.0,1.0,0.0,1.0,0.0,1.0,0.0,1.0,0.0,1.0,0.0,1.0,0.0,0.0,1.0,0.0,1.0,2.42521,-1.0,0.0,0.0,0.0,0.0,1.594011781272,2.0,3.73138119406,-7.8410254147465,-7.9391498014525,-20.819201295128,3.4387614409461,-8.0732810192079,-10.261986898814,-22.373156009226,,23.785510819369,,3.0211941201701,,1.0,,0.0,,0.0,,0.0
5.01,0,0.75907863180696,1.1257918916532,-0.00026540760606309,194.1713073286,0.00016307675713656,56.300522197315,1.0,0.0,0.0,0.0,3.0458074999693,0.0,1.0,0.0,1.0,0.0,1.0,0.0,1.0,0.0,1.0,0.0,1.0,0.0,1.0,0.0,1.0,0.0,1.0,0.0,1.0,0.0,0.0,1.0,0.0,1.0,2.42521,-1.0,0.0,0.0,0.0,0.0,1.594011781272,2.0,1.2823191775328,-3.0736092950448,-6.8713625808671,-21.8836771235,0.97915010327256,-3.3375080491008,-9.5175365737653,-23.46182753006,,23.697807140646,,3.0100541517881,,1.0,,0.0,,0.0,,0.0
5.02,0,0.79160708987254,1.0884285509716,-0.00021922328825878,190.65130897861,-0.00015314071766222,59.039201894245,1.0,0.0,0.0,0.0,3.0558074999689,0.0,1.0,0.0,1.0,0.0,1.0,0.0,1.0,0.0,1.0,0.0,1.0,0.0,1.0,0.0,1.0,0.0,1.0,0.0,1.0,0.0,0.0,1.0,0.0,1.0,2.42521,-1.0,0.0,0.0,0.0,0.0,1.594011781272,2.0,-1.7885231392957,1.2847438295026,-5.8446198066798,-22.790031302952,-2.090627848285,0.95905567285854,-8.6420448855194,-24.674494352905,,24.69239857668,,3.136385422171,,1.0,,0.0,,0.0,,0.0
5.03,0,0.8546315558601,1.0449041945224,-0.00053334922474231,187.85216403971,8.2162822393619e-05,61.238095428895,1.0,0.0,0.0,0.0,3.0658074999685,0.0,1.0,0.0,1.0,0.0,1.0,0.0,1.0,0.0,1.0,0.0,1.0,0.0,1.0,0.0,1.0,0.0,1.0,0.0,1.0,0.0,0.0,1.0,0.0,1.0,2.42521,-1.0,0.0,0.0,0.0,0.0,1.594011781272,2.0,-5.0168439613827,5.0238617283405,-5.0370278873943,-23.447826276462,-5.2951472674968,4.6300320450461,-7.7906026476257,-25.882480550174,,26.292497052257,,3.3396271411662,,1.0,,0.0,,0.0,,0.0
5.04,0,0.93538801614913,0.99779247031141,-0.00020118219625147,185.4101153665,3.6654080341961e-05,63.031935360153,0.0,0.0,0.0,0.0,3.0715549999683,0.0,0.0,0.0,0.0,0.0,1.0,0.0,1.0,0.0,1.0,0.0,1.0,0.0,1.0,0.0,1.0,0.0,1.0,0.0,1.0,0.0,0.0,1.0,0.0,1.0,2.42521,-1.0,0.0,0.0,0.0,0.0,1.594011781272,2.0,-7.9527062214993,7.7945174768375,-4.5466601480715,-23.887791682374,-8.1975171840113,7.3133215605722,-7.0649373678265,-27.063861234847,,28.033742367153,,3.5607970856373,,1.0,,0.0,,0.0,,0.0
5.05,0,1.0173429712774,0.95027241306526,-0.0006668956968878,183.86036600624,-0.00015514387018447,63.816971553488,0.0,0.0,0.0,0.0,3.0715549999683,0.0,0.0,0.0,0.0,0.0,1.0,0.0,1.0,0.0,1.0,0.0,1.0,0.0,1.0,0.0,1.0,0.0,1.0,0.0,1.0,0.0,0.0,1.0,0.0,1.0,2.42521,-1.0,0.0,0.0,0.0,0.0,1.594011781272,2.0,-10.07435127601,9.5196215782918,-4.5015881243579,-24.001284784694,-10.271355464945,8.9580940544102,-6.6163596774196,-28.030124299184,,29.426195283459,,3.7376640276722,,1.0,,0.0,,0.0,,0.0
5.06,0,1.0883260943485,0.90593093253732,-0.00047787402826784,183.28875960262,0.0002351589695432,64.551883266913,0.0,0.0,0.0,0.0,3.0715549999683,0.0,0.0,0.0,0.0,0.0,1.0,0.0,1.0,0.0,1.0,0.0,1.0,0.0,1.0,0.0,1.0,0.0,1.0,0.0,1.0,0.0,0.0,1.0,0.0,1.0,2.42521,-1.0,0.0,0.0,0.0,0.0,1.594011781272,2.0,-11.046988109889,10.146019858301,-4.907328560897,-23.902227217615,-11.196610874585,9.5005895361498,-6.515741583247,-28.846243769295,,30.370178893566,,3.8575671802279,,1.0,,0.0,,0.0,,0.0
5.07,0,1.1409520779574,0.8676644582828,-0.0005702795181747,183.91783211614,-0.0002563222837388,66.994643430878,0.0,1.0,0.0,0.0,3.0715549999683,0.0085374999999997,0.0,0.0,0.0,0.0,1.0,0.0,1.0,0.0,1.0,0.0,1.0,0.0,1.0,0.0,1.0,0.0,1.0,0.0,1.0,0.0,0.0,1.0,0.0,1.0,2.42521,-1.0,0.0,0.0,0.0,0.0,1.594011781272,1.9364837569505,-10.577991113788,9.6982634023852,-5.7145313063198,-23.520651951544,-10.684237550265,8.9785783404588,-6.7903864044182,-29.356585389358,,30.698868200314,,3.8993167229832,,1.0,,0.0,,0.0,,0.0
5.08,0,1.1672086278204,0.83678177575979,-0.00081228382682424,185.47572010587,0.00020061086476319,69.553066460603,0.0,1.0,0.0,0.0,3.0715549999683,0.0185375,0.0,0.0,0.0,0.0,1.0,0.0,1.0,0.0,1.0,0.0,1.0,0.0,1.0,0.0,1.0,0.0,1.0,0.0,1.0,0.0,0.0,1.0,0.0,1.0,2.42521,-1.0,0.0,0.0,0.0,0.0,1.594011781272,1.8758213448605,-8.7729109985591,8.3276582437998,-6.8052164832292,-22.971584932257,-8.851841343223,7.5483293421222,-7.4227614748709,-29.647819052139,,30.593813170533,,3.8859728162377,,1.0,,0.0,,0.0,,0.0
5.09,0,1.1630774061771,0.81485890568884,-0.00041266899757911,187.62117900461,-9.3582375575677e-05,69.308221767481,0.0,1.0,0.0,0.0,3.0715549999683,0.028537500000003,0.0,0.0,0.0,0.0,1.0,0.0,1.0,0.0,1.0,0.0,1.0,0.0,1.0,0.0,1.0,0.0,1.0,0.0,1.0,0.0,0.0,1.0,0.0,1.0,2.42521,-1.0,0.0,0.0,0.0,0.0,1.594011781272,1.8327585643703,-5.8706113444513,6.1117894642392,-7.9396458713399,-22.246045987779,-5.9405641988874,5.2767780805969,-8.2535924992843,-29.648894343908,,30.115065720956,,3.8251631497692,,1.0,,0.0,,0.0,,0.0
5.1,0,1.1287275512635,0.80306088692364,-0.0008515151083516,190.26128001519,-3.0179077306353e-05,64.795869091565,0.0,1.0,0.0,0.0,3.0715549999683,0.038537500000001,0.0,0.0,0.0,0.0,1.0,0.0,1.0,0.0,1.0,0.0,1.0,0.0,1.0,0.0,1.0,0.0,1.0,0.0,1.0,0.0,0.0,1.0,0.0,1.0,2.42521,-1.0,0.0,0.0,0.0,0.0,1.594011781272,1.8096596958645,-2.4545227578629,3.2840398201434,-8.9686240469486,-21.420786180081,-2.5383409543812,2.4212264706508,-9.1928687845559,-29.41611809107,,29.515920063011,,3.7490607127581,,1.0,,0.0,,0.0,,0.0
5.11,0,1.0702333697075,0.80391618918256,-0.00038249247729006,194.73776556418,0.00013958339108085,61.897842358832,0.0,1.0,0.0,0.0,3.0715549999683,0.048537499999998,0.0,0.0,0.0,0.0,1.0,0.0,1.0,0.0,1.0,0.0,1.0,0.0,1.0,0.0,1.0,0.0,1.0,0.0,1.0,0.0,0.0,1.0,0.0,1.0,2.42521,-1.0,0.0,0.0,0.0,0.0,1.594011781272,1.806958720731,0.88204458265648,-0.05400499048309,-9.6442423358217,-20.529088799097,0.76892724545304,-0.94409468315996,-9.9995149627258,-28.963833372208,,28.979419854047,,3.6809153914698,,1.0,,0.0,,0.0,,0.0
5.12,0,0.99484077186662,0.81774617466908,-0.00055136242510463,199.74146468972,-0.00019108324108658,60.944200672622,0.0,1.0,0.0,0.0,3.0715549999683,0.058537499999994,0.0,0.0,0.0,0.0,1.0,0.0,1.0,0.0,1.0,0.0,1.0,0.0,1.0,0.0,1.0,0.0,1.0,0.0,1.0,0.0,0.0,1.0,0.0,1.0,2.42521,-1.0,0.0,0.0,0.0,0.0,1.594011781272,1.806958720731,3.5600340710031,-3.6732313725162,-9.9330806679533,-19.601280701707,3.4038939070759,-4.5619380678811,-10.61464804416,-28.296038758724,,28.661504080294,,3.6405342840946,,1.0,,0.0,,0.0,,0.0
5.13,0,0.91446354327296,0.84264023814708,-0.00046680440322905,204.59577906016,0.00017472070731944,61.464769104901,0.0,1.0,0.0,0.0,3.0715549999683,0.068537499999998,0.0,0.0,0.0,0.0,1.0,0.0,1.0,0.0,1.0,0.0,1.0,0.0,1.0,0.0,1.0,0.0,1.0,0.0,1.0,0.0,0.0,1.0,0.0,1.0,2.42521,-1.0,0.0,0.0,0.0,0.0,1.594011781272,1.806958720731,5.1564007734381,-7.4679975032721,-9.7480346110371,-18.707995685293,4.9552875102631,-8.3473876640973,-10.88108903133,-27.496718575121,,28.7357102532,,3.6499598228171,,1.0,,0.0,,0.0,,0.0
5.14,0,0.83979429574958,0.87739459368559,-0.00021889883003805,208.55291869424,-9.9608473922835e-05,63.009482683806,1.0,1.0,0.0,0.0,3.079712499968,0.078537500000008,1.0,0.0,1.0,0.0,1.0,0.0,1.0,0.0,1.0,0.0,1.0,0.0,1.0,0.0,1.0,0.0,1.0,0.0,1.0,0.0,0.0,1.0,0.0,1.0,2.42521,-1.0,0.0,0.0,0.0,0.0,1.594011781272,1.806958720731,5.4966923217023,-11.228384077915,-9.1858107925497,-17.837737954115,5.2528848817707,-12.07990722322,-10.826381025328,-26.52176606466,,29.14292657975,,3.7016837307354,,1.0,,0.0,,0.0,,0.0
5.15,0,0.78299409173063,0.91952182177334,-0.00046867848405857,211.47310853452,-1.273624659524e-05,65.767155562319,1.0,0.0,0.0,0.0,3.0897124999676,0.0,1.0,0.0,1.0,0.0,1.0,0.0,1.0,0.0,1.0,0.0,1.0,0.0,1.0,0.0,1.0,0.0,1.0,0.0,1.0,0.0,0.0,1.0,0.0,1.0,2.42521,-1.0,0.0,0.0,0.0,0.0,1.594011781272,2.0,4.5595232899049,-14.813205337818,-8.3136922648209,-17.104666329089,4.281620735064,-15.61620791955,-10.428872819586,-25.508904743627,,29.908958349316,,3.7989837507203,,1.0,,0.0,,0.0,,0.0
5.16,0,0.75737509021594,0.96426257204994,-0.00017652301140971,212.88619093857,0.00011254125760395,66.368573016695,1.0,0.0,0.0,0.0,3.0997124999672,0.0,1.0,0.0,1.0,0.0,1.0,0.0,1.0,0.0,1.0,0.0,1.0,0.0,1.0,0.0,1.0,0.0,1.0,0.0,1.0,0.0,0.0,1.0,0.0,1.0,2.42521,-1.0,0.0,0.0,0.0,0.0,1.594011781272,2.0,2.5560084074942,-18.024518892656,-7.2911275542485,-16.467805664708,2.2594319728677,-18.772383882003,-9.7889544417088,-24.398823961228,,30.7843446086,,3.9101737873569,,1.0,,0.0,,0.0,,0.0
5.17,0,0.77038782966628,1.0097124398263,-0.00031145086322526,213.15909987392,-0.00016849257675475,64.40304333148,1.0,0.0,0.0,0.0,3.1097124999669,0.0,1.0,0.0,1.0,0.0,1.0,0.0,1.0,0.0,1.0,0.0,1.0,0.0,1.0,0.0,1.0,0.0,1.0,0.0,1.0,0.0,0.0,1.0,0.0,1.0,2.42521,-1.0,0.0,0.0,0.0,0.0,1.594011781272,2.0,-0.22369048320798,-20.632821411898,-6.2375472097486,-16.066671004834,-0.52696015105784,-21.3000561743,-8.967252072462,-23.353403805464,,31.607806840769,,4.014768524586,,1.0,,0.0,,0.0,,0.0
5.18,0,0.81807007603666,1.0541389814371,-0.00042487003432564,213.26083486183,0.00015968373437414,60.990497879261,1.0,0.0,0.0,0.0,3.1197124999665,0.0,1.0,0.0,1.0,0.0,1.0,0.0,1.0,0.0,1.0,0.0,1.0,0.0,1.0,0.0,1.0,0.0,1.0,0.0,1.0,0.0,0.0,1.0,0.0,1.0,2.42521,-1.0,0.0,0.0,0.0,0.0,1.594011781272,2.0,-3.3738313768415,-22.495997251398,-5.327115320378,-15.853632556486,-3.6623811923107,-23.084629955583,-8.1106817459468,-22.348781078145,,32.130318205386,,4.0811370072515,,1.0,,0.0,,0.0,,0.0
5.19,0,0.88994399291596,1.095415832217,-0.00019100043953233,212.40418582129,-8.0697524809841e-05,56.028804209994,1.0,0.0,0.0,0.0,3.1297124999661,0.0,1.0,0.0,1.0,0.0,1.0,0.0,1.0,0.0,1.0,0.0,1.0,0.0,1.0,0.0,1.0,0.0,1.0,0.0,1.0,0.0,0.0,1.0,0.0,1.0,2.42521,-1.0,0.0,0.0,0.0,0.0,1.594011781272,2.0,-6.4696100595904,-23.329039929669,-4.6594337347484,-15.922890525943,-6.7329157035305,-23.823805298372,-7.3063836317775,-21.509510945269,,32.097420286102,,4.0769583708932,,1.0,,0.0,,0.0,,0.0
5.2,0,0.97144369636006,1.1304114160831,-0.00066939540948514,210.92813362326,-3.4707387791091e-05,50.306019125955,0.0,0.0,0.0,0.0,3.1309949999661,0.0,0.0,0.0,0.0,0.0,1.0,0.0,1.0,0.0,1.0,0.0,1.0,0.0,1.0,0.0,1.0,0.0,1.0,0.0,1.0,0.0,0.0,1.0,0.0,1.0,2.42521,-1.0,0.0,0.0,0.0,0.0,1.594011781272,2.0,-9.0239921676138,-23.106652460107,-4.3870592226879,-16.268615799479,-9.2446700028571,-23.516679894631,-6.7184331262697,-20.899818678502,,31.462171445139,,3.996270170512,,1.0,,0.0,,0.0,,0.0
5.21,0,1.047941032853,1.1566270837062,-0.00033325538684393,208.87990298257,0.00015452403662877,44.801667659571,0.0,0.0,0.0,0.0,3.1309949999661,0.0,0.0,0.0,0.0,0.0,1.0,0.0,1.0,0.0,1.0,0.0,1.0,0.0,1.0,0.0,1.0,0.0,1.0,0.0,1.0,0.0,0.0,1.0,0.0,1.0,2.42521,-1.0,0.0,0.0,0.0,0.0,1.594011781272,2.0,-10.649138088658,-21.641833292825,-4.534510844329,-16.852647089121,-10.824448937385,-21.972225018833,-6.4159636990692,-20.533791079291,,30.074320419572,,3.8199877526166,,1.0,,0.0,,0.0,,0.0
5.22,0,1.1112374383742,1.1735229867116,-0.0006709738896566,207.60980805994,-0.00023918112093451,47.29378618662,0.0,0.0,0.0,0.0,3.1309949999661,0.0,0.0,0.0,0.0,0.0,1.0,0.0,1.0,0.0,1.0,0.0,1.0,0.0,1.0,0.0,1.0,0.0,1.0,0.0,1.0,0.0,0.0,1.0,0.0,1.0,2.42521,-1.0,0.0,0.0,0.0,0.0,1.594011781272,2.0,-10.976793069502,-19.084289847639,-5.1250282729097,-17.720013530515,-11.104698302518,-19.35319596013,-6.4846467229411,-20.550010163974,,28.229558359124,,3.5856692915811,,1.0,,0.0,,0.0,,0.0
5.23,0,1.1528055129554,1.1785814945592,-0.00067047356865871,204.5019523576,0.00025378622685332,50.269266993727,0.0,0.0,0.0,0.0,3.1309949999661,0.0,0.0,0.0,0.0,0.0,1.0,0.0,1.0,0.0,1.0,0.0,1.0,0.0,1.0,0.0,1.0,0.0,1.0,0.0,1.0,0.0,0.0,1.0,0.0,1.0,2.42521,-1.0,0.0,0.0,0.0,0.0,1.594011781272,2.0,-9.963266676577,-15.529733131627,-6.0593840738345,-18.689812076162,-10.055454100872,-15.760238291138,-6.9165130542867,-20.827471608763,,26.119342584474,,3.3176333625201,,1.0,,0.0,,0.0,,0.0
5.24,0,1.167620646611,1.1704851746834,-0.0004931932890991,200.50321933016,-0.0002033513067256,52.217897299311,0.0,0.0,0.0,0.0,3.1309949999661,0.0,0.0,0.0,0.0,0.0,1.0,0.0,1.0,0.0,1.0,0.0,1.0,0.0,1.0,0.0,1.0,0.0,1.0,0.0,1.0,0.0,0.0,1.0,0.0,1.0,2.42521,-1.0,0.0,0.0,0.0,0.0,1.594011781272,2.0,-7.6746072550248,-11.266959809283,-7.168117352093,-19.823330067528,-7.7456854454265,-11.483575991588,-7.6264979715217,-21.503076703587,,24.378085400272,,3.0964619104303,,1.0,,0.0,,0.0,,0.0
5.25,0,1.1521487339898,1.1508979262518,-0.00086488892214177,196.95620256423,9.8144557267259e-05,54.721515186113,0.0,0.0,0.0,0.0,3.1309949999661,0.0,0.0,0.0,0.0,0.0,1.0,0.0,1.0,0.0,1.0,0.0,1.0,0.0,1.0,0.0,1.0,0.0,1.0,0.0,1.0,0.0,0.0,1.0,0.0,1.0,2.42521,-1.0,0.0,0.0,0.0,0.0,1.594011781272,2.0,-4.5720310594877,-6.6906358624067,-8.2861913454268,-20.891746421095,-4.6439814531474,-6.9229558395455,-8.5252216691219,-22.375028487188,,23.421721208456,,2.9749861979683,,1.0,,0.0,,0.0,,0.0
5.26,0,1.109604195772,1.1213483447705,-0.0003635693995329,193.5735231375,2.9630378368141e-05,57.115984734221,0.0,0.0,0.0,0.0,3.1309949999661,0.0,0.0,0.0,0.0,0.0,1.0,0.0,1.0,0.0,1.0,0.0,1.0,0.0,1.0,0.0,1.0,0.0,1.0,0.0,1.0,0.0,0.0,1.0,0.0,1.0,2.42521,-1.0,0.0,0.0,0.0,0.0,1.594011781272,2.0,-1.1577285172857,-2.0937574225649,-9.1670842644686,-21.915149194071,-1.2477611193162,-2.3616904034222,-9.3992290932376,-23.485293149169,,23.603417899027,,2.9980649948618,,1.0,,0.0,,0.0,,0.0
5.27,0,1.0455419769189,1.0836592948843,-0.00070192272452116,190.35202001863,-0.00013187505707193,59.632491308047,0.0,0.0,0.0,0.0,3.1309949999661,0.0,0.0,0.0,0.0,0.0,1.0,0.0,1.0,0.0,1.0,0.0,1.0,0.0,1.0,0.0,1.0,0.0,1.0,0.0,1.0,0.0,0.0,1.0,0.0,1.0,2.42521,-1.0,0.0,0.0,0.0,0.0,1.594011781272,2.0,1.9432100407433,2.0414507964656,-9.7290634095456,-22.754343139584,1.8174546389769,1.7118310624033,-10.1655624838,-24.668680762523,,24.727239086848,,3.1408108030368,,1.0,,0.0,,0.0,,0.0
5.28,0,0.96941764957356,1.0408215320283,-0.00040105496625386,187.83063271214,0.00018543064329446,61.714742108015,0.0,0.0,0.0,0.0,3.1309949999661,0.0,0.0,0.0,0.0,0.0,1.0,0.0,1.0,0.0,1.0,0.0,1.0,0.0,1.0,0.0,1.0,0.0,1.0,0.0,1.0,0.0,0.0,1.0,0.0,1.0,2.42521,-1.0,0.0,0.0,0.0,0.0,1.594011781272,2.0,4.2456393064525,5.5470633181109,-9.836028926012,-23.367029845627,4.0783125189357,5.1505931487318,-10.640472266248,-25.848075145767,,26.355414625067,,3.3476188215835,,1.0,,0.0,,0.0,,0.0
5.29,0,0.89092623161003,0.99486084040677,-0.00034290902665593,185.69774317105,-0.00017058980226946,63.347651511951,1.0,0.0,0.0,0.0,3.132187499966,0.0,1.0,0.0,1.0,0.0,1.0,0.0,1.0,0.0,1.0,0.0,1.0,0.0,1.0,0.0,1.0,0.0,1.0,0.0,1.0,0.0,0.0,1.0,0.0,1.0,2.42521,-1.0,0.0,0.0,0.0,0.0,1.594011781272,2.0,5.4362076903536,8.1036157509866,-9.5472573137366,-23.758744268963,5.2235822241976,7.6227090172492,-10.823718632887,-26.972844080439,,28.028475378715,,3.5601280819476,,1.0,,0.0,,0.0,,0.0
5.3,0,0.82134698959648,0.9489777329334,-0.00047462484465886,184.33218590199,9.1266285832449e-05,63.962883536908,1.0,0.0,0.0,0.0,3.1421874999656,0.0,1.0,0.0,1.0,0.0,1.0,0.0,1.0,0.0,1.0,0.0,1.0,0.0,1.0,0.0,1.0,0.0,1.0,0.0,1.0,0.0,0.0,1.0,0.0,1.0,2.42521,-1.0,0.0,0.0,0.0,0.0,1.594011781272,2.0,5.3748214481903,9.6859393143412,-8.8821612288366,-23.850937692507,5.1231339908683,9.129418429259,-10.650655663455,-27.894911832622,,29.350308317778,,3.7280249975814,,1.0,,0.0,,0.0,,0.0
5.31,0,0.77210570129098,0.90638802371612,-0.00014472340584631,183.92131321763,1.4916836586616e-05,64.733804511444,1.0,0.0,0.0,0.0,3.1521874999652,0.0,1.0,0.0,1.0,0.0,1.0,0.0,1.0,0.0,1.0,0.0,1.0,0.0,1.0,0.0,1.0,0.0,1.0,0.0,1.0,0.0,0.0,1.0,0.0,1.0,2.42521,-1.0,0.0,0.0,0.0,0.0,1.594011781272,2.0,4.1498866664584,10.234882578162,-7.9830093011226,-23.746342454346,3.8692455258625,9.5972613657591,-10.200430634881,-28.67016159433,,30.233545639573,,3.8402122624918,,1.0,,0.0,,0.0,,0.0
5.32,0,0.75485058156169,0.86939696512141,-0.00039743637777755,184.55058863692,-0.00011600989929424,67.166867544172,1.0,1.0,0.0,0.0,3.1621874999649,0.0084074999999997,1.0,0.0,1.0,0.0,1.0,0.0,1.0,0.0,1.0,0.0,1.0,0.0,1.0,0.0,1.0,0.0,1.0,0.0,1.0,0.0,0.0,1.0,0.0,1.0,2.42521,-1.0,0.0,0.0,0.0,0.0,1.594011781272,1.9398868953829,1.956662054833,9.8061896582083,-6.953273090504,-23.378240921899,1.6585037338894,9.0994587610766,-9.5077813054842,-29.156022466225,,30.542932758328,,3.8795100749767,,1.0,,0.0,,0.0,,0.0
5.33,0,0.77467814416768,0.83910968181878,-0.00028319918869731,185.97087419712,0.00017130069647447,69.739849372408,1.0,1.0,0.0,0.0,3.1721874999645,0.0184075,1.0,0.0,1.0,0.0,1.0,0.0,1.0,0.0,1.0,0.0,1.0,0.0,1.0,0.0,1.0,0.0,1.0,0.0,1.0,0.0,0.0,1.0,0.0,1.0,2.42521,-1.0,0.0,0.0,0.0,0.0,1.594011781272,1.8803940174757,-0.87702662610247,8.5281413972956,-5.9532991499169,-22.863692752497,-1.1741131890948,7.7626475094689,-8.6977293053924,-29.447673188248,,30.453800517555,,3.8681886531335,,1.0,,0.0,,0.0,,0.0
5.34,0,0.8259912538611,0.8167088217216,-0.00023214282875754,187.76839774126,-0.00015797336539951,69.529352627671,1.0,1.0,0.0,0.0,3.1821874999641,0.028407500000003,1.0,0.0,1.0,0.0,1.0,0.0,1.0,0.0,1.0,0.0,1.0,0.0,1.0,0.0,1.0,0.0,1.0,0.0,1.0,0.0,0.0,1.0,0.0,1.0,2.42521,-1.0,0.0,0.0,0.0,0.0,1.594011781272,1.8363923280055,-3.9847592947142,6.4803832376567,-5.0887216726397,-22.18038550121,-4.2694413695232,5.6615997057781,-7.8457638380274,-29.464553441442,,30.003809755394,,3.8110316109706,,1.0,,0.0,,0.0,,0.0
5.35,0,0.89820597684982,0.80303724189665,-0.00057550986047979,189.92115386313,8.4465278363755e-05,65.136174227968,1.0,1.0,0.0,0.0,3.1921874999637,0.038407500000001,1.0,0.0,1.0,0.0,1.0,0.0,1.0,0.0,1.0,0.0,1.0,0.0,1.0,0.0,1.0,0.0,1.0,0.0,1.0,0.0,0.0,1.0,0.0,1.0,2.42521,-1.0,0.0,0.0,0.0,0.0,1.594011781272,1.8096425768832,-6.9355306553901,3.8702947498307,-4.5170001351925,-21.410982251653,-7.1885903347047,3.0222995967996,-7.1059194262225,-29.278008696978,,29.433905683807,,3.7386433892831,,1.0,,0.0,,0.0,,0.0
5.36,0,0.97701888462052,0.80068672546727,-0.000229499693427,193.77615742129,3.4458937387036e-05,62.251726654487,0.0,1.0,0.0,0.0,3.1924549999637,0.048407499999998,0.0,0.0,0.0,0.0,1.0,0.0,1.0,0.0,1.0,0.0,1.0,0.0,1.0,0.0,1.0,0.0,1.0,0.0,1.0,0.0,0.0,1.0,0.0,1.0,2.42521,-1.0,0.0,0.0,0.0,0.0,1.594011781272,1.8037491067226,-9.3263262923551,0.78141804896815,-4.2960773404198,-20.572392399353,-9.5409951099175,-0.096334501691381,-6.5536921888126,-28.883921788981,,28.884302101186,,3.6688337003154,,1.0,,0.0,,0.0,,0.0
5.37,0,1.0507658493422,0.8100690701593,-0.00070705102117391,198.18878759905,-0.00015384024868467,61.127074847374,0.0,1.0,0.0,0.0,3.1924549999637,0.058407499999994,0.0,0.0,0.0,0.0,1.0,0.0,1.0,0.0,1.0,0.0,1.0,0.0,1.0,0.0,1.0,0.0,1.0,0.0,1.0,0.0,0.0,1.0,0.0,1.0,2.42521,-1.0,0.0,0.0,0.0,0.0,1.594011781272,1.8037491067226,-10.731760405515,-2.5822155171578,-4.5160619993073,-19.699337507215,-10.898713842282,-3.4625179382912,-6.3180446724704,-28.298663337767,,28.509837829472,,3.6212699013074,,1.0,,0.0,,0.0,,0.0
5.38,0,1.1105648213961,0.82962534487591,-0.00049412569195641,202.61034579885,0.00023366073538051,61.285662329536,0.0,1.0,0.0,0.0,3.1924549999637,0.068407499999998,0.0,0.0,0.0,0.0,1.0,0.0,1.0,0.0,1.0,0.0,1.0,0.0,1.0,0.0,1.0,0.0,1.0,0.0,1.0,0.0,0.0,1.0,0.0,1.0,2.42521,-1.0,0.0,0.0,0.0,0.0,1.594011781272,1.8037491067226,-10.936284535327,-6.1425025562575,-5.1309911443627,-18.845780200225,-11.060184860548,-7.0211439662768,-6.4231413442131,-27.586680444654,,28.466081813044,,3.6157120883784,,1.0,,0.0,,0.0,,0.0
5.39,0,1.1500166601092,0.85855107709587,-0.00059111096105065,206.36844626987,-0.00025539129938751,62.412335564246,0.0,1.0,0.0,0.0,3.1924549999637,0.078407500000008,0.0,0.0,0.0,0.0,1.0,0.0,1.0,0.0,1.0,0.0,1.0,0.0,1.0,0.0,1.0,0.0,1.0,0.0,1.0,0.0,0.0,1.0,0.0,1.0,2.42521,-1.0,0.0,0.0,0.0,0.0,1.594011781272,1.8037491067226,-9.7910446666627,-9.7174752375134,-6.0649848147524,-18.003444082532,-9.8792874223726,-10.575680024154,-6.8697893310825,-26.709923687746,,28.727196551206,,3.6488784272314,,1.0,,0.0,,0.0,,0.0
5.4,0,1.1633226970151,0.89510563724032,-0.00080000811926979,209.48318674119,0.00020263252384081,64.597634269635,0.0,1.0,0.0,0.0,3.1924549999637,0.088407500000018,0.0,0.0,0.0,0.0,1.0,0.0,1.0,0.0,1.0,0.0,1.0,0.0,1.0,0.0,1.0,0.0,1.0,0.0,1.0,0.0,0.0,1.0,0.0,1.0,2.42521,-1.0,0.0,0.0,0.0,0.0,1.594011781272,1.8037491067226,-7.5203294161515,-13.204750077056,-7.1741049192457,-17.266957021234,-7.5906066566851,-14.025936689751,-7.6006835965481,-25.785935571063,,29.353375628426,,3.7284146020328,,1.0,,0.0,,0.0,,0.0
5.41,0,1.1480406954883,0.93610513909432,-0.00040728868539456,211.59926705403,-9.75582668988e-05,67.000658814973,0.0,0.0,0.0,0.0,3.1924549999637,0.0,0.0,0.0,0.0,0.0,1.0,0.0,1.0,0.0,1.0,0.0,1.0,0.0,1.0,0.0,1.0,0.0,1.0,0.0,1.0,0.0,0.0,1.0,0.0,1.0,2.42521,-1.0,0.0,0.0,0.0,0.0,1.594011781272,2.0,-4.4367130900156,-16.439978093722,-8.239586438287,-16.5957497166,-4.5063264078228,-17.217053215375,-8.4587841988636,-24.751007957646,,30.14982206231,,3.829577839659,,1.0,,0.0,,0.0,,0.0
5.42,0,1.1069174140993,0.978892698022,-0.00082318233615273,212.25405955484,-2.391173425897e-05,66.804260878816,0.0,0.0,0.0,0.0,3.1924549999637,0.0,0.0,0.0,0.0,0.0,1.0,0.0,1.0,0.0,1.0,0.0,1.0,0.0,1.0,0.0,1.0,0.0,1.0,0.0,1.0,0.0,0.0,1.0,0.0,1.0,2.42521,-1.0,0.0,0.0,0.0,0.0,1.594011781272,2.0,-1.1173751503361,-19.238546159575,-9.1310071433543,-16.117943973129,-1.2067823692685,-19.946904662879,-9.3494695677743,-23.750527246976,,31.015205449903,,3.9394973289709,,1.0,,0.0,,0.0,,0.0
5.43,0,1.0459743632458,1.0214962276653,-0.00036243329065039,212.57198186268,0.00013169901432065,64.280087947672,0.0,0.0,0.0,0.0,3.1924549999637,0.0,0.0,0.0,0.0,0.0,1.0,0.0,1.0,0.0,1.0,0.0,1.0,0.0,1.0,0.0,1.0,0.0,1.0,0.0,1.0,0.0,0.0,1.0,0.0,1.0,2.42521,-1.0,0.0,0.0,0.0,0.0,1.594011781272,2.0,1.9186394004939,-21.472099285954,-9.6545056085434,-15.785804688964,1.7975555139069,-22.112417954685,-10.069051173837,-22.74723578339,,31.723437959155,,4.0294557876693,,1.0,,0.0,,0.0,,0.0
5.44,0,0.97204733185112,1.063047307206,-0.0005305819149372,212.28262847038,-0.00018501967301888,60.470452423363,0.0,0.0,0.0,0.0,3.1924549999637,0.0,0.0,0.0,0.0,0.0,1.0,0.0,1.0,0.0,1.0,0.0,1.0,0.0,1.0,0.0,1.0,0.0,1.0,0.0,1.0,0.0,0.0,1.0,0.0,1.0,2.42521,-1.0,0.0,0.0,0.0,0.0,1.594011781272,2.0,4.198500823524,-22.882379186098,-9.8037952749201,-15.696996668012,4.0350414890504,-23.435934574055,-10.576427256581,-21.856292464372,,32.045882149201,,4.070412086588,,1.0,,0.0,,0.0,,0.0
5.45,0,0.89540520569506,1.1007217423975,-0.00044780759556485,211.52038461755,0.00017084322549718,55.577092716983,1.0,0.0,0.0,0.0,3.1930374999637,0.0,1.0,0.0,1.0,0.0,1.0,0.0,1.0,0.0,1.0,0.0,1.0,0.0,1.0,0.0,1.0,0.0,1.0,0.0,1.0,0.0,0.0,1.0,0.0,1.0,2.42521,-1.0,0.0,0.0,0.0,0.0,1.594011781272,2.0,5.4149131094943,-23.416526326038,-9.526539902513,-15.847974244743,5.2093786970462,-23.888109030723,-10.751015242863,-21.126197602882,,31.890015920004,,4.0506142298692,,1.0,,0.0,,0.0,,0.0
5.46,0,0.8262449863225,1.1320887440655,-0.00021096779950899,210.01031907938,-9.9092739107793e-05,49.555954249829,1.0,0.0,0.0,0.0,3.2030374999633,0.0,1.0,0.0,1.0,0.0,1.0,0.0,1.0,0.0,1.0,0.0,1.0,0.0,1.0,0.0,1.0,0.0,1.0,0.0,1.0,0.0,0.0,1.0,0.0,1.0,2.42521,-1.0,0.0,0.0,0.0,0.0,1.594011781272,2.0,5.4692265699836,-22.848066137473,-8.9232379463275,-16.227998965888,5.2247405836304,-23.236317281101,-10.63140792024,-20.580837848128,,31.040815938438,,3.9427503285791,,1.0,,0.0,,0.0,,0.0
5.47,0,0.77377630682322,1.1556221750239,-0.0004589011449878,208.10240636209,-9.1863292846753e-06,45.502857393566,1.0,0.0,0.0,0.0,3.2130374999629,0.0,1.0,0.0,1.0,0.0,1.0,0.0,1.0,0.0,1.0,0.0,1.0,0.0,1.0,0.0,1.0,0.0,1.0,0.0,1.0,0.0,0.0,1.0,0.0,1.0,2.42521,-1.0,0.0,0.0,0.0,0.0,1.594011781272,2.0,4.390330795102,-21.239297249012,-8.0613944061361,-16.894552417358,4.1154100236581,-21.555140113971,-10.209121509592,-20.358691104618,,29.650488322581,,3.7661533385024,,1.0,,0.0,,0.0,,0.0
5.48,0,0.75039733570546,1.170170592889,-0.00016880338318966,207.20211147224,0.00010798290469438,48.408935321331,1.0,0.0,0.0,0.0,3.2230374999626,0.0,1.0,0.0,1.0,0.0,1.0,0.0,1.0,0.0,1.0,0.0,1.0,0.0,1.0,0.0,1.0,0.0,1.0,0.0,1.0,0.0,0.0,1.0,0.0,1.0,2.42521,-1.0,0.0,0.0,0.0,0.0,1.594011781272,2.0,2.3877108831711,-18.5816341192,-7.0825667511964,-17.700119950359,2.0962274770246,-18.842275752838,-9.5783899585301,-20.364536354062,,27.745268154343,,3.524155594009,,1.0,,0.0,,0.0,,0.0
5.49,0,0.76161692203318,1.1737587856737,-0.00030930872185752,203.74185943193,-0.00016397648661032,50.852641499601,1.0,0.0,0.0,0.0,3.2330374999622,0.0,1.0,0.0,1.0,0.0,1.0,0.0,1.0,0.0,1.0,0.0,1.0,0.0,1.0,0.0,1.0,0.0,1.0,0.0,1.0,0.0,0.0,1.0,0.0,1.0,2.42521,-1.0,0.0,0.0,0.0,0.0,1.594011781272,2.0,-0.27779615905803,-15.053509161321,-6.0880619694378,-18.722797685753,-0.575220577593,-15.277437207034,-8.7929597886985,-20.755293090196,,25.772717444612,,3.2736056415093,,1.0,,0.0,,0.0,,0.0
5.5,0,0.80410131713479,1.1654700136259,-0.00040447774371242,200.41325150389,0.00015821400964621,52.797456476075,1.0,0.0,0.0,0.0,3.2430374999618,0.0,1.0,0.0,1.0,0.0,1.0,0.0,1.0,0.0,1.0,0.0,1.0,0.0,1.0,0.0,1.0,0.0,1.0,0.0,1.0,0.0,0.0,1.0,0.0,1.0,2.42521,-1.0,0.0,0.0,0.0,0.0,1.594011781272,2.0,-3.2579347399354,-10.946237577997,-5.2258815540381,-19.756391083433,-3.5424297366674,-11.161280202919,-7.9799570964237,-21.367221563393,,24.107313304373,,3.0620689108329,,1.0,,0.0,,0.0,,0.0
5.51,0,0.86863252710636,1.147021651932,-0.000182569540289,197.05751954186,-8.4159752151434e-05,54.845266440641,1.0,0.0,0.0,0.0,3.2530374999614,0.0,1.0,0.0,1.0,0.0,1.0,0.0,1.0,0.0,1.0,0.0,1.0,0.0,1.0,0.0,1.0,0.0,1.0,0.0,1.0,0.0,0.0,1.0,0.0,1.0,2.42521,-1.0,0.0,0.0,0.0,0.0,1.594011781272,2.0,-6.1973363976508,-6.4917813711604,-4.5786156921907,-20.826883772619,-6.4596307185044,-6.7173143170537,-7.212245783443,-22.26671961264,,23.258088485701,,2.9542018547769,,1.0,,0.0,,0.0,,0.0
5.52,0,0.94474813855937,1.1191207407533,-0.00063864876510869,193.94051679741,-2.8070780902331e-05,57.335231611149,0.0,0.0,0.0,0.0,3.2572349999613,0.0,0.0,0.0,0.0,0.0,1.0,0.0,1.0,0.0,1.0,0.0,1.0,0.0,1.0,0.0,1.0,0.0,1.0,0.0,1.0,0.0,0.0,1.0,0.0,1.0,2.42521,-1.0,0.0,0.0,0.0,0.0,1.594011781272,2.0,-8.6875996836737,-2.149435859122,-4.2755303203871,-21.791513716011,-8.9118383695745,-2.4137207218973,-6.6274648197958,-23.313092580885,,23.437344829209,,2.9769706830405,,1.0,,0.0,,0.0,,0.0
5.53,0,1.0186160839504,1.0840639579068,-0.00030910612550452,191.16345167114,0.00014496304649947,59.433493620307,0.0,0.0,0.0,0.0,3.2572349999613,0.0,0.0,0.0,0.0,0.0,1.0,0.0,1.0,0.0,1.0,0.0,1.0,0.0,1.0,0.0,1.0,0.0,1.0,0.0,1.0,0.0,0.0,1.0,0.0,1.0,2.42521,-1.0,0.0,0.0,0.0,0.0,1.594011781272,2.0,-10.397048844514,1.8911202566335,-4.3461562400119,-22.596183655526,-10.579671408689,1.5777740809081,-6.2900759304967,-24.438803765576,,24.489017665538,,3.1105523333817,,1.0,,0.0,,0.0,,0.0
5.54,0,1.0827483046393,1.0438245540112,-0.00064360618267656,188.625032931,-0.00023048909316564,61.506789427948,0.0,0.0,0.0,0.0,3.2572349999613,0.0,0.0,0.0,0.0,0.0,1.0,0.0,1.0,0.0,1.0,0.0,1.0,0.0,1.0,0.0,1.0,0.0,1.0,0.0,1.0,0.0,0.0,1.0,0.0,1.0,2.42521,-1.0,0.0,0.0,0.0,0.0,1.594011781272,2.0,-10.989221321843,5.253632306997,-4.8198246958653,-23.2316211065,-11.126649414127,4.8698028946683,-6.2776690480169,-25.599721837543,,26.05795004117,,3.3098353886921,,1.0,,0.0,,0.0,,0.0
5.55,0,1.1300968177402,1.0007072350277,-0.00064219743676919,186.86912360443,0.00024922728169169,63.113834593953,0.0,0.0,0.0,0.0,3.2572349999613,0.0,0.0,0.0,0.0,0.0,1.0,0.0,1.0,0.0,1.0,0.0,1.0,0.0,1.0,0.0,1.0,0.0,1.0,0.0,1.0,0.0,0.0,1.0,0.0,1.0,2.42521,-1.0,0.0,0.0,0.0,0.0,1.594011781272,2.0,-10.382336686243,7.8405798615528,-5.6328887774397,-23.594327216371,-10.482576516503,7.3879336662081,-6.6020413834013,-26.635606605608,,27.640475477017,,3.510845010815,,1.0,,0.0,,0.0,,0.0
5.56,0,1.154632832263,0.95752396759948,-0.00048230902166047,185.38171300801,-0.00020282798972547,63.510570188923,0.0,0.0,0.0,0.0,3.2572349999613,0.0,0.0,0.0,0.0,0.0,1.0,0.0,1.0,0.0,1.0,0.0,1.0,0.0,1.0,0.0,1.0,0.0,1.0,0.0,1.0,0.0,0.0,1.0,0.0,1.0,2.42521,-1.0,0.0,0.0,0.0,0.0,1.594011781272,2.0,-8.5671922097954,9.51541041635,-6.6511350998194,-23.775767408306,-8.6415218414974,8.9845106893173,-7.2009390631383,-27.596382850193,,29.021509186507,,3.6862615051066,,1.0,,0.0,,0.0,,0.0
5.57,0,1.1529215802387,0.91589446009837,-0.00086368658902471,184.84729319886,0.00010237300931864,64.242124106446,0.0,0.0,0.0,0.0,3.2572349999613,0.0,0.0,0.0,0.0,0.0,1.0,0.0,1.0,0.0,1.0,0.0,1.0,0.0,1.0,0.0,1.0,0.0,1.0,0.0,1.0,0.0,0.0,1.0,0.0,1.0,2.42521,-1.0,0.0,0.0,0.0,0.0,1.594011781272,2.0,-5.8694962434634,10.258134679938,-7.7477150925178,-23.68768936675,-5.9361855013313,9.6552444979316,-8.0198876247484,-28.32049457934,,29.920780110996,,3.8004853302806,,1.0,,0.0,,0.0,,0.0
5.58,0,1.1252635378651,0.8793722880657,-0.00037216446779958,185.37000364308,2.4076241458896e-05,66.326753454349,0.0,1.0,0.0,0.0,3.2572349999613,0.0057774999999998,0.0,0.0,0.0,0.0,1.0,0.0,1.0,0.0,1.0,0.0,1.0,0.0,1.0,0.0,1.0,0.0,1.0,0.0,1.0,0.0,0.0,1.0,0.0,1.0,2.42521,-1.0,0.0,0.0,0.0,0.0,1.594011781272,1.959481279735,-2.6807015547134,10.15546719312,-8.6966151242664,-23.436625838157,-2.7562032056745,9.4867074551758,-8.8730922507341,-28.888436589003,,30.406136767413,,3.8621344866804,,1.0,,0.0,,0.0,,0.0
5.59,0,1.0755400683049,0.84783563850623,-0.0007417221801322,186.18644358263,-0.00012985136371131,69.068387407792,0.0,1.0,0.0,0.0,3.2572349999613,0.015777499999999,0.0,0.0,0.0,0.0,1.0,0.0,1.0,0.0,1.0,0.0,1.0,0.0,1.0,0.0,1.0,0.0,1.0,0.0,1.0,0.0,0.0,1.0,0.0,1.0,2.42521,-1.0,0.0,0.0,0.0,0.0,1.594011781272,1.8975342895379,0.46621711761859,9.2260628395167,-9.413489117496,-22.993653998312,0.36466959539541,8.493501251472,-9.6907826407675,-29.210876398351,,30.420687874698,,3.8639827429615,,1.0,,0.0,,0.0,,0.0
5.6,0,1.0097635033697,0.82271400205642,-0.00042093165865191,187.73618440266,0.00018967419738068,70.454437850646,0.0,1.0,0.0,0.0,3.2572349999613,0.025777500000003,0.0,0.0,0.0,0.0,1.0,0.0,1.0,0.0,1.0,0.0,1.0,0.0,1.0,0.0,1.0,0.0,1.0,0.0,1.0,0.0,0.0,1.0,0.0,1.0,2.42521,-1.0,0.0,0.0,0.0,0.0,1.594011781272,1.8484683319737,3.1004959489801,7.6566942772801,-9.7438095568693,-22.424302643704,2.9638309809725,6.8801452341701,-10.290898172648,-29.336763041327,,30.132971994855,,3.8274375734647,,1.0,,0.0,,0.0,,0.0
5.61,0,0.93653963065883,0.80442470876986,-0.00039765039958434,188.81572611547,-0.0001852801674842,66.464949571521,0.0,1.0,0.0,0.0,3.2572349999613,0.035777500000002,0.0,0.0,0.0,0.0,1.0,0.0,1.0,0.0,1.0,0.0,1.0,0.0,1.0,0.0,1.0,0.0,1.0,0.0,1.0,0.0,0.0,1.0,0.0,1.0,2.42521,-1.0,0.0,0.0,0.0,0.0,1.594011781272,1.8122628204253,4.8827830223987,5.4947006752831,-9.7123180683162,-21.760350076938,4.7047635556942,4.6719139082361,-10.656258612755,-29.270265988388,,29.6410234578,,3.7649511278777,,1.0,,0.0,,0.0,,0.0
5.62,0,0.86406132719309,0.79439620097396,-0.00049942257606249,191.4149062748,0.00011583239052375,63.081261011042,1.0,1.0,0.0,0.0,3.2622574999611,0.045777499999999,1.0,0.0,1.0,0.0,1.0,0.0,1.0,0.0,1.0,0.0,1.0,0.0,1.0,0.0,1.0,0.0,1.0,0.0,1.0,0.0,0.0,1.0,0.0,1.0,2.42521,-1.0,0.0,0.0,0.0,0.0,1.594011781272,1.792563965829,5.5926976168635,2.9261730956694,-9.3037351017119,-21.014096046622,5.3745106744175,2.0801978636874,-10.70329763709,-29.002661183725,,29.077447356108,,3.6933666738951,,1.0,,0.0,,0.0,,0.0
5.63,0,0.80123131116745,0.79448344151053,-0.00016425832243406,194.96102534885,-1.4053390591214e-05,61.245191428751,1.0,1.0,0.0,0.0,3.2722574999607,0.055777499999995,1.0,0.0,1.0,0.0,1.0,0.0,1.0,0.0,1.0,0.0,1.0,0.0,1.0,0.0,1.0,0.0,1.0,0.0,1.0,0.0,0.0,1.0,0.0,1.0,2.42521,-1.0,0.0,0.0,0.0,0.0,1.594011781272,1.790344448205,5.2246397490449,0.02021247195154,-8.6190635985022,-20.25069331266,4.9727689388792,-0.84700408243315,-10.477229588195,-28.608313976588,,28.621042350618,,3.6353949057261,,1.0,,0.0,,0.0,,0.0
5.64,0,0.75732582556475,0.80350351073203,-0.00041620682913166,198.60515800965,-8.7663119992273e-05,60.611055279449,1.0,1.0,0.0,0.0,3.2822574999603,0.065777499999995,1.0,0.0,1.0,0.0,1.0,0.0,1.0,0.0,1.0,0.0,1.0,0.0,1.0,0.0,1.0,0.0,1.0,0.0,1.0,0.0,0.0,1.0,0.0,1.0,2.42521,-1.0,0.0,0.0,0.0,0.0,1.594011781272,1.790344448205,3.8534162427618,-3.0899915948191,-7.7364647052373,-19.445534278068,3.5748410249412,-3.9637053656497,-9.9921718171048,-28.032784396364,,28.311702888705,,3.59610314653,,1.0,,0.0,,0.0,,0.0
5.65,0,0.74306667144971,0.82097971049965,-0.00023425091298234,202.14875774524,0.00015204692851104,60.930789293383,1.0,1.0,0.0,0.0,3.2922574999599,0.075777500000005,1.0,0.0,1.0,0.0,1.0,0.0,1.0,0.0,1.0,0.0,1.0,0.0,1.0,0.0,1.0,0.0,1.0,0.0,1.0,0.0,0.0,1.0,0.0,1.0,2.42521,-1.0,0.0,0.0,0.0,0.0,1.594011781272,1.790344448205,1.7068038149977,-6.3159676627551,-6.778926448592,-18.682847544302,1.4166132753257,-7.1819523213092,-9.331982391201,-27.381705681292,,28.307870533782,,3.5956163674885,,1.0,,0.0,,0.0,,0.0
5.66,0,0.76081650044724,0.84597298054872,-0.00021953036676757,205.30132064795,-0.00015199075037979,62.016145377668,1.0,1.0,0.0,0.0,3.3022574999596,0.085777500000015,1.0,0.0,1.0,0.0,1.0,0.0,1.0,0.0,1.0,0.0,1.0,0.0,1.0,0.0,1.0,0.0,1.0,0.0,1.0,0.0,0.0,1.0,0.0,1.0,2.42521,-1.0,0.0,0.0,0.0,0.0,1.594011781272,1.790344448205,-0.96961822561405,-9.5746316276811,-5.8412158587331,-17.91993361135,-1.2627871785852,-10.42975145591,-8.5569536091411,-26.589480785858,,28.56164123281,,3.6278498792931,,1.0,,0.0,,0.0,,0.0
5.67,0,0.80604429810958,0.87780307737275,-0.00047063918897872,207.99991409034,9.2110266381573e-05,63.860287426947,1.0,1.0,0.0,0.0,3.3122574999592,0.095777500000025,1.0,0.0,1.0,0.0,1.0,0.0,1.0,0.0,1.0,0.0,1.0,0.0,1.0,0.0,1.0,0.0,1.0,0.0,1.0,0.0,0.0,1.0,0.0,1.0,2.42521,-1.0,0.0,0.0,0.0,0.0,1.594011781272,1.790344448205,-3.8509198651165,-12.736841328211,-5.0489223297491,-17.243884897227,-4.129236416488,-13.557179867435,-7.7745716445849,-25.751437889512,,29.101822870043,,3.6964628091824,,1.0,,0.0,,0.0,,0.0
5.68,0,0.87038058202537,0.91430426018254,-0.00016469653405721,210.10152652649,1.4400426802631e-05,66.283642378736,1.0,0.0,0.0,0.0,3.3222574999588,0.0,1.0,0.0,1.0,0.0,1.0,0.0,1.0,0.0,1.0,0.0,1.0,0.0,1.0,0.0,1.0,0.0,1.0,0.0,1.0,0.0,0.0,1.0,0.0,1.0,2.42521,-1.0,0.0,0.0,0.0,0.0,1.594011781272,2.0,-6.629769142675,-15.750420404844,-4.4783146619014,-16.62912836314,-6.8849276985102,-16.536534093713,-7.0601228455824,-24.84058922713,,29.841028601628,,3.7903554325875,,1.0,,0.0,,0.0,,0.0
5.69,0,0.94430693763712,0.95329924696828,-0.00059615207163013,211.19609644512,-0.00013029494956127,67.765524010632,0.0,0.0,0.0,0.0,3.3263099999587,0.0,0.0,0.0,0.0,0.0,1.0,0.0,1.0,0.0,1.0,0.0,1.0,0.0,1.0,0.0,1.0,0.0,1.0,0.0,1.0,0.0,0.0,1.0,0.0,1.0,2.42521,-1.0,0.0,0.0,0.0,0.0,1.594011781272,2.0,-8.9347316011091,-18.418498023176,-4.2283573394754,-16.135728168542,-9.1532479783173,-19.147999303001,-6.5191154535878,-23.905676868344,,30.628477609769,,3.8903758328807,,1.0,,0.0,,0.0,,0.0
5.7,0,1.0157610273923,0.9929351182821,-0.0004026099908681,211.52667432737,0.00021286703716611,66.559810574962,0.0,0.0,0.0,0.0,3.3263099999587,0.0,0.0,0.0,0.0,0.0,1.0,0.0,1.0,0.0,1.0,0.0,1.0,0.0,1.0,0.0,1.0,0.0,1.0,0.0,1.0,0.0,0.0,1.0,0.0,1.0,2.42521,-1.0,0.0,0.0,0.0,0.0,1.594011781272,2.0,-10.486119848341,-20.687158018391,-4.3406873772854,-15.796901365346,-10.663997165919,-21.355781726112,-6.2292865707702,-23.004507713409,,31.388796615791,,3.986950227599,,1.0,,0.0,,0.0,,0.0
5.71,0,1.0771725884445,1.0320028061821,-0.00051677055074265,211.61990149929,-0.00024158886780362,63.739219593579,0.0,0.0,0.0,0.0,3.3263099999587,0.0,0.0,0.0,0.0,0.0,1.0,0.0,1.0,0.0,1.0,0.0,1.0,0.0,1.0,0.0,1.0,0.0,1.0,0.0,1.0,0.0,0.0,1.0,0.0,1.0,2.42521,-1.0,0.0,0.0,0.0,0.0,1.594011781272,2.0,-10.985849091664,-22.332858650572,-4.8114041881629,-15.599542146029,-11.121263402925,-22.930420010458,-6.2291468386361,-22.11557931259,,31.857367370714,,4.0464672680531,,1.0,,0.0,,0.0,,0.0
5.72,0,1.1233153034399,1.0696229278884,-0.00075208115451005,211.22931041546,0.00019921306064641,59.880907769358,0.0,0.0,0.0,0.0,3.3263099999587,0.0,0.0,0.0,0.0,0.0,1.0,0.0,1.0,0.0,1.0,0.0,1.0,0.0,1.0,0.0,1.0,0.0,1.0,0.0,1.0,0.0,0.0,1.0,0.0,1.0,2.42521,-1.0,0.0,0.0,0.0,0.0,1.594011781272,2.0,-10.36295326738,-23.274785769467,-5.6118396800879,-15.647943403552,-10.462120378532,-23.792757778519,-6.5592125979217,-21.386641334311,,31.9920192278,,4.0635705122083,,1.0,,0.0,,0.0,,0.0
5.73,0,1.1484096119496,1.1031040473431,-0.00039718194663738,210.43500056188,-9.9965430974417e-05,54.781300271309,0.0,0.0,0.0,0.0,3.3263099999587,0.0,0.0,0.0,0.0,0.0,1.0,0.0,1.0,0.0,1.0,0.0,1.0,0.0,1.0,0.0,1.0,0.0,1.0,0.0,1.0,0.0,0.0,1.0,0.0,1.0,2.42521,-1.0,0.0,0.0,0.0,0.0,1.594011781272,2.0,-8.6236084085064,-23.365098886497,-6.5903416148945,-15.852214504715,-8.6978845483045,-23.80848103514,-7.1320103943671,-20.747142231762,,31.580169533262,,4.0112580819652,,1.0,,0.0,,0.0,,0.0
5.74,0,1.1488806382292,1.131130453446,-0.00087700807986777,208.85508983528,-2.1433374366032e-05,49.124780159622,0.0,0.0,0.0,0.0,3.3263099999587,0.0,0.0,0.0,0.0,0.0,1.0,0.0,1.0,0.0,1.0,0.0,1.0,0.0,1.0,0.0,1.0,0.0,1.0,0.0,1.0,0.0,0.0,1.0,0.0,1.0,2.42521,-1.0,0.0,0.0,0.0,0.0,1.594011781272,2.0,-6.0348164092067,-22.503839381138,-7.6586474442284,-16.332132370076,-6.0999890678575,-22.868786127041,-7.9254963711765,-20.371132611721,,30.626851629539,,3.8901693037063,,1.0,,0.0,,0.0,,0.0
5.75,0,1.1245586461246,1.1512862576268,-0.00041155926839464,207.36115508651,0.000135749910315,46.022964752119,0.0,0.0,0.0,0.0,3.3263099999587,0.0,0.0,0.0,0.0,0.0,1.0,0.0,1.0,0.0,1.0,0.0,1.0,0.0,1.0,0.0,1.0,0.0,1.0,0.0,1.0,0.0,0.0,1.0,0.0,1.0,2.42521,-1.0,0.0,0.0,0.0,0.0,1.594011781272,2.0,-2.9759190169356,-20.740932771869,-8.5935286489143,-16.970444148537,-3.0482952111406,-21.04498397386,-8.7536562389357,-20.193349868042,,29.166936591963,,3.7047334406312,,1.0,,0.0,,0.0,,0.0
5.76,0,1.0797911642483,1.1638163253061,-0.00066016321977969,206.44437710015,-0.00020343976745968,49.006511623374,0.0,0.0,0.0,0.0,3.3263099999587,0.0,0.0,0.0,0.0,0.0,1.0,0.0,1.0,0.0,1.0,0.0,1.0,0.0,1.0,0.0,1.0,0.0,1.0,0.0,1.0,0.0,0.0,1.0,0.0,1.0,2.42521,-1.0,0.0,0.0,0.0,0.0,1.594011781272,2.0,0.10495484992395,-18.036395578303,-9.3228190625034,-17.801265932955,0.010232486349386,-18.286950650034,-9.5604379443862,-20.301656312923,,27.324403881799,,3.4706981477824,,1.0,,0.0,,0.0,,0.0
5.77,0,1.0188621536338,1.1666298247666,-0.00053021485537935,203.31612797132,0.00020552507336131,51.112817047754,0.0,0.0,0.0,0.0,3.3263099999587,0.0,0.0,0.0,0.0,0.0,1.0,0.0,1.0,0.0,1.0,0.0,1.0,0.0,1.0,0.0,1.0,0.0,1.0,0.0,1.0,0.0,0.0,1.0,0.0,1.0,2.42521,-1.0,0.0,0.0,0.0,0.0,1.594011781272,2.0,2.7419756793847,-14.66264364709,-9.7026688827372,-18.756374869546,2.6142625206366,-14.884812830039,-10.179406227187,-20.688388705209,,25.487474184094,,3.2373745398088,,1.0,,0.0,,0.0,,0.0
5.78,0,0.94930113168126,1.1592507575898,-0.00032551900079933,200.39440473302,-0.00014891117460105,52.701478656144,0.0,0.0,0.0,0.0,3.3263099999587,0.0,0.0,0.0,0.0,0.0,1.0,0.0,1.0,0.0,1.0,0.0,1.0,0.0,1.0,0.0,1.0,0.0,1.0,0.0,1.0,0.0,0.0,1.0,0.0,1.0,2.42521,-1.0,0.0,0.0,0.0,0.0,1.594011781272,2.0,4.6388585024639,-10.716509676269,-9.7381331828034,-19.738511527054,4.4732193286497,-10.926050767977,-10.579967260497,-21.29036673959,,23.930890996866,,3.0396600568817,,1.0,,0.0,,0.0,,0.0
5.79,0,0.8783866915356,1.1428054956131,-0.00055389843130912,197.36829502413,4.754673465851e-05,54.642089303095,1.0,0.0,0.0,0.0,3.3293924999585,0.0,1.0,0.0,1.0,0.0,1.0,0.0,1.0,0.0,1.0,0.0,1.0,0.0,1.0,0.0,1.0,0.0,1.0,0.0,1.0,0.0,0.0,1.0,0.0,1.0,2.42521,-1.0,0.0,0.0,0.0,0.0,1.594011781272,2.0,5.5542371920923,-6.5645516561869,-9.4225054238543,-20.761399699532,5.3486492525313,-6.7869588048087,-10.695878565874,-22.157448434615,,23.173764960688,,2.9434912276268,,1.0,,0.0,,0.0,,0.0
5.8,0,0.81396169124427,1.1180546753332,-0.0001822669080081,194.73651605973,5.9030536813368e-05,56.784105571941,1.0,0.0,0.0,0.0,3.3393924999582,0.0,1.0,0.0,1.0,0.0,1.0,0.0,1.0,0.0,1.0,0.0,1.0,0.0,1.0,0.0,1.0,0.0,1.0,0.0,1.0,0.0,0.0,1.0,0.0,1.0,2.42521,-1.0,0.0,0.0,0.0,0.0,1.594011781272,2.0,5.4712895752701,-2.4408070585338,-8.8235709033193,-21.64492091024,5.2325926872302,-2.6922974748133,-10.542803333567,-23.103410763229,,23.259459532433,,2.9543760027426,,1.0,,0.0,,0.0,,0.0
5.81,0,0.7646026702857,1.0868723386391,-0.00037086408449069,192.11865239259,-0.00013248711127788,58.683501222156,1.0,0.0,0.0,0.0,3.3493924999578,0.0,1.0,0.0,1.0,0.0,1.0,0.0,1.0,0.0,1.0,0.0,1.0,0.0,1.0,0.0,1.0,0.0,1.0,0.0,1.0,0.0,0.0,1.0,0.0,1.0,2.42521,-1.0,0.0,0.0,0.0,0.0,1.594011781272,2.0,4.4246890361921,1.3868663767617,-8.0229421038008,-22.457201941729,4.1566929606889,1.0889105104483,-10.146646384479,-24.19633483348,,24.220224174247,,3.0764106526923,,1.0,,0.0,,0.0,,0.0
5.82,0,0.739444198756,1.050647219708,-0.00029836997916425,189.95060101953,0.00015221312028737,60.674565826104,1.0,0.0,0.0,0.0,3.3593924999574,0.0,1.0,0.0,1.0,0.0,1.0,0.0,1.0,0.0,1.0,0.0,1.0,0.0,1.0,0.0,1.0,0.0,1.0,0.0,1.0,0.0,0.0,1.0,0.0,1.0,2.42521,-1.0,0.0,0.0,0.0,0.0,1.594011781272,2.0,2.6012801589243,4.6477420964622,-7.1139726064467,-23.048060473697,2.3180720225622,4.2906149128515,-9.5592131599884,-25.241070113716,,25.602361590027,,3.2519673378328,,1.0,,0.0,,0.0,,0.0
5.83,0,0.74373921577568,1.0117985093863,-0.00015326466682655,188.30505464698,-0.0001055747689384,62.106613330254,1.0,0.0,0.0,0.0,3.369392499957,0.0,1.0,0.0,1.0,0.0,1.0,0.0,1.0,0.0,1.0,0.0,1.0,0.0,1.0,0.0,1.0,0.0,1.0,0.0,1.0,0.0,0.0,1.0,0.0,1.0,2.42521,-1.0,0.0,0.0,0.0,0.0,1.594011781272,2.0,0.1993265773454,7.2722233029911,-6.19291720692,-23.471621295101,-0.092020157706825,6.8531088709385,-8.8479505860356,-26.26471342624,,27.143352819552,,3.4477013574732,,1.0,,0.0,,0.0,,0.0
5.84,0,0.77570858301992,0.97166888931924,-0.00046345181056408,186.82072315222,1.2283487247512e-05,62.659044243154,1.0,0.0,0.0,0.0,3.3793924999566,0.0,1.0,0.0,1.0,0.0,1.0,0.0,1.0,0.0,1.0,0.0,1.0,0.0,1.0,0.0,1.0,0.0,1.0,0.0,1.0,0.0,0.0,1.0,0.0,1.0,2.42521,-1.0,0.0,0.0,0.0,0.0,1.594011781272,2.0,-2.5076931472303,9.0714518337653,-5.3558047746341,-23.686856002679,-2.7915986019818,8.5801639271401,-8.0842071223697,-27.169321004023,,28.49131997488,,3.6189177956983,,1.0,,0.0,,0.0,,0.0
5.85,0,0.82944787524575,0.93233048359299,-0.00017141213869546,186.17453465823,9.5821766242074e-05,62.841775718161,1.0,0.0,0.0,0.0,3.3893924999563,0.0,1.0,0.0,1.0,0.0,1.0,0.0,1.0,0.0,1.0,0.0,1.0,0.0,1.0,0.0,1.0,0.0,1.0,0.0,1.0,0.0,0.0,1.0,0.0,1.0,2.42521,-1.0,0.0,0.0,0.0,0.0,1.594011781272,2.0,-5.2636223211638,10.12448454427,-4.691998366851,-23.693327624337,-5.5308084978776,9.5718039153526,-7.355250258184,-27.91380203767,,29.508927167217,,3.7481724873247,,1.0,,0.0,,0.0,,0.0
5.86,0,0.89670307903599,0.89663238246735,-0.00047143774246362,186.33859095334,-0.00018540640867866,64.549161432571,1.0,1.0,0.0,0.0,3.3993924999559,0.0010125,1.0,0.0,1.0,0.0,1.0,0.0,1.0,0.0,1.0,0.0,1.0,0.0,1.0,0.0,1.0,0.0,1.0,0.0,1.0,0.0,0.0,1.0,0.0,1.0,2.42521,-1.0,0.0,0.0,0.0,0.0,1.594011781272,1.9933850365904,-7.7490388337716,10.388412722822,-4.2727853982026,-23.55323886909,-7.9877467615388,9.7673766810612,-6.7279080459761,-28.52301501868,,30.148799978042,,3.829448016297,,1.0,,0.0,,0.0,,0.0
5.87,0,0.96841240623881,0.86476948868089,-0.00047268238290584,186.92418464466,0.0002174931889812,67.251947441465,0.0,1.0,0.0,0.0,3.3998799999559,0.0110125,0.0,0.0,0.0,0.0,1.0,0.0,1.0,0.0,1.0,0.0,1.0,0.0,1.0,0.0,1.0,0.0,1.0,0.0,1.0,0.0,0.0,1.0,0.0,1.0,2.42521,-1.0,0.0,0.0,0.0,0.0,1.594011781272,1.9307972095189,-9.7004430447916,9.9767401426741,-4.1790469620475,-23.223547951704,-9.9024700450169,9.3022233886042,-6.3069084698754,-28.908417435389,,30.368181835394,,3.8573135173803,,1.0,,0.0,,0.0,,0.0
5.88,0,1.0343250454271,0.8373962830177,-0.00036588614292956,187.90469311443,-0.00018456818817724,69.90946505721,0.0,1.0,0.0,0.0,3.3998799999559,0.021012500000001,0.0,0.0,0.0,0.0,1.0,0.0,1.0,0.0,1.0,0.0,1.0,0.0,1.0,0.0,1.0,0.0,1.0,0.0,1.0,0.0,0.0,1.0,0.0,1.0,2.42521,-1.0,0.0,0.0,0.0,0.0,1.594011781272,1.8770284126884,-10.822770286192,8.9665486462915,-4.4077842069102,-22.808824389793,-10.985083487832,8.2402240107245,-6.115785538305,-29.167410730907,,30.309170658413,,3.8498180205515,,1.0,,0.0,,0.0,,0.0
5.89,0,1.0898816973896,0.81514409136163,-0.00078928891937915,188.66275279566,9.4653436458835e-05,69.134717639252,0.0,1.0,0.0,0.0,3.3998799999559,0.031012500000004,0.0,0.0,0.0,0.0,1.0,0.0,1.0,0.0,1.0,0.0,1.0,0.0,1.0,0.0,1.0,0.0,1.0,0.0,1.0,0.0,0.0,1.0,0.0,1.0,2.42521,-1.0,0.0,0.0,0.0,0.0,1.594011781272,1.8333187505132,-10.95016755855,7.43644103198,-4.9918236083409,-22.265734953406,-11.072424552973,6.6661494482178,-6.2404046235909,-29.215888937263,,29.966935150094,,3.8063478628871,,1.0,,0.0,,0.0,,0.0
5.9,0,1.1295054745822,0.79781909049642,-0.0003573656996952,189.59161584311,3.0385246659239e-05,64.969681193293,0.0,1.0,0.0,0.0,3.3998799999559,0.0410125,0.0,0.0,0.0,0.0,1.0,0.0,1.0,0.0,1.0,0.0,1.0,0.0,1.0,0.0,1.0,0.0,1.0,0.0,1.0,0.0,0.0,1.0,0.0,1.0,2.42521,-1.0,0.0,0.0,0.0,0.0,1.594011781272,1.7994688690114,-10.009223062888,5.526159340702,-5.8107062158689,-21.678552193175,-10.099843772511,4.7257809178288,-6.6160385462962,-29.14579914876,,29.526701939214,,3.7504302078779,,1.0,,0.0,,0.0,,0.0
5.91,0,1.1483738738718,0.78794016288833,-0.00083040021978081,191.76653255633,-0.00014555027911745,62.308334766523,0.0,1.0,0.0,0.0,3.3998799999559,0.051012499999997,0.0,0.0,0.0,0.0,1.0,0.0,1.0,0.0,1.0,0.0,1.0,0.0,1.0,0.0,1.0,0.0,1.0,0.0,1.0,0.0,0.0,1.0,0.0,1.0,2.42521,-1.0,0.0,0.0,0.0,0.0,1.594011781272,1.7798824624484,-8.0794842385585,3.273473217515,-6.8172152071626,-21.03262092073,-8.1487340329741,2.4405453539245,-7.2592457711955,-28.92319875513,,29.026203844159,,3.6868578123376,,1.0,,0.0,,0.0,,0.0
5.92,0,1.1438018809921,0.78538190304266,-0.00052082099340918,194.46761290001,0.00022081414866585,60.831764387812,0.0,1.0,0.0,0.0,3.3998799999559,0.061012499999993,0.0,0.0,0.0,0.0,1.0,0.0,1.0,0.0,1.0,0.0,1.0,0.0,1.0,0.0,1.0,0.0,1.0,0.0,1.0,0.0,0.0,1.0,0.0,1.0,2.42521,-1.0,0.0,0.0,0.0,0.0,1.594011781272,1.7747685673097,-5.4434515634501,0.81710100304402,-7.8180934216428,-20.361315369212,-5.5074620225432,-0.027745913208135,-8.0272166726415,-28.581495614003,,28.581721361504,,3.6304004222351,,1.0,,0.0,,0.0,,0.0
5.93,0,1.1173606546669,0.78948454831602,-0.00058468600862598,197.21100115123,-0.00023586261437907,60.092791917575,0.0,1.0,0.0,0.0,3.3998799999559,0.071012500000001,0.0,0.0,0.0,0.0,1.0,0.0,1.0,0.0,1.0,0.0,1.0,0.0,1.0,0.0,1.0,0.0,1.0,0.0,1.0,0.0,0.0,1.0,0.0,1.0,2.42521,-1.0,0.0,0.0,0.0,0.0,1.594011781272,1.7747685673097,-2.4253446059973,-1.8292270818217,-8.7156975032377,-19.688990349743,-2.4980368887504,-2.6896076906752,-8.8558486350204,-28.151897632624,,28.28019030429,,3.592100472992,,1.0,,0.0,,0.0,,0.0
5.94,0,1.0719300266578,0.80018032554673,-0.00068435235643237,199.82298315967,0.0001821819122327,60.105932345763,0.0,1.0,0.0,0.0,3.3998799999559,0.081012500000011,0.0,0.0,0.0,0.0,1.0,0.0,1.0,0.0,1.0,0.0,1.0,0.0,1.0,0.0,1.0,0.0,1.0,0.0,1.0,0.0,0.0,1.0,0.0,1.0,2.42521,-1.0,0.0,0.0,0.0,0.0,1.594011781272,1.7747685673097,0.50235780813265,-4.5600596897242,-9.368248155494,-19.001748818975,0.40613339253043,-5.4202230652371,-9.6069568152974,-27.601607242717,,28.128784946354,,3.5728692283644,,1.0,,0.0,,0.0,,0.0
5.95,0,1.012447586748,0.81709301142819,-0.00031550654611119,202.41137321968,-8.44345567258e-05,60.791239076608,0.0,1.0,0.0,0.0,3.3998799999559,0.091012500000021,0.0,0.0,0.0,0.0,1.0,0.0,1.0,0.0,1.0,0.0,1.0,0.0,1.0,0.0,1.0,0.0,1.0,0.0,1.0,0.0,0.0,1.0,0.0,1.0,2.42521,-1.0,0.0,0.0,0.0,0.0,1.594011781272,1.7747685673097,3.013399643072,-7.3533362706061,-9.7085819312154,-18.357926590554,2.8864322428922,-8.2070299605222,-10.195398624209,-27.011611396118,,28.230789010163,,3.5858256067308,,1.0,,0.0,,0.0,,0.0
5.96,0,0.94577732796629,0.8396475804906,-0.00063038545642796,204.75429826006,-2.8116510439526e-05,61.958183861325,0.0,1.0,0.0,0.0,3.3998799999559,0.10101250000003,0.0,0.0,0.0,0.0,1.0,0.0,1.0,0.0,1.0,0.0,1.0,0.0,1.0,0.0,1.0,0.0,1.0,0.0,1.0,0.0,0.0,1.0,0.0,1.0,2.42521,-1.0,0.0,0.0,0.0,0.0,1.594011781272,1.7747685673097,4.7706440914319,-10.144997292105,-9.7216170077945,-17.710939408515,4.6053388660412,-10.987993945012,-10.565852604152,-26.310620031868,,28.512669576908,,3.6216295849303,,1.0,,0.0,,0.0,,0.0
5.97,0,0.87822328620174,0.86744024981582,-0.0002571170274706,206.84706035246,0.00012128765418973,63.683578421446,1.0,1.0,0.0,0.0,3.4031424999557,0.11101250000004,1.0,0.0,1.0,0.0,1.0,0.0,1.0,0.0,1.0,0.0,1.0,0.0,1.0,0.0,1.0,0.0,1.0,0.0,1.0,0.0,0.0,1.0,0.0,1.0,2.42521,-1.0,0.0,0.0,0.0,0.0,1.594011781272,1.7747685673097,5.6488300434371,-12.868325087246,-9.406161984466,-17.140210290768,5.4482685254453,-13.682569406744,-10.668085258815,-25.59226798124,,29.020014102553,,3.6860716021491,,1.0,,0.0,,0.0,,0.0
5.98,0,0.81660302818607,0.89919782054381,-0.00036056210527786,208.61950668485,-0.00015913634988988,65.791056024441,1.0,1.0,0.0,0.0,3.4131424999554,0.12101250000005,1.0,0.0,1.0,0.0,1.0,0.0,1.0,0.0,1.0,0.0,1.0,0.0,1.0,0.0,1.0,0.0,1.0,0.0,1.0,0.0,0.0,1.0,0.0,1.0,2.42521,-1.0,0.0,0.0,0.0,0.0,1.594011781272,1.7747685673097,5.5811910276943,-15.494018394173,-8.8402254565439,-16.599819758321,5.3455014202053,-16.282043329914,-10.531577284586,-24.800708609659,,29.667458341358,,3.7683088407045,,1.0,,0.0,,0.0,,0.0
5.99,0,0.76751151032614,0.9335926503037,-0.00036758998200405,209.70240491523,0.00013567348431453,67.831107110727,1.0,0.0,0.0,0.0,3.423142499955,0.0,1.0,0.0,1.0,0.0,1.0,0.0,1.0,0.0,1.0,0.0,1.0,0.0,1.0,0.0,1.0,0.0,1.0,0.0,1.0,0.0,0.0,1.0,0.0,1.0,2.42521,-1.0,0.0,0.0,0.0,0.0,1.594011781272,2.0,4.6433257020046,-17.883711294207,-8.0737779509287,-16.156940617973,4.3822967792361,-18.624585094155,-10.156117382406,-23.995712643547,,30.375127005007,,3.8581956807174,,1.0,,0.0,,0.0,,0.0
6.0,0,0.73998134229058,0.96916381150986,-0.00013219085082582,210.30073389994,-5.9248978754802e-05,67.963936712297,1.0,0.0,0.0,0.0,3.4331424999546,0.0,1.0,0.0,1.0,0.0,1.0,0.0,1.0,0.0,1.0,0.0,1.0,0.0,1.0,0.0,1.0,0.0,1.0,0.0,1.0,0.0,0.0,1.0,0.0,1.0,2.42521,-1.0,0.0,0.0,0.0,0.0,1.594011781272,2.0,2.9715112286699,-20.018487354034,-7.2107317952772,-15.814380085117,2.6914058771197,-20.711621998365,-9.6147444795359,-23.193840960633,,31.095094694961,,3.9496447216113,,1.0,,0.0,,0.0,,0.0
6.01,0,0.73915234868131,1.0048804180469,-0.00042095527669819,210.45518130048,-4.444648385287e-05,66.104765326306,1.0,0.0,0.0,0.0,3.4431424999542,0.0,1.0,0.0,1.0,0.0,1.0,0.0,1.0,0.0,1.0,0.0,1.0,0.0,1.0,0.0,1.0,0.0,1.0,0.0,1.0,0.0,0.0,1.0,0.0,1.0,2.42521,-1.0,0.0,0.0,0.0,0.0,1.594011781272,2.0,0.75422922540999,-21.711628630709,-6.3154160444204,-15.578090908911,0.46601688715434,-22.344629313619,-8.9372713278651,-22.385939954023,,31.629070459793,,4.0174693924066,,1.0,,0.0,,0.0,,0.0
6.02,0,0.76386705798757,1.0403983728043,-0.00018674587372526,210.44023118807,0.00013350528777633,63.2876554721,1.0,0.0,0.0,0.0,3.4531424999539,0.0,1.0,0.0,1.0,0.0,1.0,0.0,1.0,0.0,1.0,0.0,1.0,0.0,1.0,0.0,1.0,0.0,1.0,0.0,1.0,0.0,0.0,1.0,0.0,1.0,2.42521,-1.0,0.0,0.0,0.0,0.0,1.594011781272,2.0,-1.7969591404071,-22.919416572915,-5.4883502219853,-15.52610377057,-2.0822625318572,-23.484932045091,-8.2136919228382,-21.681408204882,,31.962822236314,,4.0598619612473,,1.0,,0.0,,0.0,,0.0
6.03,0,0.80958645517423,1.0738365537274,-0.00031933331659349,210.15076131974,-0.00018049645876228,59.088429258317,1.0,0.0,0.0,0.0,3.4631424999535,0.0,1.0,0.0,1.0,0.0,1.0,0.0,1.0,0.0,1.0,0.0,1.0,0.0,1.0,0.0,1.0,0.0,1.0,0.0,1.0,0.0,0.0,1.0,0.0,1.0,2.42521,-1.0,0.0,0.0,0.0,0.0,1.594011781272,2.0,-4.4458776128468,-23.487326307699,-4.7847088808873,-15.589639035587,-4.7193307069729,-23.986024382733,-7.4828810113787,-21.012977899107,,31.888579407269,,4.0504317665259,,1.0,,0.0,,0.0,,0.0
6.04,0,0.87064776900602,1.1038634213318,-0.00047273164576807,209.15915966646,0.00016374098193404,54.236763569793,1.0,0.0,0.0,0.0,3.4731424999531,0.0,1.0,0.0,1.0,0.0,1.0,0.0,1.0,0.0,1.0,0.0,1.0,0.0,1.0,0.0,1.0,0.0,1.0,0.0,1.0,0.0,0.0,1.0,0.0,1.0,2.42521,-1.0,0.0,0.0,0.0,0.0,1.594011781272,2.0,-6.9486071104857,-23.32134330457,-4.3035225315342,-15.888466213556,-7.197431812101,-23.745307601894,-6.8483009646268,-20.539603106326,,31.396495785544,,3.9879281627194,,1.0,,0.0,,0.0,,0.0
6.05,0,0.93905754847238,1.128003610073,-0.00022596499158628,207.82727752118,-8.4075762363859e-05,48.742783639431,0.0,0.0,0.0,0.0,3.4774849999529,0.0,0.0,0.0,0.0,0.0,1.0,0.0,1.0,0.0,1.0,0.0,1.0,0.0,1.0,0.0,1.0,0.0,1.0,0.0,1.0,0.0,0.0,1.0,0.0,1.0,2.42521,-1.0,0.0,0.0,0.0,0.0,1.594011781272,2.0,-9.0550977929493,-22.39936209656,-4.0695661532178,-16.322753748469,-9.2740079802531,-22.760288806734,-6.3414400751585,-20.193832479349,,30.427891364594,,3.8648977176906,,1.0,,0.0,,0.0,,0.0
6.06,0,1.005167778881,1.1456039586042,-0.00070321887183039,206.69530346146,-2.9261915714131e-05,46.182230223846,0.0,0.0,0.0,0.0,3.4774849999529,0.0,0.0,0.0,0.0,0.0,1.0,0.0,1.0,0.0,1.0,0.0,1.0,0.0,1.0,0.0,1.0,0.0,1.0,0.0,1.0,0.0,0.0,1.0,0.0,1.0,2.42521,-1.0,0.0,0.0,0.0,0.0,1.594011781272,2.0,-10.503867589111,-20.625400643321,-4.1636863914568,-16.957996602045,-10.684053294415,-20.923563660471,-6.0654222147107,-20.083013719945,,29.002934006578,,3.6839021181332,,1.0,,0.0,,0.0,,0.0
6.07,0,1.064435986871,1.1580579112999,-0.00034894692405609,206.07267814003,0.00014679953926889,49.39076391094,0.0,0.0,0.0,0.0,3.4774849999529,0.0,0.0,0.0,0.0,0.0,1.0,0.0,1.0,0.0,1.0,0.0,1.0,0.0,1.0,0.0,1.0,0.0,1.0,0.0,1.0,0.0,0.0,1.0,0.0,1.0,2.42521,-1.0,0.0,0.0,0.0,0.0,1.594011781272,2.0,-11.119957005811,-18.163255391021,-4.5549264669849,-17.729991189473,-11.262645245597,-18.417221306134,-6.0266493394978,-20.194467480672,,27.33236758831,,3.4717096839007,,1.0,,0.0,,0.0,,0.0
6.08,0,1.1114570290486,1.1617925838819,-0.00067967380971046,203.37460757591,-0.00022859914574178,50.689789168126,0.0,0.0,0.0,0.0,3.4774849999529,0.0,0.0,0.0,0.0,0.0,1.0,0.0,1.0,0.0,1.0,0.0,1.0,0.0,1.0,0.0,1.0,0.0,1.0,0.0,1.0,0.0,0.0,1.0,0.0,1.0,2.42521,-1.0,0.0,0.0,0.0,0.0,1.594011781272,2.0,-10.740604796656,-15.005949008179,-5.2405009759477,-18.585968753997,-10.84687037512,-15.22642972259,-6.2673372274719,-20.510642250942,,25.545521159344,,3.2447475654146,,1.0,,0.0,,0.0,,0.0
6.09,0,1.1420360485059,1.1568767456832,-0.00065051597432319,200.69266363614,0.0002469582890352,52.228336589322,0.0,0.0,0.0,0.0,3.4774849999529,0.0,0.0,0.0,0.0,0.0,1.0,0.0,1.0,0.0,1.0,0.0,1.0,0.0,1.0,0.0,1.0,0.0,1.0,0.0,1.0,0.0,0.0,1.0,0.0,1.0,2.42521,-1.0,0.0,0.0,0.0,0.0,1.594011781272,2.0,-9.4159832667259,-11.42565152299,-6.1318546564998,-19.542417626368,-9.4957034321037,-11.633690078114,-6.7565350119643,-21.094427587402,,24.090411935537,,3.0599221284266,,1.0,,0.0,,0.0,,0.0
6.1,0,1.1517187974819,1.1440838189467,-0.00048891197148018,198.39026425861,-0.00020199974472851,53.784372171293,0.0,0.0,0.0,0.0,3.4774849999529,0.0,0.0,0.0,0.0,0.0,1.0,0.0,1.0,0.0,1.0,0.0,1.0,0.0,1.0,0.0,1.0,0.0,1.0,0.0,1.0,0.0,0.0,1.0,0.0,1.0,2.42521,-1.0,0.0,0.0,0.0,0.0,1.594011781272,2.0,-7.230025800367,-7.573326625799,-7.1150781000145,-20.439528255189,-7.293882319711,-7.7849645700115,-7.4303890630435,-21.797662084975,,23.146394449586,,2.9400146730202,,1.0,,0.0,,0.0,,0.0
6.11,0,1.1399076330016,1.1241592868182,-0.00084474389090768,195.83420966121,0.00010226051106458,55.557477999438,0.0,0.0,0.0,0.0,3.4774849999529,0.0,0.0,0.0,0.0,0.0,1.0,0.0,1.0,0.0,1.0,0.0,1.0,0.0,1.0,0.0,1.0,0.0,1.0,0.0,1.0,0.0,0.0,1.0,0.0,1.0,2.42521,-1.0,0.0,0.0,0.0,0.0,1.594011781272,2.0,-4.5051536036302,-3.692692140229,-8.0860915913507,-21.344424048932,-4.56852929899,-3.9254176111629,-8.2284496929293,-22.707733178722,,23.044407228336,,2.9270604339663,,1.0,,0.0,,0.0,,0.0
6.12,0,1.1086236619828,1.0979809523131,-0.00036395352811959,193.67298727217,2.0124722689802e-05,57.431659908595,0.0,0.0,0.0,0.0,3.4774849999529,0.0,0.0,0.0,0.0,0.0,1.0,0.0,1.0,0.0,1.0,0.0,1.0,0.0,1.0,0.0,1.0,0.0,1.0,0.0,1.0,0.0,0.0,1.0,0.0,1.0,2.42521,-1.0,0.0,0.0,0.0,0.0,1.594011781272,2.0,-1.5564067670294,-0.046746897494772,-8.883880295891,-22.095751468136,-1.6315759952363,-0.31655810559126,-9.007843127956,-23.643357087997,,23.644982683184,,3.0033444812876,,1.0,,0.0,,0.0,,0.0
6.13,0,1.0616309785967,1.0672883400064,-0.00072693491784523,191.69642467159,-0.00012504434993628,59.030097513577,0.0,0.0,0.0,0.0,3.4774849999529,0.0,0.0,0.0,0.0,0.0,1.0,0.0,1.0,0.0,1.0,0.0,1.0,0.0,1.0,0.0,1.0,0.0,1.0,0.0,1.0,0.0,0.0,1.0,0.0,1.0,2.42521,-1.0,0.0,0.0,0.0,0.0,1.594011781272,2.0,1.2221176901249,3.2552460491112,-9.4624166133658,-22.742114112004,1.1222152722743,2.9409029333728,-9.7232523216102,-24.643298518123,,24.817524746986,,3.1522787301971,,1.0,,0.0,,0.0,,0.0
6.14,0,1.0028736251888,1.033201914301,-0.00041283398964261,190.05402921769,0.00018749482144204,60.629818197494,0.0,0.0,0.0,0.0,3.4774849999529,0.0,0.0,0.0,0.0,0.0,1.0,0.0,1.0,0.0,1.0,0.0,1.0,0.0,1.0,0.0,1.0,0.0,1.0,0.0,1.0,0.0,0.0,1.0,0.0,1.0,2.42521,-1.0,0.0,0.0,0.0,0.0,1.594011781272,2.0,3.5112456634778,5.9650225520506,-9.7179092883183,-23.218856640674,3.3803451280564,5.5922740280282,-10.243698544374,-25.602872762034,,26.205763912003,,3.3286104488888,,1.0,,0.0,,0.0,,0.0
6.15,0,0.93845796644677,0.99751313128421,-0.0004023607306733,188.90277018588,-0.00018579507216207,61.619140483469,0.0,0.0,0.0,0.0,3.4774849999529,0.0,0.0,0.0,0.0,0.0,1.0,0.0,1.0,0.0,1.0,0.0,1.0,0.0,1.0,0.0,1.0,0.0,1.0,0.0,1.0,0.0,0.0,1.0,0.0,1.0,2.42521,-1.0,0.0,0.0,0.0,0.0,1.594011781272,2.0,5.0926197150473,8.1008548015224,-9.6827951040358,-23.511036087772,4.9260576197981,7.6739911713091,-10.568687370711,-26.47472433599,,27.563874454946,,3.5011152825264,,1.0,,0.0,,0.0,,0.0
6.16,0,0.87494289906013,0.96169202198456,-0.00050270395863794,187.72894225954,0.00012316264571752,61.150336906759,1.0,0.0,0.0,0.0,3.4814924999528,0.0,1.0,0.0,1.0,0.0,1.0,0.0,1.0,0.0,1.0,0.0,1.0,0.0,1.0,0.0,1.0,0.0,1.0,0.0,1.0,0.0,0.0,1.0,0.0,1.0,2.42521,-1.0,0.0,0.0,0.0,0.0,1.594011781272,2.0,5.8233866178751,9.5414560187135,-9.3469161059804,-23.668761320233,5.6216559459008,9.0505696564376,-10.637984841508,-27.274072645519,,28.735999846181,,3.6499966064127,,1.0,,0.0,,0.0,,0.0
6.17,0,0.81682111649654,0.92728520776318,-0.00017314501914168,187.65635709259,-2.6431162503737e-05,61.913563266953,1.0,0.0,0.0,0.0,3.4914924999524,0.0,1.0,0.0,1.0,0.0,1.0,0.0,1.0,0.0,1.0,0.0,1.0,0.0,1.0,0.0,1.0,0.0,1.0,0.0,1.0,0.0,0.0,1.0,0.0,1.0,2.42521,-1.0,0.0,0.0,0.0,0.0,1.594011781272,2.0,5.7124733113063,10.352484689321,-8.7848425371633,-23.629694124511,5.479914090575,9.8072855362757,-10.488027186092,-27.893915874324,,29.567438836904,,3.7556045376078,,1.0,,0.0,,0.0,,0.0
6.18,0,0.77066777423663,0.89622258639453,-0.00043335696746033,188.03123806996,-7.4585873156811e-05,63.78667320911,1.0,1.0,0.0,0.0,3.501492499952,0.0012825,1.0,0.0,1.0,0.0,1.0,0.0,1.0,0.0,1.0,0.0,1.0,0.0,1.0,0.0,1.0,0.0,1.0,0.0,1.0,0.0,0.0,1.0,0.0,1.0,2.42521,-1.0,0.0,0.0,0.0,0.0,1.594011781272,1.9925800800189,4.7995946063708,10.571252655911,-8.0495243276023,-23.496496242928,4.5401162694171,9.9702935467518,-10.127259026671,-28.423804173718,,30.121560917909,,3.8259881583634,,1.0,,0.0,,0.0,,0.0
6.19,0,0.74337825222664,0.86812360005392,-0.00021702988048472,188.5232883568,0.00014080509001084,66.435815984868,1.0,1.0,0.0,0.0,3.5114924999516,0.0112825,1.0,0.0,1.0,0.0,1.0,0.0,1.0,0.0,1.0,0.0,1.0,0.0,1.0,0.0,1.0,0.0,1.0,0.0,1.0,0.0,0.0,1.0,0.0,1.0,2.42521,-1.0,0.0,0.0,0.0,0.0,1.594011781272,1.9373856425722,3.2356196468582,10.237726913878,-7.2208523346569,-23.21390751089,2.9598158475382,9.5862515128348,-9.6084065823952,-28.765553658317,,30.320784587632,,3.8512932015948,,1.0,,0.0,,0.0,,0.0
6.2,0,0.73976381009323,0.84328027973776,-0.00022909148902082,189.34560874156,-0.00014947918432049,69.173446709883,1.0,1.0,0.0,0.0,3.5214924999513,0.021282500000001,1.0,0.0,1.0,0.0,1.0,0.0,1.0,0.0,1.0,0.0,1.0,0.0,1.0,0.0,1.0,0.0,1.0,0.0,1.0,0.0,0.0,1.0,0.0,1.0,2.42521,-1.0,0.0,0.0,0.0,0.0,1.594011781272,1.8888671982838,1.1619252666358,9.4837857725997,-6.3630799596187,-22.86276559075,0.87476400907064,8.7919966723184,-8.9717868907818,-29.001752997091,,30.3052176621,,3.8493159178508,,1.0,,0.0,,0.0,,0.0
6.21,0,0.75903636804805,0.82279411561047,-0.00041245328050639,189.9998291807,9.9446365542341e-05,69.521458103279,1.0,1.0,0.0,0.0,3.5314924999509,0.031282500000004,1.0,0.0,1.0,0.0,1.0,0.0,1.0,0.0,1.0,0.0,1.0,0.0,1.0,0.0,1.0,0.0,1.0,0.0,1.0,0.0,0.0,1.0,0.0,1.0,2.42521,-1.0,0.0,0.0,0.0,0.0,1.594011781272,1.8483455838569,-1.2269706241646,8.3240072681151,-5.5511509537354,-22.435302111023,-1.5125252439684,7.5887133028344,-8.2758002344434,-29.10076541559,,30.074089165486,,3.8199583791258,,1.0,,0.0,,0.0,,0.0
6.22,0,0.79827933815064,0.80515542889774,-0.00013188376078036,190.19978481839,-2.2833220610379e-06,65.833905690535,1.0,1.0,0.0,0.0,3.5414924999505,0.0412825,1.0,0.0,1.0,0.0,1.0,0.0,1.0,0.0,1.0,0.0,1.0,0.0,1.0,0.0,1.0,0.0,1.0,0.0,1.0,0.0,0.0,1.0,0.0,1.0,2.42521,-1.0,0.0,0.0,0.0,0.0,1.594011781272,1.8136981635334,-3.7574185684194,6.8978966619974,-4.8444137146114,-21.952545387962,-4.0350953905922,6.1363091502789,-7.5746353165842,-29.080155918848,,29.72074051865,,3.7750766499799,,1.0,,0.0,,0.0,,0.0
6.23,0,0.85217234564131,0.79242917015337,-0.00050598612088346,191.57977761855,-0.00010545418742028,63.133121249512,1.0,1.0,0.0,0.0,3.5514924999501,0.051282499999996,1.0,0.0,1.0,0.0,1.0,0.0,1.0,0.0,1.0,0.0,1.0,0.0,1.0,0.0,1.0,0.0,1.0,0.0,1.0,0.0,0.0,1.0,0.0,1.0,2.42521,-1.0,0.0,0.0,0.0,0.0,1.594011781272,1.7887001552891,-6.2078218665868,5.2231841447994,-4.306177944556,-21.456123978266,-6.4662252706617,4.4299474722427,-6.9236964205209,-28.987436141653,,29.324180613769,,3.7247063021653,,1.0,,0.0,,0.0,,0.0
6.24,0,0.91553040376848,0.78498818917288,-0.00031889199229649,193.26414004861,0.00018781941970396,61.518354469005,0.0,1.0,0.0,0.0,3.5591299999498,0.061282499999993,0.0,0.0,0.0,0.0,1.0,0.0,1.0,0.0,1.0,0.0,1.0,0.0,1.0,0.0,1.0,0.0,1.0,0.0,1.0,0.0,0.0,1.0,0.0,1.0,2.42521,-1.0,0.0,0.0,0.0,0.0,1.594011781272,1.774083942651,-8.3926932704848,3.388753653533,-3.9950052941375,-20.914102680139,-8.6245826362379,2.5764640917681,-6.3925444652403,-28.77464869311,,28.889968347826,,3.6695534170859,,1.0,,0.0,,0.0,,0.0
6.25,0,0.98015295675016,0.78185868527063,-0.00042310376867297,195.06430059703,-0.00021759613028065,60.539536043467,0.0,1.0,0.0,0.0,3.5591299999498,0.071282500000001,0.0,0.0,0.0,0.0,1.0,0.0,1.0,0.0,1.0,0.0,1.0,0.0,1.0,0.0,1.0,0.0,1.0,0.0,1.0,0.0,0.0,1.0,0.0,1.0,2.42521,-1.0,0.0,0.0,0.0,0.0,1.594011781272,1.7679500577022,-10.068785851901,1.4311873060661,-3.940282673718,-20.390961408232,-10.267800794523,0.60314449769571,-6.0176748139732,-28.529605785345,,28.536157974678,,3.6246130402689,,1.0,,0.0,,0.0,,0.0
6.26,0,1.040081847389,0.78301598204437,-0.00066303959735998,196.69266098955,0.00017772712268204,59.930627096208,0.0,1.0,0.0,0.0,3.5591299999498,0.081282500000011,0.0,0.0,0.0,0.0,1.0,0.0,1.0,0.0,1.0,0.0,1.0,0.0,1.0,0.0,1.0,0.0,1.0,0.0,1.0,0.0,0.0,1.0,0.0,1.0,2.42521,-1.0,0.0,0.0,0.0,0.0,1.594011781272,1.7677302675191,-11.064238209231,-0.62852666302004,-4.1917195061546,-19.840331819164,-11.225935037281,-1.4719430587659,-5.8790882842713,-28.186614987253,,28.225130549203,,3.5851068788838,,1.0,,0.0,,0.0,,0.0
6.27,0,1.0920394760008,0.78828594443803,-0.00034059947951898,198.33015101487,-8.2930213588373e-05,59.90864212768,0.0,1.0,0.0,0.0,3.5591299999498,0.091282500000021,0.0,0.0,0.0,0.0,1.0,0.0,1.0,0.0,1.0,0.0,1.0,0.0,1.0,0.0,1.0,0.0,1.0,0.0,1.0,0.0,0.0,1.0,0.0,1.0,2.42521,-1.0,0.0,0.0,0.0,0.0,1.594011781272,1.7677302675191,-11.213241470021,-2.7305668344322,-4.6996545742919,-19.313168981389,-11.339449759758,-3.5753105745835,-5.9590321805836,-27.813992749193,,28.042926164408,,3.5619635955551,,1.0,,0.0,,0.0,,0.0
6.28,0,1.1310387871516,0.79741431922268,-0.00085395908491048,200.00131972405,-3.9748481350858e-05,60.147181809854,0.0,1.0,0.0,0.0,3.5591299999498,0.10128250000003,0.0,0.0,0.0,0.0,1.0,0.0,1.0,0.0,1.0,0.0,1.0,0.0,1.0,0.0,1.0,0.0,1.0,0.0,1.0,0.0,0.0,1.0,0.0,1.0,2.42521,-1.0,0.0,0.0,0.0,0.0,1.594011781272,1.7677302675191,-10.451723360296,-4.9015902333002,-5.4704768097538,-18.784078979931,-10.54555023859,-5.7548805610672,-6.3114314705753,-27.382860449662,,27.981041384119,,3.5541030986434,,1.0,,0.0,,0.0,,0.0
6.29,0,1.1530311150512,0.81047024628593,-0.00043859225356006,201.49336071961,0.00015705373574261,60.859678597122,0.0,1.0,0.0,0.0,3.5591299999498,0.11128250000004,0.0,0.0,0.0,0.0,1.0,0.0,1.0,0.0,1.0,0.0,1.0,0.0,1.0,0.0,1.0,0.0,1.0,0.0,1.0,0.0,0.0,1.0,0.0,1.0,2.42521,-1.0,0.0,0.0,0.0,0.0,1.594011781272,1.7677302675191,-8.8368942649706,-7.0726075701468,-6.3746176603388,-18.265133025829,-8.9086952112444,-7.9186528316789,-6.8537859746512,-26.898577628897,,28.03988622026,,3.5615774671487,,1.0,,0.0,,0.0,,0.0
6.3,0,1.155095211278,0.82720931688498,-0.00073106970934487,203.11306877992,-0.00022839136704552,61.880186692109,0.0,1.0,0.0,0.0,3.5591299999498,0.12128250000005,0.0,0.0,0.0,0.0,1.0,0.0,1.0,0.0,1.0,0.0,1.0,0.0,1.0,0.0,1.0,0.0,1.0,0.0,1.0,0.0,0.0,1.0,0.0,1.0,2.42521,-1.0,0.0,0.0,0.0,0.0,1.594011781272,1.7677302675191,-6.5044991216094,-9.2774484333597,-7.3523378817573,-17.775488050882,-6.5646955833572,-10.118509575957,-7.5716532350895,-26.396116722257,,28.268909006157,,3.5906675421693,,1.0,,0.0,,0.0,,0.0
6.31,0,1.1384459535894,0.84735596267443,-0.00065352165130665,204.48964953787,0.00023742139172369,63.098977923534,0.0,1.0,0.0,0.0,3.5591299999498,0.13128250000006,0.0,0.0,0.0,0.0,1.0,0.0,1.0,0.0,1.0,0.0,1.0,0.0,1.0,0.0,1.0,0.0,1.0,0.0,1.0,0.0,0.0,1.0,0.0,1.0,2.42521,-1.0,0.0,0.0,0.0,0.0,1.594011781272,1.7677302675191,-3.7683838652934,-11.460153351474,-8.2562016906987,-17.281095582514,-3.8313263666709,-12.289325090395,-8.3482077763271,-25.817172674205,,28.592688131119,,3.6317934021938,,1.0,,0.0,,0.0,,0.0
6.32,0,1.1046482560693,0.87103246522623,-0.00045241661992835,205.8378573165,-0.00018388711584109,64.713896817642,0.0,1.0,0.0,0.0,3.5591299999498,0.14128250000007,0.0,0.0,0.0,0.0,1.0,0.0,1.0,0.0,1.0,0.0,1.0,0.0,1.0,0.0,1.0,0.0,1.0,0.0,1.0,0.0,0.0,1.0,0.0,1.0,2.42521,-1.0,0.0,0.0,0.0,0.0,1.594011781272,1.7677302675191,-0.90309148673776,-13.616302648878,-8.9984111424454,-16.844701718791,-0.97945962001578,-14.423364159232,-9.1092163860979,-25.242197706489,,29.072116587741,,3.69268956899,,1.0,,0.0,,0.0,,0.0
6.33,0,1.0572760926807,0.8972557088618,-0.00074635172648606,206.96946508542,8.0822294504979e-05,66.462342885443,0.0,1.0,0.0,0.0,3.5591299999498,0.15128250000008,0.0,0.0,0.0,0.0,1.0,0.0,1.0,0.0,1.0,0.0,1.0,0.0,1.0,0.0,1.0,0.0,1.0,0.0,1.0,0.0,0.0,1.0,0.0,1.0,2.42521,-1.0,0.0,0.0,0.0,0.0,1.594011781272,1.7677302675191,1.7157482631261,-15.721749780106,-9.5049084022462,-16.4098877691,1.6142098571668,-16.509333975148,-9.7729656893738,-24.595303098311,,29.622090426351,,3.762546287228,,1.0,,0.0,,0.0,,0.0
6.34,0,1.0000116400605,0.92548953466112,-0.00029270221910702,207.77856893311,3.3747660879034e-05,68.331663514196,0.0,0.0,0.0,0.0,3.5591299999498,0.0,0.0,0.0,0.0,0.0,1.0,0.0,1.0,0.0,1.0,0.0,1.0,0.0,1.0,0.0,1.0,0.0,1.0,0.0,1.0,0.0,0.0,1.0,0.0,1.0,2.42521,-1.0,0.0,0.0,0.0,0.0,1.594011781272,2.0,3.859318528704,-17.698067312978,-9.7185696599863,-16.049702276471,3.7284172308575,-18.448273686204,-10.258124588533,-23.949537251304,,30.23080326302,,3.8398639306026,,1.0,,0.0,,0.0,,0.0
6.35,0,0.93870159276185,0.95540147975002,-0.00057471119929503,208.62988938436,-0.00012678842180223,69.635498552471,0.0,0.0,0.0,0.0,3.5591299999498,0.0,0.0,0.0,0.0,0.0,1.0,0.0,1.0,0.0,1.0,0.0,1.0,0.0,1.0,0.0,1.0,0.0,1.0,0.0,1.0,0.0,0.0,1.0,0.0,1.0,2.42521,-1.0,0.0,0.0,0.0,0.0,1.594011781272,2.0,5.3118565648984,-19.55036901626,-9.6625599964495,-15.734540006749,5.1460899338989,-20.266472521183,-10.553962858603,-23.277559287765,,30.863495405263,,3.9202273835694,,1.0,,0.0,,0.0,,0.0
6.36,0,0.87858896495266,0.98581604145867,-0.0003444121163343,208.6535241964,0.0001713058989915,68.464970567223,1.0,0.0,0.0,0.0,3.5627424999497,0.0,1.0,0.0,1.0,0.0,1.0,0.0,1.0,0.0,1.0,0.0,1.0,0.0,1.0,0.0,1.0,0.0,1.0,0.0,1.0,0.0,0.0,1.0,0.0,1.0,2.42521,-1.0,0.0,0.0,0.0,0.0,1.594011781272,2.0,5.999193295087,-21.134846466197,-9.3315864253149,-15.49400714887,5.8015075059789,-21.802748636588,-10.613097369285,-22.592291228359,,31.396749993555,,3.9879604517778,,1.0,,0.0,,0.0,,0.0
6.37,0,0.82328614257856,1.0168578510408,-0.00027335583827015,208.89821437885,-0.00015008727878215,66.369138594661,1.0,0.0,0.0,0.0,3.5727424999493,0.0,1.0,0.0,1.0,0.0,1.0,0.0,1.0,0.0,1.0,0.0,1.0,0.0,1.0,0.0,1.0,0.0,1.0,0.0,1.0,0.0,0.0,1.0,0.0,1.0,2.42521,-1.0,0.0,0.0,0.0,0.0,1.594011781272,2.0,5.9124956608944,-22.447481466313,-8.8023223698409,-15.370522555408,5.6838853038804,-23.063104791193,-10.478489432303,-21.956932855802,,31.843427901286,,4.0446967009463,,1.0,,0.0,,0.0,,0.0
6.38,0,0.77836701467055,1.047352061701,-0.00043662033117083,208.92495636055,7.7689839878879e-05,63.168637711434,1.0,0.0,0.0,0.0,3.5827424999489,0.0,1.0,0.0,1.0,0.0,1.0,0.0,1.0,0.0,1.0,0.0,1.0,0.0,1.0,0.0,1.0,0.0,1.0,0.0,1.0,0.0,0.0,1.0,0.0,1.0,2.42521,-1.0,0.0,0.0,0.0,0.0,1.594011781272,2.0,5.1090419807585,-23.342646574925,-8.1084795610745,-15.319862689136,4.855822853928,-23.902765554267,-10.144963036849,-21.314350648396,,32.025618882007,,4.067838281713,,1.0,,0.0,,0.0,,0.0
6.39,0,0.74936668800011,1.0755188167054,-0.00012757876252443,208.32487411997,2.0973398458092e-05,59.231685525143,1.0,0.0,0.0,0.0,3.5927424999486,0.0,1.0,0.0,1.0,0.0,1.0,0.0,1.0,0.0,1.0,0.0,1.0,0.0,1.0,0.0,1.0,0.0,1.0,0.0,1.0,0.0,0.0,1.0,0.0,1.0,2.42521,-1.0,0.0,0.0,0.0,0.0,1.594011781272,2.0,3.7105205718966,-23.754266402181,-7.3312771063085,-15.45051500353,3.4391109626371,-24.249141530012,-9.6741490848577,-20.799528258861,,31.947633467858,,4.0579327103558,,1.0,,0.0,,0.0,,0.0
6.4,0,0.74075213953265,1.1002449996025,-0.00037813734702927,207.76504788249,-0.00011189326946536,54.199144797004,1.0,0.0,0.0,0.0,3.6027424999482,0.0,1.0,0.0,1.0,0.0,1.0,0.0,1.0,0.0,1.0,0.0,1.0,0.0,1.0,0.0,1.0,0.0,1.0,0.0,1.0,0.0,0.0,1.0,0.0,1.0,2.42521,-1.0,0.0,0.0,0.0,0.0,1.594011781272,2.0,1.839804791677,-23.618388486026,-6.5130118372045,-15.674231737557,1.5561750517932,-24.054617144411,-9.0837732909281,-20.335751017579,,31.498981453809,,4.0009457136443,,1.0,,0.0,,0.0,,0.0
6.41,0,0.75251422719661,1.1212907803956,-0.00025935970762503,206.76412260285,0.00015869550021072,48.759594625985,1.0,0.0,0.0,0.0,3.6127424999478,0.0,1.0,0.0,1.0,0.0,1.0,0.0,1.0,0.0,1.0,0.0,1.0,0.0,1.0,0.0,1.0,0.0,1.0,0.0,1.0,0.0,0.0,1.0,0.0,1.0,2.42521,-1.0,0.0,0.0,0.0,0.0,1.594011781272,2.0,-0.3481642476624,-22.81729377742,-5.7254080067795,-16.082360342079,-0.63374403839248,-23.188424152291,-8.4372894113691,-20.040875025491,,30.649186884554,,3.8930062888624,,1.0,,0.0,,0.0,,0.0
6.42,0,0.7824703411276,1.1388727866159,-0.00021289850441344,206.37963553918,-0.00014742439890219,46.879811295838,1.0,0.0,0.0,0.0,3.6227424999474,0.0,1.0,0.0,1.0,0.0,1.0,0.0,1.0,0.0,1.0,0.0,1.0,0.0,1.0,0.0,1.0,0.0,1.0,0.0,1.0,0.0,0.0,1.0,0.0,1.0,2.42521,-1.0,0.0,0.0,0.0,0.0,1.594011781272,2.0,-2.7125818486197,-21.420104015722,-5.0057515699537,-16.614553841128,-2.9951599137952,-21.738055558172,-7.761355635165,-19.891708930253,,29.466298384366,,3.7427578536396,,1.0,,0.0,,0.0,,0.0
6.43,0,0.82704869136327,1.1527030716794,-0.00049509783381577,206.0254935016,7.7128852160184e-05,49.355543185275,1.0,0.0,0.0,0.0,3.6327424999471,0.0,1.0,0.0,1.0,0.0,1.0,0.0,1.0,0.0,1.0,0.0,1.0,0.0,1.0,0.0,1.0,0.0,1.0,0.0,1.0,0.0,0.0,1.0,0.0,1.0,2.42521,-1.0,0.0,0.0,0.0,0.0,1.594011781272,2.0,-5.0841730601204,-19.332262125196,-4.4213639932444,-17.261888948921,-5.3523034673283,-19.60030416707,-7.1195980714303,-19.903751785472,,27.93521386509,,3.5482821670651,,1.0,,0.0,,0.0,,0.0
6.44,0,0.88275689732695,1.1597051767724,-0.00017972480028038,203.7613133265,3.130716547459e-05,50.412155895368,1.0,0.0,0.0,0.0,3.6427424999467,0.0,1.0,0.0,1.0,0.0,1.0,0.0,1.0,0.0,1.0,0.0,1.0,0.0,1.0,0.0,1.0,0.0,1.0,0.0,1.0,0.0,0.0,1.0,0.0,1.0,2.42521,-1.0,0.0,0.0,0.0,0.0,1.594011781272,2.0,-7.3147492655845,-16.716254462696,-4.0022902061232,-18.046897082297,-7.5636646180159,-16.948709387199,-6.5450162446721,-20.147002036948,,26.32876984077,,3.3442344475306,,1.0,,0.0,,0.0,,0.0
6.45,0,0.94355955148479,1.1597401047627,-0.00058003142577267,201.86640012711,-0.00013878221130681,51.375451754786,0.0,0.0,0.0,0.0,3.6456499999466,0.0,0.0,0.0,0.0,0.0,1.0,0.0,1.0,0.0,1.0,0.0,1.0,0.0,1.0,0.0,1.0,0.0,1.0,0.0,1.0,0.0,0.0,1.0,0.0,1.0,2.42521,-1.0,0.0,0.0,0.0,0.0,1.594011781272,2.0,-9.2056279451191,-13.606934992054,-3.8039677368362,-18.846368770008,-9.4262233035929,-13.816301280979,-6.0949455963285,-20.517590709426,,24.736540321107,,3.1419922295981,,1.0,,0.0,,0.0,,0.0
6.46,0,1.0028982623246,1.1532798966231,-0.00041436499803882,199.77802036013,0.00021346251557755,52.516989262961,0.0,0.0,0.0,0.0,3.6456499999466,0.0,0.0,0.0,0.0,0.0,1.0,0.0,1.0,0.0,1.0,0.0,1.0,0.0,1.0,0.0,1.0,0.0,1.0,0.0,1.0,0.0,0.0,1.0,0.0,1.0,2.42521,-1.0,0.0,0.0,0.0,0.0,1.594011781272,2.0,-10.608582596814,-10.178107223114,-3.8553952060871,-19.73336359316,-10.797048622808,-10.378437506793,-5.8173323702749,-21.124071257842,,23.536404926209,,2.9895531238749,,1.0,,0.0,,0.0,,0.0
6.47,0,1.0583244246894,1.140352386367,-0.00047384578630318,197.8121267148,-0.00022713731486177,54.032628262727,0.0,0.0,0.0,0.0,3.6456499999466,0.0,0.0,0.0,0.0,0.0,1.0,0.0,1.0,0.0,1.0,0.0,1.0,0.0,1.0,0.0,1.0,0.0,1.0,0.0,1.0,0.0,0.0,1.0,0.0,1.0,2.42521,-1.0,0.0,0.0,0.0,0.0,1.594011781272,2.0,-11.331336351987,-6.6290979562201,-4.1586617551478,-20.549849937648,-11.484862660378,-6.8373623245522,-5.7322653588403,-21.812402409606,,22.85906088321,,2.9035180643136,,1.0,,0.0,,0.0,,0.0
6.48,0,1.1050977772412,1.1218092619139,-0.00075127571505391,195.86760163416,0.00017202210543604,55.392113851689,0.0,0.0,0.0,0.0,3.6456499999466,0.0,0.0,0.0,0.0,0.0,1.0,0.0,1.0,0.0,1.0,0.0,1.0,0.0,1.0,0.0,1.0,0.0,1.0,0.0,1.0,0.0,0.0,1.0,0.0,1.0,2.42521,-1.0,0.0,0.0,0.0,0.0,1.594011781272,2.0,-11.287872024775,-3.0675855485987,-4.7267550910263,-21.347194473719,-11.407071873159,-3.2934817557963,-5.8896863306968,-22.644659871455,,22.882765139023,,2.9065289375644,,1.0,,0.0,,0.0,,0.0
6.49,0,1.1398913418455,1.0983671088236,-0.00038117562963687,194.02284500719,-6.8086085111755e-05,57.027234292769,0.0,0.0,0.0,0.0,3.6456499999466,0.0,0.0,0.0,0.0,0.0,1.0,0.0,1.0,0.0,1.0,0.0,1.0,0.0,1.0,0.0,1.0,0.0,1.0,0.0,1.0,0.0,0.0,1.0,0.0,1.0,2.42521,-1.0,0.0,0.0,0.0,0.0,1.594011781272,2.0,-10.409671477258,0.23532926082861,-5.4785485078009,-22.03987205957,-10.499965807721,-0.025125085769925,-6.2443244211168,-23.520400033451,,23.519941263744,,2.9874619381688,,1.0,,0.0,,0.0,,0.0
6.5,0,1.1583852857357,1.0713773557467,-0.0008840857842239,192.62502580091,-5.8792154984447e-05,58.407331604655,0.0,0.0,0.0,0.0,3.6456499999466,0.0,0.0,0.0,0.0,0.0,1.0,0.0,1.0,0.0,1.0,0.0,1.0,0.0,1.0,0.0,1.0,0.0,1.0,0.0,1.0,0.0,0.0,1.0,0.0,1.0,2.42521,-1.0,0.0,0.0,0.0,0.0,1.594011781272,2.0,-8.7544221355013,3.2483080452044,-6.390959153626,-22.603054712973,-8.8231995522717,2.9511654118233,-6.8182276089466,-24.398118615859,,24.575376532306,,3.1215214860934,,1.0,,0.0,,0.0,,0.0
6.51,0,1.1591408095795,1.0421311054384,-0.00046488627720093,191.27516701685,0.00016891613852136,59.686428878055,0.0,0.0,0.0,0.0,3.6456499999466,0.0,0.0,0.0,0.0,0.0,1.0,0.0,1.0,0.0,1.0,0.0,1.0,0.0,1.0,0.0,1.0,0.0,1.0,0.0,1.0,0.0,0.0,1.0,0.0,1.0,2.42521,-1.0,0.0,0.0,0.0,0.0,1.594011781272,2.0,-6.4847318319424,5.7742334261379,-7.3201266001464,-23.066951403045,-6.5435903079675,5.4272330937425,-7.5035071717773,-25.28516169001,,25.860395421952,,3.2847423453462,,1.0,,0.0,,0.0,,0.0
6.52,0,1.1429802913547,1.0115903417466,-0.00070128546795162,190.45442102766,-0.00022798050584662,60.760423998449,0.0,0.0,0.0,0.0,3.6456499999466,0.0,0.0,0.0,0.0,0.0,1.0,0.0,1.0,0.0,1.0,0.0,1.0,0.0,1.0,0.0,1.0,0.0,1.0,0.0,1.0,0.0,0.0,1.0,0.0,1.0,2.42521,-1.0,0.0,0.0,0.0,0.0,1.594011781272,2.0,-3.8145740655891,7.8110005125464,-8.2096636350819,-23.346853251178,-3.8744289630316,7.4173533292507,-8.2724302273505,-26.059430847309,,27.09388895224,,3.4414185432752,,1.0,,0.0,,0.0,,0.0
6.53,0,1.111596449081,0.98070702078587,-0.0006479072495218,189.50036058879,0.00022533984349859,59.924453774326,0.0,0.0,0.0,0.0,3.6456499999466,0.0,0.0,0.0,0.0,0.0,1.0,0.0,1.0,0.0,1.0,0.0,1.0,0.0,1.0,0.0,1.0,0.0,1.0,0.0,1.0,0.0,0.0,1.0,0.0,1.0,2.42521,-1.0,0.0,0.0,0.0,0.0,1.594011781272,2.0,-1.0689786272158,9.3227918371144,-8.9359742640912,-23.540385224895,-1.1419848600712,8.8775883370911,-9.0107455407055,-26.802612260316,,28.234081896076,,3.5862438633591,,1.0,,0.0,,0.0,,0.0
6.54,0,1.0673994728832,0.95048988008683,-0.00040473287474764,189.29092023952,-0.00015941158833031,59.861515804425,0.0,0.0,0.0,0.0,3.6456499999466,0.0,0.0,0.0,0.0,0.0,1.0,0.0,1.0,0.0,1.0,0.0,1.0,0.0,1.0,0.0,1.0,0.0,1.0,0.0,1.0,0.0,0.0,1.0,0.0,1.0,2.42521,-1.0,0.0,0.0,0.0,0.0,1.594011781272,2.0,1.5112862682531,10.295185097832,-9.4483137436828,-23.57211719352,1.4173700851162,9.8001939725853,-9.6633800418222,-27.395649820933,,29.09540288934,,3.6956473544252,,1.0,,0.0,,0.0,,0.0
6.55,0,1.0140080393693,0.92291223875995,-0.00070215874415117,189.74772294212,5.3108358968711e-05,61.119271069202,0.0,0.0,0.0,0.0,3.6456499999466,0.0,0.0,0.0,0.0,0.0,1.0,0.0,1.0,0.0,1.0,0.0,1.0,0.0,1.0,0.0,1.0,0.0,1.0,0.0,1.0,0.0,0.0,1.0,0.0,1.0,2.42521,-1.0,0.0,0.0,0.0,0.0,1.594011781272,2.0,3.6403025673263,10.834030340675,-9.7088079472805,-23.518931905851,3.5173654130785,10.295583666269,-10.17066221361,-27.908600270285,,29.746850767245,,3.7783931282397,,1.0,,0.0,,0.0,,0.0
6.56,0,0.95660022178238,0.89796695969023,-0.00026851969191218,190.14582871059,5.6679340251107e-05,62.992676735835,0.0,1.0,0.0,0.0,3.6456499999466,0.0008175,0.0,0.0,0.0,0.0,1.0,0.0,1.0,0.0,1.0,0.0,1.0,0.0,1.0,0.0,1.0,0.0,1.0,0.0,1.0,0.0,0.0,1.0,0.0,1.0,2.42521,-1.0,0.0,0.0,0.0,0.0,1.594011781272,1.9960065275635,5.1865968583218,10.916517445832,-9.698869246406,-23.372381870178,5.0337542808801,10.33078023741,-10.484318949057,-28.30317439179,,30.129470781626,,3.8269928554639,,1.0,,0.0,,0.0,,0.0
6.57,0,0.89891807295067,0.87540497967359,-0.00051335938730186,190.76983654553,-0.00014013407055659,65.489092911954,1.0,1.0,0.0,0.0,3.6457874999466,0.0108175,1.0,0.0,1.0,0.0,1.0,0.0,1.0,0.0,1.0,0.0,1.0,0.0,1.0,0.0,1.0,0.0,1.0,0.0,1.0,0.0,0.0,1.0,0.0,1.0,2.42521,-1.0,0.0,0.0,0.0,0.0,1.594011781272,1.9516883525373,6.0373004603807,10.68420525311,-9.4602133506215,-23.140867004795,5.8516887029777,10.065017078392,-10.612767588778,-28.579042298452,,30.299586798801,,3.8486006954107,,1.0,,0.0,,0.0,,0.0
6.58,0,0.84523944151276,0.8553984693797,-0.00034485105849588,191.4414693694,0.00016782393215567,68.038268216326,1.0,1.0,0.0,0.0,3.6557874999462,0.020817500000001,1.0,0.0,1.0,0.0,1.0,0.0,1.0,0.0,1.0,0.0,1.0,0.0,1.0,0.0,1.0,0.0,1.0,0.0,1.0,0.0,0.0,1.0,0.0,1.0,2.42521,-1.0,0.0,0.0,0.0,0.0,1.594011781272,1.91238985018,6.1922361044736,10.146832169043,-9.0056762403845,-22.884811922438,5.9784431672467,9.489026425775,-10.53331245755,-28.793291754195,,30.316607000434,,3.8507625717516,,1.0,,0.0,,0.0,,0.0
6.59,0,0.79804864652137,0.83872469693595,-0.00023150791864617,192.26007461345,-0.00013340718687219,70.057936239232,1.0,1.0,0.0,0.0,3.6657874999458,0.030817500000004,1.0,0.0,1.0,0.0,1.0,0.0,1.0,0.0,1.0,0.0,1.0,0.0,1.0,0.0,1.0,0.0,1.0,0.0,1.0,0.0,0.0,1.0,0.0,1.0,2.42521,-1.0,0.0,0.0,0.0,0.0,1.594011781272,1.8796377971703,5.6934583604396,9.3976215097048,-8.4093506268305,-22.558981461827,5.4534287619509,8.7121421517181,-10.294886868385,-28.883214137271,,30.168641951536,,3.8319683091807,,1.0,,0.0,,0.0,,0.0
6.6,0,0.7628487212428,0.82378737971861,-0.00043338883744653,192.05864119691,5.3897759682493e-05,67.416215501294,1.0,1.0,0.0,0.0,3.6757874999454,0.040817500000001,1.0,0.0,1.0,0.0,1.0,0.0,1.0,0.0,1.0,0.0,1.0,0.0,1.0,0.0,1.0,0.0,1.0,0.0,1.0,0.0,0.0,1.0,0.0,1.0,2.42521,-1.0,0.0,0.0,0.0,0.0,1.594011781272,1.8504835857783,4.6229575612757,8.4951639636154,-7.7024252919589,-22.242259555283,4.3627724945651,7.7843746854418,-9.9001849116632,-28.944528224659,,29.973157572397,,3.8071382241207,,1.0,,0.0,,0.0,,0.0
6.61,0,0.74398825500049,0.81107758740539,-0.0001277675885656,192.55756641002,4.559985748467e-05,64.900400409075,1.0,1.0,0.0,0.0,3.685787499945,0.050817499999997,1.0,0.0,1.0,0.0,1.0,0.0,1.0,0.0,1.0,0.0,1.0,0.0,1.0,0.0,1.0,0.0,1.0,0.0,1.0,0.0,0.0,1.0,0.0,1.0,2.42521,-1.0,0.0,0.0,0.0,0.0,1.594011781272,1.825330974886,3.0987506409444,7.4559261728331,-6.950555602792,-21.893172248077,2.8243927236329,6.7196405325563,-9.4041992628299,-28.918311219401,,29.688882853692,,3.7710301449129,,1.0,,0.0,,0.0,,0.0
6.62,0,0.74258371612133,0.80161089526871,-0.00035984291190793,193.55535353769,-0.00012676835604874,63.387626316345,1.0,1.0,0.0,0.0,3.6957874999447,0.060817499999993,1.0,0.0,1.0,0.0,1.0,0.0,1.0,0.0,1.0,0.0,1.0,0.0,1.0,0.0,1.0,0.0,1.0,0.0,1.0,0.0,0.0,1.0,0.0,1.0,2.42521,-1.0,0.0,0.0,0.0,0.0,1.594011781272,1.8067356867631,1.2252616130007,6.3734250929389,-6.1857130646422,-21.550136142345,0.94162998653643,5.6233355305095,-8.8219836630639,-28.860021438124,,29.402934720409,,3.7347095115026,,1.0,,0.0,,0.0,,0.0
6.63,0,0.75756023069243,0.79443334603839,-0.0002838855444426,194.49162600918,0.00016047488421907,62.274070454302,1.0,1.0,0.0,0.0,3.7057874999443,0.0708175,1.0,0.0,1.0,0.0,1.0,0.0,1.0,0.0,1.0,0.0,1.0,0.0,1.0,0.0,1.0,0.0,1.0,0.0,1.0,0.0,0.0,1.0,0.0,1.0,2.42521,-1.0,0.0,0.0,0.0,0.0,1.594011781272,1.7926369293484,-0.87230762928481,5.2217491297096,-5.4644813692566,-21.215732266576,-1.1561952912656,4.4500375244158,-8.2063359789402,-28.771603086344,,29.113835780505,,3.6979886681278,,1.0,,0.0,,0.0,,0.0
6.64,0,0.78757049381884,0.7891672593183,-0.00019644950133782,195.21638281461,-0.00013533490119354,61.522707321144,1.0,1.0,0.0,0.0,3.7157874999439,0.08081750000001,1.0,0.0,1.0,0.0,1.0,0.0,1.0,0.0,1.0,0.0,1.0,0.0,1.0,0.0,1.0,0.0,1.0,0.0,1.0,0.0,0.0,1.0,0.0,1.0,2.42521,-1.0,0.0,0.0,0.0,0.0,1.594011781272,1.7822928304355,-3.086818761474,4.0703950341911,-4.8121432354613,-20.871859840669,-3.3671730614878,3.2894430337456,-7.5761162364906,-28.631966564726,,28.82044742412,,3.6607229905493,,1.0,,0.0,,0.0,,0.0
6.65,0,0.82988895862368,0.78559677435173,-0.00050447910895549,195.9672802332,5.3807128887128e-05,60.926639443294,1.0,1.0,0.0,0.0,3.7257874999435,0.09081750000002,1.0,0.0,1.0,0.0,1.0,0.0,1.0,0.0,1.0,0.0,1.0,0.0,1.0,0.0,1.0,0.0,1.0,0.0,1.0,0.0,0.0,1.0,0.0,1.0,2.42521,-1.0,0.0,0.0,0.0,0.0,1.594011781272,1.7753151509841,-5.2866745041299,2.9094537700874,-4.2811606155923,-20.562557790383,-5.553690965155,2.1154550606478,-6.9809729261266,-28.505414613391,,28.583924777288,,3.6306802962669,,1.0,,0.0,,0.0,,0.0
6.66,0,0.88096258736304,0.78364987932545,-0.00018665724436086,196.53834575386,5.527367741245e-05,60.501655671193,1.0,1.0,0.0,0.0,3.7357874999432,0.10081750000003,1.0,0.0,1.0,0.0,1.0,0.0,1.0,0.0,1.0,0.0,1.0,0.0,1.0,0.0,1.0,0.0,1.0,0.0,1.0,0.0,0.0,1.0,0.0,1.0,2.42521,-1.0,0.0,0.0,0.0,0.0,1.594011781272,1.7714551197368,-7.3617928719054,1.7493636891093,-3.8948366607138,-20.238745958757,-7.6114107991633,0.94434414500018,-6.4474454937802,-28.326284125892,,28.342114103144,,3.5999659259737,,1.0,,0.0,,0.0,,0.0
6.67,0,0.93723500622693,0.78318310666853,-0.00055317751335677,197.17905689996,-0.00015625310410304,60.310134100987,0.0,1.0,0.0,0.0,3.739204999943,0.11081750000004,0.0,0.0,0.0,0.0,1.0,0.0,1.0,0.0,1.0,0.0,1.0,0.0,1.0,0.0,1.0,0.0,1.0,0.0,1.0,0.0,0.0,1.0,0.0,1.0,2.42521,-1.0,0.0,0.0,0.0,0.0,1.594011781272,1.7704931260671,-9.1534683275154,0.61944846249183,-3.6954185515826,-19.946437964989,-9.3779061163367,-0.18925786286474,-6.0173368983983,-28.162710183393,,28.163448830668,,3.5772721745222,,1.0,,0.0,,0.0,,0.0
6.68,0,0.99274985088034,0.78391960884433,-0.00043725871163816,197.73006896836,0.00021689214319485,60.133246573126,0.0,1.0,0.0,0.0,3.739204999943,0.12081750000005,0.0,0.0,0.0,0.0,1.0,0.0,1.0,0.0,1.0,0.0,1.0,0.0,1.0,0.0,1.0,0.0,1.0,0.0,1.0,0.0,0.0,1.0,0.0,1.0,2.42521,-1.0,0.0,0.0,0.0,0.0,1.594011781272,1.7704931260671,-10.543279813331,-0.51976089964724,-3.7138074707384,-19.654116618123,-10.738456261064,-1.3406822114199,-5.7360112311059,-27.975450734865,,28.007608654482,,3.5574776270115,,1.0,,0.0,,0.0,,0.0
6.69,0,1.0457144037901,0.78566754828875,-0.00043073093052227,198.20463289252,-0.00021106405040743,60.228939311356,0.0,1.0,0.0,0.0,3.739204999943,0.13081750000006,0.0,0.0,0.0,0.0,1.0,0.0,1.0,0.0,1.0,0.0,1.0,0.0,1.0,0.0,1.0,0.0,1.0,0.0,1.0,0.0,0.0,1.0,0.0,1.0,2.42521,-1.0,0.0,0.0,0.0,0.0,1.594011781272,1.7704931260671,-11.367801016723,-1.6220274435804,-3.9498559228198,-19.36875730739,-11.530952937118,-2.4429880615487,-5.615173517713,-27.773532534466,,27.880832028864,,3.5413746810289,,1.0,,0.0,,0.0,,0.0
6.7,0,1.0927619085526,0.78863398838074,-0.00075954135469736,198.76560083988,0.00014183362229565,60.34057890271,0.0,1.0,0.0,0.0,3.739204999943,0.14081750000007,0.0,0.0,0.0,0.0,1.0,0.0,1.0,0.0,1.0,0.0,1.0,0.0,1.0,0.0,1.0,0.0,1.0,0.0,1.0,0.0,0.0,1.0,0.0,1.0,2.42521,-1.0,0.0,0.0,0.0,0.0,1.594011781272,1.7704931260671,-11.537280839999,-2.731990560034,-4.429154297511,-19.10482974921,-11.667297461275,-3.5603876127747,-5.7086680835321,-27.585117241028,,27.81396506772,,3.5328813561903,,1.0,,0.0,,0.0,,0.0
6.71,0,1.1299654950227,0.79262305544022,-0.00036492872248107,199.14236533825,-2.8250511928943e-05,60.589518879243,0.0,1.0,0.0,0.0,3.739204999943,0.15081750000008,0.0,0.0,0.0,0.0,1.0,0.0,1.0,0.0,1.0,0.0,1.0,0.0,1.0,0.0,1.0,0.0,1.0,0.0,1.0,0.0,0.0,1.0,0.0,1.0,2.42521,-1.0,0.0,0.0,0.0,0.0,1.594011781272,1.7704931260671,-10.973943961931,-3.8295761638941,-5.0872876753868,-18.824162840964,-11.074731372388,-4.6610676913448,-5.980337005251,-27.354364559937,,27.748644936897,,3.5245845070425,,1.0,,0.0,,0.0,,0.0
6.72,0,1.1542282770727,0.79773131164288,-0.00086434314430571,199.64971811904,-9.8994722275737e-05,61.0047855849,0.0,1.0,0.0,0.0,3.739204999943,0.16081750000009,0.0,0.0,0.0,0.0,1.0,0.0,1.0,0.0,1.0,0.0,1.0,0.0,1.0,0.0,1.0,0.0,1.0,0.0,1.0,0.0,0.0,1.0,0.0,1.0,2.42521,-1.0,0.0,0.0,0.0,0.0,1.594011781272,1.7704931260671,-9.6807626870059,-4.9231311881502,-5.9187107303109,-18.571910234292,-9.7570163376478,-5.7537272918862,-6.4620394664061,-27.147812875053,,27.750851251744,,3.5248647493083,,1.0,,0.0,,0.0,,0.0
6.73,0,1.1629344516677,0.80375186481512,-0.00049955356822274,200.07206828074,0.0001970117509315,61.371908361997,0.0,1.0,0.0,0.0,3.739204999943,0.1708175000001,0.0,0.0,0.0,0.0,1.0,0.0,1.0,0.0,1.0,0.0,1.0,0.0,1.0,0.0,1.0,0.0,1.0,0.0,1.0,0.0,0.0,1.0,0.0,1.0,2.42521,-1.0,0.0,0.0,0.0,0.0,1.594011781272,1.7704931260671,-7.7660637645744,-6.0398366078663,-6.8078889506097,-18.301015918636,-7.8275362593883,-6.876775503191,-7.0721434624664,-26.903493098673,,27.76843267624,,3.5270979111989,,1.0,,0.0,,0.0,,0.0
6.74,0,1.1562651089827,0.8108408677185,-0.00067563175383651,200.47165110822,-0.00024081850249037,61.992369920987,0.0,1.0,0.0,0.0,3.739204999943,0.18081750000011,0.0,0.0,0.0,0.0,1.0,0.0,1.0,0.0,1.0,0.0,1.0,0.0,1.0,0.0,1.0,0.0,1.0,0.0,1.0,0.0,0.0,1.0,0.0,1.0,2.42521,-1.0,0.0,0.0,0.0,0.0,1.594011781272,1.7704931260671,-5.3694006795467,-7.14782825721,-7.7033955065548,-18.04147209787,-5.4251099876522,-7.9790667461006,-7.7882662637866,-26.656272306801,,27.824826920401,,3.5342610097828,,1.0,,0.0,,0.0,,0.0
6.75,0,1.1349668153753,0.81910078912432,-0.00071261639575821,200.99628767782,0.00021928771161247,62.565625079311,0.0,1.0,0.0,0.0,3.739204999943,0.19081750000012,0.0,0.0,0.0,0.0,1.0,0.0,1.0,0.0,1.0,0.0,1.0,0.0,1.0,0.0,1.0,0.0,1.0,0.0,1.0,0.0,0.0,1.0,0.0,1.0,2.42521,-1.0,0.0,0.0,0.0,0.0,1.594011781272,1.7704931260671,-2.7611206879194,-8.2999517795394,-8.5004487566795,-17.78299733997,-2.822693262548,-9.1342532460733,-8.5222961801824,-26.40178102928,,27.93715877589,,3.5485292062446,,1.0,,0.0,,0.0,,0.0
6.76,0,1.1011732034301,0.82844000609417,-0.0004081680758683,201.36501811264,-0.00013684716916654,63.258044463142,0.0,1.0,0.0,0.0,3.739204999943,0.20081750000013,0.0,0.0,0.0,0.0,1.0,0.0,1.0,0.0,1.0,0.0,1.0,0.0,1.0,0.0,1.0,0.0,1.0,0.0,1.0,0.0,0.0,1.0,0.0,1.0,2.42521,-1.0,0.0,0.0,0.0,0.0,1.594011781272,1.7704931260671,-0.14801402393811,-9.4594200538079,-9.131944086481,-17.507999231615,-0.22340432951432,-10.289450216797,-9.2105234831169,-26.104763616204,,28.059345016431,,3.5640490895168,,1.0,,0.0,,0.0,,0.0
6.77,0,1.0568797846627,0.83904908849408,-0.00075851039195319,201.91219370344,2.4076354879793e-05,64.089987304233,0.0,1.0,0.0,0.0,3.739204999943,0.21081750000014,0.0,0.0,0.0,0.0,1.0,0.0,1.0,0.0,1.0,0.0,1.0,0.0,1.0,0.0,1.0,0.0,1.0,0.0,1.0,0.0,0.0,1.0,0.0,1.0,2.42521,-1.0,0.0,0.0,0.0,0.0,1.594011781272,1.7704931260671,2.1958930412583,-10.657779117751,-9.5608698200612,-17.255152249284,2.0976425277955,-11.481781047783,-9.8057010568502,-25.822498311093,,28.259998626484,,3.5895357612763,,1.0,,0.0,,0.0,,0.0
6.78,0,1.0061179577432,0.85094530500204,-0.00031271358557417,202.39901311027,8.6269168435816e-05,64.844164856505,0.0,1.0,0.0,0.0,3.739204999943,0.22081750000015,0.0,0.0,0.0,0.0,1.0,0.0,1.0,0.0,1.0,0.0,1.0,0.0,1.0,0.0,1.0,0.0,1.0,0.0,1.0,0.0,0.0,1.0,0.0,1.0,2.42521,-1.0,0.0,0.0,0.0,0.0,1.594011781272,1.7704931260671,4.1137378343655,-11.893377561792,-9.7421405439593,-16.972811000972,3.989693470181,-12.715384873091,-10.240677991895,-25.482520898643,,28.478618267988,,3.6173044470313,,1.0,,0.0,,0.0,,0.0
6.79,0,0.9519870487722,0.86439413123759,-0.0005479567085601,202.89268167345,-0.00016238001997253,65.841057483197,0.0,1.0,0.0,0.0,3.739204999943,0.23081750000016,0.0,0.0,0.0,0.0,1.0,0.0,1.0,0.0,1.0,0.0,1.0,0.0,1.0,0.0,1.0,0.0,1.0,0.0,1.0,0.0,0.0,1.0,0.0,1.0,2.42521,-1.0,0.0,0.0,0.0,0.0,1.594011781272,1.7704931260671,5.467975712565,-13.145105469066,-9.708201022688,-16.713485165942,5.3140086317802,-13.95289656528,-10.522495742813,-25.144347140826,,28.756110813798,,3.6525510664609,,1.0,,0.0,,0.0,,0.0
6.8,0,0.89846267697753,0.8791699309874,-0.00040532429254558,203.47034347485,0.0001786221342016,66.853844905646,1.0,1.0,0.0,0.0,3.739462499943,0.24081750000017,1.0,0.0,1.0,0.0,1.0,0.0,1.0,0.0,1.0,0.0,1.0,0.0,1.0,0.0,1.0,0.0,1.0,0.0,1.0,0.0,0.0,1.0,0.0,1.0,2.42521,-1.0,0.0,0.0,0.0,0.0,1.594011781272,1.7704931260671,6.2079532484712,-14.452123421453,-9.4512833761372,-16.442676646487,6.0257387004073,-15.253621300321,-10.611071939288,-24.770513054645,,29.090211552219,,3.6949879598339,,1.0,,0.0,,0.0,,0.0
6.81,0,0.84854787755384,0.89485482487038,-0.0002575217427785,203.80183375915,-0.00013563469386961,68.012834004466,1.0,1.0,0.0,0.0,3.7494624999426,0.25081750000018,1.0,0.0,1.0,0.0,1.0,0.0,1.0,0.0,1.0,0.0,1.0,0.0,1.0,0.0,1.0,0.0,1.0,0.0,1.0,0.0,0.0,1.0,0.0,1.0,2.42521,-1.0,0.0,0.0,0.0,0.0,1.594011781272,1.7704931260671,6.345437055409,-15.75167399184,-9.0331709216732,-16.175497799555,6.1360146176487,-16.535511932071,-10.545366355726,-24.359791143701,,29.441659888235,,3.7396283148121,,1.0,,0.0,,0.0,,0.0
6.82,0,0.80382149789093,0.91104092300977,-0.00047350425265489,204.18741086646,4.9683685016908e-05,69.544760415791,1.0,0.0,0.0,0.0,3.7594624999423,0.0,1.0,0.0,1.0,0.0,1.0,0.0,1.0,0.0,1.0,0.0,1.0,0.0,1.0,0.0,1.0,0.0,1.0,0.0,1.0,0.0,0.0,1.0,0.0,1.0,2.42521,-1.0,0.0,0.0,0.0,0.0,1.594011781272,2.0,5.9117190357494,-17.081172238539,-8.4768220725512,-15.938151589619,5.6783565866138,-17.846733349248,-10.320176995651,-23.951423919888,,29.869121139835,,3.7939236978183,,1.0,,0.0,,0.0,,0.0
6.83,0,0.76882554618767,0.92752026312425,-0.00014684905459043,204.55296137557,4.9629302085723e-05,70.57867632711,1.0,0.0,0.0,0.0,3.7694624999419,0.0,1.0,0.0,1.0,0.0,1.0,0.0,1.0,0.0,1.0,0.0,1.0,0.0,1.0,0.0,1.0,0.0,1.0,0.0,1.0,0.0,0.0,1.0,0.0,1.0,2.42521,-1.0,0.0,0.0,0.0,0.0,1.594011781272,2.0,5.0024598899755,-18.382481753186,-7.8386713067428,-15.688796732287,4.7504099776444,-19.128240543027,-9.9788032481935,-23.479188152964,,30.284444544342,,3.8466773526459,,1.0,,0.0,,0.0,,0.0
6.84,0,0.74672817016649,0.94538211356652,-0.0003615322514554,205.04812576231,-0.00012467705151332,71.776682969146,1.0,0.0,0.0,0.0,3.7794624999415,0.0,1.0,0.0,1.0,0.0,1.0,0.0,1.0,0.0,1.0,0.0,1.0,0.0,1.0,0.0,1.0,0.0,1.0,0.0,1.0,0.0,0.0,1.0,0.0,1.0,2.42521,-1.0,0.0,0.0,0.0,0.0,1.594011781272,2.0,3.6912437126868,-19.637575394831,-7.1494352958406,-15.500671985922,3.4230699948067,-20.351755269008,-9.5361175886983,-23.027116127187,,30.731579237698,,3.9034716219282,,1.0,,0.0,,0.0,,0.0
6.85,0,0.73899622842493,0.96457819319272,-0.00027443223177628,205.69970777705,0.00015226820687153,72.855470209376,1.0,0.0,0.0,0.0,3.7894624999411,0.0,1.0,0.0,1.0,0.0,1.0,0.0,1.0,0.0,1.0,0.0,1.0,0.0,1.0,0.0,1.0,0.0,1.0,0.0,1.0,0.0,0.0,1.0,0.0,1.0,2.42521,-1.0,0.0,0.0,0.0,0.0,1.594011781272,2.0,2.0829449741518,-20.834315039189,-6.4494562740476,-15.315207468287,1.806298685446,-21.521992788653,-9.0259722725619,-22.526956477363,,31.15519601163,,3.9572786860829,,1.0,,0.0,,0.0,,0.0
6.86,0,0.74459892660166,0.98450457632668,-0.00017172114660249,205.76974932335,-0.00012102568790798,72.457172378901,1.0,0.0,0.0,0.0,3.7994624999407,0.0,1.0,0.0,1.0,0.0,1.0,0.0,1.0,0.0,1.0,0.0,1.0,0.0,1.0,0.0,1.0,0.0,1.0,0.0,1.0,0.0,0.0,1.0,0.0,1.0,2.42521,-1.0,0.0,0.0,0.0,0.0,1.594011781272,2.0,0.25263430612719,-21.873786467125,-5.7678956243714,-15.195068464027,-0.030178540601802,-22.520642554844,-8.4726567012287,-22.034464833844,,31.506943989209,,4.00195710101,,1.0,,0.0,,0.0,,0.0
6.87,0,0.76302757160927,1.0045607927785,-0.00043912916880313,205.82784921469,3.9893783017696e-05,70.336158353747,1.0,0.0,0.0,0.0,3.8094624999404,0.0,1.0,0.0,1.0,0.0,1.0,0.0,1.0,0.0,1.0,0.0,1.0,0.0,1.0,0.0,1.0,0.0,1.0,0.0,1.0,0.0,0.0,1.0,0.0,1.0,2.42521,-1.0,0.0,0.0,0.0,0.0,1.594011781272,2.0,-1.7054661203326,-22.774572311458,-5.1346806618823,-15.133764962803,-1.9867551234707,-23.382400325738,-7.9001461944255,-21.554925632643,,31.801645864568,,4.0393896194789,,1.0,,0.0,,0.0,,0.0
6.88,0,0.79267727317222,1.0250587983543,-0.00014492294408272,206.03958903625,6.0649678944606e-05,67.828143204922,1.0,0.0,0.0,0.0,3.81946249994,0.0,1.0,0.0,1.0,0.0,1.0,0.0,1.0,0.0,1.0,0.0,1.0,0.0,1.0,0.0,1.0,0.0,1.0,0.0,1.0,0.0,0.0,1.0,0.0,1.0,2.42521,-1.0,0.0,0.0,0.0,0.0,1.594011781272,2.0,-3.7211684793472,-23.405283483422,-4.5777736658521,-15.120853654495,-3.9971694208402,-23.967579297339,-7.338708585202,-21.062796418947,,31.907431734231,,4.0528263562323,,1.0,,0.0,,0.0,,0.0
6.89,0,0.83208576010911,1.0457074918959,-0.00043434313914398,206.05119392913,-0.00014906248303,64.879013673212,1.0,0.0,0.0,0.0,3.8294624999396,0.0,1.0,0.0,1.0,0.0,1.0,0.0,1.0,0.0,1.0,0.0,1.0,0.0,1.0,0.0,1.0,0.0,1.0,0.0,1.0,0.0,0.0,1.0,0.0,1.0,2.42521,-1.0,0.0,0.0,0.0,0.0,1.594011781272,2.0,-5.6992399276991,-23.760284203584,-4.1167506443261,-15.229517120926,-5.9640536742319,-24.27128019639,-6.8017598241654,-20.653317727162,,31.869440337491,,4.0480007552469,,1.0,,0.0,,0.0,,0.0
6.9,0,0.87874779903354,1.0655245111404,-0.00036938870158535,205.95616200861,0.00019162169717036,61.149268072682,1.0,0.0,0.0,0.0,3.8394624999392,0.0,1.0,0.0,1.0,0.0,1.0,0.0,1.0,0.0,1.0,0.0,1.0,0.0,1.0,0.0,1.0,0.0,1.0,0.0,1.0,0.0,0.0,1.0,0.0,1.0,2.42521,-1.0,0.0,0.0,0.0,0.0,1.594011781272,2.0,-7.5618430587085,-23.756087836534,-3.7902361235354,-15.383441746712,-7.8095275785411,-24.219175564025,-6.3331345735131,-20.246541993964,,31.567429427489,,4.0096398559391,,1.0,,0.0,,0.0,,0.0
6.91,0,0.92919584677734,1.0836845660718,-0.00030241465067984,205.47541302778,-0.00016939444190229,56.940942605381,0.0,0.0,0.0,0.0,3.8437649999391,0.0,0.0,0.0,0.0,0.0,1.0,0.0,1.0,0.0,1.0,0.0,1.0,0.0,1.0,0.0,1.0,0.0,1.0,0.0,1.0,0.0,0.0,1.0,0.0,1.0,2.42521,-1.0,0.0,0.0,0.0,0.0,1.594011781272,2.0,-9.2004062744814,-23.316950908981,-3.6041631533466,-15.683040097374,-9.4273822627997,-23.724003863716,-5.9368335624136,-19.962417004236,,31.005639691311,,3.9382823029901,,1.0,,0.0,,0.0,,0.0
6.92,0,0.98042160890725,1.0997622470752,-0.00065203926190471,204.97129029063,8.98879331701e-05,52.370786638963,0.0,0.0,0.0,0.0,3.8437649999391,0.0,0.0,0.0,0.0,0.0,1.0,0.0,1.0,0.0,1.0,0.0,1.0,0.0,1.0,0.0,1.0,0.0,1.0,0.0,1.0,0.0,0.0,1.0,0.0,1.0,2.42521,-1.0,0.0,0.0,0.0,0.0,1.594011781272,2.0,-10.507382348829,-22.464992330571,-3.6095023672195,-16.056332789237,-10.707323735574,-22.824742566303,-5.6719901481237,-19.747428016421,,30.182083034277,,3.8336755720793,,1.0,,0.0,,0.0,,0.0
6.93,0,1.0297026491391,1.1130493433739,-0.00028229859623226,204.25056759846,2.7203888157547e-05,48.194591241629,0.0,0.0,0.0,0.0,3.8437649999391,0.0,0.0,0.0,0.0,0.0,1.0,0.0,1.0,0.0,1.0,0.0,1.0,0.0,1.0,0.0,1.0,0.0,1.0,0.0,1.0,0.0,0.0,1.0,0.0,1.0,2.42521,-1.0,0.0,0.0,0.0,0.0,1.594011781272,2.0,-11.379865730104,-21.0872258402,-3.7908888120668,-16.538223702728,-11.551895386204,-21.397171656071,-5.5335522762979,-19.65100430933,,29.05231385464,,3.6901742603526,,1.0,,0.0,,0.0,,0.0
6.94,0,1.0754533953726,1.1245450377007,-0.00073485599940392,204.54660057899,-0.00014425947983331,49.973901168735,0.0,0.0,0.0,0.0,3.8437649999391,0.0,0.0,0.0,0.0,0.0,1.0,0.0,1.0,0.0,1.0,0.0,1.0,0.0,1.0,0.0,1.0,0.0,1.0,0.0,1.0,0.0,0.0,1.0,0.0,1.0,2.42521,-1.0,0.0,0.0,0.0,0.0,1.594011781272,2.0,-11.700862779593,-19.292505547278,-4.1805690434211,-17.128410955874,-11.841848639007,-19.562151965998,-5.5695920194348,-19.706116007393,,27.767744063578,,3.527010444819,,1.0,,0.0,,0.0,,0.0
6.95,0,1.1143034254401,1.1323117909653,-0.00050443901283059,203.4108585712,0.00022320733800262,51.435568794798,0.0,0.0,0.0,0.0,3.8437649999391,0.0,0.0,0.0,0.0,0.0,1.0,0.0,1.0,0.0,1.0,0.0,1.0,0.0,1.0,0.0,1.0,0.0,1.0,0.0,1.0,0.0,0.0,1.0,0.0,1.0,2.42521,-1.0,0.0,0.0,0.0,0.0,1.594011781272,2.0,-11.426479225863,-17.02846611963,-4.7459321799935,-17.754281524462,-11.53906257496,-17.264287571311,-5.7722110233293,-19.852552874276,,26.310010508756,,3.3418516698804,,1.0,,0.0,,0.0,,0.0
6.96,0,1.1427625746678,1.1344223086113,-0.00058758289791407,201.73041574911,-0.00024263056925958,52.051108346011,0.0,0.0,0.0,0.0,3.8437649999391,0.0,0.0,0.0,0.0,0.0,1.0,0.0,1.0,0.0,1.0,0.0,1.0,0.0,1.0,0.0,1.0,0.0,1.0,0.0,1.0,0.0,0.0,1.0,0.0,1.0,2.42521,-1.0,0.0,0.0,0.0,0.0,1.594011781272,2.0,-10.494536863866,-14.407670960238,-5.4644995034187,-18.490023835521,-10.58136684227,-14.618509988678,-6.1439368626284,-20.198391066281,,24.934115339659,,3.1670878640318,,1.0,,0.0,,0.0,,0.0
6.97,0,1.1586987520858,1.1319122856143,-0.00079731930229871,200.36751701676,0.00019276798757269,52.910436686151,0.0,0.0,0.0,0.0,3.8437649999391,0.0,0.0,0.0,0.0,0.0,1.0,0.0,1.0,0.0,1.0,0.0,1.0,0.0,1.0,0.0,1.0,0.0,1.0,0.0,1.0,0.0,0.0,1.0,0.0,1.0,2.42521,-1.0,0.0,0.0,0.0,0.0,1.594011781272,2.0,-8.9784171622017,-11.524199842457,-6.2928452941582,-19.199908404843,-9.0463752330446,-11.723121840927,-6.6735525004465,-20.616514871103,,23.716993447245,,3.0124911630058,,1.0,,0.0,,0.0,,0.0
6.98,0,1.1615122541321,1.1247843179862,-0.00042097971093046,198.90221419354,-8.9705927406944e-05,53.772797223265,0.0,0.0,0.0,0.0,3.8437649999391,0.0,0.0,0.0,0.0,0.0,1.0,0.0,1.0,0.0,1.0,0.0,1.0,0.0,1.0,0.0,1.0,0.0,1.0,0.0,1.0,0.0,0.0,1.0,0.0,1.0,2.42521,-1.0,0.0,0.0,0.0,0.0,1.594011781272,2.0,-6.9510354991129,-8.4398967203383,-7.1424928804728,-19.952077766447,-7.0076920493391,-8.634045129997,-7.2970551956288,-21.194577191942,,22.886065225729,,2.906948108825,,1.0,,0.0,,0.0,,0.0
6.99,0,1.1512748662853,1.1132486317885,-0.00087669841870733,197.41419001803,-3.3419221745988e-05,54.890469012262,0.0,0.0,0.0,0.0,3.8437649999391,0.0,0.0,0.0,0.0,0.0,1.0,0.0,1.0,0.0,1.0,0.0,1.0,0.0,1.0,0.0,1.0,0.0,1.0,0.0,1.0,0.0,0.0,1.0,0.0,1.0,2.42521,-1.0,0.0,0.0,0.0,0.0,1.594011781272,2.0,-4.59623480741,-5.3672478709743,-7.9755093752174,-20.654805862748,-4.6509295387436,-5.5720936338871,-7.999091618084,-21.841860181538,,22.541427567063,,2.863172834211,,1.0,,0.0,,0.0,,0.0
7.0,0,1.1286765944348,1.0978051527733,-0.00043271687955378,196.13473838692,0.00014480463351749,55.905434671274,0.0,0.0,0.0,0.0,3.8437649999391,0.0,0.0,0.0,0.0,0.0,1.0,0.0,1.0,0.0,1.0,0.0,1.0,0.0,1.0,0.0,1.0,0.0,1.0,0.0,1.0,0.0,0.0,1.0,0.0,1.0,2.42521,-1.0,0.0,0.0,0.0,0.0,1.594011781272,2.0,-2.1071907554181,-2.3227804679099,-8.6848894496305,-21.296788902917,-2.1685346827982,-2.5422186176097,-8.6806498203027,-22.54507296946,,22.687772688502,,2.88176133642,,1.0,,0.0,,0.0,,0.0
7.01,0,1.09574571645,1.0792285414182,-0.00066441590777208,194.83900792895,-0.00020945446115437,57.002012952677,0.0,0.0,0.0,0.0,3.8437649999391,0.0,0.0,0.0,0.0,0.0,1.0,0.0,1.0,0.0,1.0,0.0,1.0,0.0,1.0,0.0,1.0,0.0,1.0,0.0,1.0,0.0,0.0,1.0,0.0,1.0,2.42521,-1.0,0.0,0.0,0.0,0.0,1.594011781272,2.0,0.31826219782329,0.48726867071303,-9.2551326078961,-21.891769314606,0.24243086327335,0.23975988233996,-9.3277204417785,-23.311451878223,,23.312282736925,,2.9610855140932,,1.0,,0.0,,0.0,,0.0
7.02,0,1.0541804001696,1.0583370436331,-0.00057880763378153,193.93130078072,0.0002103157287976,58.052814909438,0.0,0.0,0.0,0.0,3.8437649999391,0.0,0.0,0.0,0.0,0.0,1.0,0.0,1.0,0.0,1.0,0.0,1.0,0.0,1.0,0.0,1.0,0.0,1.0,0.0,1.0,0.0,0.0,1.0,0.0,1.0,2.42521,-1.0,0.0,0.0,0.0,0.0,1.594011781272,2.0,2.4721014697257,3.0404712172185,-9.620238438904,-22.350378261042,2.3755248122167,2.763784206249,-9.8603584515494,-24.028760982901,,24.186687250415,,3.0721508510905,,1.0,,0.0,,0.0,,0.0
7.03,0,1.0075837585159,1.0360795645719,-0.00036377343686186,193.0884549544,-0.00015281328581093,58.868109712825,0.0,0.0,0.0,0.0,3.8437649999391,0.0,0.0,0.0,0.0,0.0,1.0,0.0,1.0,0.0,1.0,0.0,1.0,0.0,1.0,0.0,1.0,0.0,1.0,0.0,1.0,0.0,0.0,1.0,0.0,1.0,2.42521,-1.0,0.0,0.0,0.0,0.0,1.594011781272,2.0,4.2422284002645,5.2545350453662,-9.787499293311,-22.75944776804,4.1218026173787,4.9418215614699,-10.269426430763,-24.775315628421,,25.262840748983,,3.2088419924733,,1.0,,0.0,,0.0,,0.0
7.04,0,0.9580081345837,1.0126348969393,-0.00063688496451447,192.27593993683,5.3121099505666e-05,58.413345604544,0.0,0.0,0.0,0.0,3.8437649999391,0.0,0.0,0.0,0.0,0.0,1.0,0.0,1.0,0.0,1.0,0.0,1.0,0.0,1.0,0.0,1.0,0.0,1.0,0.0,1.0,0.0,0.0,1.0,0.0,1.0,2.42521,-1.0,0.0,0.0,0.0,0.0,1.594011781272,2.0,5.5070874336942,7.0687934708775,-9.7550306280964,-23.026468638364,5.3596828637427,6.7181834831886,-10.527643382262,-25.424915903705,,26.297004066857,,3.3401996143038,,1.0,,0.0,,0.0,,0.0
7.05,0,0.90896508928705,0.98871634410047,-0.00023524206295397,191.68025353869,5.3747184176173e-05,56.596617773755,0.0,0.0,0.0,0.0,3.8437649999391,0.0,0.0,0.0,0.0,0.0,1.0,0.0,1.0,0.0,1.0,0.0,1.0,0.0,1.0,0.0,1.0,0.0,1.0,0.0,1.0,0.0,0.0,1.0,0.0,1.0,2.42521,-1.0,0.0,0.0,0.0,0.0,1.594011781272,2.0,6.2608411833592,8.539993561551,-9.5403263567467,-23.22363748115,6.0883751258761,8.1543447075822,-10.63003974382,-26.04112081837,,27.28753749625,,3.4660154437574,,1.0,,0.0,,0.0,,0.0
7.06,0,0.86268224242782,0.96638986182914,-0.00047554234102329,191.84772615979,-0.0001331530012224,56.643164303296,1.0,0.0,0.0,0.0,3.8518724999388,0.0,1.0,0.0,1.0,0.0,1.0,0.0,1.0,0.0,1.0,0.0,1.0,0.0,1.0,0.0,1.0,0.0,1.0,0.0,1.0,0.0,0.0,1.0,0.0,1.0,2.42521,-1.0,0.0,0.0,0.0,0.0,1.594011781272,2.0,6.4911571736555,9.602090131266,-9.1853510862495,-23.331659909895,6.2929498327145,9.1764410827915,-10.596795561082,-26.576485692922,,28.115728369256,,3.5712108047023,,1.0,,0.0,,0.0,,0.0
7.07,0,0.81968502063385,0.94555604536976,-0.00032110351938509,192.26738585054,0.00016307095018718,57.384813785373,1.0,0.0,0.0,0.0,3.8618724999384,0.0,1.0,0.0,1.0,0.0,1.0,0.0,1.0,0.0,1.0,0.0,1.0,0.0,1.0,0.0,1.0,0.0,1.0,0.0,1.0,0.0,0.0,1.0,0.0,1.0,2.42521,-1.0,0.0,0.0,0.0,0.0,1.594011781272,2.0,6.2511544701714,10.369557063172,-8.7090883289744,-23.347335445555,6.0318924500722,9.9138677795878,-10.427085990741,-27.014376421835,,28.775782601819,,3.6550497426826,,1.0,,0.0,,0.0,,0.0
7.08,0,0.78327660091238,0.92654235146613,-0.00022132502350111,192.55229335738,-0.00013321472547542,58.561979067649,1.0,0.0,0.0,0.0,3.871872499938,0.0,1.0,0.0,1.0,0.0,1.0,0.0,1.0,0.0,1.0,0.0,1.0,0.0,1.0,0.0,1.0,0.0,1.0,0.0,1.0,0.0,0.0,1.0,0.0,1.0,2.42521,-1.0,0.0,0.0,0.0,0.0,1.594011781272,2.0,5.6015011540098,10.826310897026,-8.163700886455,-23.335999255519,5.3626743935837,10.33589739724,-10.162358733742,-27.41162953033,,29.295309652558,,3.7210391630015,,1.0,,0.0,,0.0,,0.0
7.09,0,0.75621569348967,0.90920589843312,-0.00042299706469227,193.04503428914,5.789901065836e-05,60.278847052311,1.0,0.0,0.0,0.0,3.8818724999376,0.0,1.0,0.0,1.0,0.0,1.0,0.0,1.0,0.0,1.0,0.0,1.0,0.0,1.0,0.0,1.0,0.0,1.0,0.0,1.0,0.0,0.0,1.0,0.0,1.0,2.42521,-1.0,0.0,0.0,0.0,0.0,1.594011781272,2.0,4.6126492844201,11.044182206638,-7.5643228670253,-23.240542008284,4.3585510840869,10.527603524083,-9.8042911556687,-27.690100077914,,29.623700840539,,3.7627508392307,,1.0,,0.0,,0.0,,0.0
7.1,0,0.73991478356041,0.89389800373266,-0.00012327809839597,193.61441111854,3.5538182387492e-05,62.233338480752,1.0,1.0,0.0,0.0,3.8918724999372,0.0040974999999999,1.0,0.0,1.0,0.0,1.0,0.0,1.0,0.0,1.0,0.0,1.0,0.0,1.0,0.0,1.0,0.0,1.0,0.0,1.0,0.0,0.0,1.0,0.0,1.0,2.42521,-1.0,0.0,0.0,0.0,0.0,1.594011781272,1.9881897232197,3.3631067038879,11.091203999649,-6.9504928081263,-23.146568717137,3.0975892236685,10.550802414337,-9.3914787524646,-27.944400911567,,29.869794637844,,3.7940092443613,,1.0,,0.0,,0.0,,0.0
7.11,0,0.73373908379416,0.88076196514134,-0.00036028864833269,194.19916309446,-0.0001162287825428,64.419931369638,1.0,1.0,0.0,0.0,3.9018724999369,0.0140975,1.0,0.0,1.0,0.0,1.0,0.0,1.0,0.0,1.0,0.0,1.0,0.0,1.0,0.0,1.0,0.0,1.0,0.0,1.0,0.0,0.0,1.0,0.0,1.0,2.42521,-1.0,0.0,0.0,0.0,0.0,1.594011781272,1.9622110025617,1.908247085404,10.965582926753,-6.3346769326609,-23.014005160327,1.6337342572219,10.401570060274,-8.9288933302826,-28.115058704904,,29.97741809605,,3.807679388408,,1.0,,0.0,,0.0,,0.0
7.12,0,0.73747880761818,0.87043639895137,-0.00025600503536891,195.10677846418,0.0001526223653194,66.978548775219,1.0,1.0,0.0,0.0,3.9118724999365,0.024097500000002,1.0,0.0,1.0,0.0,1.0,0.0,1.0,0.0,1.0,0.0,1.0,0.0,1.0,0.0,1.0,0.0,1.0,0.0,1.0,0.0,0.0,1.0,0.0,1.0,2.42521,-1.0,0.0,0.0,0.0,0.0,1.594011781272,1.9419286404058,0.31538709553845,10.782496322149,-5.7452572644366,-22.873945144885,0.037656669153595,10.205508944807,-8.4460181480206,-28.2422695173,,30.029633846872,,3.8143117420522,,1.0,,0.0,,0.0,,0.0
7.13,0,0.75056221892443,0.86253656530251,-0.00018937247984758,195.75470134481,-0.00013265220065868,69.670034857198,1.0,1.0,0.0,0.0,3.9218724999361,0.034097500000003,1.0,0.0,1.0,0.0,1.0,0.0,1.0,0.0,1.0,0.0,1.0,0.0,1.0,0.0,1.0,0.0,1.0,0.0,1.0,0.0,0.0,1.0,0.0,1.0,2.42521,-1.0,0.0,0.0,0.0,0.0,1.594011781272,1.9264111100264,-1.3735532467689,10.515317822715,-5.1906783236195,-22.750615315299,-1.6532569413936,9.9199396081638,-7.9496102480603,-28.347718113898,,30.033282808413,,3.8147752267861,,1.0,,0.0,,0.0,,0.0
7.14,0,0.77244845038973,0.85520767773738,-0.00043973811678552,195.61316000219,6.1996237450839e-05,69.325937072161,1.0,1.0,0.0,0.0,3.9318724999357,0.044097499999999,1.0,0.0,1.0,0.0,1.0,0.0,1.0,0.0,1.0,0.0,1.0,0.0,1.0,0.0,1.0,0.0,1.0,0.0,1.0,0.0,0.0,1.0,0.0,1.0,2.42521,-1.0,0.0,0.0,0.0,0.0,1.594011781272,1.9120150808827,-3.1014338062553,10.234487769232,-4.6923428040639,-22.606246165688,-3.3769845137873,9.6317327621345,-7.4591796770439,-28.387550712835,,29.977078117634,,3.8076362049423,,1.0,,0.0,,0.0,,0.0
7.15,0,0.80218913559347,0.84827193883698,-0.00014271451605578,195.5945220101,3.8535888358819e-05,67.312039921495,1.0,1.0,0.0,0.0,3.9418724999354,0.054097499999995,1.0,0.0,1.0,0.0,1.0,0.0,1.0,0.0,1.0,0.0,1.0,0.0,1.0,0.0,1.0,0.0,1.0,0.0,1.0,0.0,0.0,1.0,0.0,1.0,2.42521,-1.0,0.0,0.0,0.0,0.0,1.594011781272,1.8984725929994,-4.8331047644141,9.9577724827528,-4.2611304635085,-22.509174116172,-5.1024131439007,9.346544779987,-6.9880625105216,-28.445118481664,,29.941356228116,,3.8030988728078,,1.0,,0.0,,0.0,,0.0
7.16,0,0.83836363644056,0.84349746444662,-0.00045885876939885,196.20064426227,-0.00013186540406071,66.653531866618,1.0,1.0,0.0,0.0,3.951872499935,0.064097499999994,1.0,0.0,1.0,0.0,1.0,0.0,1.0,0.0,1.0,0.0,1.0,0.0,1.0,0.0,1.0,0.0,1.0,0.0,1.0,0.0,0.0,1.0,0.0,1.0,2.42521,-1.0,0.0,0.0,0.0,0.0,1.594011781272,1.8890128762077,-6.5067482089162,9.6827341555457,-3.9109581783858,-22.405627434408,-6.7649985984782,9.064820914888,-6.5452535176534,-28.452413399411,,29.861542814666,,3.7929611121663,,1.0,,0.0,,0.0,,0.0
7.17,0,0.88025301580143,0.84031373638788,-0.00034096926396983,196.93713038318,0.00018699501777712,66.125017933634,1.0,1.0,0.0,0.0,3.9618724999346,0.074097500000004,1.0,0.0,1.0,0.0,1.0,0.0,1.0,0.0,1.0,0.0,1.0,0.0,1.0,0.0,1.0,0.0,1.0,0.0,1.0,0.0,0.0,1.0,0.0,1.0,2.42521,-1.0,0.0,0.0,0.0,0.0,1.594011781272,1.8827591246647,-8.0786404398558,9.4779225793421,-3.666935126419,-22.333089383391,-8.3216726954335,8.8618481840109,-6.1599339892362,-28.46233683569,,29.810062880259,,3.7864222206403,,1.0,,0.0,,0.0,,0.0
7.18,0,0.92471744736741,0.83833744589784,-0.00032655050627049,197.29993448448,-0.00018227545467573,65.604388234694,0.0,1.0,0.0,0.0,3.9663549999344,0.084097500000014,0.0,0.0,0.0,0.0,1.0,0.0,1.0,0.0,1.0,0.0,1.0,0.0,1.0,0.0,1.0,0.0,1.0,0.0,1.0,0.0,0.0,1.0,0.0,1.0,2.42521,-1.0,0.0,0.0,0.0,0.0,1.594011781272,1.8788771254884,-9.4716376717338,9.2939030017774,-3.5317739436094,-22.292370748268,-9.6965493554135,8.6736820808828,-5.8314168354237,-28.470983309364,,29.762895762834,,3.7804311356091,,1.0,,0.0,,0.0,,0.0
7.19,0,0.96981383328361,0.837738669,-0.00062473427726599,197.83529235958,0.00011376439595645,65.415699666553,0.0,1.0,0.0,0.0,3.9663549999344,0.094097500000024,0.0,0.0,0.0,0.0,1.0,0.0,1.0,0.0,1.0,0.0,1.0,0.0,1.0,0.0,1.0,0.0,1.0,0.0,1.0,0.0,0.0,1.0,0.0,1.0,2.42521,-1.0,0.0,0.0,0.0,0.0,1.594011781272,1.8776876421966,-10.613269421546,9.1863690390936,-3.5465428655339,-22.252351109464,-10.814895504408,8.572808710306,-5.6061782631146,-28.444757415031,,29.708563761899,,3.7735299795646,,1.0,,0.0,,0.0,,0.0
7.2,0,1.0146574963035,0.8385121389369,-0.00027340674391609,198.3489929502,-4.4983377558635e-06,65.191301251643,0.0,1.0,0.0,0.0,3.9663549999344,0.10409750000003,0.0,0.0,0.0,0.0,1.0,0.0,1.0,0.0,1.0,0.0,1.0,0.0,1.0,0.0,1.0,0.0,1.0,0.0,1.0,0.0,0.0,1.0,0.0,1.0,2.42521,-1.0,0.0,0.0,0.0,0.0,1.594011781272,1.8776867521329,-11.425513326898,9.1414079816967,-3.6975513558901,-22.267539554062,-11.602968334948,8.5319967169709,-5.4758258787303,-28.451256864952,,29.703026337786,,3.7728266256069,,1.0,,0.0,,0.0,,0.0
7.21,0,1.0570370005085,0.84079895311997,-0.00073052942145519,198.80123986507,-0.00011464300863402,65.265748968586,0.0,1.0,0.0,0.0,3.9663549999344,0.11409750000004,0.0,0.0,0.0,0.0,1.0,0.0,1.0,0.0,1.0,0.0,1.0,0.0,1.0,0.0,1.0,0.0,1.0,0.0,1.0,0.0,0.0,1.0,0.0,1.0,2.42521,-1.0,0.0,0.0,0.0,0.0,1.594011781272,1.8776867521329,-11.815130042656,9.1402615836788,-4.0183395151108,-22.281173708142,-11.96502106644,8.53735366069,-5.4836716998171,-28.417846567004,,29.672541224446,,3.7689544596537,,1.0,,0.0,,0.0,,0.0
7.22,0,1.0951648928411,0.84465384390574,-0.00046044984454537,199.42426162342,0.00020675444111208,65.362634298552,0.0,1.0,0.0,0.0,3.9663549999344,0.12409750000005,0.0,0.0,0.0,0.0,1.0,0.0,1.0,0.0,1.0,0.0,1.0,0.0,1.0,0.0,1.0,0.0,1.0,0.0,1.0,0.0,0.0,1.0,0.0,1.0,2.42521,-1.0,0.0,0.0,0.0,0.0,1.594011781272,1.8776867521329,-11.737057299479,9.2293671523491,-4.4866374676347,-22.329579833302,-11.860778657392,8.6406834282109,-5.6241175776978,-28.394820393482,,29.680436929369,,3.7699573583287,,1.0,,0.0,,0.0,,0.0
7.23,0,1.1255383954174,0.85017420538597,-0.00059723391951551,199.89248130771,-0.00023935818841909,65.587467131002,0.0,1.0,0.0,0.0,3.9663549999344,0.13409750000006,0.0,0.0,0.0,0.0,1.0,0.0,1.0,0.0,1.0,0.0,1.0,0.0,1.0,0.0,1.0,0.0,1.0,0.0,1.0,0.0,0.0,1.0,0.0,1.0,2.42521,-1.0,0.0,0.0,0.0,0.0,1.594011781272,1.8776867521329,-11.118907417475,9.3412521576864,-5.0965470410095,-22.408500986943,-11.217361345082,8.761250083645,-5.9083825126719,-28.370841012716,,29.692806161976,,3.7715284766918,,1.0,,0.0,,0.0,,0.0
7.24,0,1.1463283147379,0.85757924945435,-0.00075810087317357,200.5190945454,0.00020576719701291,66.052966175458,0.0,1.0,0.0,0.0,3.9663549999344,0.14409750000007,0.0,0.0,0.0,0.0,1.0,0.0,1.0,0.0,1.0,0.0,1.0,0.0,1.0,0.0,1.0,0.0,1.0,0.0,1.0,0.0,0.0,1.0,0.0,1.0,2.42521,-1.0,0.0,0.0,0.0,0.0,1.594011781272,1.8776867521329,-9.9912327093456,9.5139027421908,-5.8217680919776,-22.481978379811,-10.068905501597,8.9531110656579,-6.3352270480896,-28.305762528652,,29.687952684742,,3.7709119964744,,1.0,,0.0,,0.0,,0.0
7.25,0,1.1568720199352,0.86706628756306,-0.00042626142483229,201.12527858719,-0.00011390287585288,66.497115759151,0.0,1.0,0.0,0.0,3.9663549999344,0.15409750000008,0.0,0.0,0.0,0.0,1.0,0.0,1.0,0.0,1.0,0.0,1.0,0.0,1.0,0.0,1.0,0.0,1.0,0.0,1.0,0.0,0.0,1.0,0.0,1.0,2.42521,-1.0,0.0,0.0,0.0,0.0,1.594011781272,1.8776867521329,-8.3752226934178,9.717938352026,-6.5982522822516,-22.605130217305,-8.437541548543,9.1747274251864,-6.8608485730321,-28.265357758221,,29.717105353662,,3.7746149176602,,1.0,,0.0,,0.0,,0.0
7.26,0,1.1565143687972,0.87880924632657,-0.00088536555037494,201.68150177542,-1.0075746532101e-05,67.26058959911,0.0,1.0,0.0,0.0,3.9663549999344,0.16409750000009,0.0,0.0,0.0,0.0,1.0,0.0,1.0,0.0,1.0,0.0,1.0,0.0,1.0,0.0,1.0,0.0,1.0,0.0,1.0,0.0,0.0,1.0,0.0,1.0,2.42521,-1.0,0.0,0.0,0.0,0.0,1.594011781272,1.8776867521329,-6.3872562873977,9.907826719343,-7.4015743536216,-22.716470995767,-6.4412839985264,9.3842419678948,-7.4828085648295,-28.17201258613,,29.693866142426,,3.7716631135607,,1.0,,0.0,,0.0,,0.0
7.27,0,1.145370067126,0.89296507003873,-0.00043303986238545,202.39652077558,0.00012645480818324,68.400644071876,0.0,1.0,0.0,0.0,3.9663549999344,0.1740975000001,0.0,0.0,0.0,0.0,1.0,0.0,1.0,0.0,1.0,0.0,1.0,0.0,1.0,0.0,1.0,0.0,1.0,0.0,1.0,0.0,0.0,1.0,0.0,1.0,2.42521,-1.0,0.0,0.0,0.0,0.0,1.594011781272,1.8776867521329,-4.1603283534,10.117290466782,-8.139867900968,-22.843859682687,-4.2136433149121,9.6215510119807,-8.1212488444855,-28.064907151381,,29.668435613088,,3.768432972056,,1.0,,0.0,,0.0,,0.0
7.28,0,1.1244260341849,0.90902698057529,-0.00071975296366434,202.84017476727,-0.00020515742931757,69.730034189538,0.0,0.0,0.0,0.0,3.9663549999344,0.0,0.0,0.0,0.0,0.0,1.0,0.0,1.0,0.0,1.0,0.0,1.0,0.0,1.0,0.0,1.0,0.0,1.0,0.0,1.0,0.0,0.0,1.0,0.0,1.0,2.42521,-1.0,0.0,0.0,0.0,0.0,1.594011781272,2.0,-1.8461348353445,10.24945919575,-8.7963738200685,-22.991664279935,-1.9058257087398,9.7767020454493,-8.7674430563976,-27.944134230471,,29.605074718343,,3.7603849816594,,1.0,,0.0,,0.0,,0.0
7.29,0,1.0945762829369,0.92744411591528,-0.00059475019931813,203.37213433274,0.00022371214734294,71.094163525499,0.0,0.0,0.0,0.0,3.9663549999344,0.0,0.0,0.0,0.0,0.0,1.0,0.0,1.0,0.0,1.0,0.0,1.0,0.0,1.0,0.0,1.0,0.0,1.0,0.0,1.0,0.0,0.0,1.0,0.0,1.0,2.42521,-1.0,0.0,0.0,0.0,0.0,1.594011781272,2.0,0.37169907001047,10.312818207214,-9.3025728543842,-23.103703431722,0.29883449443013,9.8717127933856,-9.348686150867,-27.749054059607,,29.452772772649,,3.7410398540179,,1.0,,0.0,,0.0,,0.0
7.3,0,1.0578460045216,0.94840654743262,-0.00042571214695579,203.83396469256,-0.00017708913464906,72.351110438662,0.0,0.0,0.0,0.0,3.9663549999344,0.0,0.0,0.0,0.0,0.0,1.0,0.0,1.0,0.0,1.0,0.0,1.0,0.0,1.0,0.0,1.0,0.0,1.0,0.0,1.0,0.0,0.0,1.0,0.0,1.0,2.42521,-1.0,0.0,0.0,0.0,0.0,1.594011781272,2.0,2.3796370015635,10.267953953602,-9.6511689155466,-23.24197534283,2.2894764508716,9.8583485662873,-9.8493966118282,-27.555716810549,,29.266240620007,,3.7173468651615,,1.0,,0.0,,0.0,,0.0
7.31,0,1.0167806051921,0.97128045014343,-0.00069213327091963,204.12314468817,8.4908184878918e-05,73.87452484757,0.0,0.0,0.0,0.0,3.9663549999344,0.0,0.0,0.0,0.0,0.0,1.0,0.0,1.0,0.0,1.0,0.0,1.0,0.0,1.0,0.0,1.0,0.0,1.0,0.0,1.0,0.0,0.0,1.0,0.0,1.0,2.42521,-1.0,0.0,0.0,0.0,0.0,1.594011781272,2.0,4.0373221839294,10.023053710785,-9.8278818051741,-23.340863041458,3.9254072687253,9.6437117879581,-10.238503683369,-27.290333186055,,28.944300404263,,3.6764545801802,,1.0,,0.0,,0.0,,0.0
7.32,0,0.97306803008983,0.99437718027795,-0.0002711482212418,203.77554968672,2.5855993226609e-05,72.672690647209,0.0,0.0,0.0,0.0,3.9663549999344,0.0,0.0,0.0,0.0,0.0,1.0,0.0,1.0,0.0,1.0,0.0,1.0,0.0,1.0,0.0,1.0,0.0,1.0,0.0,1.0,0.0,0.0,1.0,0.0,1.0,2.42521,-1.0,0.0,0.0,0.0,0.0,1.594011781272,2.0,5.3052754570191,9.6033580966415,-9.8323970948747,-23.408333698233,5.1715091651462,9.2605291137013,-10.497890456432,-26.975280374651,,28.520838483411,,3.6226671851939,,1.0,,0.0,,0.0,,0.0
7.33,0,0.92953185239325,1.0172993217217,-0.00056642433004292,203.46884632304,-0.00012076529633978,69.887500070281,0.0,0.0,0.0,0.0,3.9663549999344,0.0,0.0,0.0,0.0,0.0,1.0,0.0,1.0,0.0,1.0,0.0,1.0,0.0,1.0,0.0,1.0,0.0,1.0,0.0,1.0,0.0,0.0,1.0,0.0,1.0,2.42521,-1.0,0.0,0.0,0.0,0.0,1.594011781272,2.0,6.1368621136174,8.8978952286507,-9.6966639544701,-23.473567215218,5.9793352242725,8.585202112782,-10.64113751365,-26.649751838431,,27.998771640563,,3.5563551649086,,1.0,,0.0,,0.0,,0.0
7.34,0,0.88737609665959,1.0415679748751,-0.00033850572602963,203.67253388606,0.0001692152026259,66.973339262253,1.0,0.0,0.0,0.0,3.9693724999343,0.0,1.0,0.0,1.0,0.0,1.0,0.0,1.0,0.0,1.0,0.0,1.0,0.0,1.0,0.0,1.0,0.0,1.0,0.0,1.0,0.0,0.0,1.0,0.0,1.0,2.42521,-1.0,0.0,0.0,0.0,0.0,1.594011781272,2.0,6.5505571418069,7.898372726055,-9.4252122548614,-23.451952457199,6.3718046713479,7.6169232240816,-10.654023622672,-26.232631706677,,27.31642804628,,3.4696850710587,,1.0,,0.0,,0.0,,0.0
7.35,0,0.84739294633853,1.0660491378827,-0.0003039285601392,203.65944405159,-0.00016096671621408,62.961315122596,1.0,0.0,0.0,0.0,3.9793724999339,0.0,1.0,0.0,1.0,0.0,1.0,0.0,1.0,0.0,1.0,0.0,1.0,0.0,1.0,0.0,1.0,0.0,1.0,0.0,1.0,0.0,0.0,1.0,0.0,1.0,2.42521,-1.0,0.0,0.0,0.0,0.0,1.594011781272,2.0,6.5783152142242,6.6078314775126,-9.0656024037272,-23.414767187685,6.3789357302171,6.3558453590097,-10.572762036458,-25.819143961728,,26.590355398339,,3.3774605890438,,1.0,,0.0,,0.0,,0.0
7.36,0,0.81090573230768,1.0899357821788,-0.00045196160811379,203.4071367866,9.9878821658512e-05,58.332006802734,1.0,0.0,0.0,0.0,3.9893724999336,0.0,1.0,0.0,1.0,0.0,1.0,0.0,1.0,0.0,1.0,0.0,1.0,0.0,1.0,0.0,1.0,0.0,1.0,0.0,1.0,0.0,0.0,1.0,0.0,1.0,2.42521,-1.0,0.0,0.0,0.0,0.0,1.594011781272,2.0,6.2609104875447,4.936211984958,-8.6286833796689,-23.314983334814,6.0436053683736,4.7048045477213,-10.393633276139,-25.371338482205,,25.804238442853,,3.2776093837568,,1.0,,0.0,,0.0,,0.0
7.37,0,0.77992057363141,1.1127154200211,-0.00014452142588296,203.30466207556,-8.6256770105079e-06,52.798886628364,1.0,0.0,0.0,0.0,3.9993724999332,0.0,1.0,0.0,1.0,0.0,1.0,0.0,1.0,0.0,1.0,0.0,1.0,0.0,1.0,0.0,1.0,0.0,1.0,0.0,1.0,0.0,0.0,1.0,0.0,1.0,2.42521,-1.0,0.0,0.0,0.0,0.0,1.594011781272,2.0,5.6699241376577,2.9759020680152,-8.1521710833244,-23.132492330817,5.4376122084778,2.7638646869781,-10.150817035699,-24.884680480384,,25.038056829029,,3.1802903308154,,1.0,,0.0,,0.0,,0.0
7.38,0,0.75652390707094,1.1338416016087,-0.00041083353932577,203.23750040863,-7.9801343225863e-05,49.030557747505,1.0,0.0,0.0,0.0,4.0093724999328,0.0,1.0,0.0,1.0,0.0,1.0,0.0,1.0,0.0,1.0,0.0,1.0,0.0,1.0,0.0,1.0,0.0,1.0,0.0,1.0,0.0,0.0,1.0,0.0,1.0,2.42521,-1.0,0.0,0.0,0.0,0.0,1.594011781272,2.0,4.8489112548906,0.70005230627937,-7.648487174857,-22.939905433951,4.6028185265633,0.49875614887527,-9.8496701946564,-24.453507598965,,24.458856643165,,3.1067213328982,,1.0,,0.0,,0.0,,0.0
7.39,0,0.74009456595502,1.154447579958,-0.00021037513358933,204.19530809546,0.00013810931585944,50.928843511819,1.0,0.0,0.0,0.0,4.0193724999324,0.0,1.0,0.0,1.0,0.0,1.0,0.0,1.0,0.0,1.0,0.0,1.0,0.0,1.0,0.0,1.0,0.0,1.0,0.0,1.0,0.0,0.0,1.0,0.0,1.0,2.42521,-1.0,0.0,0.0,0.0,0.0,1.594011781272,2.0,3.8620366168175,-1.8501939358321,-7.1375715693995,-22.646760400773,3.6065846418509,-2.0500122060468,-9.5100775215522,-23.991480655383,,24.078976530062,,3.058469623158,,1.0,,0.0,,0.0,,0.0
7.4,0,0.73024303454924,1.1715620008435,-0.00022781678499604,203.44108615939,-0.00014508237119676,51.09040205591,1.0,0.0,0.0,0.0,4.029372499932,0.0,1.0,0.0,1.0,0.0,1.0,0.0,1.0,0.0,1.0,0.0,1.0,0.0,1.0,0.0,1.0,0.0,1.0,0.0,1.0,0.0,0.0,1.0,0.0,1.0,2.42521,-1.0,0.0,0.0,0.0,0.0,1.594011781272,2.0,2.7420125326311,-4.5410148508737,-6.6334254527031,-22.32954548675,2.4774644104956,-4.7428287818955,-9.1456071655156,-23.589636368883,,24.061636231844,,3.0562670887068,,1.0,,0.0,,0.0,,0.0
7.41,0,0.72672448041822,1.1842317434593,-0.00036819702756652,202.79017777464,9.8795480186876e-05,51.165938898909,1.0,0.0,0.0,0.0,4.0393724999317,0.0,1.0,0.0,1.0,0.0,1.0,0.0,1.0,0.0,1.0,0.0,1.0,0.0,1.0,0.0,1.0,0.0,1.0,0.0,1.0,0.0,0.0,1.0,0.0,1.0,2.42521,-1.0,0.0,0.0,0.0,0.0,1.594011781272,2.0,1.5315861288303,-7.3837189831035,-6.1428682272928,-21.991199160524,1.2621060163626,-7.5988267300951,-8.7618529644092,-23.258016946934,,24.467589547257,,3.1078305711522,,1.0,,0.0,,0.0,,0.0
7.42,0,0.72922973562262,1.1931559116053,-0.00010927376682603,202.40046066804,-1.697784900616e-05,51.129507566896,1.0,0.0,0.0,0.0,4.0493724999313,0.0,1.0,0.0,1.0,0.0,1.0,0.0,1.0,0.0,1.0,0.0,1.0,0.0,1.0,0.0,1.0,0.0,1.0,0.0,1.0,0.0,0.0,1.0,0.0,1.0,2.42521,-1.0,0.0,0.0,0.0,0.0,1.594011781272,2.0,0.25453609856459,-10.211504390921,-5.6785100170105,-21.584853186996,-0.018887062057141,-10.445747689363,-8.3755926017305,-22.940549807791,,25.206306050926,,3.2016610536803,,1.0,,0.0,,0.0,,0.0
7.43,0,0.73755901232966,1.1982489441812,-0.00039773108228501,201.68504994056,-7.4298868478863e-05,51.358752040419,1.0,0.0,0.0,0.0,4.0593724999309,0.0,1.0,0.0,1.0,0.0,1.0,0.0,1.0,0.0,1.0,0.0,1.0,0.0,1.0,0.0,1.0,0.0,1.0,0.0,1.0,0.0,0.0,1.0,0.0,1.0,2.42521,-1.0,0.0,0.0,0.0,0.0,1.594011781272,2.0,-1.065135134522,-12.952891642864,-5.2386170558475,-21.216334103994,-1.3401200010509,-13.208657215522,-7.9820040289469,-22.744618888305,,26.301261061441,,3.3407403303349,,1.0,,0.0,,0.0,,0.0
7.44,0,0.75148028584005,1.1995867155902,-0.00020503892623185,201.17623845987,0.00014112105949708,51.732301023328,1.0,0.0,0.0,0.0,4.0693724999305,0.0,1.0,0.0,1.0,0.0,1.0,0.0,1.0,0.0,1.0,0.0,1.0,0.0,1.0,0.0,1.0,0.0,1.0,0.0,1.0,0.0,0.0,1.0,0.0,1.0,2.42521,-1.0,0.0,0.0,0.0,0.0,1.594011781272,2.0,-2.4097669971284,-15.572224404779,-4.8371458484695,-20.810452962013,-2.6834439452771,-15.859031561832,-7.5994534470929,-22.580346893257,,27.592435266866,,3.5047430270677,,1.0,,0.0,,0.0,,0.0
7.45,0,0.77054385022975,1.1975933846031,-0.00026100682851514,200.5163055481,-0.00015906244066989,52.05718560021,1.0,0.0,0.0,0.0,4.0793724999301,0.0,1.0,0.0,1.0,0.0,1.0,0.0,1.0,0.0,1.0,0.0,1.0,0.0,1.0,0.0,1.0,0.0,1.0,0.0,1.0,0.0,0.0,1.0,0.0,1.0,2.42521,-1.0,0.0,0.0,0.0,0.0,1.594011781272,2.0,-3.7658392367779,-17.914207752559,-4.4673834836302,-20.412251040917,-4.0375832126906,-18.229851364405,-7.2184159053806,-22.473196816799,,28.936697925335,,3.6754889265598,,1.0,,0.0,,0.0,,0.0
7.46,0,0.79440798032736,1.1927795133798,-0.00041925384222084,199.88489768993,0.0001212745569253,52.679170053457,1.0,0.0,0.0,0.0,4.0893724999298,0.0,1.0,0.0,1.0,0.0,1.0,0.0,1.0,0.0,1.0,0.0,1.0,0.0,1.0,0.0,1.0,0.0,1.0,0.0,1.0,0.0,0.0,1.0,0.0,1.0,2.42521,-1.0,0.0,0.0,0.0,0.0,1.594011781272,2.0,-5.1128374928395,-20.019678503482,-4.1471122802423,-20.059005225153,-5.3783565697706,-20.366289418274,-6.8572927515629,-22.453767489833,,30.313673000828,,3.8503899002362,,1.0,,0.0,,0.0,,0.0
7.47,0,0.82302396200553,1.1856846843586,-0.00015474011826369,199.41754840499,-3.5744782281041e-05,53.173445327646,1.0,0.0,0.0,0.0,4.0993724999294,0.0,1.0,0.0,1.0,0.0,1.0,0.0,1.0,0.0,1.0,0.0,1.0,0.0,1.0,0.0,1.0,0.0,1.0,0.0,1.0,0.0,0.0,1.0,0.0,1.0,2.42521,-1.0,0.0,0.0,0.0,0.0,1.594011781272,2.0,-6.4398803167858,-21.814968105082,-3.8714782825261,-19.67541737494,-6.6987150781056,-22.195549790864,-6.5108041021657,-22.418307333625,,31.546536770578,,4.0069861070794,,1.0,,0.0,,0.0,,0.0
7.48,0,0.85533006426581,1.1769516116042,-0.0005187641199074,198.80466286366,-6.8349649935853e-05,53.73465528794,1.0,0.0,0.0,0.0,4.109372499929,0.0,1.0,0.0,1.0,0.0,1.0,0.0,1.0,0.0,1.0,0.0,1.0,0.0,1.0,0.0,1.0,0.0,1.0,0.0,1.0,0.0,0.0,1.0,0.0,1.0,2.42521,-1.0,0.0,0.0,0.0,0.0,1.594011781272,2.0,-7.7121511981433,-23.279542270436,-3.6569585105018,-19.358320412529,-7.9601541701479,-23.685942536388,-6.1916641097686,-22.452780738312,,32.636177041254,,4.1453903147447,,1.0,,0.0,,0.0,,0.0
7.49,0,0.89128467521594,1.1670569093836,-0.00027367415803357,198.4461399467,0.0001560238812646,54.360106396552,1.0,0.0,0.0,0.0,4.1193724999286,0.0,1.0,0.0,1.0,0.0,1.0,0.0,1.0,0.0,1.0,0.0,1.0,0.0,1.0,0.0,1.0,0.0,1.0,0.0,1.0,0.0,0.0,1.0,0.0,1.0,2.42521,-1.0,0.0,0.0,0.0,0.0,1.594011781272,2.0,-8.9118950253009,-24.490254747908,-3.5125835601066,-19.046023301767,-9.147083837867,-24.926545953894,-5.9107374323717,-22.483856719593,,33.568265901841,,4.263782616952,,1.0,,0.0,,0.0,,0.0
7.5,0,0.92866717902566,1.1565842942157,-0.00041651050926499,198.07664694002,-0.00019793882778133,54.772983398239,0.0,0.0,0.0,0.0,4.1217599999285,0.0,0.0,0.0,0.0,0.0,1.0,0.0,1.0,0.0,1.0,0.0,1.0,0.0,1.0,0.0,1.0,0.0,1.0,0.0,1.0,0.0,0.0,1.0,0.0,1.0,2.42521,-1.0,0.0,0.0,0.0,0.0,1.594011781272,2.0,-9.983022805337,-25.382380418996,-3.4461596834567,-18.746664064193,-10.202631759201,-25.841851306899,-5.6711231077447,-22.496868035214,,34.262052279973,,4.3519061532588,,1.0,,0.0,,0.0,,0.0
7.51,0,0.96645703624965,1.1460167246391,-0.00055566222636819,197.74935570652,0.00017489626140217,55.322938976805,0.0,0.0,0.0,0.0,4.1217599999285,0.0,0.0,0.0,0.0,0.0,1.0,0.0,1.0,0.0,1.0,0.0,1.0,0.0,1.0,0.0,1.0,0.0,1.0,0.0,1.0,0.0,0.0,1.0,0.0,1.0,2.42521,-1.0,0.0,0.0,0.0,0.0,1.594011781272,2.0,-10.887286467766,-26.058897677087,-3.4844927956101,-18.510730449854,-11.087824510478,-26.512193053437,-5.5033907653732,-22.527208970724,,34.799112959729,,4.4201226645699,,1.0,,1.0,,1.0,,2.0
7.52,0,1.0050806474753,1.0693580072252,-0.00029133787449876,213.33629276251,-9.3474663973443e-05,53.29797749955,0.0,0.0,0.0,0.0,4.1217599999285,0.0,0.0,0.0,0.0,0.0,1.0,0.0,1.0,0.0,1.0,0.0,1.0,0.0,1.0,0.0,1.0,0.0,1.0,0.0,1.0,0.0,0.0,1.0,0.0,1.0,2.42521,-1.0,0.0,0.0,0.0,0.0,1.594011781272,2.0,-11.562949273658,-16.023155400271,-3.6181329262672,-11.409919735508,-11.74339219785,-16.079674910038,-5.3984475613808,-13.662564078614,,21.105551454264,,2.6807903534552,,1.0,,1.0,,1.0,,2.0
7.53,0,1.0425588981242,1.0445995695589,-0.00074091835877611,185.23097372636,-2.2558591649088e-05,65.270824337295,0.0,0.0,0.0,0.0,4.1217599999285,0.0,0.0,0.0,0.0,0.0,1.0,0.0,1.0,0.0,1.0,0.0,1.0,0.0,1.0,0.0,1.0,0.0,1.0,0.0,1.0,0.0,0.0,1.0,0.0,1.0,2.42521,-1.0,0.0,0.0,0.0,0.0,1.594011781272,2.0,-11.946838130129,-9.7183413647024,-3.8807731928284,-7.0329492214549,-12.103954995204,-9.7523761779292,-5.3959141763497,-8.285346179695,,12.799911017289,,1.6258223839633,,1.0,,1.0,,1.0,,2.0
7.54,0,1.0768701197215,1.0494964875406,-0.00037324871517931,186.80767366033,0.00013954737182561,58.144756986042,0.0,0.0,0.0,0.0,4.1217599999285,0.0,0.0,0.0,0.0,0.0,1.0,0.0,1.0,0.0,1.0,0.0,1.0,0.0,1.0,0.0,1.0,0.0,1.0,0.0,1.0,0.0,0.0,1.0,0.0,1.0,2.42521,-1.0,0.0,0.0,0.0,0.0,1.594011781272,2.0,-11.99285851661,-5.8941523228124,-4.2547580490693,-4.3775324028678,-12.127264038975,-5.9145712786777,-5.4870421079145,-5.0238746667234,,7.7621905424032,,0.98593991125267,,0.0,,1.0,,1.0,,2.0
7.55,0,1.1058311519115,1.0418684409743,-0.00067016878005158,192.68573707671,-0.00021760558366708,56.642491917633,0.0,0.0,0.0,0.0,4.1217599999285,0.0,0.0,0.0,0.0,0.0,1.0,0.0,1.0,0.0,1.0,0.0,1.0,0.0,1.0,0.0,1.0,0.0,1.0,0.0,1.0,0.0,0.0,1.0,0.0,1.0,2.42521,-1.0,0.0,0.0,0.0,0.0,1.594011781272,2.0,-11.633599714011,-3.5743770650306,-4.7516977686659,-2.7660085648571,-11.744657749276,-3.5867184401584,-5.6942182508256,-3.0456830141848,,4.7065715923853,,0.597820518931,,0.0,,1.0,,1.0,,2.0
7.56,0,1.1286873073396,1.0368865221002,-0.00064912196571553,196.30679320963,0.00023437251972677,56.090171136728,0.0,0.0,0.0,0.0,4.1217599999285,0.0,0.0,0.0,0.0,0.0,1.0,0.0,1.0,0.0,1.0,0.0,1.0,0.0,1.0,0.0,1.0,0.0,1.0,0.0,1.0,0.0,0.0,1.0,0.0,1.0,2.42521,-1.0,0.0,0.0,0.0,0.0,1.594011781272,2.0,-10.872288017778,-2.1672841244406,-5.3509578292186,-1.7878552433112,-10.96265743606,-2.1746921337865,-6.0137815506226,-1.8458520257784,,2.8531614856226,,0.36240359812829,,0.0,,1.0,,1.0,,2.0
7.57,0,1.1447691722309,1.0316849038708,-0.00047475600597566,195.10611154099,-0.00018470713194993,52.55571121378,0.0,0.0,0.0,0.0,4.1217599999285,0.0,0.0,0.0,0.0,0.0,1.0,0.0,1.0,0.0,1.0,0.0,1.0,0.0,1.0,0.0,1.0,0.0,1.0,0.0,1.0,0.0,0.0,1.0,0.0,1.0,2.42521,-1.0,0.0,0.0,0.0,0.0,1.594011781272,2.0,-9.6893386597499,-1.3137235395404,-6.0199657328277,-1.194012691191,-9.7619890822644,-1.3181380943377,-6.4277518119837,-1.1181318157293,,1.7756540937951,,0.22554048758377,,0.0,,1.0,,1.0,,2.0
7.58,0,1.1526960901107,1.0269193064009,-0.00086573401351203,195.88739088738,8.0718727390277e-05,51.205719689833,0.0,0.0,0.0,0.0,4.1217599999285,0.0,0.0,0.0,0.0,0.0,1.0,0.0,1.0,0.0,1.0,0.0,1.0,0.0,1.0,0.0,1.0,0.0,1.0,0.0,1.0,0.0,0.0,1.0,0.0,1.0,2.42521,-1.0,0.0,0.0,0.0,0.0,1.594011781272,2.0,-8.1477621783447,-0.79583743834496,-6.7429994517023,-0.83329431036662,-8.2074842723392,-0.79849497513488,-6.9389791715337,-0.67677454103112,,1.1525130312055,,0.14639019610468,,0.0,,1.0,,1.0,,2.0
7.59,0,1.1521182315363,1.0227508726342,-0.00040524734359398,196.4812388818,4.3695019264497e-05,48.728117636586,0.0,0.0,0.0,0.0,4.1217599999285,0.0,0.0,0.0,0.0,0.0,1.0,0.0,1.0,0.0,1.0,0.0,1.0,0.0,1.0,0.0,1.0,0.0,1.0,0.0,1.0,0.0,0.0,1.0,0.0,1.0,2.42521,-1.0,0.0,0.0,0.0,0.0,1.594011781272,2.0,-6.3117910157892,-0.48166103867663,-7.4523072998239,-0.61406185865965,-6.3641825868021,-0.48319567219902,-7.4922184004518,-0.40911806328452,,0.78057031701724,,0.09914668093785,,0.0,,1.0,,1.0,,2.0
7.6,0,1.1430924769684,1.0189227945511,-0.00081007681424405,196.50162950097,-0.00015374002824379,47.458184961646,0.0,0.0,0.0,0.0,4.1217599999285,0.0,0.0,0.0,0.0,0.0,1.0,0.0,1.0,0.0,1.0,0.0,1.0,0.0,1.0,0.0,1.0,0.0,1.0,0.0,1.0,0.0,0.0,1.0,0.0,1.0,2.42521,-1.0,0.0,0.0,0.0,0.0,1.594011781272,2.0,-4.2844340449083,-0.29091889907722,-8.1364988856242,-0.48073216044408,-4.3352877551306,-0.29183786661494,-8.0878085136776,-0.24682901934013,,0.56198704255546,,0.071382614461141,,0.0,,1.0,,1.0,,2.0
7.61,0,1.1261525547256,1.0166592091542,-0.0005399943367798,197.34539076114,0.00021910215927162,45.679569692375,0.0,0.0,0.0,0.0,4.1217599999285,0.0,0.0,0.0,0.0,0.0,1.0,0.0,1.0,0.0,1.0,0.0,1.0,0.0,1.0,0.0,1.0,0.0,1.0,0.0,1.0,0.0,0.0,1.0,0.0,1.0,2.42521,-1.0,0.0,0.0,0.0,0.0,1.594011781272,2.0,-2.1977527123219,-0.17511147659792,-8.7291324930734,-0.39961703642366,-2.2532467128995,-0.17565514407127,-8.6624777018488,-0.148463230724,,0.43634673097035,,0.05542400110615,,0.0,,1.0,,1.0,,2.0
7.62,0,1.1021734021974,1.0156761102461,-0.0005433982242731,197.38041923477,-0.00021943455634574,44.193128700353,0.0,0.0,0.0,0.0,4.1217599999285,0.0,0.0,0.0,0.0,0.0,1.0,0.0,1.0,0.0,1.0,0.0,1.0,0.0,1.0,0.0,1.0,0.0,1.0,0.0,1.0,0.0,0.0,1.0,0.0,1.0,2.42521,-1.0,0.0,0.0,0.0,0.0,1.594011781272,2.0,-0.15083331288543,-0.10476124434789,-9.2203529664874,-0.35036298482198,-0.21560279185669,-0.1050694114663,-9.206184879995,-0.088881639847123,,0.36571596918297,,0.046452604871035,,0.0,,1.0,,1.0,,2.0
7.63,0,1.0726355853782,1.0149000210629,-0.00070738260026767,197.81993081164,0.00015932491491831,42.899422379883,0.0,0.0,0.0,0.0,4.1217599999285,0.0,0.0,0.0,0.0,0.0,1.0,0.0,1.0,0.0,1.0,0.0,1.0,0.0,1.0,0.0,1.0,0.0,1.0,0.0,1.0,0.0,0.0,1.0,0.0,1.0,2.42521,-1.0,0.0,0.0,0.0,0.0,1.594011781272,2.0,1.7204642474065,-0.061932848389635,-9.5799500491924,-0.3203905461176,1.6414217952702,-0.062146491265351,-9.6808461626773,-0.052839082964649,,0.32633603272384,,0.041450633991095,,0.0,,1.0,,1.0,,2.0
7.64,0,1.0387547417172,1.0143461977951,-0.00032526420590021,197.96735392989,-5.78504954972e-05,41.23074989341,0.0,0.0,0.0,0.0,4.1217599999285,0.0,0.0,0.0,0.0,0.0,1.0,0.0,1.0,0.0,1.0,0.0,1.0,0.0,1.0,0.0,1.0,0.0,1.0,0.0,1.0,0.0,0.0,1.0,0.0,1.0,2.42521,-1.0,0.0,0.0,0.0,0.0,1.594011781272,2.0,3.3571658035356,-0.035900571130892,-9.7985009201239,-0.30222244980908,3.2619511656726,-0.036006676225668,-10.066466182447,-0.031088865053212,,0.30435543171293,,0.038658696368385,,0.0,,1.0,,1.0,,2.0
7.65,0,1.0024943317025,1.0140878920552,-0.00068592485573553,198.11062041104,-5.5203984199599e-05,39.97105461892,0.0,0.0,0.0,0.0,4.1217599999285,0.0,0.0,0.0,0.0,0.0,1.0,0.0,1.0,0.0,1.0,0.0,1.0,0.0,1.0,0.0,1.0,0.0,1.0,0.0,1.0,0.0,0.0,1.0,0.0,1.0,2.42521,-1.0,0.0,0.0,0.0,0.0,1.594011781272,2.0,4.6807340777867,-0.019958644974565,-9.889651116001,-0.2912915172456,4.5663806584358,-0.020055508108397,-10.363294916937,-0.018020791514813,,0.29197905794331,,0.037086670947289,,0.0,,1.0,,1.0,,2.0
7.66,0,0.96571229731283,1.0140192898954,-0.00032796272070312,198.37388758381,0.00014317710836028,38.499791324233,0.0,0.0,0.0,0.0,4.1217599999285,0.0,0.0,0.0,0.0,0.0,1.0,0.0,1.0,0.0,1.0,0.0,1.0,0.0,1.0,0.0,1.0,0.0,1.0,0.0,1.0,0.0,0.0,1.0,0.0,1.0,2.42521,-1.0,0.0,0.0,0.0,0.0,1.594011781272,2.0,5.6774833985241,-0.010223665879166,-9.8470190780451,-0.28473772532738,5.5445750411634,-0.010295967657222,-10.549676966094,-0.010234229586237,,0.28492380974285,,0.036190525619932,,0.0,,1.0,,1.0,,2.0
7.67,0,0.92903048997997,1.0142032210169,-0.00045545113359329,198.43870613724,-0.00018291419571034,37.081354686909,0.0,0.0,0.0,0.0,4.1217599999285,0.0,0.0,0.0,0.0,0.0,1.0,0.0,1.0,0.0,1.0,0.0,1.0,0.0,1.0,0.0,1.0,0.0,1.0,0.0,1.0,0.0,0.0,1.0,0.0,1.0,2.42521,-1.0,0.0,0.0,0.0,0.0,1.594011781272,2.0,6.3447754271289,-0.0042451598256259,-9.708449435072,-0.28100437532216,6.1926651179663,-0.0043030807064763,-10.652004936566,-0.005663638165878,,0.28103787968685,,0.035696941558369,,0.0,,1.0,,1.0,,2.0
7.68,0,0.89463105242122,1.0146331191867,-0.00046377658760954,198.6109012528,0.00016449652158889,35.745403100867,1.0,0.0,0.0,0.0,4.1233674999285,0.0,1.0,0.0,1.0,0.0,1.0,0.0,1.0,0.0,1.0,0.0,1.0,0.0,1.0,0.0,1.0,0.0,1.0,0.0,1.0,0.0,0.0,1.0,0.0,1.0,2.42521,-1.0,0.0,0.0,0.0,0.0,1.594011781272,2.0,6.6970024361201,-0.00052124526139988,-9.4758295243235,-0.27894764771533,6.527196957693,-0.00061274001930941,-10.658060595451,-0.0030558354910562,,0.2789488063199,,0.035431591101078,,0.0,,1.0,,1.0,,2.0
7.69,0,0.86177199291535,1.0152685590591,-0.00022144612151137,198.75307061095,-9.456725511583e-05,34.271241660795,1.0,0.0,0.0,0.0,4.1333674999281,0.0,1.0,0.0,1.0,0.0,1.0,0.0,1.0,0.0,1.0,0.0,1.0,0.0,1.0,0.0,1.0,0.0,1.0,0.0,1.0,0.0,0.0,1.0,0.0,1.0,2.42521,-1.0,0.0,0.0,0.0,0.0,1.594011781272,2.0,6.7817928141273,0.0017303168199838,-9.1847518226748,-0.27802201507487,6.5959553868159,0.0016643577558517,-10.597368701562,-0.0016501088260124,,0.27802768254569,,0.035314591565027,,0.0,,1.0,,1.0,,2.0
7.7,0,0.83094677495585,1.0162251514744,-0.00050479560432936,198.81748944668,3.077038723247e-07,32.86175622976,1.0,0.0,0.0,0.0,4.1433674999277,0.0,1.0,0.0,1.0,0.0,1.0,0.0,1.0,0.0,1.0,0.0,1.0,0.0,1.0,0.0,1.0,0.0,1.0,0.0,1.0,0.0,0.0,1.0,0.0,1.0,2.42521,-1.0,0.0,0.0,0.0,0.0,1.594011781272,2.0,6.6245997178771,0.0031704508784435,-8.8484383079828,-0.27784310487583,6.4236253104646,0.0030637816056851,-10.473984824787,-0.00098082431858397,,0.27786112433709,,0.035293435631723,,0.0,,1.0,,1.0,,2.0
7.71,0,0.80385529873911,1.0173840273104,-0.00018324629463932,198.96608930805,8.8975615183731e-05,31.434272247074,1.0,0.0,0.0,0.0,4.1533674999273,0.0,1.0,0.0,1.0,0.0,1.0,0.0,1.0,0.0,1.0,0.0,1.0,0.0,1.0,0.0,1.0,0.0,1.0,0.0,1.0,0.0,0.0,1.0,0.0,1.0,2.42521,-1.0,0.0,0.0,0.0,0.0,1.594011781272,2.0,6.2879910723699,0.0040138909945641,-8.4862410663598,-0.27810538907886,6.0751134972435,0.003906855435911,-10.304928667341,-0.00076536975175215,,0.27813410918077,,0.035328109690687,,0.0,,1.0,,1.0,,2.0
7.72,0,0.78155433593197,1.0186951597204,-0.00035956753103473,199.05014485459,-0.0001454223221484,29.883040588302,1.0,0.0,0.0,0.0,4.163367499927,0.0,1.0,0.0,1.0,0.0,1.0,0.0,1.0,0.0,1.0,0.0,1.0,0.0,1.0,0.0,1.0,0.0,1.0,0.0,1.0,0.0,0.0,1.0,0.0,1.0,2.42521,-1.0,0.0,0.0,0.0,0.0,1.594011781272,2.0,5.805569313841,0.0045035294030517,-8.1160962784062,-0.27877705230641,5.5808756159275,0.0043901514267695,-10.106120235726,-0.00082803116702103,,0.27881305427024,,0.03541434811238,,0.0,,1.0,,1.0,,2.0
7.73,0,0.76422339777228,1.0202824255158,-0.00031711209494154,199.09564570802,0.00015034213503184,28.440215264895,1.0,0.0,0.0,0.0,4.1733674999266,0.0,1.0,0.0,1.0,0.0,1.0,0.0,1.0,0.0,1.0,0.0,1.0,0.0,1.0,0.0,1.0,0.0,1.0,0.0,1.0,0.0,0.0,1.0,0.0,1.0,2.42521,-1.0,0.0,0.0,0.0,0.0,1.594011781272,2.0,5.2226816195445,0.004777578670313,-7.7411573075548,-0.27963504274836,4.9894052486982,0.0046271388654485,-9.8794215629131,-0.0010583711412766,,0.27967533133423,,0.035523873041882,,0.0,,1.0,,1.0,,2.0
7.74,0,0.75030585832392,1.0220027721713,-0.00016700245779595,199.23611295094,-0.00010581348600784,26.836074536624,1.0,0.0,0.0,0.0,4.1833674999262,0.0,1.0,0.0,1.0,0.0,1.0,0.0,1.0,0.0,1.0,0.0,1.0,0.0,1.0,0.0,1.0,0.0,1.0,0.0,1.0,0.0,0.0,1.0,0.0,1.0,2.42521,-1.0,0.0,0.0,0.0,0.0,1.594011781272,2.0,4.5702587858151,0.0048162771016772,-7.3795097955072,-0.28069277615369,4.3288615622396,0.004688591928435,-9.6461510747034,-0.0013872725445877,,0.28073356565935,,0.035658288121092,,0.0,,1.0,,1.0,,2.0
7.75,0,0.7397548638256,1.0237962925285,-0.0004147227989603,199.20664214247,2.634126293438e-05,25.218737674368,1.0,0.0,0.0,0.0,4.1933674999258,0.0,1.0,0.0,1.0,0.0,1.0,0.0,1.0,0.0,1.0,0.0,1.0,0.0,1.0,0.0,1.0,0.0,1.0,0.0,1.0,0.0,0.0,1.0,0.0,1.0,2.42521,-1.0,0.0,0.0,0.0,0.0,1.594011781272,2.0,3.8702126766187,0.0047832279000476,-7.0275877278711,-0.28187625315688,3.622333896936,0.0046164554811767,-9.4010828510693,-0.0017661993171013,,0.28191620403753,,0.035808504786252,,0.0,,1.0,,1.0,,2.0
7.76,0,0.73222236462236,1.0257516523629,-0.00012563206279894,199.31084417061,6.1047916652387e-05,23.645891679044,1.0,0.0,0.0,0.0,4.2033674999255,0.0,1.0,0.0,1.0,0.0,1.0,0.0,1.0,0.0,1.0,0.0,1.0,0.0,1.0,0.0,1.0,0.0,1.0,0.0,1.0,0.0,0.0,1.0,0.0,1.0,2.42521,-1.0,0.0,0.0,0.0,0.0,1.594011781272,2.0,3.1496513510672,0.0045907119733377,-6.6967877809026,-0.28308503864983,2.897032419395,0.004434409999253,-9.1606520725829,-0.0021626932540975,,0.28312163519802,,0.03596161655089,,0.0,,1.0,,1.0,,2.0
7.77,0,0.7272650910676,1.0277076800568,-0.00033466348917476,199.32346692163,-0.00012557981184299,21.848175155204,1.0,0.0,0.0,0.0,4.2133674999251,0.0,1.0,0.0,1.0,0.0,1.0,0.0,1.0,0.0,1.0,0.0,1.0,0.0,1.0,0.0,1.0,0.0,1.0,0.0,1.0,0.0,0.0,1.0,0.0,1.0,2.42521,-1.0,0.0,0.0,0.0,0.0,1.594011781272,2.0,2.4142687355746,0.0043193679277221,-6.3831984372404,-0.28438370683619,2.1566327877603,0.0041615319410317,-8.920653573799,-0.0025521965062718,,0.28441588601193,,0.036126010033069,,0.0,,1.0,,1.0,,2.0
7.78,0,0.72466076955998,1.029638434217,-0.00026127157592184,199.29052156562,0.00014761159307184,20.216727495437,1.0,0.0,0.0,0.0,4.2233674999247,0.0,1.0,0.0,1.0,0.0,1.0,0.0,1.0,0.0,1.0,0.0,1.0,0.0,1.0,0.0,1.0,0.0,1.0,0.0,1.0,0.0,0.0,1.0,0.0,1.0,2.42521,-1.0,0.0,0.0,0.0,0.0,1.594011781272,2.0,1.6820710006846,0.0039866074285571,-6.0899236439031,-0.28561030014279,1.4219582241493,0.0038078735892982,-8.6870606819443,-0.0029135686808598,,0.28563748096088,,0.036281174893939,,0.0,,1.0,,1.0,,2.0
7.79,0,0.72408596687095,1.0315755049952,-0.00016552036705797,199.37987280859,-0.00011855460773964,18.386798325094,1.0,0.0,0.0,0.0,4.2333674999243,0.0,1.0,0.0,1.0,0.0,1.0,0.0,1.0,0.0,1.0,0.0,1.0,0.0,1.0,0.0,1.0,0.0,1.0,0.0,1.0,0.0,0.0,1.0,0.0,1.0,2.42521,-1.0,0.0,0.0,0.0,0.0,1.594011781272,2.0,0.95251294548372,0.00352910840264,-5.8162981484792,-0.28682192963634,0.68901709256952,0.0033844465600292,-8.4618016698638,-0.0032315460772575,,0.28684309445366,,0.036434309818105,,0.0,,1.0,,1.0,,2.0
7.8,0,0.72542794070941,1.0333086981886,-0.0003951770894253,199.25237048044,4.7962980105763e-05,16.578187914592,1.0,0.0,0.0,0.0,4.2433674999239,0.0,1.0,0.0,1.0,0.0,1.0,0.0,1.0,0.0,1.0,0.0,1.0,0.0,1.0,0.0,1.0,0.0,1.0,0.0,1.0,0.0,0.0,1.0,0.0,1.0,2.42521,-1.0,0.0,0.0,0.0,0.0,1.594011781272,2.0,0.23217674994626,0.003072437633981,-5.5581032561323,-0.28794462327706,-0.032902105442644,0.0029022151444829,-8.2400086404306,-0.0034908119889861,,0.28796045992199,,0.036576235632045,,0.0,,1.0,,1.0,,2.0
7.81,0,0.72856780838522,1.0349449015516,-0.00011316925968127,199.30946245289,3.8899042437953e-05,14.807311034013,1.0,0.0,0.0,0.0,4.2533674999236,0.0,1.0,0.0,1.0,0.0,1.0,0.0,1.0,0.0,1.0,0.0,1.0,0.0,1.0,0.0,1.0,0.0,1.0,0.0,1.0,0.0,0.0,1.0,0.0,1.0,2.42521,-1.0,0.0,0.0,0.0,0.0,1.594011781272,2.0,-0.47974981651617,0.0025114026466445,-5.3188532219599,-0.28890998012124,-0.74622155391132,0.0023704991070778,-8.0295726300361,-0.0036788476934508,,0.28892045040025,,0.036698171949089,,0.0,,1.0,,1.0,,2.0
7.82,0,0.7333565675671,1.0364081202561,-0.00035809774332434,199.23310397452,-0.00011438690635139,12.842823149631,1.0,0.0,0.0,0.0,4.2633674999232,0.0,1.0,0.0,1.0,0.0,1.0,0.0,1.0,0.0,1.0,0.0,1.0,0.0,1.0,0.0,1.0,0.0,1.0,0.0,1.0,0.0,0.0,1.0,0.0,1.0,2.42521,-1.0,0.0,0.0,0.0,0.0,1.594011781272,2.0,-1.1859148784367,0.0019364309640229,-5.0897860161331,-0.2897811938578,-1.4537824200497,0.0018036473513326,-7.8195951518245,-0.0037863221493014,,0.28978729669186,,0.036808277253919,,0.0,,1.0,,1.0,,2.0
7.83,0,0.73955469751934,1.0377544033401,-0.00024807690899482,199.14967123314,0.00015107705932586,11.096906019528,1.0,0.0,0.0,0.0,4.2733674999228,0.0,1.0,0.0,1.0,0.0,1.0,0.0,1.0,0.0,1.0,0.0,1.0,0.0,1.0,0.0,1.0,0.0,1.0,0.0,1.0,0.0,0.0,1.0,0.0,1.0,2.42521,-1.0,0.0,0.0,0.0,0.0,1.594011781272,2.0,-1.8856415870206,0.0013487245677112,-4.8765685402487,-0.29041192921139,-2.1531774816797,0.0012145655729123,-7.6187570749086,-0.0038036301090021,,0.29041475664633,,0.036887976123516,,0.0,,1.0,,1.0,,2.0
7.84,0,0.74737535426779,1.0388348894429,-0.00019774559187705,199.16976095101,-0.00013527981099295,9.1380421083656,1.0,0.0,0.0,0.0,4.2833674999224,0.0,1.0,0.0,1.0,0.0,1.0,0.0,1.0,0.0,1.0,0.0,1.0,0.0,1.0,0.0,1.0,0.0,1.0,0.0,1.0,0.0,0.0,1.0,0.0,1.0,2.42521,-1.0,0.0,0.0,0.0,0.0,1.594011781272,2.0,-2.5872513627381,0.00070875280627517,-4.6707441595542,-0.29088403745251,-2.855617993627,0.00061883162458766,-7.4180520268297,-0.0037261970410755,,0.29088475596205,,0.036947674617271,,0.0,,1.0,,1.0,,2.0
7.85,0,0.75674848779874,1.0396611595564,-0.00041407338894728,198.99007845617,7.2696475151226e-05,7.2846231036419,1.0,0.0,0.0,0.0,4.293367499922,0.0,1.0,0.0,1.0,0.0,1.0,0.0,1.0,0.0,1.0,0.0,1.0,0.0,1.0,0.0,1.0,0.0,1.0,0.0,1.0,0.0,0.0,1.0,0.0,1.0,2.42521,-1.0,0.0,0.0,0.0,0.0,1.594011781272,2.0,-3.2889178994601,0.00013830256216167,-4.475897162084,-0.29113086128174,-3.5560287006132,3.4050005197393e-05,-7.2203507619068,-0.0035512115412949,,0.29113079988549,,0.036978926687512,,0.0,,1.0,,1.0,,2.0
7.86,0,0.76759001384626,1.0402065998967,-0.00012682793978497,199.01849192139,1.8308787951059e-05,5.4708506717763,1.0,0.0,0.0,0.0,4.3033674999217,0.0,1.0,0.0,1.0,0.0,1.0,0.0,1.0,0.0,1.0,0.0,1.0,0.0,1.0,0.0,1.0,0.0,1.0,0.0,1.0,0.0,0.0,1.0,0.0,1.0,2.42521,-1.0,0.0,0.0,0.0,0.0,1.594011781272,2.0,-4.0002107746383,-0.00046086749445119,-4.2896875133296,-0.29112968480091,-4.2666130183662,-0.00052346316667674,-7.0252289118558,-0.0032782291264575,,0.29113011147069,,0.036978839246263,,0.0,,1.0,,1.0,,2.0
7.87,0,0.78017431990116,1.0405658818666,-0.00041472554445525,198.88931801622,-0.00010557777474029,3.5254864492884,1.0,0.0,0.0,0.0,4.3133674999213,0.0,1.0,0.0,1.0,0.0,1.0,0.0,1.0,0.0,1.0,0.0,1.0,0.0,1.0,0.0,1.0,0.0,1.0,0.0,1.0,0.0,0.0,1.0,0.0,1.0,2.42521,-1.0,0.0,0.0,0.0,0.0,1.594011781272,2.0,-4.7195466385271,-0.00098264434571937,-4.1093203159414,-0.29095904951812,-4.9842960060325,-0.0010351734771877,-6.8262887635521,-0.0029124596586388,,0.29096086572195,,0.036957341946296,,0.0,,1.0,,1.0,,2.0
7.88,0,0.79450253910334,1.0406661342008,-0.00026224945553801,198.80652534469,0.00015831945098063,1.8222932325548,1.0,0.0,0.0,0.0,4.3233674999209,0.0,1.0,0.0,1.0,0.0,1.0,0.0,1.0,0.0,1.0,0.0,1.0,0.0,1.0,0.0,1.0,0.0,1.0,0.0,1.0,0.0,0.0,1.0,0.0,1.0,2.42521,-1.0,0.0,0.0,0.0,0.0,1.594011781272,2.0,-5.4526621832966,-0.0014393474046646,-3.9421808216658,-0.29051314078409,-5.7145149287502,-0.0014841073503383,-6.6329617679445,-0.00246008643198,,0.2905169444104,,0.036900955835169,,0.0,,1.0,,1.0,,2.0
7.89,0,0.81061505143895,1.0405674565765,-0.00026052845220127,198.80760654851,-0.00015830459441507,-0.05914879733845,1.0,0.0,0.0,0.0,4.3333674999205,0.0,1.0,0.0,1.0,0.0,1.0,0.0,1.0,0.0,1.0,0.0,1.0,0.0,1.0,0.0,1.0,0.0,1.0,0.0,1.0,0.0,0.0,1.0,0.0,1.0,2.42521,-1.0,0.0,0.0,0.0,0.0,1.594011781272,2.0,-6.1998345026912,-0.0018510590183822,-3.7798636921953,-0.28991794765092,-6.4591430709408,-0.0018545360763129,-6.4334619547142,-0.0019320348444333,,0.28992423872495,,0.036825671392238,,0.0,,1.0,,1.0,,2.0
7.9,0,0.82852290556607,1.0401594433188,-0.00046912465953339,198.63827420505,0.00010132006576571,-1.7759371829187,1.0,0.0,0.0,0.0,4.3433674999202,0.0,1.0,0.0,1.0,0.0,1.0,0.0,1.0,0.0,1.0,0.0,1.0,0.0,1.0,0.0,1.0,0.0,1.0,0.0,1.0,0.0,0.0,1.0,0.0,1.0,2.42521,-1.0,0.0,0.0,0.0,0.0,1.594011781272,2.0,-6.9571054624936,-0.0021130562499918,-3.6358314799209,-0.28912886812821,-7.2113477477095,-0.0021318547141954,-6.2405391952992,-0.0013429533461686,,0.28913699239538,,0.036725676735823,,0.0,,1.0,,1.0,,2.0
7.91,0,0.84841553133447,1.0396323756954,-0.00017078472873213,198.68947410626,-6.2277345255042e-06,-3.4569087933791,1.0,0.0,0.0,0.0,4.3533674999198,0.0,1.0,0.0,1.0,0.0,1.0,0.0,1.0,0.0,1.0,0.0,1.0,0.0,1.0,0.0,1.0,0.0,1.0,0.0,1.0,0.0,0.0,1.0,0.0,1.0,2.42521,-1.0,0.0,0.0,0.0,0.0,1.594011781272,2.0,-7.7268066638804,-0.0023249764375179,-3.5039741513894,-0.28817987230528,-7.9762804663413,-0.0023045884415861,-6.0470458554368,-0.00070828833164676,,0.28818976481284,,0.036605361539544,,0.0,,1.0,,1.0,,2.0
7.92,0,0.87044270823368,1.0389816378147,-0.00051765376288579,198.57581489996,-9.5404834028467e-05,-5.2044739095494,1.0,0.0,0.0,0.0,4.3633674999194,0.0,1.0,0.0,1.0,0.0,1.0,0.0,1.0,0.0,1.0,0.0,1.0,0.0,1.0,0.0,1.0,0.0,1.0,0.0,1.0,0.0,0.0,1.0,0.0,1.0,2.42521,-1.0,0.0,0.0,0.0,0.0,1.594011781272,2.0,-8.4931015927027,-0.0023829973980258,-3.3948931815094,-0.28716468990514,-8.7354433146443,-0.0023643931173376,-5.8595177596038,-4.8214786783434e-05,,0.28717511381546,,0.036476482338648,,0.0,,1.0,,1.0,,2.0
7.93,0,0.89351923483731,1.0381924272979,-0.00030785450281431,198.54683455029,0.00016976908902953,-6.7153145326346,1.0,0.0,0.0,0.0,4.373367499919,0.0,1.0,0.0,1.0,0.0,1.0,0.0,1.0,0.0,1.0,0.0,1.0,0.0,1.0,0.0,1.0,0.0,1.0,0.0,1.0,0.0,0.0,1.0,0.0,1.0,2.42521,-1.0,0.0,0.0,0.0,0.0,1.594011781272,2.0,-9.2534496219241,-0.0023281447857049,-3.3166055619273,-0.28602005831901,-9.4873954005206,-0.0023059897933899,-5.6863497583054,0.00061671846528657,,0.28603009111497,,0.036331043551293,,0.0,,1.0,,1.0,,2.0
7.94,0,0.91673893099671,1.0373692920216,-0.00037089373942346,198.57562344927,-0.00018748512046664,-8.3857155332442,0.0,0.0,0.0,0.0,4.3761199999189,0.0,0.0,0.0,0.0,0.0,1.0,0.0,1.0,0.0,1.0,0.0,1.0,0.0,1.0,0.0,1.0,0.0,1.0,0.0,1.0,0.0,0.0,1.0,0.0,1.0,2.42521,-1.0,0.0,0.0,0.0,0.0,1.594011781272,2.0,-9.9797890064629,-0.0021765859881399,-3.271159162002,-0.28489620039338,-10.203992937146,-0.0021284576286532,-5.5246430629741,0.0012653522558938,,0.28490511484908,,0.036188151027115,,0.0,,1.0,,1.0,,2.0
7.95,0,0.94055655827963,1.0364601224231,-0.0005589430875684,198.46479951652,0.00014185682859699,-9.8637736431094,0.0,0.0,0.0,0.0,4.3761199999189,0.0,0.0,0.0,0.0,0.0,1.0,0.0,1.0,0.0,1.0,0.0,1.0,0.0,1.0,0.0,1.0,0.0,1.0,0.0,1.0,0.0,0.0,1.0,0.0,1.0,2.42521,-1.0,0.0,0.0,0.0,0.0,1.594011781272,2.0,-10.654332998256,-0.0018579989855701,-3.2797624580952,-0.28375452791644,-10.866015777383,-0.0018354419449035,-5.396226031041,0.0018743388274268,,0.28376114196716,,0.036042845585886,,0.0,,1.0,,1.0,,2.0
7.96,0,0.96529466553508,1.0355234503641,-0.00025192722237261,198.56773341238,-4.6314555943566e-05,-11.327087374521,0.0,0.0,0.0,0.0,4.3761199999189,0.0,0.0,0.0,0.0,0.0,1.0,0.0,1.0,0.0,1.0,0.0,1.0,0.0,1.0,0.0,1.0,0.0,1.0,0.0,1.0,0.0,0.0,1.0,0.0,1.0,2.42521,-1.0,0.0,0.0,0.0,0.0,1.594011781272,2.0,-11.248662085911,-0.0014833669082357,-3.334786361375,-0.2826584040852,-11.447267334566,-0.0014334661242955,-5.2917455264869,0.0024232185028829,,0.28266284383818,,0.035903341672151,,0.0,,1.0,,1.0,,2.0
7.97,0,0.99098990745122,1.0346578762503,-0.00066592623436561,198.50065514847,-7.0591644238643e-05,-12.828534840807,0.0,0.0,0.0,0.0,4.3761199999189,0.0,0.0,0.0,0.0,0.0,1.0,0.0,1.0,0.0,1.0,0.0,1.0,0.0,1.0,0.0,1.0,0.0,1.0,0.0,1.0,0.0,0.0,1.0,0.0,1.0,2.42521,-1.0,0.0,0.0,0.0,0.0,1.594011781272,2.0,-11.721813143343,-0.00096674868398631,-3.4613988851158,-0.28168677655636,-11.904310021283,-0.00093491536871517,-5.2362005557584,0.0028915747043452,,0.28168889967378,,0.035779632982218,,0.0,,1.0,,1.0,,2.0
7.98,0,1.0165959897028,1.0337675010781,-0.00036831961919042,198.53459613803,0.00016839946385322,-14.113301303443,0.0,0.0,0.0,0.0,4.3761199999189,0.0,0.0,0.0,0.0,0.0,1.0,0.0,1.0,0.0,1.0,0.0,1.0,0.0,1.0,0.0,1.0,0.0,1.0,0.0,1.0,0.0,0.0,1.0,0.0,1.0,2.42521,-1.0,0.0,0.0,0.0,0.0,1.594011781272,2.0,-12.047883287717,-0.00038247367683865,-3.6560856565953,-0.28078382006709,-12.213714978829,-0.00035497233236139,-5.2290057875959,0.0032607685580795,,0.28078447199122,,0.035664754154623,,0.0,,1.0,,1.0,,2.0
7.99,0,1.0418676914768,1.0329212717181,-0.00054005367922672,198.60257380865,-0.00021610537323111,-15.563307851066,0.0,0.0,0.0,0.0,4.3761199999189,0.0,0.0,0.0,0.0,0.0,1.0,0.0,1.0,0.0,1.0,0.0,1.0,0.0,1.0,0.0,1.0,0.0,1.0,0.0,1.0,0.0,0.0,1.0,0.0,1.0,2.42521,-1.0,0.0,0.0,0.0,0.0,1.594011781272,2.0,-12.170245901747,0.00025056221320115,-3.9289856047423,-0.28008519262217,-12.317716297152,0.00028819462380561,-5.2815366911404,0.0035169772717852,,0.28008564308788,,0.035575990125555,,0.0,,1.0,,1.0,,2.0
8.0,0,1.0657782297982,1.0321482619715,-0.00064717762914597,198.54618157288,0.00019777988809881,-16.806699410328,0.0,0.0,0.0,0.0,4.3761199999189,0.0,0.0,0.0,0.0,0.0,1.0,0.0,1.0,0.0,1.0,0.0,1.0,0.0,1.0,0.0,1.0,0.0,1.0,0.0,1.0,0.0,0.0,1.0,0.0,1.0,2.42521,-1.0,0.0,0.0,0.0,0.0,1.594011781272,2.0,-12.067215627459,0.00096747016087161,-4.2883848260993,-0.27952773068051,-12.195799444517,0.00097128020975742,-5.4095451811616,0.0036477110013714,,0.27952960181556,,0.035505362732464,,0.0,,1.0,,1.0,,2.0
8.01,0,1.0872777690612,1.0314813390517,-0.00037362207834723,198.68428150752,-0.00011597212225833,-18.080532683709,0.0,0.0,0.0,0.0,4.3761199999189,0.0,0.0,0.0,0.0,0.0,1.0,0.0,1.0,0.0,1.0,0.0,1.0,0.0,1.0,0.0,1.0,0.0,1.0,0.0,1.0,0.0,0.0,1.0,0.0,1.0,2.42521,-1.0,0.0,0.0,0.0,0.0,1.594011781272,2.0,-11.69411989183,0.0016488301062625,-4.7178136036876,-0.27916351891657,-11.804324945914,0.0016716889112924,-5.6019497765356,0.0036459814656479,,0.27916853913496,,0.035459501180197,,0.0,,1.0,,1.0,,2.0
8.02,0,1.1056872281436,1.0308994433007,-0.00081656216705808,198.64114516214,-2.07563654893e-06,-19.381314963862,0.0,0.0,0.0,0.0,4.3761199999189,0.0,0.0,0.0,0.0,0.0,1.0,0.0,1.0,0.0,1.0,0.0,1.0,0.0,1.0,0.0,1.0,0.0,1.0,0.0,1.0,0.0,0.0,1.0,0.0,1.0,2.42521,-1.0,0.0,0.0,0.0,0.0,1.594011781272,2.0,-11.036402929626,0.0023679460448384,-5.2304026018222,-0.27902394969202,-11.128637870188,0.0023630215186976,-5.882346967951,0.003509858516091,,0.27903401427426,,0.035442414066902,,0.0,,1.0,,1.0,,2.0
8.03,0,1.1197712221346,1.0304290154368,-0.00040548824225579,198.71457744941,0.00012175806365755,-20.485507195334,0.0,0.0,0.0,0.0,4.3761199999189,0.0,0.0,0.0,0.0,0.0,1.0,0.0,1.0,0.0,1.0,0.0,1.0,0.0,1.0,0.0,1.0,0.0,1.0,0.0,1.0,0.0,0.0,1.0,0.0,1.0,2.42521,-1.0,0.0,0.0,0.0,0.0,1.594011781272,2.0,-10.093687140134,0.0030287115645576,-5.7895640310041,-0.27903296657547,-10.17062817009,0.0030185520170763,-6.2237919691534,0.0032405863307916,,0.2790493314718,,0.035444359630632,,0.0,,1.0,,1.0,,2.0
8.04,0,1.1291218458774,1.029941065053,-0.00072057620496969,198.78353336882,-0.00020781681996914,-21.763405727443,0.0,0.0,0.0,0.0,4.3761199999189,0.0,0.0,0.0,0.0,0.0,1.0,0.0,1.0,0.0,1.0,0.0,1.0,0.0,1.0,0.0,1.0,0.0,1.0,0.0,1.0,0.0,0.0,1.0,0.0,1.0,2.42521,-1.0,0.0,0.0,0.0,0.0,1.594011781272,2.0,-8.8687263848632,0.003621067198772,-6.3955662394655,-0.27928373966688,-8.9324571175627,0.0036140563870733,-6.6373708691424,0.0028467593760905,,0.27930707236767,,0.035477097429918,,0.0,,1.0,,1.0,,2.0
8.05,0,1.1331355174098,1.0294888041346,-0.00063406454638558,198.75091904887,0.00023242188965353,-22.839099982525,0.0,0.0,0.0,0.0,4.3761199999189,0.0,0.0,0.0,0.0,0.0,1.0,0.0,1.0,0.0,1.0,0.0,1.0,0.0,1.0,0.0,1.0,0.0,1.0,0.0,1.0,0.0,0.0,1.0,0.0,1.0,2.42521,-1.0,0.0,0.0,0.0,0.0,1.594011781272,2.0,-7.4172887438851,0.0041627518682132,-7.011768215243,-0.27967127186486,-7.4720287548734,0.0041230737088965,-7.0968485213529,0.0023409266828838,,0.27970197890571,,0.035527257769959,,0.0,,1.0,,1.0,,2.0
8.06,0,1.1314612586171,1.0291225642987,-0.00048739114768375,198.88859534537,-0.00019131620041409,-23.970106526345,0.0,0.0,0.0,0.0,4.3761199999189,0.0,0.0,0.0,0.0,0.0,1.0,0.0,1.0,0.0,1.0,0.0,1.0,0.0,1.0,0.0,1.0,0.0,1.0,0.0,1.0,0.0,0.0,1.0,0.0,1.0,2.42521,-1.0,0.0,0.0,0.0,0.0,1.594011781272,2.0,-5.7719976490102,0.0045453845140049,-7.6143870218355,-0.28022172811907,-5.8211871969726,0.0045250057060127,-7.5860093654106,0.0017401477432843,,0.28025830479678,,0.035597921314827,,0.0,,1.0,,1.0,,2.0
8.07,0,1.1240756585509,1.0288390531433,-0.00081975476161129,198.84060772153,9.6568328434537e-05,-25.111716809867,0.0,0.0,0.0,0.0,4.3761199999189,0.0,0.0,0.0,0.0,0.0,1.0,0.0,1.0,0.0,1.0,0.0,1.0,0.0,1.0,0.0,1.0,0.0,1.0,0.0,1.0,0.0,0.0,1.0,0.0,1.0,2.42521,-1.0,0.0,0.0,0.0,0.0,1.594011781272,2.0,-4.0229582638277,0.0048492352462046,-8.1846094048934,-0.28091402699818,-4.0713257597941,0.0048012677725544,-8.0924402407706,0.0010677800384858,,0.28095549915044,,0.035686477726245,,0.0,,1.0,,1.0,,2.0
8.08,0,1.1115617609842,1.0285229672909,-0.00037372507338479,198.91614468862,2.4349024540828e-05,-26.085469641454,0.0,0.0,0.0,0.0,4.3761199999189,0.0,0.0,0.0,0.0,0.0,1.0,0.0,1.0,0.0,1.0,0.0,1.0,0.0,1.0,0.0,1.0,0.0,1.0,0.0,1.0,0.0,0.0,1.0,0.0,1.0,2.42521,-1.0,0.0,0.0,0.0,0.0,1.594011781272,2.0,-2.2332270854538,0.0049828466510199,-8.6826954809113,-0.28165096415679,-2.2844474532658,0.0049365195433902,-8.577444095128,0.00034902376133126,,0.28169464217251,,0.035780362384396,,0.0,,1.0,,1.0,,2.0
8.09,0,1.0941054797447,1.0282222888232,-0.00075752309996332,198.96740243984,-0.00013333842913664,-27.218913156347,0.0,0.0,0.0,0.0,4.3761199999189,0.0,0.0,0.0,0.0,0.0,1.0,0.0,1.0,0.0,1.0,0.0,1.0,0.0,1.0,0.0,1.0,0.0,1.0,0.0,1.0,0.0,0.0,1.0,0.0,1.0,2.42521,-1.0,0.0,0.0,0.0,0.0,1.594011781272,2.0,-0.48573339871184,0.0049663276021088,-9.1107859138771,-0.28249018294069,-0.54374850581375,0.0049241060800239,-9.0429731733615,-0.00038692055347193,,0.28253343856397,,0.035886904839807,,0.0,,1.0,,1.0,,2.0
8.1,0,1.072879337899,1.0279048638637,-0.00047911112413154,198.92218459568,0.00020092397448938,-28.151125985661,0.0,0.0,0.0,0.0,4.3761199999189,0.0,0.0,0.0,0.0,0.0,1.0,0.0,1.0,0.0,1.0,0.0,1.0,0.0,1.0,0.0,1.0,0.0,1.0,0.0,1.0,0.0,0.0,1.0,0.0,1.0,2.42521,-1.0,0.0,0.0,0.0,0.0,1.594011781272,2.0,1.1451802037779,0.0048258722211121,-9.435494994312,-0.28329560427484,1.0774368832613,0.004759597893064,-9.4495267207638,-0.0011083515564172,,0.28333627553161,,0.035988879791891,,0.0,,1.0,,1.0,,2.0
8.11,0,1.0489244841124,1.0276077802669,-0.0005004785642192,199.04442135857,-0.0002083830558955,-29.149993791389,0.0,0.0,0.0,0.0,4.3761199999189,0.0,0.0,0.0,0.0,0.0,1.0,0.0,1.0,0.0,1.0,0.0,1.0,0.0,1.0,0.0,1.0,0.0,1.0,0.0,1.0,0.0,0.0,1.0,0.0,1.0,2.42521,-1.0,0.0,0.0,0.0,0.0,1.594011781272,2.0,2.6162427476324,0.0044890106585868,-9.6690380384203,-0.2840856478997,2.5367325062695,0.0044474918028777,-9.8034310031711,-0.0017847333531297,,0.28412076426914,,0.036088524183771,,0.0,,1.0,,1.0,,2.0
8.12,0,1.023022838024,1.0273041022719,-0.00064576637597439,198.97187135685,0.00015406973122084,-30.140040519035,0.0,0.0,0.0,0.0,4.3761199999189,0.0,0.0,0.0,0.0,0.0,1.0,0.0,1.0,0.0,1.0,0.0,1.0,0.0,1.0,0.0,1.0,0.0,1.0,0.0,1.0,0.0,0.0,1.0,0.0,1.0,2.42521,-1.0,0.0,0.0,0.0,0.0,1.594011781272,2.0,3.8700753217852,0.0040628611704619,-9.802837670631,-0.28481369977127,3.7768725867374,0.003999081294823,-10.085916718086,-0.0023843942405598,,0.28484233282945,,0.036180176564426,,0.0,,1.0,,1.0,,2.0
8.13,0,0.99638464389232,1.0268959570181,-0.0002942263117308,199.03631967223,-5.8399046598917e-05,-30.973737668032,0.0,0.0,0.0,0.0,4.3761199999189,0.0,0.0,0.0,0.0,0.0,1.0,0.0,1.0,0.0,1.0,0.0,1.0,0.0,1.0,0.0,1.0,0.0,1.0,0.0,1.0,0.0,0.0,1.0,0.0,1.0,2.42521,-1.0,0.0,0.0,0.0,0.0,1.594011781272,2.0,4.9059635971435,0.0034822094099919,-9.8463369260127,-0.28538943160511,4.7992301125993,0.0034300647640009,-10.297666586095,-0.0028786559552027,,0.28541041827717,,0.036252333787682,,0.0,,1.0,,1.0,,2.0
8.14,0,0.96973664370259,1.0263878395183,-0.00064718541613516,199.05898908358,-5.0150668828931e-05,-31.956633095141,0.0,0.0,0.0,0.0,4.3761199999189,0.0,0.0,0.0,0.0,0.0,1.0,0.0,1.0,0.0,1.0,0.0,1.0,0.0,1.0,0.0,1.0,0.0,1.0,0.0,1.0,0.0,0.0,1.0,0.0,1.0,2.42521,-1.0,0.0,0.0,0.0,0.0,1.594011781272,2.0,5.7043429871423,0.0028105690669908,-9.8172972711841,-0.28586949939506,5.5831598259916,0.0027655568657878,-10.446965777407,-0.0032433637375146,,0.28588314601219,,0.0363123788405,,0.0,,1.0,,1.0,,2.0
8.15,0,0.94396496593427,1.0258590371944,-0.0003076607019028,199.007002458,0.00013896844972085,-32.72607842866,0.0,0.0,0.0,0.0,4.3761199999189,0.0,0.0,0.0,0.0,0.0,1.0,0.0,1.0,0.0,1.0,0.0,1.0,0.0,1.0,0.0,1.0,0.0,1.0,0.0,1.0,0.0,0.0,1.0,0.0,1.0,2.42521,-1.0,0.0,0.0,0.0,0.0,1.594011781272,2.0,6.2868879980121,0.0020936122850522,-9.7182495320796,-0.28613190942334,6.1527744561587,0.0020337558469584,-10.527422052948,-0.0034576387252123,,0.2861394539876,,0.036344934632728,,0.0,,1.0,,1.0,,2.0
8.16,0,0.9198319934399,1.025320369589,-0.00044668547636925,199.10719813227,-0.00018064328429799,-33.565234505348,0.0,0.0,0.0,0.0,4.3761199999189,0.0,0.0,0.0,0.0,0.0,1.0,0.0,1.0,0.0,1.0,0.0,1.0,0.0,1.0,0.0,1.0,0.0,1.0,0.0,1.0,0.0,0.0,1.0,0.0,1.0,2.42521,-1.0,0.0,0.0,0.0,0.0,1.594011781272,2.0,6.6733116493497,0.0012983349445325,-9.5791368874993,-0.28622267507354,6.5265131600366,0.0012679479787637,-10.563477598326,-0.0035087558935824,,0.28622565455561,,0.036355883678607,,0.0,,1.0,,1.0,,2.0
8.17,0,0.89734242195146,1.0246698063112,-0.00046086879661629,199.02156931419,0.00016644202862426,-34.36925448254,1.0,0.0,0.0,0.0,4.3772974999189,0.0,1.0,0.0,1.0,0.0,1.0,0.0,1.0,0.0,1.0,0.0,1.0,0.0,1.0,0.0,1.0,0.0,1.0,0.0,1.0,0.0,0.0,1.0,0.0,1.0,2.42521,-1.0,0.0,0.0,0.0,0.0,1.594011781272,2.0,6.8866552656558,0.00055400760229152,-9.4012538710232,-0.28611391000944,6.7287534143982,0.0005054309466002,-10.549227114964,-0.0033909472249217,,0.286114542604,,0.03634177043221,,0.0,,1.0,,1.0,,2.0
8.18,0,0.87663821810527,1.0240325231292,-0.00023213227611582,199.08246088024,-0.00010179933342822,-35.022765212357,1.0,0.0,0.0,0.0,4.3872974999185,0.0,1.0,0.0,1.0,0.0,1.0,0.0,1.0,0.0,1.0,0.0,1.0,0.0,1.0,0.0,1.0,0.0,1.0,0.0,1.0,0.0,0.0,1.0,0.0,1.0,2.42521,-1.0,0.0,0.0,0.0,0.0,1.594011781272,2.0,6.9687478429989,-0.00018698069308967,-9.2090886736192,-0.28576562463873,6.8013360671521,-0.00021696673088733,-10.507524910679,-0.003105700577124,,0.28576590578794,,0.036297487191595,,0.0,,1.0,,1.0,,2.0
8.19,0,0.85740198039324,1.0232621003593,-0.00053064307901919,199.08522039423,8.0951033232073e-06,-35.81683908504,1.0,0.0,0.0,0.0,4.3972974999181,0.0,1.0,0.0,1.0,0.0,1.0,0.0,1.0,0.0,1.0,0.0,1.0,0.0,1.0,0.0,1.0,0.0,1.0,0.0,1.0,0.0,0.0,1.0,0.0,1.0,2.42521,-1.0,0.0,0.0,0.0,0.0,1.594011781272,2.0,6.9376036869328,-0.00083841381583263,-9.0102465974022,-0.28526744891407,6.761433878808,-0.00086151909231355,-10.441861181503,-0.0026649518178998,,0.28526899723056,,0.036234370732872,,0.0,,1.0,,1.0,,2.0
8.2,0,0.84061070337235,1.0224539737226,-0.0001986372410858,199.03523249974,8.3602432374867e-05,-36.385131845138,1.0,0.0,0.0,0.0,4.4072974999177,0.0,1.0,0.0,1.0,0.0,1.0,0.0,1.0,0.0,1.0,0.0,1.0,0.0,1.0,0.0,1.0,0.0,1.0,0.0,1.0,0.0,0.0,1.0,0.0,1.0,2.42521,-1.0,0.0,0.0,0.0,0.0,1.594011781272,2.0,6.8373512516514,-0.0013609037225445,-8.8141264332827,-0.2845462770125,6.6549070630031,-0.0013936133094648,-10.361375047931,-0.0020876408570862,,0.28454990199722,,0.036143032509897,,0.0,,1.0,,1.0,,2.0
8.21,0,0.82752998357842,1.021588189285,-0.00041186489833558,199.13057385017,-0.00014772862933505,-37.036567145376,1.0,0.0,0.0,0.0,4.4172974999174,0.0,1.0,0.0,1.0,0.0,1.0,0.0,1.0,0.0,1.0,0.0,1.0,0.0,1.0,0.0,1.0,0.0,1.0,0.0,1.0,0.0,0.0,1.0,0.0,1.0,2.42521,-1.0,0.0,0.0,0.0,0.0,1.594011781272,2.0,6.6885518310957,-0.0017796695659217,-8.6338989694474,-0.28370219007412,6.5000543702673,-0.0017834802141693,-10.279247368378,-0.0014009238068232,,0.28370825217752,,0.036036127617005,,0.0,,1.0,,1.0,,2.0
8.22,0,0.81739894544423,1.0207550194923,-0.00033965965547164,199.04351742867,0.00016463933673019,-37.615426586331,1.0,0.0,0.0,0.0,4.427297499917,0.0,1.0,0.0,1.0,0.0,1.0,0.0,1.0,0.0,1.0,0.0,1.0,0.0,1.0,0.0,1.0,0.0,1.0,0.0,1.0,0.0,0.0,1.0,0.0,1.0,2.42521,-1.0,0.0,0.0,0.0,0.0,1.594011781272,2.0,6.5169590813167,-0.0019851859111042,-8.4664340838941,-0.2827451111907,6.32464222876,-0.002007470371776,-10.191604200773,-0.00064005175868365,,0.28275256435846,,0.035914737816232,,0.0,,1.0,,1.0,,2.0
8.23,0,0.80934480904157,1.0199148860184,-0.00021939488027573,199.11328589501,-0.00012986544789317,-38.069473445854,1.0,0.0,0.0,0.0,4.4372974999166,0.0,1.0,0.0,1.0,0.0,1.0,0.0,1.0,0.0,1.0,0.0,1.0,0.0,1.0,0.0,1.0,0.0,1.0,0.0,1.0,0.0,0.0,1.0,0.0,1.0,2.42521,-1.0,0.0,0.0,0.0,0.0,1.594011781272,2.0,6.344225197215,-0.0020479230207108,-8.3262720858345,-0.28169078122446,6.1488600414854,-0.002050123426452,-10.115602729866,0.00015609397375872,,0.28169876412015,,0.035780885947,,0.0,,1.0,,1.0,,2.0
8.24,0,0.80309076128481,1.0190169569095,-0.00046591893139239,199.10791270545,5.6597457568339e-05,-38.656928373824,1.0,0.0,0.0,0.0,4.4472974999162,0.0,1.0,0.0,1.0,0.0,1.0,0.0,1.0,0.0,1.0,0.0,1.0,0.0,1.0,0.0,1.0,0.0,1.0,0.0,1.0,0.0,0.0,1.0,0.0,1.0,2.42521,-1.0,0.0,0.0,0.0,0.0,1.594011781272,2.0,6.1767920962063,-0.0019051318972099,-8.2087322246021,-0.28065771884094,5.9793696202748,-0.001905929090073,-10.045251763828,0.00094396714569289,,0.28066471753436,,0.035649543152275,,0.0,,1.0,,1.0,,2.0
8.25,0,0.798628960395,1.0180915001377,-0.00015090741533765,199.07639206399,3.3799074386426e-05,-39.011538238603,1.0,0.0,0.0,0.0,4.4572974999158,0.0,1.0,0.0,1.0,0.0,1.0,0.0,1.0,0.0,1.0,0.0,1.0,0.0,1.0,0.0,1.0,0.0,1.0,0.0,1.0,0.0,0.0,1.0,0.0,1.0,2.42521,-1.0,0.0,0.0,0.0,0.0,1.594011781272,2.0,6.0366541198005,-0.0015701586244789,-8.1201449475246,-0.27960717085367,5.8389647056966,-0.0015795127565547,-9.9895143259502,0.0016787419975785,,0.27961206272387,,0.035515836773288,,0.0,,1.0,,1.0,,2.0
8.26,0,0.79595419210247,1.0172124835485,-0.00042310094147505,199.17461420446,-0.0001131918081389,-39.465840934124,1.0,0.0,0.0,0.0,4.4672974999155,0.0,1.0,0.0,1.0,0.0,1.0,0.0,1.0,0.0,1.0,0.0,1.0,0.0,1.0,0.0,1.0,0.0,1.0,0.0,1.0,0.0,0.0,1.0,0.0,1.0,2.42521,-1.0,0.0,0.0,0.0,0.0,1.594011781272,2.0,5.921631527063,-0.0010997300088544,-8.0623375583754,-0.27866505311215,5.7236328955151,-0.0010857122078549,-9.9501279777201,0.0023183657093164,,0.27866769677355,,0.035395885056544,,0.0,,1.0,,1.0,,2.0
8.27,0,0.79485531754421,1.0160911303958,-0.00026830853005469,199.19218386059,0.00015710418973911,-39.931104996543,1.0,0.0,0.0,0.0,4.4772974999151,0.0,1.0,0.0,1.0,0.0,1.0,0.0,1.0,0.0,1.0,0.0,1.0,0.0,1.0,0.0,1.0,0.0,1.0,0.0,1.0,0.0,0.0,1.0,0.0,1.0,2.42521,-1.0,0.0,0.0,0.0,0.0,1.594011781272,2.0,5.8434803006992,-0.0004585055853777,-8.030771975901,-0.27780394930147,5.6472354456115,-0.00045120102053141,-9.9228979550511,0.0028230151988027,,0.27780478288499,,0.035286279238695,,0.0,,1.0,,1.0,,2.0
8.28,0,0.79545401375339,1.015029869631,-0.00025545666666015,199.94491848621,-0.00015416711366455,-40.582740687985,1.0,0.0,0.0,0.0,4.4872974999147,0.0,1.0,0.0,1.0,0.0,1.0,0.0,1.0,0.0,1.0,0.0,1.0,0.0,1.0,0.0,1.0,0.0,1.0,0.0,1.0,0.0,0.0,1.0,0.0,1.0,2.42521,-1.0,0.0,0.0,0.0,0.0,1.594011781272,2.0,5.8035248828397,0.00028571851033986,-8.0334185548688,-0.27701008213479,5.6092292225658,0.00029154384076794,-9.9175570889754,0.0031603346361713,,0.27701053984388,,0.035185395872178,,0.0,,1.0,,1.0,,2.0
8.29,0,0.79797743382639,1.0160873871633,-0.00043442251479071,199.92346359087,0.00010400299402753,-40.837450712659,1.0,0.0,0.0,0.0,4.4972974999143,0.0,1.0,0.0,1.0,0.0,1.0,0.0,1.0,0.0,1.0,0.0,1.0,0.0,1.0,0.0,1.0,0.0,1.0,0.0,1.0,0.0,0.0,1.0,0.0,1.0,2.42521,-1.0,0.0,0.0,0.0,0.0,1.594011781272,2.0,5.797019228262,0.0011213362628617,-8.0615414592808,-0.27663573455143,5.6058326186301,0.0011005163752065,-9.9236035483387,0.003307839633127,,0.27663811841981,,0.035138091552116,,0.0,,1.0,,1.0,,2.0
8.3,0,0.80246529685087,1.0179293501058,-0.00014874541799075,199.66209727062,-2.1668253371904e-05,-41.166720187658,1.0,0.0,0.0,0.0,4.5072974999139,0.0,1.0,0.0,1.0,0.0,1.0,0.0,1.0,0.0,1.0,0.0,1.0,0.0,1.0,0.0,1.0,0.0,1.0,0.0,1.0,0.0,0.0,1.0,0.0,1.0,2.42521,-1.0,0.0,0.0,0.0,0.0,1.594011781272,2.0,5.8306736604407,0.001962670166202,-8.1204093963987,-0.27654244175929,5.6439545544163,0.0019250738215645,-9.948211746459,0.0032510599001612,,0.27654936503726,,0.035126818252184,,0.0,,1.0,,1.0,,2.0
8.31,0,0.80898580568934,1.0193435442582,-0.00046795779998686,199.61728419814,-6.7801091501543e-05,-41.812859970542,1.0,0.0,0.0,0.0,4.5172974999136,0.0,1.0,0.0,1.0,0.0,1.0,0.0,1.0,0.0,1.0,0.0,1.0,0.0,1.0,0.0,1.0,0.0,1.0,0.0,1.0,0.0,0.0,1.0,0.0,1.0,2.42521,-1.0,0.0,0.0,0.0,0.0,1.594011781272,2.0,5.8889397127044,0.00273785231508,-8.2073361259592,-0.2767427140863,5.706809410455,0.0027142122341249,-9.9872212341464,0.0029899326648718,,0.27675612151913,,0.035153080100083,,0.0,,1.0,,1.0,,2.0
8.32,0,0.81803265306275,1.0206694978044,-0.00022892082098735,199.53023463233,0.00013969011538955,-42.341524146678,1.0,0.0,0.0,0.0,4.5272974999132,0.0,1.0,0.0,1.0,0.0,1.0,0.0,1.0,0.0,1.0,0.0,1.0,0.0,1.0,0.0,1.0,0.0,1.0,0.0,1.0,0.0,0.0,1.0,0.0,1.0,2.42521,-1.0,0.0,0.0,0.0,0.0,1.594011781272,2.0,5.9726693993899,0.0034632175897854,-8.3170987445176,-0.27714416224985,5.7971249621414,0.0034149343950363,-10.035256051859,0.002537587807209,,0.27716552394577,,0.035205081682623,,0.0,,1.0,,1.0,,2.0
8.33,0,0.82953761875385,1.021692917335,-0.00033854048587523,199.57876337801,-0.00017108140822329,-42.847278435858,1.0,0.0,0.0,0.0,4.5372974999128,0.0,1.0,0.0,1.0,0.0,1.0,0.0,1.0,0.0,1.0,0.0,1.0,0.0,1.0,0.0,1.0,0.0,1.0,0.0,1.0,0.0,0.0,1.0,0.0,1.0,2.42521,-1.0,0.0,0.0,0.0,0.0,1.594011781272,2.0,6.0682121890485,0.0040095143796327,-8.4554840966591,-0.27770503247168,5.8994720468291,0.0039802629518789,-10.098537812619,0.0019195947248871,,0.27773366251765,,0.035277245653617,,0.0,,1.0,,1.0,,2.0
8.34,0,0.84395552346975,1.0225253295812,-0.00042971289345184,199.51852889196,0.00015131267867927,-43.493571314599,1.0,0.0,0.0,0.0,4.5472974999124,0.0,1.0,0.0,1.0,0.0,1.0,0.0,1.0,0.0,1.0,0.0,1.0,0.0,1.0,0.0,1.0,0.0,1.0,0.0,1.0,0.0,0.0,1.0,0.0,1.0,2.42521,-1.0,0.0,0.0,0.0,0.0,1.594011781272,2.0,6.1584298080656,0.0044100892228083,-8.6104045334166,-0.27842218479594,5.997802979206,0.0043708981826367,-10.163028405638,0.0011751832299006,,0.27845675068186,,0.035369091051709,,0.0,,1.0,,1.0,,2.0
8.35,0,0.86135205570066,1.0232594464841,-0.00020096397865817,199.47278961623,-8.5347425030264e-05,-43.938305560481,1.0,0.0,0.0,0.0,4.5572974999121,0.0,1.0,0.0,1.0,0.0,1.0,0.0,1.0,0.0,1.0,0.0,1.0,0.0,1.0,0.0,1.0,0.0,1.0,0.0,1.0,0.0,0.0,1.0,0.0,1.0,2.42521,-1.0,0.0,0.0,0.0,0.0,1.594011781272,2.0,6.2359033067953,0.0045967416229946,-8.7854372447806,-0.27917785555425,6.0846269800864,0.0045562239857243,-10.23373677857,0.00035241124613424,,0.27921529877045,,0.035465440507584,,0.0,,1.0,,1.0,,2.0
8.36,0,0.88167319671384,1.023609378954,-0.00055707540482064,199.46419832089,-1.1167717724856e-05,-44.552780382887,1.0,0.0,0.0,0.0,4.5672974999117,0.0,1.0,0.0,1.0,0.0,1.0,0.0,1.0,0.0,1.0,0.0,1.0,0.0,1.0,0.0,1.0,0.0,1.0,0.0,1.0,0.0,0.0,1.0,0.0,1.0,2.42521,-1.0,0.0,0.0,0.0,0.0,1.594011781272,2.0,6.2685295171146,0.0045429126660169,-8.9739236030005,-0.27996068069404,6.1268150276586,0.0045214990182075,-10.303009706581,-0.00049347243874672,,0.27999718651976,,0.035564754526475,,0.0,,1.0,,1.0,,2.0
8.37,0,0.90476067616081,1.0236628166768,-0.00024133854257713,199.33936516293,0.00010930445019067,-45.10926132602,0.0,0.0,0.0,0.0,4.5753349999114,0.0,0.0,0.0,0.0,0.0,1.0,0.0,1.0,0.0,1.0,0.0,1.0,0.0,1.0,0.0,1.0,0.0,1.0,0.0,1.0,0.0,0.0,1.0,0.0,1.0,2.42521,-1.0,0.0,0.0,0.0,0.0,1.594011781272,2.0,6.2426216658771,0.0043062905233425,-9.165326809816,-0.28066234254207,6.1120515622316,0.0042651277651345,-10.361252851445,-0.0013028236600251,,0.28069502271166,,0.035653392463067,,0.0,,1.0,,1.0,,2.0
8.38,0,0.92973974037706,1.0240601340847,-0.00048829612986639,199.34822356425,-0.00017829355130382,-45.690467776926,0.0,0.0,0.0,0.0,4.5753349999114,0.0,0.0,0.0,0.0,0.0,1.0,0.0,1.0,0.0,1.0,0.0,1.0,0.0,1.0,0.0,1.0,0.0,1.0,0.0,1.0,0.0,0.0,1.0,0.0,1.0,2.42521,-1.0,0.0,0.0,0.0,0.0,1.594011781272,2.0,6.128413099026,0.0038319320201947,-9.3628150341027,-0.28128767505989,6.008937299871,0.0038022120394207,-10.413777468908,-0.0020183536835111,,0.28131348361541,,0.035731948288928,,0.0,,1.0,,1.0,,2.0
8.39,0,0.95717898453956,1.0252438893056,-0.0004754038505313,199.33860816734,0.00019551204330937,-46.449727989145,0.0,0.0,0.0,0.0,4.5753349999114,0.0,0.0,0.0,0.0,0.0,1.0,0.0,1.0,0.0,1.0,0.0,1.0,0.0,1.0,0.0,1.0,0.0,1.0,0.0,1.0,0.0,0.0,1.0,0.0,1.0,2.42521,-1.0,0.0,0.0,0.0,0.0,1.594011781272,2.0,5.8959227850845,0.0032131700204438,-9.5463811893167,-0.28186721692484,5.7879833554066,0.0031651131597837,-10.441699803042,-0.0025870476929644,,0.2818852852781,,0.03580457753933,,0.0,,1.0,,1.0,,2.0
8.4,0,0.98567281338172,1.0264431136288,-0.00032665699141998,199.51986455738,-0.00014900736745077,-47.071439827345,0.0,0.0,0.0,0.0,4.5753349999114,0.0,0.0,0.0,0.0,0.0,1.0,0.0,1.0,0.0,1.0,0.0,1.0,0.0,1.0,0.0,1.0,0.0,1.0,0.0,1.0,0.0,0.0,1.0,0.0,1.0,2.42521,-1.0,0.0,0.0,0.0,0.0,1.594011781272,2.0,5.5307512987476,0.0024474028283902,-9.7150482229696,-0.28224033441465,5.4345613317143,0.0023964606871308,-10.448862743203,-0.0029646690018147,,0.28225079335453,,0.035851003738025,,0.0,,1.0,,1.0,,2.0
8.41,0,1.0138697950373,1.0276600710507,-0.00069615160183811,199.66295463219,5.0564301153709e-05,-47.869230770978,0.0,0.0,0.0,0.0,4.5753349999114,0.0,0.0,0.0,0.0,0.0,1.0,0.0,1.0,0.0,1.0,0.0,1.0,0.0,1.0,0.0,1.0,0.0,1.0,0.0,1.0,0.0,0.0,1.0,0.0,1.0,2.42521,-1.0,0.0,0.0,0.0,0.0,1.594011781272,2.0,4.9963244830233,0.0015938774478535,-9.858334789907,-0.28245098934592,4.9107924138795,0.0015521405157224,-10.42879187546,-0.0031213131641668,,0.28245546398946,,0.035877000645282,,0.0,,1.0,,1.0,,2.0
8.42,0,1.0423311770085,1.0289542148633,-0.00031831685499576,199.60479662853,7.0076101112622e-05,-48.582212747357,0.0,0.0,0.0,0.0,4.5753349999114,0.0,0.0,0.0,0.0,0.0,1.0,0.0,1.0,0.0,1.0,0.0,1.0,0.0,1.0,0.0,1.0,0.0,1.0,0.0,1.0,0.0,0.0,1.0,0.0,1.0,2.42521,-1.0,0.0,0.0,0.0,0.0,1.594011781272,2.0,4.288909733803,0.00075709616684442,-9.9590503489184,-0.28240973216073,4.2136076966904,0.00069482643206519,-10.369557490303,-0.0030415194867864,,0.28241080190757,,0.035871327745497,,0.0,,1.0,,1.0,,2.0
8.43,0,1.0702074121023,1.0302572129401,-0.00068386661628511,199.71097404274,-0.00017494563263305,-49.379676567145,0.0,0.0,0.0,0.0,4.5753349999114,0.0,0.0,0.0,0.0,0.0,1.0,0.0,1.0,0.0,1.0,0.0,1.0,0.0,1.0,0.0,1.0,0.0,1.0,0.0,1.0,0.0,0.0,1.0,0.0,1.0,2.42521,-1.0,0.0,0.0,0.0,0.0,1.594011781272,2.0,3.3986079357068,-6.9061461688379e-05,-10.021323888306,-0.28214356020397,3.3318502909829,-0.00011018984268103,-10.282266141911,-0.0027280369188621,,0.28214377178389,,0.035837410044688,,0.0,,1.0,,1.0,,2.0
8.44,0,1.0969443105243,1.0315688511896,-0.00056258402085861,199.65356881801,0.0002243917191017,-50.282232475942,0.0,0.0,0.0,0.0,4.5753349999114,0.0,0.0,0.0,0.0,0.0,1.0,0.0,1.0,0.0,1.0,0.0,1.0,0.0,1.0,0.0,1.0,0.0,1.0,0.0,1.0,0.0,0.0,1.0,0.0,1.0,2.42521,-1.0,0.0,0.0,0.0,0.0,1.594011781272,2.0,2.3233275361892,-0.00074298277369453,-10.024137128427,-0.28168336397101,2.2631190006339,-0.00079873565664497,-10.151492865139,-0.0022028544097145,,0.28168461944567,,0.035779089315105,,0.0,,1.0,,1.0,,2.0
8.45,0,1.1214616509995,1.0329380626624,-0.00048985741559721,199.66634894883,-0.00019854851298817,-50.996057140792,0.0,0.0,0.0,0.0,4.5753349999114,0.0,0.0,0.0,0.0,0.0,1.0,0.0,1.0,0.0,1.0,0.0,1.0,0.0,1.0,0.0,1.0,0.0,1.0,0.0,1.0,0.0,0.0,1.0,0.0,1.0,2.42521,-1.0,0.0,0.0,0.0,0.0,1.594011781272,2.0,1.0929015951022,-0.0012674500814898,-9.9710529514403,-0.28101063717365,1.037428426726,-0.0013148235069098,-9.9874549532556,-0.001504220674041,,0.28101386278087,,0.035693890972839,,0.0,,1.0,,1.0,,2.0
8.46,0,1.1428296649785,1.0337865982861,-0.00083628184749835,199.55167528357,0.0001033851776975,-51.786150228005,0.0,0.0,0.0,0.0,4.5753349999114,0.0,0.0,0.0,0.0,0.0,1.0,0.0,1.0,0.0,1.0,0.0,1.0,0.0,1.0,0.0,1.0,0.0,1.0,0.0,1.0,0.0,0.0,1.0,0.0,1.0,2.42521,-1.0,0.0,0.0,0.0,0.0,1.594011781272,2.0,-0.27947798716282,-0.0015879231916063,-9.8615898008173,-0.28020078140198,-0.3330428169917,-0.0016145580440888,-9.7950914960789,-0.00068680710400193,,0.28020575438291,,0.035591246452866,,0.0,,1.0,,1.0,,2.0
8.47,0,1.1609023883274,1.0333583715031,-0.00041390555191955,199.22412834801,3.2006175459804e-05,-52.456392766796,0.0,0.0,0.0,0.0,4.5753349999114,0.0,0.0,0.0,0.0,0.0,1.0,0.0,1.0,0.0,1.0,0.0,1.0,0.0,1.0,0.0,1.0,0.0,1.0,0.0,1.0,0.0,0.0,1.0,0.0,1.0,2.42521,-1.0,0.0,0.0,0.0,0.0,1.594011781272,2.0,-1.7443493062122,-0.0016451268552169,-9.687038190061,-0.27918188313431,-1.7983412338506,-0.0016709178969067,-9.568706850579,0.00018315280705852,,0.27918724298778,,0.035461876910976,,0.0,,1.0,,1.0,,2.0
8.48,0,1.1749423738653,1.0323473074938,-0.00084119744974895,199.18725809561,-0.00015846735991091,-53.212511549544,0.0,0.0,0.0,0.0,4.5753349999114,0.0,0.0,0.0,0.0,0.0,1.0,0.0,1.0,0.0,1.0,0.0,1.0,0.0,1.0,0.0,1.0,0.0,1.0,0.0,1.0,0.0,0.0,1.0,0.0,1.0,2.42521,-1.0,0.0,0.0,0.0,0.0,1.594011781272,2.0,-3.2566326990683,-0.0014836867018295,-9.4681253975825,-0.27808737189422,-3.313244886857,-0.0014764608755815,-9.3314805131091,0.0010344646163772,,0.27809190250565,,0.03532274867239,,0.0,,1.0,,1.0,,2.0
8.49,0,1.1849294704151,1.031341005336,-0.00061750675500027,199.08116157712,0.00023168121544201,-53.929882875367,0.0,0.0,0.0,0.0,4.5753349999114,0.0,0.0,0.0,0.0,0.0,1.0,0.0,1.0,0.0,1.0,0.0,1.0,0.0,1.0,0.0,1.0,0.0,1.0,0.0,1.0,0.0,0.0,1.0,0.0,1.0,2.42521,-1.0,0.0,0.0,0.0,0.0,1.594011781272,2.0,-4.7752326182054,-0.0010427893571348,-9.1985929783535,-0.27702408259135,-4.8370117665887,-0.0010457148223311,-9.0763239351434,0.0017945805855855,,0.2770265470972,,0.03518742908559,,0.0,,1.0,,1.0,,2.0
8.5,0,1.1910871965368,1.0304547102476,-0.00060243382145747,199.09437851517,-0.00022593258064686,-54.470533164834,0.0,0.0,0.0,0.0,4.5753349999114,0.0,0.0,0.0,0.0,0.0,1.0,0.0,1.0,0.0,1.0,0.0,1.0,0.0,1.0,0.0,1.0,0.0,1.0,0.0,1.0,0.0,0.0,1.0,0.0,1.0,2.42521,-1.0,0.0,0.0,0.0,0.0,1.594011781272,2.0,-6.2374751153101,-0.00042328670356495,-8.8951611332105,-0.27604716721038,-6.3057358103137,-0.00041306214906161,-8.8169555041694,0.0023977415208908,,0.27604793377115,,0.035063127326883,,0.0,,1.0,,1.0,,2.0
8.51,0,1.1934972028517,1.0296394092676,-0.00088181909243956,199.0864440728,0.00014093824858884,-55.157974375181,0.0,0.0,0.0,0.0,4.5753349999114,0.0,0.0,0.0,0.0,0.0,1.0,0.0,1.0,0.0,1.0,0.0,1.0,0.0,1.0,0.0,1.0,0.0,1.0,0.0,1.0,0.0,0.0,1.0,0.0,1.0,2.42521,-1.0,0.0,0.0,0.0,0.0,1.594011781272,2.0,-7.6153261226567,0.00035277979747494,-8.5727221251393,-0.27529499618994,-7.6914854317876,0.0003685549580998,-8.5646759470542,0.002790927479961,,0.27529555840356,,0.03496756191927,,0.0,,1.0,,1.0,,2.0
8.52,0,1.1928186832415,1.0288537612262,-0.00044894225669575,199.00069332205,-8.8577960775933e-06,-55.656598782418,0.0,0.0,0.0,0.0,4.5753349999114,0.0,0.0,0.0,0.0,0.0,1.0,0.0,1.0,0.0,1.0,0.0,1.0,0.0,1.0,0.0,1.0,0.0,1.0,0.0,1.0,0.0,0.0,1.0,0.0,1.0,2.42521,-1.0,0.0,0.0,0.0,0.0,1.594011781272,2.0,-8.8664184020891,0.0012270039033561,-8.2302646672391,-0.27474089591134,-8.9514399256372,0.0012308451245003,-8.3116591124304,0.0029372794842469,,0.2747438239593,,0.034897481571972,,0.0,,1.0,,1.0,,2.0
8.53,0,1.1895416806438,1.0280787057392,-0.00088732866423052,199.07532793934,-0.00012520205877616,-56.216103190459,0.0,0.0,0.0,0.0,4.5753349999114,0.0,0.0,0.0,0.0,0.0,1.0,0.0,1.0,0.0,1.0,0.0,1.0,0.0,1.0,0.0,1.0,0.0,1.0,0.0,1.0,0.0,0.0,1.0,0.0,1.0,2.42521,-1.0,0.0,0.0,0.0,0.0,1.594011781272,2.0,-9.9673633976087,0.0020746651405838,-7.8950629565102,-0.27446096055117,-10.060983016184,0.0020987935762304,-8.0792648998726,0.0028222874273329,,0.27446889573961,,0.034862560668776,,0.0,,1.0,,1.0,,2.0
8.54,0,1.1840116620849,1.0273550401126,-0.00058085218234697,198.97907774878,0.00021616234643635,-56.745934267769,0.0,0.0,0.0,0.0,4.5753349999114,0.0,0.0,0.0,0.0,0.0,1.0,0.0,1.0,0.0,1.0,0.0,1.0,0.0,1.0,0.0,1.0,0.0,1.0,0.0,1.0,0.0,0.0,1.0,0.0,1.0,2.42521,-1.0,0.0,0.0,0.0,0.0,1.594011781272,2.0,-10.914805717525,0.0028919275286162,-7.5635149059935,-0.27442631915353,-11.017404422051,0.0028934030446005,-7.8574048896725,0.002454722049915,,0.27444152615728,,0.03485908423214,,0.0,,1.0,,1.0,,2.0
8.55,0,1.1770976923811,1.0266738111959,-0.00063317417430374,199.01715394814,-0.00023211064423712,-57.146536448409,0.0,0.0,0.0,0.0,4.5753349999114,0.0,0.0,0.0,0.0,0.0,1.0,0.0,1.0,0.0,1.0,0.0,1.0,0.0,1.0,0.0,1.0,0.0,1.0,0.0,1.0,0.0,0.0,1.0,0.0,1.0,2.42521,-1.0,0.0,0.0,0.0,0.0,1.594011781272,2.0,-11.693165411699,0.0035242514777203,-7.2497720950254,-0.27460198318685,-11.803750233659,0.0035417285217456,-7.6531012878314,0.001865826206388,,0.27462445837263,,0.034882319963238,,0.0,,1.0,,1.0,,2.0
8.56,0,1.1693055063013,1.0260003652089,-0.00082173731197641,199.0027219408,0.00017135465090298,-57.681882201015,0.0,0.0,0.0,0.0,4.5753349999114,0.0,0.0,0.0,0.0,0.0,1.0,0.0,1.0,0.0,1.0,0.0,1.0,0.0,1.0,0.0,1.0,0.0,1.0,0.0,1.0,0.0,0.0,1.0,0.0,1.0,2.42521,-1.0,0.0,0.0,0.0,0.0,1.594011781272,2.0,-12.321507234075,0.0039676618315847,-6.9647307163846,-0.27497462793055,-12.439193525361,0.0039838280568886,-7.4730402371701,0.0011091248398917,,0.2750030460056,,0.034930407504404,,0.0,,1.0,,1.0,,2.0
8.57,0,1.1610478824903,1.0253745045066,-0.00042786731826618,198.94171559012,-5.4857842985861e-05,-58.012334951009,0.0,0.0,0.0,0.0,4.5753349999114,0.0,0.0,0.0,0.0,0.0,1.0,0.0,1.0,0.0,1.0,0.0,1.0,0.0,1.0,0.0,1.0,0.0,1.0,0.0,1.0,0.0,0.0,1.0,0.0,1.0,2.42521,-1.0,0.0,0.0,0.0,0.0,1.594011781272,2.0,-12.804008997255,0.0041688947635649,-6.7016273179772,-0.27540673401673,-12.928043760202,0.0041758793145819,-7.3047709150153,0.00025419792126888,,0.2754380372787,,0.034985659337615,,0.0,,1.0,,1.0,,2.0
8.58,0,1.152933958809,1.024719413749,-0.00086192401599923,199.01641046875,-7.8521449836746e-05,-58.439397129373,0.0,0.0,0.0,0.0,4.5753349999114,0.0,0.0,0.0,0.0,0.0,1.0,0.0,1.0,0.0,1.0,0.0,1.0,0.0,1.0,0.0,1.0,0.0,1.0,0.0,1.0,0.0,0.0,1.0,0.0,1.0,2.42521,-1.0,0.0,0.0,0.0,0.0,1.594011781272,2.0,-13.156187641015,0.004074983380673,-6.4797149831004,-0.27588178904918,-13.284635729029,0.0040994152402818,-7.1646214774092,-0.00061926787746965,,0.27591167974981,,0.035045820578618,,0.0,,1.0,,1.0,,2.0
8.59,0,1.1450048142177,1.0240272897045,-0.00049870490797691,198.91515562731,0.00018308738310914,-58.800263582193,0.0,0.0,0.0,0.0,4.5753349999114,0.0,0.0,0.0,0.0,0.0,1.0,0.0,1.0,0.0,1.0,0.0,1.0,0.0,1.0,0.0,1.0,0.0,1.0,0.0,1.0,0.0,0.0,1.0,0.0,1.0,2.42521,-1.0,0.0,0.0,0.0,0.0,1.594011781272,2.0,-13.4020172759,0.0037543066746255,-6.2881873078073,-0.27628236410428,-13.534170264794,0.003760096326753,-7.0395439685115,-0.0014274255009716,,0.27630768843891,,0.035096120911964,,0.0,,1.0,,1.0,,2.0
8.6,0,1.1378862283475,1.0233153777129,-0.00064358431939615,198.97494165737,-0.00022759258586628,-59.059822289986,0.0,0.0,0.0,0.0,4.5753349999114,0.0,0.0,0.0,0.0,0.0,1.0,0.0,1.0,0.0,1.0,0.0,1.0,0.0,1.0,0.0,1.0,0.0,1.0,0.0,1.0,0.0,0.0,1.0,0.0,1.0,2.42521,-1.0,0.0,0.0,0.0,0.0,1.594011781272,2.0,-13.545790721957,0.003167593372731,-6.1354042187321,-0.27652280379759,-13.679767806109,0.0031887671214025,-6.9353338849325,-0.0020924195139227,,0.27654087955579,,0.03512574044112,,0.0,,1.0,,1.0,,2.0
8.61,0,1.1317680406814,1.0226871549968,-0.00073272093677835,198.94704851525,0.00019833546917827,-59.443656028167,0.0,0.0,0.0,0.0,4.5753349999114,0.0,0.0,0.0,0.0,0.0,1.0,0.0,1.0,0.0,1.0,0.0,1.0,0.0,1.0,0.0,1.0,0.0,1.0,0.0,1.0,0.0,0.0,1.0,0.0,1.0,2.42521,-1.0,0.0,0.0,0.0,0.0,1.594011781272,2.0,-13.614143246784,0.0024249982117608,-6.0241945739542,-0.2765826172853,-13.748618782056,0.0024410269163729,-6.8553517620385,-0.0025491264091162,,0.27659329212141,,0.035132397793837,,0.0,,1.0,,1.0,,2.0
8.62,0,1.1266694879898,1.0219643286066,-0.0004155139540728,198.91088786395,-0.0001052999216126,-59.610906783217,0.0,0.0,0.0,0.0,4.5753349999114,0.0,0.0,0.0,0.0,0.0,1.0,0.0,1.0,0.0,1.0,0.0,1.0,0.0,1.0,0.0,1.0,0.0,1.0,0.0,1.0,0.0,0.0,1.0,0.0,1.0,2.42521,-1.0,0.0,0.0,0.0,0.0,1.594011781272,2.0,-13.609444062918,0.0015773848058187,-5.9452290589798,-0.27634989045863,-13.743329301925,0.0015888676562084,-6.7887505258269,-0.0027512663057436,,0.27635456174491,,0.035102074677581,,0.0,,1.0,,1.0,,2.0
8.63,0,1.122859789205,1.0212728654897,-0.00083617866999464,198.98247863571,-1.9194208945312e-05,-59.898600774259,0.0,0.0,0.0,0.0,4.5753349999114,0.0,0.0,0.0,0.0,0.0,1.0,0.0,1.0,0.0,1.0,0.0,1.0,0.0,1.0,0.0,1.0,0.0,1.0,0.0,1.0,0.0,0.0,1.0,0.0,1.0,2.42521,-1.0,0.0,0.0,0.0,0.0,1.594011781272,2.0,-13.542203065078,0.0006907947238441,-5.9130301745939,-0.27587203319715,-13.673586161765,0.00071682548622438,-6.7511655877771,-0.0026784145100843,,0.27587323047332,,0.035040936818544,,0.0,,1.0,,1.0,,2.0
8.64,0,1.1203711581836,1.0205660345339,-0.00042908448548172,198.88812864623,0.00013740198021645,-60.093132759704,0.0,0.0,0.0,0.0,4.5753349999114,0.0,0.0,0.0,0.0,0.0,1.0,0.0,1.0,0.0,1.0,0.0,1.0,0.0,1.0,0.0,1.0,0.0,1.0,0.0,1.0,0.0,0.0,1.0,0.0,1.0,2.42521,-1.0,0.0,0.0,0.0,0.0,1.594011781272,2.0,-13.421147651172,-9.5215036716104e-05,-5.9131281973555,-0.27511274045859,-13.549463191106,-8.7556533708461e-05,-6.7287072605203,-0.0023369896244498,,0.27511317815885,,0.034944396298522,,0.0,,1.0,,1.0,,2.0
8.65,0,1.1191920435501,1.0198461865629,-0.00068415919932576,198.96847155561,-0.00021236173590622,-60.222299623291,0.0,0.0,0.0,0.0,4.5753349999114,0.0,0.0,0.0,0.0,0.0,1.0,0.0,1.0,0.0,1.0,0.0,1.0,0.0,1.0,0.0,1.0,0.0,1.0,0.0,1.0,0.0,0.0,1.0,0.0,1.0,2.42521,-1.0,0.0,0.0,0.0,0.0,1.594011781272,2.0,-13.23699079669,-0.00076646193984377,-5.9556181982342,-0.27411888575057,-13.360508227733,-0.00074295783403591,-6.7319040693575,-0.0017604392556779,,0.27412050788488,,0.034818309050795,,0.0,,1.0,,1.0,,2.0
8.66,0,1.1192025684514,1.0191778334632,-0.00065447099306337,198.93396390123,0.00022068114067561,-60.444852115737,0.0,0.0,0.0,0.0,4.5753349999114,0.0,0.0,0.0,0.0,0.0,1.0,0.0,1.0,0.0,1.0,0.0,1.0,0.0,1.0,0.0,1.0,0.0,1.0,0.0,1.0,0.0,0.0,1.0,0.0,1.0,2.42521,-1.0,0.0,0.0,0.0,0.0,1.594011781272,2.0,-13.00008454601,-0.0011947685000162,-6.0373531574008,-0.27298345067159,-13.118106122208,-0.0011817864695992,-6.7600742276579,-0.0010077782681342,,0.27298666476649,,0.03467429027447,,0.0,,1.0,,1.0,,2.0
8.67,0,1.1204394413684,1.0184881593977,-0.00044998194379625,198.92336236523,-0.00016259879583475,-60.47350333401,0.0,0.0,0.0,0.0,4.5753349999114,0.0,0.0,0.0,0.0,0.0,1.0,0.0,1.0,0.0,1.0,0.0,1.0,0.0,1.0,0.0,1.0,0.0,1.0,0.0,1.0,0.0,0.0,1.0,0.0,1.0,2.42521,-1.0,0.0,0.0,0.0,0.0,1.594011781272,2.0,-12.693691515905,-0.0013683860305002,-6.1528671610724,-0.27172979776027,-12.805322544066,-0.0013582588842588,-6.8081342248963,-0.00015613204289436,,0.27173385777251,,0.034515160914052,,0.0,,1.0,,1.0,,2.0
8.68,0,1.122571173356,1.017815669425,-0.00083086053339962,198.99287880559,5.4794050194564e-05,-60.637126498435,0.0,0.0,0.0,0.0,4.5753349999114,0.0,0.0,0.0,0.0,0.0,1.0,0.0,1.0,0.0,1.0,0.0,1.0,0.0,1.0,0.0,1.0,0.0,1.0,0.0,1.0,0.0,0.0,1.0,0.0,1.0,2.42521,-1.0,0.0,0.0,0.0,0.0,1.594011781272,2.0,-12.318345162756,-0.0012709937508112,-6.3131517409858,-0.2705203925088,-12.422604510873,-0.0012533156475164,-6.8902159005559,0.00070599456932624,,0.27052398677827,,0.034361485209472,,0.0,,1.0,,1.0,,2.0
8.69,0,1.1254298478723,1.0171665427443,-0.00039561620529397,198.9134708265,6.9793415489537e-05,-60.676297699739,0.0,0.0,0.0,0.0,4.5753349999114,0.0,0.0,0.0,0.0,0.0,1.0,0.0,1.0,0.0,1.0,0.0,1.0,0.0,1.0,0.0,1.0,0.0,1.0,0.0,1.0,0.0,0.0,1.0,0.0,1.0,2.42521,-1.0,0.0,0.0,0.0,0.0,1.594011781272,2.0,-11.865186367601,-0.00087501161024363,-6.5019384059617,-0.26939778881553,-11.962057699154,-0.00087779781393446,-6.991703640615,0.0014871356207002,,0.26939970758959,,0.034218681226826,,0.0,,1.0,,1.0,,2.0
8.7,0,1.1287127590841,1.0166243621973,-0.00076575900672319,199.00792363054,-0.00017300975205362,-60.691802137734,0.0,0.0,0.0,0.0,4.5753349999114,0.0,0.0,0.0,0.0,0.0,1.0,0.0,1.0,0.0,1.0,0.0,1.0,0.0,1.0,0.0,1.0,0.0,1.0,0.0,1.0,0.0,0.0,1.0,0.0,1.0,2.42521,-1.0,0.0,0.0,0.0,0.0,1.594011781272,2.0,-11.320712454263,-0.0002806568594632,-6.7317958806552,-0.26847314434422,-11.409391882823,-0.00027058712744703,-7.1280719929413,0.0021043335939481,,0.26847370426762,,0.034101061899125,,0.0,,1.0,,1.0,,2.0
8.71,0,1.132141273282,1.0160278927677,-0.00058139978875386,198.96558357024,0.00022675821084182,-60.784234161275,0.0,0.0,0.0,0.0,4.5753349999114,0.0,0.0,0.0,0.0,0.0,1.0,0.0,1.0,0.0,1.0,0.0,1.0,0.0,1.0,0.0,1.0,0.0,1.0,0.0,1.0,0.0,0.0,1.0,0.0,1.0,2.42521,-1.0,0.0,0.0,0.0,0.0,1.594011781272,2.0,-10.689592900766,0.0005104572221568,-6.9898097639014,-0.26783226917572,-10.770591044339,0.00050309443073991,-7.2898314533339,0.0024907890500997,,0.26783299748651,,0.034019680440701,,0.0,,1.0,,1.0,,2.0
8.72,0,1.1353741515029,1.0153693157883,-0.00053826904981244,198.98195891647,-0.00021453844122346,-60.688462735881,0.0,0.0,0.0,0.0,4.5753349999114,0.0,0.0,0.0,0.0,0.0,1.0,0.0,1.0,0.0,1.0,0.0,1.0,0.0,1.0,0.0,1.0,0.0,1.0,0.0,1.0,0.0,0.0,1.0,0.0,1.0,2.42521,-1.0,0.0,0.0,0.0,0.0,1.594011781272,2.0,-9.9541143753376,0.0013692669584733,-7.2753159089827,-0.26747418030359,-10.027364902667,0.0013595012257214,-7.4789711489516,0.0026035076151919,,0.26747777062156,,0.033974560143564,,0.0,,1.0,,1.0,,2.0
8.73,0,1.1379028691702,1.014836062554,-0.00080910405650373,199.04004327976,0.00014043347514556,-60.739478597215,0.0,0.0,0.0,0.0,4.5753349999114,0.0,0.0,0.0,0.0,0.0,1.0,0.0,1.0,0.0,1.0,0.0,1.0,0.0,1.0,0.0,1.0,0.0,1.0,0.0,1.0,0.0,0.0,1.0,0.0,1.0,2.42521,-1.0,0.0,0.0,0.0,0.0,1.594011781272,2.0,-9.12672568926,0.0022140972740626,-7.5873287875349,-0.26747766978838,-9.1929962604359,0.0022056541723389,-7.6989872974119,0.0024298931464267,,0.26748677116689,,0.033975703377141,,0.0,,1.0,,1.0,,2.0
8.74,0,1.1396503578855,1.0143531254759,-0.00039842713979087,198.96491088565,-2.7539272632209e-05,-60.651439433597,0.0,0.0,0.0,0.0,4.5753349999114,0.0,0.0,0.0,0.0,0.0,1.0,0.0,1.0,0.0,1.0,0.0,1.0,0.0,1.0,0.0,1.0,0.0,1.0,0.0,1.0,0.0,0.0,1.0,0.0,1.0,2.42521,-1.0,0.0,0.0,0.0,0.0,1.594011781272,2.0,-8.2027359380639,0.0029754280179488,-7.9088955232416,-0.26776047824158,-8.2629063704039,0.002946753773384,-7.9355914307645,0.0019881603865445,,0.26777677486916,,0.034012539141856,,0.0,,1.0,,1.0,,2.0
8.75,0,1.1402708007481,1.0138196529985,-0.00084068338828601,199.06636484394,-9.3691624415939e-05,-60.581547960735,0.0,0.0,0.0,0.0,4.5753349999114,0.0,0.0,0.0,0.0,0.0,1.0,0.0,1.0,0.0,1.0,0.0,1.0,0.0,1.0,0.0,1.0,0.0,1.0,0.0,1.0,0.0,0.0,1.0,0.0,1.0,2.42521,-1.0,0.0,0.0,0.0,0.0,1.594011781272,2.0,-7.1940405834157,0.0035170414617711,-8.2468200091726,-0.26831055483112,-7.249063153861,0.00350047667497,-8.1997792815296,0.0013265625579066,,0.26833328898597,,0.034083226594829,,0.0,,1.0,,1.0,,2.0
8.76,0,1.1402334453972,1.0133148063164,-0.00049464055229782,199.01364327017,0.00018827267781264,-60.550409089758,0.0,0.0,0.0,0.0,4.5753349999114,0.0,0.0,0.0,0.0,0.0,1.0,0.0,1.0,0.0,1.0,0.0,1.0,0.0,1.0,0.0,1.0,0.0,1.0,0.0,1.0,0.0,0.0,1.0,0.0,1.0,2.42521,-1.0,0.0,0.0,0.0,0.0,1.594011781272,2.0,-6.1187517516372,0.0038394298634255,-8.5781441652358,-0.26904928038666,-6.1702181217295,0.0038037089672605,-8.4708943345891,0.00051952285556462,,0.26907626972767,,0.034177598713438,,0.0,,1.0,,1.0,,2.0
8.77,0,1.1389076183351,1.0127781296953,-0.00064809605443431,199.04775311918,-0.00022949136114282,-60.362012289047,0.0,0.0,0.0,0.0,4.5753349999114,0.0,0.0,0.0,0.0,0.0,1.0,0.0,1.0,0.0,1.0,0.0,1.0,0.0,1.0,0.0,1.0,0.0,1.0,0.0,1.0,0.0,0.0,1.0,0.0,1.0,2.42521,-1.0,0.0,0.0,0.0,0.0,1.594011781272,2.0,-4.9853862607865,0.0038531519037975,-8.906298819123,-0.26984665005003,-5.0343899716732,0.0038204401890248,-8.7550953609164,-0.00034197414445527,,0.26987375148748,,0.034278893456358,,0.0,,1.0,,1.0,,2.0
8.78,0,1.1359101342971,1.0123381670397,-0.00072251726048316,199.08880601854,0.00020803198662154,-60.327959796507,0.0,0.0,0.0,0.0,4.5753349999114,0.0,0.0,0.0,0.0,0.0,1.0,0.0,1.0,0.0,1.0,0.0,1.0,0.0,1.0,0.0,1.0,0.0,1.0,0.0,1.0,0.0,0.0,1.0,0.0,1.0,2.42521,-1.0,0.0,0.0,0.0,0.0,1.594011781272,2.0,-3.8298286790986,0.0035817587324216,-9.2175720283761,-0.27065548656653,-3.8782538619854,0.0035488299049285,-9.0403218743327,-0.0011592455824245,,0.27067882146986,,0.034381152042082,,0.0,,1.0,,1.0,,2.0
8.79,0,1.1313176654164,1.0119128404286,-0.0004306382947428,199.02627775556,-0.00012902361831736,-60.132167031693,0.0,0.0,0.0,0.0,4.5753349999114,0.0,0.0,0.0,0.0,0.0,1.0,0.0,1.0,0.0,1.0,0.0,1.0,0.0,1.0,0.0,1.0,0.0,1.0,0.0,1.0,0.0,0.0,1.0,0.0,1.0,2.42521,-1.0,0.0,0.0,0.0,0.0,1.594011781272,2.0,-2.6629901041088,0.0030646633174126,-9.5038663448371,-0.27131121614537,-2.711926969848,0.0030185284450302,-9.3188075545153,-0.0018369859381989,,0.27132822440363,,0.034463638070657,,0.0,,1.0,,1.0,,2.0
8.8,0,1.1253383796687,1.0114975144031,-0.00084004256261987,199.12420757347,1.5551724642012e-05,-59.991586841028,0.0,0.0,0.0,0.0,4.5753349999114,0.0,0.0,0.0,0.0,0.0,1.0,0.0,1.0,0.0,1.0,0.0,1.0,0.0,1.0,0.0,1.0,0.0,1.0,0.0,1.0,0.0,0.0,1.0,0.0,1.0,2.42521,-1.0,0.0,0.0,0.0,0.0,1.594011781272,2.0,-1.5210474761283,0.0023216907432437,-9.7665701807159,-0.2717741738507,-1.5721648983546,0.0022909078811435,-9.5921158607679,-0.0022959005025484,,0.27178394519532,,0.034521522931182,,0.0,,1.0,,1.0,,2.0
8.81,0,1.1180212234825,1.0110157676012,-0.00040388944450034,199.05743712383,9.979613674388e-05,-59.859751873081,0.0,0.0,0.0,0.0,4.5753349999114,0.0,0.0,0.0,0.0,0.0,1.0,0.0,1.0,0.0,1.0,0.0,1.0,0.0,1.0,0.0,1.0,0.0,1.0,0.0,1.0,0.0,0.0,1.0,0.0,1.0,2.42521,-1.0,0.0,0.0,0.0,0.0,1.594011781272,2.0,-0.42238356379975,0.0014982348683067,-9.9900503191127,-0.27196858073173,-0.47661001028479,0.0014515086727828,-9.8425139017548,-0.0024809320252583,,0.27197267825712,,0.034545495475683,,0.0,,1.0,,1.0,,2.0
8.82,0,1.1097293943444,1.010627516927,-0.00072042236050931,199.10686203072,-0.00018706666416107,-59.592938527025,0.0,0.0,0.0,0.0,4.5753349999114,0.0,0.0,0.0,0.0,0.0,1.0,0.0,1.0,0.0,1.0,0.0,1.0,0.0,1.0,0.0,1.0,0.0,1.0,0.0,1.0,0.0,0.0,1.0,0.0,1.0,2.42521,-1.0,0.0,0.0,0.0,0.0,1.594011781272,2.0,0.61250633647032,0.00063534481167272,-10.185252735941,-0.27184620238578,0.55418089888726,0.00059939992703558,-10.079575210788,-0.0023687486412219,,0.27184708180734,,0.034529542433578,,0.0,,1.0,,1.0,,2.0
8.83,0,1.1008123195147,1.0101474980471,-0.00057664452403072,199.12072008054,0.00022154238327505,-59.482512927397,0.0,0.0,0.0,0.0,4.5753349999114,0.0,0.0,0.0,0.0,0.0,1.0,0.0,1.0,0.0,1.0,0.0,1.0,0.0,1.0,0.0,1.0,0.0,1.0,0.0,1.0,0.0,0.0,1.0,0.0,1.0,2.42521,-1.0,0.0,0.0,0.0,0.0,1.594011781272,2.0,1.559299497554,-0.00012630093495855,-10.34031964756,-0.27146379033398,1.4961350032241,-0.00016255426616652,-10.287819303681,-0.0019722504695251,,0.2714640899695,,0.034480895477986,,0.0,,1.0,,1.0,,2.0
8.84,0,1.0913638406764,1.0096649428154,-0.00047703627400835,199.0739597146,-0.00019480800255427,-59.189983156901,0.0,0.0,0.0,0.0,4.5753349999114,0.0,0.0,0.0,0.0,0.0,1.0,0.0,1.0,0.0,1.0,0.0,1.0,0.0,1.0,0.0,1.0,0.0,1.0,0.0,1.0,0.0,0.0,1.0,0.0,1.0,2.42521,-1.0,0.0,0.0,0.0,0.0,1.594011781272,2.0,2.4162368455761,-0.00069857948244791,-10.464647140219,-0.27080785287336,2.3481499312228,-0.00074169031571877,-10.473975676222,-0.0013382609367693,,0.27080911421294,,0.034397701599175,,0.0,,1.0,,1.0,,2.0
8.85,0,1.0818017322389,1.0093078316009,-0.00075191530166387,199.16870277321,0.00011642854872887,-58.984058617384,0.0,0.0,0.0,0.0,4.5753349999114,0.0,0.0,0.0,0.0,0.0,1.0,0.0,1.0,0.0,1.0,0.0,1.0,0.0,1.0,0.0,1.0,0.0,1.0,0.0,1.0,0.0,0.0,1.0,0.0,1.0,2.42521,-1.0,0.0,0.0,0.0,0.0,1.594011781272,2.0,3.1626271354587,-0.0010386525442989,-10.559089457317,-0.27000738782696,3.0891419892868,-0.0010663122424656,-10.635133067253,-0.00054341832804567,,0.27000983051227,,0.034296177976868,,0.0,,1.0,,1.0,,2.0
8.86,0,1.0720809353975,1.0088475681988,-0.00034211179156164,199.08315450098,-6.9704920409374e-06,-58.761401552437,0.0,0.0,0.0,0.0,4.5753349999114,0.0,0.0,0.0,0.0,0.0,1.0,0.0,1.0,0.0,1.0,0.0,1.0,0.0,1.0,0.0,1.0,0.0,1.0,0.0,1.0,0.0,0.0,1.0,0.0,1.0,2.42521,-1.0,0.0,0.0,0.0,0.0,1.594011781272,2.0,3.8060820912584,-0.0010524138165664,-10.624601816838,-0.26913221475834,3.7278272982253,-0.0010954369164312,-10.768818153481,0.00031415751224263,,0.26913469684673,,0.034185020024248,,0.0,,1.0,,1.0,,2.0
8.87,0,1.0627271978523,1.0083957480381,-0.00073601660329659,199.14910831675,-0.00010227392710534,-58.435883148114,0.0,0.0,0.0,0.0,4.5753349999114,0.0,0.0,0.0,0.0,0.0,1.0,0.0,1.0,0.0,1.0,0.0,1.0,0.0,1.0,0.0,1.0,0.0,1.0,0.0,1.0,0.0,0.0,1.0,0.0,1.0,2.42521,-1.0,0.0,0.0,0.0,0.0,1.594011781272,2.0,4.3398686212979,-0.00079382170333165,-10.674058308407,-0.26828674517475,4.2568347652621,-0.00082406193499911,-10.885165045205,0.0011280528926316,,0.26828831810476,,0.034077514471892,,0.0,,1.0,,1.0,,2.0
8.88,0,1.0539164413658,1.0080119264799,-0.00042976271131711,199.14430573997,0.0001813545312355,-58.249909063218,0.0,0.0,0.0,0.0,4.5753349999114,0.0,0.0,0.0,0.0,0.0,1.0,0.0,1.0,0.0,1.0,0.0,1.0,0.0,1.0,0.0,1.0,0.0,1.0,0.0,1.0,0.0,0.0,1.0,0.0,1.0,2.42521,-1.0,0.0,0.0,0.0,0.0,1.594011781272,2.0,4.7691811652821,-0.00024972844565766,-10.702427058671,-0.26761389773424,4.6821719249325,-0.00028530823840513,-10.975667772806,0.001795606078773,,0.26761430787392,,0.03399190286734,,0.0,,1.0,,1.0,,2.0
8.89,0,1.0455421848161,1.007659077249,-0.00053333248382701,199.10756984255,-0.00021062511482196,-57.878315233034,0.0,0.0,0.0,0.0,4.5753349999114,0.0,0.0,0.0,0.0,0.0,1.0,0.0,1.0,0.0,1.0,0.0,1.0,0.0,1.0,0.0,1.0,0.0,1.0,0.0,1.0,0.0,0.0,1.0,0.0,1.0,2.42521,-1.0,0.0,0.0,0.0,0.0,1.594011781272,2.0,5.1038744949433,0.00049346819954878,-10.724949885588,-0.26714541794863,5.0135269451806,0.00045315006951427,-11.054141814749,0.0022310408439739,,0.26714601880321,,0.033932421605924,,0.0,,1.0,,1.0,,2.0
8.9,0,1.0380176240417,1.0072123630261,-0.00062708385096362,199.18951146416,0.00018136439347636,-57.637542873616,0.0,0.0,0.0,0.0,4.5753349999114,0.0,0.0,0.0,0.0,0.0,1.0,0.0,1.0,0.0,1.0,0.0,1.0,0.0,1.0,0.0,1.0,0.0,1.0,0.0,1.0,0.0,0.0,1.0,0.0,1.0,2.42521,-1.0,0.0,0.0,0.0,0.0,1.594011781272,2.0,5.342287831393,0.0013280714437536,-10.738694194982,-0.26699756626122,5.2492105484633,0.0012980755669252,-11.115050126655,0.0023780370459849,,0.26700088000932,,0.033913986329338,,0.0,,1.0,,1.0,,2.0
8.91,0,1.0313023006891,1.0067658153455,-0.0003360334441222,199.10916700843,-0.00010286787422605,-57.323148646455,0.0,0.0,0.0,0.0,4.5753349999114,0.0,0.0,0.0,0.0,0.0,1.0,0.0,1.0,0.0,1.0,0.0,1.0,0.0,1.0,0.0,1.0,0.0,1.0,0.0,1.0,0.0,0.0,1.0,0.0,1.0,2.42521,-1.0,0.0,0.0,0.0,0.0,1.594011781272,2.0,5.5027631271839,0.0021869575082332,-10.750823000008,-0.26715518385779,5.4081301588135,0.0021397993943982,-11.164844455043,0.0022163102719747,,0.26716395988337,,0.03393470045065,,0.0,,1.0,,1.0,,2.0
8.92,0,1.025498045389,1.0064263949558,-0.00071680987648477,199.18858665582,-2.3781258148323e-06,-56.949499657849,0.0,0.0,0.0,0.0,4.5753349999114,0.0,0.0,0.0,0.0,0.0,1.0,0.0,1.0,0.0,1.0,0.0,1.0,0.0,1.0,0.0,1.0,0.0,1.0,0.0,1.0,0.0,0.0,1.0,0.0,1.0,2.42521,-1.0,0.0,0.0,0.0,0.0,1.594011781272,2.0,5.5827241129576,0.0029031732654405,-10.766168487183,-0.2676066084849,5.486906672297,0.0028688543408616,-11.207401971293,0.0017654966934661,,0.26762206965358,,0.033992888755063,,0.0,,1.0,,1.0,,2.0
8.93,0,1.020789270398,1.0060823319444,-0.00032938701274848,199.15699871146,0.00010690115677553,-56.712325963414,0.0,0.0,0.0,0.0,4.5753349999114,0.0,0.0,0.0,0.0,0.0,1.0,0.0,1.0,0.0,1.0,0.0,1.0,0.0,1.0,0.0,1.0,0.0,1.0,0.0,1.0,0.0,0.0,1.0,0.0,1.0,2.42521,-1.0,0.0,0.0,0.0,0.0,1.594011781272,2.0,5.5955012169055,0.0034330516245537,-10.780772987953,-0.26831540528293,5.4997311042029,0.00338899440148,-11.238133803758,0.0010842580743239,,0.26833696503341,,0.034083693519967,,0.0,,1.0,,1.0,,2.0
8.94,0,1.0172646974718,1.0057650469957,-0.00059840928994861,199.14470400477,-0.0001809266382143,-56.282591367498,0.0,0.0,0.0,0.0,4.5753349999114,0.0,0.0,0.0,0.0,0.0,1.0,0.0,1.0,0.0,1.0,0.0,1.0,0.0,1.0,0.0,1.0,0.0,1.0,0.0,1.0,0.0,0.0,1.0,0.0,1.0,2.42521,-1.0,0.0,0.0,0.0,0.0,1.594011781272,2.0,5.5454186426868,0.0036745914402571,-10.804564987693,-0.26914274861061,5.4501774288743,0.0036294900487778,-11.267629000785,0.000261958115897,,0.26916739014866,,0.034189172670466,,0.0,,1.0,,1.0,,2.0
8.95,0,1.0150654197045,1.005450688544,-0.00050821416252539,199.21617008215,0.00020434832938966,-56.000993117528,0.0,0.0,0.0,0.0,4.5753349999114,0.0,0.0,0.0,0.0,0.0,1.0,0.0,1.0,0.0,1.0,0.0,1.0,0.0,1.0,0.0,1.0,0.0,1.0,0.0,1.0,0.0,0.0,1.0,0.0,1.0,2.42521,-1.0,0.0,0.0,0.0,0.0,1.594011781272,2.0,5.4331772476517,0.0035946355535617,-10.829005407371,-0.27003090909469,5.3392175059199,0.003557913728392,-11.286898639129,-0.00059186217367438,,0.27005441825908,,0.034301841434739,,0.0,,1.0,,1.0,,2.0
8.96,0,1.0142296577892,1.0051049993969,-0.00038646357702428,199.13084592869,-0.00017154640776405,-55.62442229269,0.0,0.0,0.0,0.0,4.5753349999114,0.0,0.0,0.0,0.0,0.0,1.0,0.0,1.0,0.0,1.0,0.0,1.0,0.0,1.0,0.0,1.0,0.0,1.0,0.0,1.0,0.0,0.0,1.0,0.0,1.0,2.42521,-1.0,0.0,0.0,0.0,0.0,1.594011781272,2.0,5.2702222320831,0.0032323326265158,-10.860204041717,-0.27081312731021,5.178339103243,0.0031821367003266,-11.303403439489,-0.0013614709996336,,0.27083204945081,,0.034400614793107,,0.0,,1.0,,1.0,,2.0
8.97,0,1.0148134244401,1.0048396197513,-0.00068314020789729,199.22008827774,8.9812500788072e-05,-55.236179565453,0.0,0.0,0.0,0.0,4.5753349999114,0.0,0.0,0.0,0.0,0.0,1.0,0.0,1.0,0.0,1.0,0.0,1.0,0.0,1.0,0.0,1.0,0.0,1.0,0.0,1.0,0.0,0.0,1.0,0.0,1.0,2.42521,-1.0,0.0,0.0,0.0,0.0,1.594011781272,2.0,5.0490120935981,0.0025861311698149,-10.894608554199,-0.27140242712929,4.9593864545104,0.0025521588612722,-11.314004674826,-0.0019418775633495,,0.27141453503487,,0.034474601096576,,0.0,,1.0,,1.0,,2.0
8.98,0,1.0168100266761,1.0045714610769,-0.00029604237280086,199.17323096769,1.7594061307928e-05,-54.945200950977,0.0,0.0,0.0,0.0,4.5753349999114,0.0,0.0,0.0,0.0,0.0,1.0,0.0,1.0,0.0,1.0,0.0,1.0,0.0,1.0,0.0,1.0,0.0,1.0,0.0,1.0,0.0,0.0,1.0,0.0,1.0,2.42521,-1.0,0.0,0.0,0.0,0.0,1.594011781272,2.0,4.7794346593273,0.0017980795017553,-10.92808113884,-0.27172110890741,4.6928896638331,0.0017541020115156,-11.315614562416,-0.0022524740523559,,0.27172697347647,,0.03451428648277,,0.0,,1.0,,1.0,,2.0
8.99,0,1.0202937946212,1.0043568116046,-0.0006708658145286,199.17940985759,-0.00012055867951945,-54.483590937905,0.0,0.0,0.0,0.0,4.5753349999114,0.0,0.0,0.0,0.0,0.0,1.0,0.0,1.0,0.0,1.0,0.0,1.0,0.0,1.0,0.0,1.0,0.0,1.0,0.0,1.0,0.0,0.0,1.0,0.0,1.0,2.42521,-1.0,0.0,0.0,0.0,0.0,1.594011781272,2.0,4.4570566031645,0.00093498151529061,-10.964971840859,-0.27169336859404,4.373596701923,0.00089748221205787,-11.314152278259,-0.00224875038716,,0.27169507264636,,0.03451023449494,,0.0,,1.0,,1.0,,2.0
9.0,0,1.0252372985821,1.0041831110752,-0.00042712149995013,199.22973033477,0.00019095843062935,-54.196080057128,0.0,0.0,0.0,0.0,4.5753349999114,0.0,0.0,0.0,0.0,0.0,1.0,0.0,1.0,0.0,1.0,0.0,1.0,0.0,1.0,0.0,1.0,0.0,1.0,0.0,1.0,0.0,0.0,1.0,0.0,1.0,2.42521,-1.0,0.0,0.0,0.0,0.0,1.594011781272,2.0,4.0815493256382,0.00013228526407926,-10.994222075494,-0.2713604632552,4.0015180816985,0.00010226552286769,-11.299254423926,-0.0019303076269387,,0.27136075460684,,0.034467770000361,,0.0,,1.0,,1.0,,2.0
