time_s,PAPER_OVL1_S_A_PU,PAPER_OVL1_S_B_PU,PAPER_OVL1_S_MAX_PU,PAPER_OVL1_EFFECTIVE_CAPACITY_PU,PAPER_OVL1_LOADING_INDEX_EQ,PAPER_OVL1_ABOVE_THRESHOLD,PAPER_OVL1_TIMER_OR_CURVE_STATE,PAPER_OVL1_TRIP_REQUEST,PAPER_OVL1_BRK_CMD,PAPER_OVL1_BRK_STATE,PAPER_OVL1_TRIP_EVENT_VALID,PAPER_OVL1_FIRST_TRIP_TIME_S,PAPER_OVL1_RELAY_ENABLE
0.0,0.0,0.0,0.0,7.87288399,0.0,0.0,1.0,1.0,1.0,2.0,1.0,-1.0,1.0
0.01,0.00024471873161063,5.5094959756515e-07,0.00024471873161063,7.87288399,3.1083746683105e-05,0.0,1.0,1.0,1.0,2.0,1.0,-1.0,1.0
0.02,0.002090789884952,5.1998898259528e-06,0.002090789884952,7.87288399,0.00026556848641586,0.0,1.0,1.0,1.0,2.0,1.0,-1.0,1.0
0.03,0.0069253744166282,1.7368332149111e-05,0.0069253744166282,7.87288399,0.00087964898573695,0.0,1.0,1.0,1.0,2.0,1.0,-1.0,1.0
0.04,0.015523637953604,3.9116498125057e-05,0.015523637953604,7.87288399,0.0019717854312755,0.0,1.0,1.0,1.0,2.0,1.0,-1.0,1.0
0.05,0.028558934816127,7.1614087924317e-05,0.028558934816127,7.87288399,0.003627506114964,0.0,1.0,1.0,1.0,2.0,1.0,-1.0,1.0
0.06,0.046151728887783,0.00011588258908432,0.046151728887783,7.87288399,0.0058621121492967,0.0,1.0,1.0,1.0,2.0,1.0,-1.0,1.0
0.07,0.068555280688793,0.00017200991637141,0.068555280688793,7.87288399,0.0087077722440557,0.0,1.0,1.0,1.0,2.0,1.0,-1.0,1.0
0.08,0.095971322073968,0.00024059877727276,0.095971322073968,7.87288399,0.01219011002777,0.0,1.0,1.0,1.0,2.0,1.0,-1.0,1.0
0.09,0.12806830288532,0.00032170964804131,0.12806830288532,7.87288399,0.016267012577346,0.0,1.0,1.0,1.0,2.0,1.0,-1.0,1.0
0.1,0.1654164616561,0.00041503337945807,0.1654164616561,7.87288399,0.021010910597211,0.0,1.0,1.0,1.0,2.0,1.0,-1.0,1.0
0.11,0.20233649340826,0.00050600414858236,0.20233649340826,7.87288399,0.025700428669502,0.0,1.0,1.0,1.0,2.0,1.0,-1.0,1.0
0.12,0.22588791386853,0.00056289917789229,0.22588791386853,7.87288399,0.028691889040338,0.0,1.0,1.0,1.0,2.0,1.0,-1.0,1.0
0.13,0.24027322522828,0.00059743890328012,0.24027322522828,7.87288399,0.030519086212051,0.0,1.0,1.0,1.0,2.0,1.0,-1.0,1.0
0.14,0.24896188338109,0.00061842476427982,0.24896188338109,7.87288399,0.031622704424112,0.0,1.0,1.0,1.0,2.0,1.0,-1.0,1.0
0.15,0.25424091688753,0.000631101713093,0.25424091688753,7.87288399,0.032293238057421,0.0,1.0,1.0,1.0,2.0,1.0,-1.0,1.0
0.16,0.25744114660695,0.00063880152883837,0.25744114660695,7.87288399,0.03269972565758,0.0,1.0,1.0,1.0,2.0,1.0,-1.0,1.0
0.17,0.25937678877301,0.00064348046840429,0.25937678877301,7.87288399,0.032945587551203,0.0,1.0,1.0,1.0,2.0,1.0,-1.0,1.0
0.18,0.26054693835349,0.00064626519026956,0.26054693835349,7.87288399,0.033094217911052,0.0,1.0,1.0,1.0,2.0,1.0,-1.0,1.0
0.19,0.26125350128075,0.0006480018824375,0.26125350128075,7.87288399,0.033183964302356,0.0,1.0,1.0,1.0,2.0,1.0,-1.0,1.0
0.2,0.26167894892434,0.00064900439200403,0.26167894892434,7.87288399,0.033238003920383,0.0,1.0,1.0,1.0,2.0,1.0,-1.0,1.0
0.21,0.26193037663308,0.00064962253117596,0.26193037663308,7.87288399,0.033269939829646,0.0,1.0,1.0,1.0,2.0,1.0,-1.0,1.0
0.22,0.26208501720935,0.00065000611549636,0.26208501720935,7.87288399,0.033289582006066,0.0,1.0,1.0,1.0,2.0,1.0,-1.0,1.0
0.23,0.26217010087693,0.00065019407887112,0.26217010087693,7.87288399,0.0333003891852,0.0,1.0,1.0,1.0,2.0,1.0,-1.0,1.0
0.24,0.26222324483104,0.00065035225157335,0.26222324483104,7.87288399,0.033307139437608,0.0,1.0,1.0,1.0,2.0,1.0,-1.0,1.0
0.25,0.26225280848737,0.00065040461824883,0.26225280848737,7.87288399,0.033310894561698,0.0,1.0,1.0,1.0,2.0,1.0,-1.0,1.0
0.26,0.26226588394871,0.0006504507622515,0.26226588394871,7.87288399,0.033312555384003,0.0,1.0,1.0,1.0,2.0,1.0,-1.0,1.0
0.27,0.26227836475482,0.00065048705922014,0.26227836475482,7.87288399,0.033314140674239,0.0,1.0,1.0,1.0,2.0,1.0,-1.0,1.0
0.28,0.26227895053008,0.00065047495263386,0.26227895053008,7.87288399,0.033314215078391,0.0,1.0,1.0,1.0,2.0,1.0,-1.0,1.0
0.29,0.2622831166093,0.00065050919727959,0.2622831166093,7.87288399,0.033314744246511,0.0,1.0,1.0,1.0,2.0,1.0,-1.0,1.0
0.3,0.26228477721432,0.00065049468215331,0.26228477721432,7.87288399,0.033314955173666,0.0,1.0,1.0,1.0,2.0,1.0,-1.0,1.0
0.31,0.26228311478634,0.00065050236368668,0.26228311478634,7.87288399,0.033314744014961,0.0,1.0,1.0,1.0,2.0,1.0,-1.0,1.0
0.32,0.26228807180898,0.00065051701284682,0.26228807180898,7.87288399,0.033315373647335,0.0,1.0,1.0,1.0,2.0,1.0,-1.0,1.0
0.33,0.26228617643864,0.0006504985298011,0.26228617643864,7.87288399,0.033315132900699,0.0,1.0,1.0,1.0,2.0,1.0,-1.0,1.0
0.34,0.26228991059916,0.00065052705553682,0.26228991059916,7.87288399,0.033315607207259,0.0,1.0,1.0,1.0,2.0,1.0,-1.0,1.0
0.35,0.2622927635364,0.00065051518053347,0.2622927635364,7.87288399,0.033315969582374,0.0,1.0,1.0,1.0,2.0,1.0,-1.0,1.0
0.36,0.26229317148271,0.00065052455863088,0.26229317148271,7.87288399,0.033316021399003,0.0,1.0,1.0,1.0,2.0,1.0,-1.0,1.0
0.37,0.26229985177139,0.00065054169131242,0.26229985177139,7.87288399,0.033316869917626,0.0,1.0,1.0,1.0,2.0,1.0,-1.0,1.0
0.38,0.26230034599573,0.00065052828356289,0.26230034599573,7.87288399,0.03331693269314,0.0,1.0,1.0,1.0,2.0,1.0,-1.0,1.0
0.39,0.26230576456518,0.00065055773861861,0.26230576456518,7.87288399,0.033317620950386,0.0,1.0,1.0,1.0,2.0,1.0,-1.0,1.0
0.4,0.2623103600219,0.0006505503859664,0.2623103600219,7.87288399,0.033318204657287,0.0,1.0,1.0,1.0,2.0,1.0,-1.0,1.0
0.41,0.26153830367137,0.0006505378796587,0.26153830367137,7.87288399,0.033220139405531,0.0,1.0,1.0,1.0,2.0,1.0,-1.0,1.0
0.42,0.26169261330837,0.0006500219529552,0.26169261330837,7.87288399,0.033239739546623,0.0,1.0,1.0,1.0,2.0,1.0,-1.0,1.0
0.43,0.26156999132718,0.0006495397417262,0.26156999132718,7.87288399,0.033224164316332,0.0,1.0,1.0,1.0,2.0,1.0,-1.0,1.0
0.44,0.26150338930309,0.0006492201890983,0.26150338930309,7.87288399,0.033215704643336,0.0,1.0,1.0,1.0,2.0,1.0,-1.0,1.0
0.45,0.26145538936294,0.0006489774016888,0.26145538936294,7.87288399,0.033209607774614,0.0,1.0,1.0,1.0,2.0,1.0,-1.0,1.0
0.46,0.26141459749679,0.00064881978277825,0.26141459749679,7.87288399,0.033204426462886,0.0,1.0,1.0,1.0,2.0,1.0,-1.0,1.0
0.47,0.26138663348306,0.00064872191061974,0.26138663348306,7.87288399,0.03320087452261,0.0,1.0,1.0,1.0,2.0,1.0,-1.0,1.0
0.48,0.26135720291999,0.00064862873447724,0.26135720291999,7.87288399,0.033197136303795,0.0,1.0,1.0,1.0,2.0,1.0,-1.0,1.0
0.49,0.26133522803148,0.00064859174925559,0.26133522803148,7.87288399,0.033194345091764,0.0,1.0,1.0,1.0,2.0,1.0,-1.0,1.0
0.5,0.26131514194256,0.00064853697012175,0.26131514194256,7.87288399,0.033191793791764,0.0,1.0,1.0,1.0,2.0,1.0,-1.0,1.0
0.51,0.26154233371815,0.00069232975377305,0.26154233371815,7.87288399,0.033220651295047,0.0,1.0,1.0,1.0,2.0,1.0,-1.0,1.0
0.52,0.26168518263115,0.00087474427315637,0.26168518263115,7.87288399,0.033238795714955,0.0,1.0,1.0,1.0,2.0,1.0,-1.0,1.0
0.53,0.26176200105984,0.0010149874922927,0.26176200105984,7.87288399,0.033248553057853,0.0,1.0,1.0,1.0,2.0,1.0,-1.0,1.0
0.54,0.26180604602552,0.0011067301993227,0.26180604602552,7.87288399,0.033254147572612,0.0,1.0,1.0,1.0,2.0,1.0,-1.0,1.0
0.55,0.26182768396881,0.0011641853876561,0.26182768396881,7.87288399,0.033256895986449,0.0,1.0,1.0,1.0,2.0,1.0,-1.0,1.0
0.56,0.26183349469781,0.0011995243893353,0.26183349469781,7.87288399,0.033257634055118,0.0,1.0,1.0,1.0,2.0,1.0,-1.0,1.0
0.57,0.26183653484446,0.001221186322957,0.26183653484446,7.87288399,0.033258020209245,0.0,1.0,1.0,1.0,2.0,1.0,-1.0,1.0
0.58,0.26183001694923,0.0012343204691315,0.26183001694923,7.87288399,0.033257192317555,0.0,1.0,1.0,1.0,2.0,1.0,-1.0,1.0
0.59,0.2618245929773,0.0012423227588004,0.2618245929773,7.87288399,0.033256503374096,0.0,1.0,1.0,1.0,2.0,1.0,-1.0,1.0
0.6,0.26181731314005,0.0012471520950492,0.26181731314005,7.87288399,0.033255578701858,0.0,1.0,1.0,1.0,2.0,1.0,-1.0,1.0
0.61,0.26180655737785,0.001250062881961,0.26180655737785,7.87288399,0.033254212523694,0.0,1.0,1.0,1.0,2.0,1.0,-1.0,1.0
0.62,0.26179649607912,0.0012518154978235,0.26179649607912,7.87288399,0.033252934555069,0.0,1.0,1.0,1.0,2.0,1.0,-1.0,1.0
0.63,0.26177731104162,0.0012528180139775,0.26177731104162,7.87288399,0.03325049770505,0.0,1.0,1.0,1.0,2.0,1.0,-1.0,1.0
0.64,0.2617585972433,0.001253408324897,0.2617585972433,7.87288399,0.03324812071101,0.0,1.0,1.0,1.0,2.0,1.0,-1.0,1.0
0.65,0.2617390937701,0.0012537227217885,0.2617390937701,7.87288399,0.033245643413843,0.0,1.0,1.0,1.0,2.0,1.0,-1.0,1.0
0.66,0.26171873360321,0.0012538771054281,0.26171873360321,7.87288399,0.033243057300939,0.0,1.0,1.0,1.0,2.0,1.0,-1.0,1.0
0.67,0.26170352906886,0.0012539632441845,0.26170352906886,7.87288399,0.033241126047491,0.0,1.0,1.0,1.0,2.0,1.0,-1.0,1.0
0.68,0.26168293821833,0.001253954875839,0.26168293821833,7.87288399,0.033238510633552,0.0,1.0,1.0,1.0,2.0,1.0,-1.0,1.0
0.69,0.26166147726652,0.0012539216382985,0.26166147726652,7.87288399,0.033235784700864,0.0,1.0,1.0,1.0,2.0,1.0,-1.0,1.0
0.7,0.26163455353492,0.0012538411444193,0.26163455353492,7.87288399,0.033232364895411,0.0,1.0,1.0,1.0,2.0,1.0,-1.0,1.0
0.71,0.26096118259211,0.0012510937552972,0.26096118259211,7.87288399,0.03314683449211,0.0,1.0,1.0,1.0,2.0,1.0,-1.0,1.0
0.72,0.26204850951093,0.0012550829370248,0.26204850951093,7.87288399,0.033284944861855,0.0,1.0,1.0,1.0,2.0,1.0,-1.0,1.0
0.73,0.2620244239563,0.0012555815483756,0.2620244239563,7.87288399,0.033281885556693,0.0,1.0,1.0,1.0,2.0,1.0,-1.0,1.0
0.74,0.26191362189961,0.0012550161610964,0.26191362189961,7.87288399,0.033267811672607,0.0,1.0,1.0,1.0,2.0,1.0,-1.0,1.0
0.75,0.26195459080623,0.0012551552592243,0.26195459080623,7.87288399,0.033273015471708,0.0,1.0,1.0,1.0,2.0,1.0,-1.0,1.0
0.76,0.26193987675481,0.0012551506106395,0.26193987675481,7.87288399,0.033271146518547,0.0,1.0,1.0,1.0,2.0,1.0,-1.0,1.0
0.77,0.2619360297982,0.0012551354670713,0.2619360297982,7.87288399,0.033270657884824,0.0,1.0,1.0,1.0,2.0,1.0,-1.0,1.0
0.78,0.26193216964097,0.001255130541418,0.26193216964097,7.87288399,0.033270167574383,0.0,1.0,1.0,1.0,2.0,1.0,-1.0,1.0
0.79,0.26193904901672,0.001255163770024,0.26193904901672,7.87288399,0.033271041380697,0.0,1.0,1.0,1.0,2.0,1.0,-1.0,1.0
0.8,0.26193332020297,0.0012551493013274,0.26193332020297,7.87288399,0.033270313716761,0.0,1.0,1.0,1.0,2.0,1.0,-1.0,1.0
0.81,0.26193948386651,0.0012551738491557,0.26193948386651,7.87288399,0.03327109661456,0.0,1.0,1.0,1.0,2.0,1.0,-1.0,1.0
0.82,0.26193848573619,0.0012551767654643,0.26193848573619,7.87288399,0.033270969833787,0.0,1.0,1.0,1.0,2.0,1.0,-1.0,1.0
0.83,0.26194006610134,0.0012551846819936,0.26194006610134,7.87288399,0.033271170569013,0.0,1.0,1.0,1.0,2.0,1.0,-1.0,1.0
0.84,0.26194177809295,0.00125518885491,0.26194177809295,7.87288399,0.033271388023202,0.0,1.0,1.0,1.0,2.0,1.0,-1.0,1.0
0.85,0.26194080509656,0.001255193137445,0.26194080509656,7.87288399,0.033271264434897,0.0,1.0,1.0,1.0,2.0,1.0,-1.0,1.0
0.86,0.26194054676238,0.001255183811111,0.26194054676238,7.87288399,0.03327123162174,0.0,1.0,1.0,1.0,2.0,1.0,-1.0,1.0
0.87,0.26193769766595,0.0012551752025919,0.26193769766595,7.87288399,0.033270869734479,0.0,1.0,1.0,1.0,2.0,1.0,-1.0,1.0
0.88,0.2619386677091,0.0012551785753291,0.2619386677091,7.87288399,0.033270992947669,0.0,1.0,1.0,1.0,2.0,1.0,-1.0,1.0
0.89,0.26193462896569,0.0012551542912877,0.26193462896569,7.87288399,0.033270479953521,0.0,1.0,1.0,1.0,2.0,1.0,-1.0,1.0
0.9,0.2619333419046,0.0012551561106316,0.2619333419046,7.87288399,0.033270316473265,0.0,1.0,1.0,1.0,2.0,1.0,-1.0,1.0
0.91,0.26192837518862,0.0012551239544274,0.26192837518862,7.87288399,0.03326968560966,0.0,1.0,1.0,1.0,2.0,1.0,-1.0,1.0
0.92,0.26192338442043,0.0012551041253044,0.26192338442043,7.87288399,0.033269051690984,0.0,1.0,1.0,1.0,2.0,1.0,-1.0,1.0
0.93,0.26191868263827,0.001255082651264,0.26191868263827,7.87288399,0.033268454478811,0.0,1.0,1.0,1.0,2.0,1.0,-1.0,1.0
0.94,0.26190996927657,0.0012550341739487,0.26190996927657,7.87288399,0.033267347722797,0.0,1.0,1.0,1.0,2.0,1.0,-1.0,1.0
0.95,0.26190443647973,0.00125501666655,0.26190443647973,7.87288399,0.033266644956587,0.0,1.0,1.0,1.0,2.0,1.0,-1.0,1.0
0.96,0.26189436902462,0.0012549601511079,0.26189436902462,7.87288399,0.033265366205989,0.0,1.0,1.0,1.0,2.0,1.0,-1.0,1.0
0.97,0.26188538361845,0.001254921230922,0.26188538361845,7.87288399,0.033264224895361,0.0,1.0,1.0,1.0,2.0,1.0,-1.0,1.0
0.98,0.26187587103577,0.001254877223522,0.26187587103577,7.87288399,0.033263016623692,0.0,1.0,1.0,1.0,2.0,1.0,-1.0,1.0
0.99,0.26186315560565,0.0012548090768547,0.26186315560565,7.87288399,0.033261401531925,0.0,1.0,1.0,1.0,2.0,1.0,-1.0,1.0
1.0,0.26185320600706,0.0012547708601619,0.26185320600706,7.87288399,0.033260137751256,0.0,1.0,1.0,1.0,2.0,1.0,-1.0,1.0
1.01,0.26199199516939,0.0012554620902983,0.26199199516939,7.87288399,0.033277766508712,0.0,1.0,1.0,1.0,2.0,1.0,-1.0,1.0
1.02,0.26214001637297,0.0012561457815962,0.26214001637297,7.87288399,0.033296567903952,0.0,1.0,1.0,1.0,2.0,1.0,-1.0,1.0
1.03,0.26224235392444,0.001256608378576,0.26224235392444,7.87288399,0.03330956664134,0.0,1.0,1.0,1.0,2.0,1.0,-1.0,1.0
1.04,0.26230974637761,0.0012569084317153,0.26230974637761,7.87288399,0.03331812671326,0.0,1.0,1.0,1.0,2.0,1.0,-1.0,1.0
1.05,0.26235405504623,0.001257115723106,0.26235405504623,7.87288399,0.033323754723106,0.0,1.0,1.0,1.0,2.0,1.0,-1.0,1.0
1.06,0.26238123457616,0.001257233893884,0.26238123457616,7.87288399,0.033327207019617,0.0,1.0,1.0,1.0,2.0,1.0,-1.0,1.0
1.07,0.26240004564791,0.0012573202761261,0.26240004564791,7.87288399,0.033329596369158,0.0,1.0,1.0,1.0,2.0,1.0,-1.0,1.0
1.08,0.26241388326449,0.0012573846674751,0.26241388326449,7.87288399,0.033331353999094,0.0,1.0,1.0,1.0,2.0,1.0,-1.0,1.0
1.09,0.26241986706662,0.0012574052988254,0.26241986706662,7.87288399,0.033332114051209,0.0,1.0,1.0,1.0,2.0,1.0,-1.0,1.0
1.1,0.26242510571831,0.0012574342993896,0.26242510571831,7.87288399,0.033332779455615,0.0,1.0,1.0,1.0,2.0,1.0,-1.0,1.0
1.11,0.262424729069,0.0012574254703438,0.262424729069,7.87288399,0.033332731614276,0.0,1.0,1.0,1.0,2.0,1.0,-1.0,1.0
1.12,0.26242199383555,0.0012574127362606,0.26242199383555,7.87288399,0.033332384189691,0.0,1.0,1.0,1.0,2.0,1.0,-1.0,1.0
1.13,0.26241821517813,0.001257395311813,0.26241821517813,7.87288399,0.033331904231213,0.0,1.0,1.0,1.0,2.0,1.0,-1.0,1.0
1.14,0.26240945165447,0.0012573469550511,0.26240945165447,7.87288399,0.033330791103715,0.0,1.0,1.0,1.0,2.0,1.0,-1.0,1.0
1.15,0.26240140963959,0.0012573136659634,0.26240140963959,7.87288399,0.033329769621003,0.0,1.0,1.0,1.0,2.0,1.0,-1.0,1.0
1.16,0.26238937981871,0.0012572499105481,0.26238937981871,7.87288399,0.033328241614127,0.0,1.0,1.0,1.0,2.0,1.0,-1.0,1.0
1.17,0.26237585861182,0.0012571862218459,0.26237585861182,7.87288399,0.033326524173998,0.0,1.0,1.0,1.0,2.0,1.0,-1.0,1.0
1.18,0.26236183323604,0.0012571201613704,0.26236183323604,7.87288399,0.033324742695217,0.0,1.0,1.0,1.0,2.0,1.0,-1.0,1.0
1.19,0.26234350231829,0.0012570265714885,0.26234350231829,7.87288399,0.033322414334,0.0,1.0,1.0,1.0,2.0,1.0,-1.0,1.0
1.2,0.26232605709391,0.0012569486244439,0.26232605709391,7.87288399,0.033320198472011,0.0,1.0,1.0,1.0,2.0,1.0,-1.0,1.0
1.21,0.26228802931623,0.0012567892574001,0.26228802931623,7.87288399,0.033315368249981,0.0,1.0,1.0,1.0,2.0,1.0,-1.0,1.0
1.22,0.26222009144872,0.0012565711214875,0.26222009144872,7.87288399,0.033306738900482,0.0,1.0,1.0,1.0,2.0,1.0,-1.0,1.0
1.23,0.26223305304811,0.0012566413264402,0.26223305304811,7.87288399,0.033308385260242,0.0,1.0,1.0,1.0,2.0,1.0,-1.0,1.0
1.24,0.26224445791349,0.0012566781987978,0.26224445791349,7.87288399,0.033309833886361,0.0,1.0,1.0,1.0,2.0,1.0,-1.0,1.0
1.25,0.26225447716824,0.001256721040402,0.26225447716824,7.87288399,0.033311106514633,0.0,1.0,1.0,1.0,2.0,1.0,-1.0,1.0
1.26,0.26226311029729,0.0012567500032798,0.26226311029729,7.87288399,0.033312203079636,0.0,1.0,1.0,1.0,2.0,1.0,-1.0,1.0
1.27,0.26227039624156,0.0012567789411328,0.26227039624156,7.87288399,0.033313128527575,0.0,1.0,1.0,1.0,2.0,1.0,-1.0,1.0
1.28,0.262277268118,0.0012568050238012,0.262277268118,7.87288399,0.033314001381341,0.0,1.0,1.0,1.0,2.0,1.0,-1.0,1.0
1.29,0.26228032074759,0.0012568059117569,0.26228032074759,7.87288399,0.03331438912103,0.0,1.0,1.0,1.0,2.0,1.0,-1.0,1.0
1.3,0.26228340033517,0.001256818173742,0.26228340033517,7.87288399,0.033314780284876,0.0,1.0,1.0,1.0,2.0,1.0,-1.0,1.0
1.31,0.26228356515272,0.0012568063547119,0.26228356515272,7.87288399,0.033314801219715,0.0,1.0,1.0,1.0,2.0,1.0,-1.0,1.0
1.32,0.26228230964413,0.0012567945038131,0.26228230964413,7.87288399,0.033314641747201,0.0,1.0,1.0,1.0,2.0,1.0,-1.0,1.0
1.33,0.26228064032902,0.0012567810861993,0.26228064032902,7.87288399,0.033314429713706,0.0,1.0,1.0,1.0,2.0,1.0,-1.0,1.0
1.34,0.26227585016224,0.0012567468144646,0.26227585016224,7.87288399,0.033313821275072,0.0,1.0,1.0,1.0,2.0,1.0,-1.0,1.0
1.35,0.262271956569,0.0012567273222766,0.262271956569,7.87288399,0.033313326717646,0.0,1.0,1.0,1.0,2.0,1.0,-1.0,1.0
1.36,0.26226572748726,0.0012566874608376,0.26226572748726,7.87288399,0.033312535510543,0.0,1.0,1.0,1.0,2.0,1.0,-1.0,1.0
1.37,0.26225901541274,0.0012566514805634,0.26225901541274,7.87288399,0.033311682954538,0.0,1.0,1.0,1.0,2.0,1.0,-1.0,1.0
1.38,0.2622527419057,0.0012566183807493,0.2622527419057,7.87288399,0.033310886104611,0.0,1.0,1.0,1.0,2.0,1.0,-1.0,1.0
1.39,0.26224417329671,0.0012565686809426,0.26224417329671,7.87288399,0.033309797734833,0.0,1.0,1.0,1.0,2.0,1.0,-1.0,1.0
1.4,0.26223721805962,0.0012565368329175,0.26223721805962,7.87288399,0.033308914292743,0.0,1.0,1.0,1.0,2.0,1.0,-1.0,1.0
1.41,0.2622293046113,0.0012564913096769,0.2622293046113,7.87288399,0.033307909140333,0.0,1.0,1.0,1.0,2.0,1.0,-1.0,1.0
1.42,0.26222157931482,0.0012564530228519,0.26222157931482,7.87288399,0.03330692788664,0.0,1.0,1.0,1.0,2.0,1.0,-1.0,1.0
1.43,0.26221534173518,0.0012564223191363,0.26221534173518,7.87288399,0.033306135600148,0.0,1.0,1.0,1.0,2.0,1.0,-1.0,1.0
1.44,0.26220785140232,0.0012563803327895,0.26220785140232,7.87288399,0.033305184191126,0.0,1.0,1.0,1.0,2.0,1.0,-1.0,1.0
1.45,0.26220276671455,0.0012563591579008,0.26220276671455,7.87288399,0.03330453834295,0.0,1.0,1.0,1.0,2.0,1.0,-1.0,1.0
1.46,0.26219740931746,0.001256328135635,0.26219740931746,7.87288399,0.03330385785571,0.0,1.0,1.0,1.0,2.0,1.0,-1.0,1.0
1.47,0.26219295785873,0.0012563073815229,0.26219295785873,7.87288399,0.033303292439182,0.0,1.0,1.0,1.0,2.0,1.0,-1.0,1.0
1.48,0.26219081771042,0.0012562978724665,0.26219081771042,7.87288399,0.033303020601276,0.0,1.0,1.0,1.0,2.0,1.0,-1.0,1.0
1.49,0.26218823320907,0.0012562811967559,0.26218823320907,7.87288399,0.033302692322419,0.0,1.0,1.0,1.0,2.0,1.0,-1.0,1.0
1.5,0.26218854531811,0.0012562871405051,0.26218854531811,7.87288399,0.033302731965966,0.0,1.0,1.0,1.0,2.0,1.0,-1.0,1.0
1.51,0.26186212954139,0.0012546806478693,0.26186212954139,7.87288399,0.033261271203031,0.0,1.0,1.0,1.0,2.0,1.0,-1.0,1.0
1.52,0.26146966687968,0.0012528242582987,0.26146966687968,7.87288399,0.033211421279902,0.0,1.0,1.0,1.0,2.0,1.0,-1.0,1.0
1.53,0.26116040339145,0.0012513447738379,0.26116040339145,7.87288399,0.03317213917075,0.0,1.0,1.0,1.0,2.0,1.0,-1.0,1.0
1.54,0.26087689316271,0.0012499921436657,0.26087689316271,7.87288399,0.033136128195725,0.0,1.0,1.0,1.0,2.0,1.0,-1.0,1.0
1.55,0.26062346617434,0.0012487791064828,0.26062346617434,7.87288399,0.033103938341449,0.0,1.0,1.0,1.0,2.0,1.0,-1.0,1.0
1.56,0.26038695200477,0.0012476367382528,0.26038695200477,7.87288399,0.033073896723933,0.0,1.0,1.0,1.0,2.0,1.0,-1.0,1.0
1.57,0.26016169399177,0.0012465523937006,0.26016169399177,7.87288399,0.033045284843803,0.0,1.0,1.0,1.0,2.0,1.0,-1.0,1.0
1.58,0.25994462675227,0.001245506402502,0.25994462675227,7.87288399,0.033017713341444,0.0,1.0,1.0,1.0,2.0,1.0,-1.0,1.0
1.59,0.25973004416026,0.001244467479593,0.25973004416026,7.87288399,0.032990457434679,0.0,1.0,1.0,1.0,2.0,1.0,-1.0,1.0
1.6,0.25951940015567,0.0012434544965818,0.25951940015567,7.87288399,0.032963701800422,0.0,1.0,1.0,1.0,2.0,1.0,-1.0,1.0
1.61,0.25931001204316,0.0012424396059162,0.25931001204316,7.87288399,0.032937105687387,0.0,1.0,1.0,1.0,2.0,1.0,-1.0,1.0
1.62,0.25910241350158,0.0012414378529619,0.25910241350158,7.87288399,0.032910736882531,0.0,1.0,1.0,1.0,2.0,1.0,-1.0,1.0
1.63,0.25889685411815,0.001240445343986,0.25889685411815,7.87288399,0.032884627087989,0.0,1.0,1.0,1.0,2.0,1.0,-1.0,1.0
1.64,0.25869064539221,0.0012394453251854,0.25869064539221,7.87288399,0.032858434815094,0.0,1.0,1.0,1.0,2.0,1.0,-1.0,1.0
1.65,0.25848678600099,0.0012384638114938,0.25848678600099,7.87288399,0.032832540950599,0.0,1.0,1.0,1.0,2.0,1.0,-1.0,1.0
1.66,0.25828353432302,0.001237477146,0.25828353432302,7.87288399,0.032806724276781,0.0,1.0,1.0,1.0,2.0,1.0,-1.0,1.0
1.67,0.25808056186636,0.001236496805813,0.25808056186636,7.87288399,0.032780943069169,0.0,1.0,1.0,1.0,2.0,1.0,-1.0,1.0
1.68,0.25787917697264,0.0012355229080419,0.25787917697264,7.87288399,0.032755363511033,0.0,1.0,1.0,1.0,2.0,1.0,-1.0,1.0
1.69,0.25767702517507,0.0012345408449697,0.25767702517507,7.87288399,0.032729686542106,0.0,1.0,1.0,1.0,2.0,1.0,-1.0,1.0
1.7,0.25747632983407,0.0012335727511642,0.25747632983407,7.87288399,0.032704194569755,0.0,1.0,1.0,1.0,2.0,1.0,-1.0,1.0
1.71,0.25727723723679,0.0012326033107079,0.25727723723679,7.87288399,0.032678906175117,0.0,1.0,1.0,1.0,2.0,1.0,-1.0,1.0
1.72,0.25708011809983,0.00123164120124,0.25708011809983,7.87288399,0.032653868445968,0.0,1.0,1.0,1.0,2.0,1.0,-1.0,1.0
1.73,0.2568769479573,0.0012306726013956,0.2568769479573,7.87288399,0.032628062128641,0.0,1.0,1.0,1.0,2.0,1.0,-1.0,1.0
1.74,0.25673724595987,0.0012299861790931,0.25673724595987,7.87288399,0.032610317424463,0.0,1.0,1.0,1.0,2.0,1.0,-1.0,1.0
1.75,0.2566649590805,0.0012296282204345,0.2566649590805,7.87288399,0.032601135671059,0.0,1.0,1.0,1.0,2.0,1.0,-1.0,1.0
1.76,0.25663125721831,0.00122945146013,0.25663125721831,7.87288399,0.032596854919275,0.0,1.0,1.0,1.0,2.0,1.0,-1.0,1.0
1.77,0.25662541646597,0.0012294113220337,0.25662541646597,7.87288399,0.032596113037095,0.0,1.0,1.0,1.0,2.0,1.0,-1.0,1.0
1.78,0.25663757799238,0.0012294581986537,0.25663757799238,7.87288399,0.032597657772979,0.0,1.0,1.0,1.0,2.0,1.0,-1.0,1.0
1.79,0.25665836358026,0.001229542886963,0.25665836358026,7.87288399,0.032600297922117,0.0,1.0,1.0,1.0,2.0,1.0,-1.0,1.0
1.8,0.25668584130743,0.0012296659009165,0.25668584130743,7.87288399,0.032603788095121,0.0,1.0,1.0,1.0,2.0,1.0,-1.0,1.0
1.81,0.25671578663221,0.0012297952356549,0.25671578663221,7.87288399,0.032607591698073,0.0,1.0,1.0,1.0,2.0,1.0,-1.0,1.0
1.82,0.25674701153711,0.0012299339155606,0.25674701153711,7.87288399,0.03261155783106,0.0,1.0,1.0,1.0,2.0,1.0,-1.0,1.0
1.83,0.25677872587635,0.0012300746505816,0.25677872587635,7.87288399,0.032615586131144,0.0,1.0,1.0,1.0,2.0,1.0,-1.0,1.0
1.84,0.25680697002902,0.0012301957655727,0.25680697002902,7.87288399,0.032619173654179,0.0,1.0,1.0,1.0,2.0,1.0,-1.0,1.0
1.85,0.25683476651806,0.0012303201542044,0.25683476651806,7.87288399,0.032622704315761,0.0,1.0,1.0,1.0,2.0,1.0,-1.0,1.0
1.86,0.25686158572126,0.0012304336955936,0.25686158572126,7.87288399,0.032626110844199,0.0,1.0,1.0,1.0,2.0,1.0,-1.0,1.0
1.87,0.25688657077207,0.0012305421405854,0.25688657077207,7.87288399,0.032629284401798,0.0,1.0,1.0,1.0,2.0,1.0,-1.0,1.0
1.88,0.25691092735732,0.0012306479178572,0.25691092735732,7.87288399,0.032632378132797,0.0,1.0,1.0,1.0,2.0,1.0,-1.0,1.0
1.89,0.25693245296028,0.0012307358122161,0.25693245296028,7.87288399,0.03263511227736,0.0,1.0,1.0,1.0,2.0,1.0,-1.0,1.0
1.9,0.25695221332637,0.00123082206691,0.25695221332637,7.87288399,0.032637622204614,0.0,1.0,1.0,1.0,2.0,1.0,-1.0,1.0
1.91,0.25697138300664,0.0012308987572106,0.25697138300664,7.87288399,0.032640057103984,0.0,1.0,1.0,1.0,2.0,1.0,-1.0,1.0
1.92,0.25698866791544,0.0012309708527307,0.25698866791544,7.87288399,0.032642252602968,0.0,1.0,1.0,1.0,2.0,1.0,-1.0,1.0
1.93,0.25700529664175,0.0012310392773202,0.25700529664175,7.87288399,0.032644364754795,0.0,1.0,1.0,1.0,2.0,1.0,-1.0,1.0
1.94,0.25701963291933,0.0012310934659374,0.25701963291933,7.87288399,0.032646185723782,0.0,1.0,1.0,1.0,2.0,1.0,-1.0,1.0
1.95,0.2570342473764,0.001231154700311,0.2570342473764,7.87288399,0.032648042026643,0.0,1.0,1.0,1.0,2.0,1.0,-1.0,1.0
1.96,0.25704865331074,0.0012312101385639,0.25704865331074,7.87288399,0.032649871843309,0.0,1.0,1.0,1.0,2.0,1.0,-1.0,1.0
1.97,0.25706208181654,0.0012312637665784,0.25706208181654,7.87288399,0.032651577508706,0.0,1.0,1.0,1.0,2.0,1.0,-1.0,1.0
1.98,0.25707473738342,0.0012313148915586,0.25707473738342,7.87288399,0.032653184996749,0.0,1.0,1.0,1.0,2.0,1.0,-1.0,1.0
1.99,0.25708619702423,0.0012313564079764,0.25708619702423,7.87288399,0.032654640580348,0.0,1.0,1.0,1.0,2.0,1.0,-1.0,1.0
2.0,0.25709818593324,0.0012314060533611,0.25709818593324,7.87288399,0.032656163390671,0.0,1.0,1.0,1.0,2.0,1.0,-1.0,1.0
2.01,0.25710950675522,0.0012314480482575,0.25710950675522,7.87288399,0.032657601341745,0.0,1.0,1.0,1.0,2.0,1.0,-1.0,1.0
2.02,0.25712056831776,0.0012314915984277,0.25712056831776,7.87288399,0.032659006362135,0.0,1.0,1.0,1.0,2.0,1.0,-1.0,1.0
2.03,0.25713263836633,0.0012315402578141,0.25713263836633,7.87288399,0.032660539478663,0.0,1.0,1.0,1.0,2.0,1.0,-1.0,1.0
2.04,0.25714384279671,0.0012315818228367,0.25714384279671,7.87288399,0.032661962645878,0.0,1.0,1.0,1.0,2.0,1.0,-1.0,1.0
2.05,0.25715460926888,0.0012316271392046,0.25715460926888,7.87288399,0.032663330184404,0.0,1.0,1.0,1.0,2.0,1.0,-1.0,1.0
2.06,0.25716595756672,0.0012316706323342,0.25716595756672,7.87288399,0.032664771625414,0.0,1.0,1.0,1.0,2.0,1.0,-1.0,1.0
2.07,0.25717777022742,0.0012317197087352,0.25717777022742,7.87288399,0.032666272048982,0.0,1.0,1.0,1.0,2.0,1.0,-1.0,1.0
2.08,0.25719034484392,0.0012317729192042,0.25719034484392,7.87288399,0.032667869254849,0.0,1.0,1.0,1.0,2.0,1.0,-1.0,1.0
2.09,0.25720263645287,0.001231821862141,0.25720263645287,7.87288399,0.032669430513591,0.0,1.0,1.0,1.0,2.0,1.0,-1.0,1.0
2.1,0.25721607494754,0.0012318811155527,0.25721607494754,7.87288399,0.032671137447757,0.0,1.0,1.0,1.0,2.0,1.0,-1.0,1.0
2.11,0.2572297973774,0.0012319379859323,0.2572297973774,7.87288399,0.032672880446877,0.0,1.0,1.0,1.0,2.0,1.0,-1.0,1.0
2.12,0.25724357201755,0.0012319979007699,0.25724357201755,7.87288399,0.032674630077656,0.0,1.0,1.0,1.0,2.0,1.0,-1.0,1.0
2.13,0.25725863584385,0.0012320651506107,0.25725863584385,7.87288399,0.032676543458612,0.0,1.0,1.0,1.0,2.0,1.0,-1.0,1.0
2.14,0.25727409482154,0.0012321310875701,0.25727409482154,7.87288399,0.03267850703101,0.0,1.0,1.0,1.0,2.0,1.0,-1.0,1.0
2.15,0.2572915131709,0.0012322114078298,0.2572915131709,7.87288399,0.032680719479381,0.0,1.0,1.0,1.0,2.0,1.0,-1.0,1.0
2.16,0.25730993363265,0.0012322923742178,0.25730993363265,7.87288399,0.032683059214321,0.0,1.0,1.0,1.0,2.0,1.0,-1.0,1.0
2.17,0.25732787867317,0.0012323746931093,0.25732787867317,7.87288399,0.032685338562085,0.0,1.0,1.0,1.0,2.0,1.0,-1.0,1.0
2.18,0.25734719098566,0.0012324643678421,0.25734719098566,7.87288399,0.032687791578352,0.0,1.0,1.0,1.0,2.0,1.0,-1.0,1.0
2.19,0.25736698269728,0.0012325527461393,0.25736698269728,7.87288399,0.03269030548706,0.0,1.0,1.0,1.0,2.0,1.0,-1.0,1.0
2.2,0.25738804695292,0.0012326536758897,0.25738804695292,7.87288399,0.03269298103209,0.0,1.0,1.0,1.0,2.0,1.0,-1.0,1.0
2.21,0.25741121758785,0.0012327599246596,0.25741121758785,7.87288399,0.032695924125747,0.0,1.0,1.0,1.0,2.0,1.0,-1.0,1.0
2.22,0.25743510019728,0.0012328725834431,0.25743510019728,7.87288399,0.032698957653163,0.0,1.0,1.0,1.0,2.0,1.0,-1.0,1.0
2.23,0.25746072919851,0.0012329948177829,0.25746072919851,7.87288399,0.032702213004222,0.0,1.0,1.0,1.0,2.0,1.0,-1.0,1.0
2.24,0.25748699879593,0.001233117517788,0.25748699879593,7.87288399,0.032705549722692,0.0,1.0,1.0,1.0,2.0,1.0,-1.0,1.0
2.25,0.25751484084993,0.0012332524555466,0.25751484084993,7.87288399,0.032709086171856,0.0,1.0,1.0,1.0,2.0,1.0,-1.0,1.0
2.26,0.25754463103168,0.001233392933372,0.25754463103168,7.87288399,0.032712870068809,0.0,1.0,1.0,1.0,2.0,1.0,-1.0,1.0
2.27,0.25757478582425,0.0012335382935257,0.25757478582425,7.87288399,0.032716700277995,0.0,1.0,1.0,1.0,2.0,1.0,-1.0,1.0
2.28,0.25760698157765,0.0012336940953465,0.25760698157765,7.87288399,0.032720789726465,0.0,1.0,1.0,1.0,2.0,1.0,-1.0,1.0
2.29,0.2576402847756,0.0012338526852199,0.2576402847756,7.87288399,0.032725019840614,0.0,1.0,1.0,1.0,2.0,1.0,-1.0,1.0
2.3,0.25767413879429,0.0012340194350538,0.25767413879429,7.87288399,0.032729319919052,0.0,1.0,1.0,1.0,2.0,1.0,-1.0,1.0
2.31,0.25770975685685,0.0012341905712469,0.25770975685685,7.87288399,0.032733844063267,0.0,1.0,1.0,1.0,2.0,1.0,-1.0,1.0
2.32,0.25774589502003,0.0012343673653714,0.25774589502003,7.87288399,0.032738434269755,0.0,1.0,1.0,1.0,2.0,1.0,-1.0,1.0
2.33,0.25778379522479,0.0012345533354405,0.25778379522479,7.87288399,0.032743248287695,0.0,1.0,1.0,1.0,2.0,1.0,-1.0,1.0
2.34,0.25782297199201,0.0012347430044709,0.25782297199201,7.87288399,0.032748224452373,0.0,1.0,1.0,1.0,2.0,1.0,-1.0,1.0
2.35,0.2578638663377,0.0012349457084606,0.2578638663377,7.87288399,0.032753418780872,0.0,1.0,1.0,1.0,2.0,1.0,-1.0,1.0
2.36,0.25790580532709,0.0012351506637888,0.25790580532709,7.87288399,0.032758745798195,0.0,1.0,1.0,1.0,2.0,1.0,-1.0,1.0
2.37,0.25794844164927,0.0012353605789698,0.25794844164927,7.87288399,0.032764161389513,0.0,1.0,1.0,1.0,2.0,1.0,-1.0,1.0
2.38,0.25799236613203,0.0012355780260888,0.25799236613203,7.87288399,0.032769740600741,0.0,1.0,1.0,1.0,2.0,1.0,-1.0,1.0
2.39,0.25803662712378,0.0012357960294514,0.25803662712378,7.87288399,0.032775362554756,0.0,1.0,1.0,1.0,2.0,1.0,-1.0,1.0
2.4,0.25808231028844,0.0012360239106029,0.25808231028844,7.87288399,0.032781165150694,0.0,1.0,1.0,1.0,2.0,1.0,-1.0,1.0
2.41,0.25812901583984,0.0012362546913441,0.25812901583984,7.87288399,0.032787097608413,0.0,1.0,1.0,1.0,2.0,1.0,-1.0,1.0
2.42,0.25817734654026,0.0012364947239622,0.25817734654026,7.87288399,0.032793236489727,0.0,1.0,1.0,1.0,2.0,1.0,-1.0,1.0
2.43,0.25822615526629,0.0012367387899149,0.25822615526629,7.87288399,0.032799436089022,0.0,1.0,1.0,1.0,2.0,1.0,-1.0,1.0
2.44,0.25827428614672,0.0012369781160588,0.25827428614672,7.87288399,0.032805549589549,0.0,1.0,1.0,1.0,2.0,1.0,-1.0,1.0
2.45,0.25832425576101,0.0012372294013317,0.25832425576101,7.87288399,0.032811896642847,0.0,1.0,1.0,1.0,2.0,1.0,-1.0,1.0
2.46,0.25837475875827,0.0012374811113309,0.25837475875827,7.87288399,0.03281831144552,0.0,1.0,1.0,1.0,2.0,1.0,-1.0,1.0
2.47,0.25842489058715,0.0012377334326302,0.25842489058715,7.87288399,0.032824679103033,0.0,1.0,1.0,1.0,2.0,1.0,-1.0,1.0
2.48,0.25847631328606,0.0012379926003203,0.25847631328606,7.87288399,0.032831210724605,0.0,1.0,1.0,1.0,2.0,1.0,-1.0,1.0
2.49,0.25852794232052,0.0012382512491978,0.25852794232052,7.87288399,0.032837768554559,0.0,1.0,1.0,1.0,2.0,1.0,-1.0,1.0
2.5,0.25858032790244,0.0012385175165632,0.25858032790244,7.87288399,0.032844422479854,0.0,1.0,1.0,1.0,2.0,1.0,-1.0,1.0
2.51,0.25793827345988,0.0020397294286192,0.25793827345988,7.87288399,0.032762869843821,0.0,1.0,1.0,1.0,2.0,1.0,-1.0,1.0
2.52,0.25742801111051,0.0029871249635685,0.25742801111051,7.87288399,0.03269805720972,0.0,1.0,1.0,1.0,2.0,1.0,-1.0,1.0
2.53,0.25732720875843,0.0036456556932729,0.25732720875843,7.87288399,0.032685253470683,0.0,1.0,1.0,1.0,2.0,1.0,-1.0,1.0
2.54,0.25754149559217,0.0041108647793951,0.25754149559217,7.87288399,0.032712471810749,0.0,1.0,1.0,1.0,2.0,1.0,-1.0,1.0
2.55,0.25793144229641,0.0044457799177686,0.25793144229641,7.87288399,0.032762002161347,0.0,1.0,1.0,1.0,2.0,1.0,-1.0,1.0
2.56,0.25839884775091,0.0046913280472076,0.25839884775091,7.87288399,0.032821371187373,0.0,1.0,1.0,1.0,2.0,1.0,-1.0,1.0
2.57,0.25889540551067,0.0048743671505734,0.25889540551067,7.87288399,0.032884443088392,0.0,1.0,1.0,1.0,2.0,1.0,-1.0,1.0
2.58,0.25945481264049,0.0050132300180978,0.25945481264049,7.87288399,0.032955498006835,0.0,1.0,1.0,1.0,2.0,1.0,-1.0,1.0
2.59,0.26006424291866,0.0051198897495209,0.26006424291866,7.87288399,0.033032906778378,0.0,1.0,1.0,1.0,2.0,1.0,-1.0,1.0
2.6,0.26065331731173,0.0052018312415707,0.26065331731173,7.87288399,0.033107729980882,0.0,1.0,1.0,1.0,2.0,1.0,-1.0,1.0
2.61,0.26123715823402,0.0052646951019675,0.26123715823402,7.87288399,0.033181888437051,0.0,1.0,1.0,1.0,2.0,1.0,-1.0,1.0
2.62,0.26182202541439,0.0053123323433945,0.26182202541439,7.87288399,0.033256177246731,0.0,1.0,1.0,1.0,2.0,1.0,-1.0,1.0
2.63,0.26241081188183,0.0053474085777617,0.26241081188183,7.87288399,0.033330963877423,0.0,1.0,1.0,1.0,2.0,1.0,-1.0,1.0
2.64,0.26300345632937,0.0053717663539529,0.26300345632937,7.87288399,0.033406240542022,0.0,1.0,1.0,1.0,2.0,1.0,-1.0,1.0
2.65,0.26359949878008,0.0053867200190038,0.26359949878008,7.87288399,0.033481948815059,0.0,1.0,1.0,1.0,2.0,1.0,-1.0,1.0
2.66,0.26419766439696,0.0053931641738526,0.26419766439696,7.87288399,0.033557926768963,0.0,1.0,1.0,1.0,2.0,1.0,-1.0,1.0
2.67,0.26479607586437,0.0053917334798328,0.26479607586437,7.87288399,0.033633935950372,0.0,1.0,1.0,1.0,2.0,1.0,-1.0,1.0
2.68,0.26538034356866,0.0053826668223257,0.26538034356866,7.87288399,0.033708148615646,0.0,1.0,1.0,1.0,2.0,1.0,-1.0,1.0
2.69,0.2658181763613,0.0053648470794657,0.2658181763613,7.87288399,0.033763761373715,0.0,1.0,1.0,1.0,2.0,1.0,-1.0,1.0
2.7,0.26614832806505,0.0053389047576898,0.26614832806505,7.87288399,0.033805696667588,0.0,1.0,1.0,1.0,2.0,1.0,-1.0,1.0
2.71,0.26641050042024,0.0053055549907569,0.26641050042024,7.87288399,0.033838997343112,0.0,1.0,1.0,1.0,2.0,1.0,-1.0,1.0
2.72,0.26662806291605,0.005265241733342,0.26662806291605,7.87288399,0.033866631752063,0.0,1.0,1.0,1.0,2.0,1.0,-1.0,1.0
2.73,0.26681912898925,0.0052183205345788,0.26681912898925,7.87288399,0.033890900631605,0.0,1.0,1.0,1.0,2.0,1.0,-1.0,1.0
2.74,0.26699159029017,0.0051650022091137,0.26699159029017,7.87288399,0.033912806365406,0.0,1.0,1.0,1.0,2.0,1.0,-1.0,1.0
2.75,0.26714999776381,0.005105474853793,0.26714999776381,7.87288399,0.033932927006563,0.0,1.0,1.0,1.0,2.0,1.0,-1.0,1.0
2.76,0.26729601970301,0.005039880537639,0.26729601970301,7.87288399,0.033951474458727,0.0,1.0,1.0,1.0,2.0,1.0,-1.0,1.0
2.77,0.26742848699774,0.0049683573460651,0.26742848699774,7.87288399,0.033968300223581,0.0,1.0,1.0,1.0,2.0,1.0,-1.0,1.0
2.78,0.26754673191277,0.004891076890554,0.26754673191277,7.87288399,0.033983319486557,0.0,1.0,1.0,1.0,2.0,1.0,-1.0,1.0
2.79,0.26764791378302,0.0048082071883485,0.26764791378302,7.87288399,0.033996171431331,0.0,1.0,1.0,1.0,2.0,1.0,-1.0,1.0
2.8,0.26772967555373,0.0047199827160782,0.26772967555373,7.87288399,0.034006556668915,0.0,1.0,1.0,1.0,2.0,1.0,-1.0,1.0
2.81,0.26778969277434,0.0046266702640712,0.26778969277434,7.87288399,0.034014179951652,0.0,1.0,1.0,1.0,2.0,1.0,-1.0,1.0
2.82,0.26782518198421,0.0045285942406757,0.26782518198421,7.87288399,0.034018687729222,0.0,1.0,1.0,1.0,2.0,1.0,-1.0,1.0
2.83,0.26783453686363,0.0044261605397884,0.26783453686363,7.87288399,0.034019875969699,0.0,1.0,1.0,1.0,2.0,1.0,-1.0,1.0
2.84,0.26781355526138,0.0043198124442967,0.26781355526138,7.87288399,0.034017210923158,0.0,1.0,1.0,1.0,2.0,1.0,-1.0,1.0
2.85,0.26776047604248,0.0042101081290432,0.26776047604248,7.87288399,0.034010468893303,0.0,1.0,1.0,1.0,2.0,1.0,-1.0,1.0
2.86,0.26767536262617,0.0040977030761705,0.26767536262617,7.87288399,0.033999657935537,0.0,1.0,1.0,1.0,2.0,1.0,-1.0,1.0
2.87,0.26755582311424,0.0039833363034745,0.26755582311424,7.87288399,0.03398447423512,0.0,1.0,1.0,1.0,2.0,1.0,-1.0,1.0
2.88,0.26740259371199,0.0038678858570657,0.26740259371199,7.87288399,0.033965011303563,0.0,1.0,1.0,1.0,2.0,1.0,-1.0,1.0
2.89,0.26721639269483,0.0037523381553586,0.26721639269483,7.87288399,0.033941360374958,0.0,1.0,1.0,1.0,2.0,1.0,-1.0,1.0
2.9,0.26699681162797,0.0036378182297414,0.26699681162797,7.87288399,0.03391346957063,0.0,1.0,1.0,1.0,2.0,1.0,-1.0,1.0
2.91,0.26674496760476,0.0035255855802321,0.26674496760476,7.87288399,0.03388148078183,0.0,1.0,1.0,1.0,2.0,1.0,-1.0,1.0
2.92,0.26646231490767,0.0034170458876869,0.26646231490767,7.87288399,0.03384557872898,0.0,1.0,1.0,1.0,2.0,1.0,-1.0,1.0
2.93,0.26614952412731,0.0033137476578644,0.26614952412731,7.87288399,0.033805848589331,0.0,1.0,1.0,1.0,2.0,1.0,-1.0,1.0
2.94,0.26580878192183,0.0032173568574995,0.26580878192183,7.87288399,0.03376256810839,0.0,1.0,1.0,1.0,2.0,1.0,-1.0,1.0
2.95,0.26544246282146,0.0031296464028995,0.26544246282146,7.87288399,0.033716038894847,0.0,1.0,1.0,1.0,2.0,1.0,-1.0,1.0
2.96,0.26505363411667,0.0030524343414943,0.26505363411667,7.87288399,0.03366665055059,0.0,1.0,1.0,1.0,2.0,1.0,-1.0,1.0
2.97,0.26464404703212,0.0029875177320017,0.26464404703212,7.87288399,0.033614625513124,0.0,1.0,1.0,1.0,2.0,1.0,-1.0,1.0
2.98,0.26421783656932,0.002936603358162,0.26421783656932,7.87288399,0.03356048900313,0.0,1.0,1.0,1.0,2.0,1.0,-1.0,1.0
2.99,0.26377801994613,0.0029011812275831,0.26377801994613,7.87288399,0.033504624262364,0.0,1.0,1.0,1.0,2.0,1.0,-1.0,1.0
3.0,0.26332896973294,0.0028824354350773,0.26332896973294,7.87288399,0.033447586687092,0.0,1.0,1.0,1.0,2.0,1.0,-1.0,1.0
3.01,0.26287513978667,0.0028811339600249,0.26287513978667,7.87288399,0.033389941998456,0.0,1.0,1.0,1.0,2.0,1.0,-1.0,1.0
3.02,0.26242071914488,0.0028975586714694,0.26242071914488,7.87288399,0.033332222280705,0.0,1.0,1.0,1.0,2.0,1.0,-1.0,1.0
3.03,0.26197027455536,0.0029314837846641,0.26197027455536,7.87288399,0.033275007594182,0.0,1.0,1.0,1.0,2.0,1.0,-1.0,1.0
3.04,0.26152852681367,0.0029821845060507,0.26152852681367,7.87288399,0.033218897566109,0.0,1.0,1.0,1.0,2.0,1.0,-1.0,1.0
3.05,0.26109952661054,0.0030485059894336,0.26109952661054,7.87288399,0.033164406708162,0.0,1.0,1.0,1.0,2.0,1.0,-1.0,1.0
3.06,0.26068813329435,0.0031289484781182,0.26068813329435,7.87288399,0.033112152246302,0.0,1.0,1.0,1.0,2.0,1.0,-1.0,1.0
3.07,0.26029878986045,0.0032217716901866,0.26029878986045,7.87288399,0.03306269852205,0.0,1.0,1.0,1.0,2.0,1.0,-1.0,1.0
3.08,0.2599363074913,0.003325095778186,0.2599363074913,7.87288399,0.033016656643419,0.0,1.0,1.0,1.0,2.0,1.0,-1.0,1.0
3.09,0.25960596207342,0.0034369826005547,0.25960596207342,7.87288399,0.032974696744315,0.0,1.0,1.0,1.0,2.0,1.0,-1.0,1.0
3.1,0.25931117262243,0.003555498290902,0.25931117262243,7.87288399,0.032937253102142,0.0,1.0,1.0,1.0,2.0,1.0,-1.0,1.0
3.11,0.25905474157102,0.0036787520690168,0.25905474157102,7.87288399,0.032904681677016,0.0,1.0,1.0,1.0,2.0,1.0,-1.0,1.0
3.12,0.25884090526415,0.0038049551750403,0.25884090526415,7.87288399,0.032877520562087,0.0,1.0,1.0,1.0,2.0,1.0,-1.0,1.0
3.13,0.25867266451598,0.00393240965648,0.25867266451598,7.87288399,0.03285615091554,0.0,1.0,1.0,1.0,2.0,1.0,-1.0,1.0
3.14,0.25855132680665,0.0040595135697287,0.25855132680665,7.87288399,0.032840738811223,0.0,1.0,1.0,1.0,2.0,1.0,-1.0,1.0
3.15,0.25848078613911,0.004184800737001,0.25848078613911,7.87288399,0.032831778858602,0.0,1.0,1.0,1.0,2.0,1.0,-1.0,1.0
3.16,0.25846136700116,0.0043068811993406,0.25846136700116,7.87288399,0.032829312273552,0.0,1.0,1.0,1.0,2.0,1.0,-1.0,1.0
3.17,0.25849365814507,0.00442447466098,0.25849365814507,7.87288399,0.03283341383836,0.0,1.0,1.0,1.0,2.0,1.0,-1.0,1.0
3.18,0.25857777187566,0.0045364004632431,0.25857777187566,7.87288399,0.032844097817788,0.0,1.0,1.0,1.0,2.0,1.0,-1.0,1.0
3.19,0.25871257562234,0.0046415492927176,0.25871257562234,7.87288399,0.032861220354695,0.0,1.0,1.0,1.0,2.0,1.0,-1.0,1.0
3.2,0.25889586813094,0.0047389113075521,0.25889586813094,7.87288399,0.032884501849612,0.0,1.0,1.0,1.0,2.0,1.0,-1.0,1.0
3.21,0.25912685596186,0.0048275608451913,0.25912685596186,7.87288399,0.032913841521226,0.0,1.0,1.0,1.0,2.0,1.0,-1.0,1.0
3.22,0.25940018981086,0.0049066220042731,0.25940018981086,7.87288399,0.032948559910237,0.0,1.0,1.0,1.0,2.0,1.0,-1.0,1.0
3.23,0.25971318929332,0.0049753263102878,0.25971318929332,7.87288399,0.032988316558863,0.0,1.0,1.0,1.0,2.0,1.0,-1.0,1.0
3.24,0.26006229233961,0.0050329736667304,0.26006229233961,7.87288399,0.033032659019228,0.0,1.0,1.0,1.0,2.0,1.0,-1.0,1.0
3.25,0.2604418256037,0.0050789326112003,0.2604418256037,7.87288399,0.033080866672811,0.0,1.0,1.0,1.0,2.0,1.0,-1.0,1.0
3.26,0.26084556005028,0.0051126371945072,0.26084556005028,7.87288399,0.033132148318405,0.0,1.0,1.0,1.0,2.0,1.0,-1.0,1.0
3.27,0.26126819313565,0.0051336178629155,0.26126819313565,7.87288399,0.033185830436153,0.0,1.0,1.0,1.0,2.0,1.0,-1.0,1.0
3.28,0.26170391981266,0.0051414834913988,0.26170391981266,7.87288399,0.033241175679087,0.0,1.0,1.0,1.0,2.0,1.0,-1.0,1.0
3.29,0.26214496712833,0.0051359002010604,0.26214496712833,7.87288399,0.033297196740267,0.0,1.0,1.0,1.0,2.0,1.0,-1.0,1.0
3.3,0.26258522572442,0.0051166432389028,0.26258522572442,7.87288399,0.033353117619661,0.0,1.0,1.0,1.0,2.0,1.0,-1.0,1.0
3.31,0.26301762402155,0.0050835667852547,0.26301762402155,7.87288399,0.033408040097584,0.0,1.0,1.0,1.0,2.0,1.0,-1.0,1.0
3.32,0.26343442020088,0.0050366057133876,0.26343442020088,7.87288399,0.033460980821703,0.0,1.0,1.0,1.0,2.0,1.0,-1.0,1.0
3.33,0.26382950299618,0.0049758107460944,0.26382950299618,7.87288399,0.033511163549633,0.0,1.0,1.0,1.0,2.0,1.0,-1.0,1.0
3.34,0.26419554109282,0.0049013174948286,0.26419554109282,7.87288399,0.033557657070572,0.0,1.0,1.0,1.0,2.0,1.0,-1.0,1.0
3.35,0.26452571718561,0.0048133808926358,0.26452571718561,7.87288399,0.033599595462299,0.0,1.0,1.0,1.0,2.0,1.0,-1.0,1.0
3.36,0.26481505215089,0.0047123778174277,0.26481505215089,7.87288399,0.033636346285206,0.0,1.0,1.0,1.0,2.0,1.0,-1.0,1.0
3.37,0.26505738899622,0.0045988023400352,0.26505738899622,7.87288399,0.033667127488846,0.0,1.0,1.0,1.0,2.0,1.0,-1.0,1.0
3.38,0.26524915049937,0.0044733068801159,0.26524915049937,7.87288399,0.033691484700688,0.0,1.0,1.0,1.0,2.0,1.0,-1.0,1.0
3.39,0.26538420152467,0.0043366638701741,0.26538420152467,7.87288399,0.033708638646493,0.0,1.0,1.0,1.0,2.0,1.0,-1.0,1.0
3.4,0.26545916316166,0.0041898407477575,0.26545916316166,7.87288399,0.033718160142947,0.0,1.0,1.0,1.0,2.0,1.0,-1.0,1.0
3.41,0.26547428185445,0.0040340193072315,0.26547428185445,7.87288399,0.033720080492949,0.0,1.0,1.0,1.0,2.0,1.0,-1.0,1.0
3.42,0.26542598791923,0.0038705682302139,0.26542598791923,7.87288399,0.033713946281485,0.0,1.0,1.0,1.0,2.0,1.0,-1.0,1.0
3.43,0.26531282270178,0.0037011293484034,0.26531282270178,7.87288399,0.03369957223284,0.0,1.0,1.0,1.0,2.0,1.0,-1.0,1.0
3.44,0.26513646573668,0.0035276527755673,0.26513646573668,7.87288399,0.033677171678568,0.0,1.0,1.0,1.0,2.0,1.0,-1.0,1.0
3.45,0.26489802803896,0.0033524465076016,0.26489802803896,7.87288399,0.033646885737861,0.0,1.0,1.0,1.0,2.0,1.0,-1.0,1.0
3.46,0.26460105913591,0.003178238019489,0.26460105913591,7.87288399,0.033609165265486,0.0,1.0,1.0,1.0,2.0,1.0,-1.0,1.0
3.47,0.26424847241754,0.0030082249723161,0.26424847241754,7.87288399,0.033564380315166,0.0,1.0,1.0,1.0,2.0,1.0,-1.0,1.0
3.48,0.26384445893369,0.0028461485730013,0.26384445893369,7.87288399,0.033513063226744,0.0,1.0,1.0,1.0,2.0,1.0,-1.0,1.0
3.49,0.26339476592101,0.0026962960271678,0.26339476592101,7.87288399,0.033455944004201,0.0,1.0,1.0,1.0,2.0,1.0,-1.0,1.0
3.5,0.26290472564707,0.0025634450745235,0.26290472564707,7.87288399,0.033393699942868,0.0,1.0,1.0,1.0,2.0,1.0,-1.0,1.0
3.51,0.26238290300474,0.002452669876225,0.26238290300474,7.87288399,0.033327418940507,0.0,1.0,1.0,1.0,2.0,1.0,-1.0,1.0
3.52,0.261836510349,0.0023689281303406,0.261836510349,7.87288399,0.033258017097874,0.0,1.0,1.0,1.0,2.0,1.0,-1.0,1.0
3.53,0.26127345173778,0.0023164819338466,0.26127345173778,7.87288399,0.033186498374629,0.0,1.0,1.0,1.0,2.0,1.0,-1.0,1.0
3.54,0.26069850291699,0.0022981602515716,0.26069850291699,7.87288399,0.033113469377693,0.0,1.0,1.0,1.0,2.0,1.0,-1.0,1.0
3.55,0.26013321801109,0.0023148799473243,0.26013321801109,7.87288399,0.033041667874379,0.0,1.0,1.0,1.0,2.0,1.0,-1.0,1.0
3.56,0.2595865861508,0.0023653464610481,0.2595865861508,7.87288399,0.0329722356484,0.0,1.0,1.0,1.0,2.0,1.0,-1.0,1.0
3.57,0.25906618345921,0.0024462962573057,0.25906618345921,7.87288399,0.032906135005706,0.0,1.0,1.0,1.0,2.0,1.0,-1.0,1.0
3.58,0.25857962066932,0.0025531105781544,0.25857962066932,7.87288399,0.032844332648336,0.0,1.0,1.0,1.0,2.0,1.0,-1.0,1.0
3.59,0.25813505567894,0.0026805168794853,0.25813505567894,7.87288399,0.032787864778247,0.0,1.0,1.0,1.0,2.0,1.0,-1.0,1.0
3.6,0.25773906183248,0.0028231737780271,0.25773906183248,7.87288399,0.032737566330186,0.0,1.0,1.0,1.0,2.0,1.0,-1.0,1.0
3.61,0.25739908511224,0.0029760490579468,0.25739908511224,7.87288399,0.032694383079845,0.0,1.0,1.0,1.0,2.0,1.0,-1.0,1.0
3.62,0.25712098314329,0.0031346010613389,0.25712098314329,7.87288399,0.03265905905255,0.0,1.0,1.0,1.0,2.0,1.0,-1.0,1.0
3.63,0.25690933683666,0.0032948295842493,0.25690933683666,7.87288399,0.032632176107635,0.0,1.0,1.0,1.0,2.0,1.0,-1.0,1.0
3.64,0.25676799613766,0.0034532559281037,0.25676799613766,7.87288399,0.03261422325844,0.0,1.0,1.0,1.0,2.0,1.0,-1.0,1.0
3.65,0.25669756881736,0.0036068587434673,0.25669756881736,7.87288399,0.032605277702988,0.0,1.0,1.0,1.0,2.0,1.0,-1.0,1.0
3.66,0.25669875595346,0.0037530258969459,0.25669875595346,7.87288399,0.032605428490947,0.0,1.0,1.0,1.0,2.0,1.0,-1.0,1.0
3.67,0.25667919635307,0.0038890346710321,0.25667919635307,7.87288399,0.032602944064602,0.0,1.0,1.0,1.0,2.0,1.0,-1.0,1.0
3.68,0.25684272522369,0.0040146617583514,0.25684272522369,7.87288399,0.032623715216676,0.0,1.0,1.0,1.0,2.0,1.0,-1.0,1.0
3.69,0.25727020382768,0.0041288832086292,0.25727020382768,7.87288399,0.032678012803752,0.0,1.0,1.0,1.0,2.0,1.0,-1.0,1.0
3.7,0.25784953623854,0.0042292493546013,0.25784953623854,7.87288399,0.032751598596659,0.0,1.0,1.0,1.0,2.0,1.0,-1.0,1.0
3.71,0.25850568803267,0.004313688906444,0.25850568803267,7.87288399,0.032834941853712,0.0,1.0,1.0,1.0,2.0,1.0,-1.0,1.0
3.72,0.25918182235612,0.0043805367685127,0.25918182235612,7.87288399,0.032920823256806,0.0,1.0,1.0,1.0,2.0,1.0,-1.0,1.0
3.73,0.2599025198895,0.0044290597955992,0.2599025198895,7.87288399,0.033012365001138,0.0,1.0,1.0,1.0,2.0,1.0,-1.0,1.0
3.74,0.26068687489548,0.004458894787079,0.26068687489548,7.87288399,0.03311199240667,0.0,1.0,1.0,1.0,2.0,1.0,-1.0,1.0
3.75,0.26144069397018,0.0044688150688696,0.26144069397018,7.87288399,0.033207741191443,0.0,1.0,1.0,1.0,2.0,1.0,-1.0,1.0
3.76,0.26217186142215,0.0044585321921182,0.26217186142215,7.87288399,0.033300612806584,0.0,1.0,1.0,1.0,2.0,1.0,-1.0,1.0
3.77,0.26288227904453,0.0044279211220976,0.26288227904453,7.87288399,0.033390848814544,0.0,1.0,1.0,1.0,2.0,1.0,-1.0,1.0
3.78,0.26356722162351,0.0043769995748797,0.26356722162351,7.87288399,0.0334778490269,0.0,1.0,1.0,1.0,2.0,1.0,-1.0,1.0
3.79,0.26422046572413,0.0043059557911473,0.26422046572413,7.87288399,0.033560822953792,0.0,1.0,1.0,1.0,2.0,1.0,-1.0,1.0
3.8,0.26483364088853,0.0042151440450135,0.26483364088853,7.87288399,0.033638707394256,0.0,1.0,1.0,1.0,2.0,1.0,-1.0,1.0
3.81,0.2653994967351,0.0041051105384906,0.2653994967351,7.87288399,0.033710581417459,0.0,1.0,1.0,1.0,2.0,1.0,-1.0,1.0
3.82,0.26590999706013,0.0039765948172838,0.26590999706013,7.87288399,0.033775424278814,0.0,1.0,1.0,1.0,2.0,1.0,-1.0,1.0
3.83,0.26636420177559,0.0038305872145866,0.26636420177559,7.87288399,0.033833116569979,0.0,1.0,1.0,1.0,2.0,1.0,-1.0,1.0
3.84,0.26667257086049,0.0036678853315101,0.26667257086049,7.87288399,0.033872285073579,0.0,1.0,1.0,1.0,2.0,1.0,-1.0,1.0
3.85,0.26677344313612,0.0034895722000834,0.26677344313612,7.87288399,0.033885097694184,0.0,1.0,1.0,1.0,2.0,1.0,-1.0,1.0
3.86,0.2667232266341,0.0032981546728274,0.2667232266341,7.87288399,0.033878719281636,0.0,1.0,1.0,1.0,2.0,1.0,-1.0,1.0
3.87,0.26654408892444,0.0030962671026959,0.26654408892444,7.87288399,0.033855965522037,0.0,1.0,1.0,1.0,2.0,1.0,-1.0,1.0
3.88,0.26627008691954,0.0028870495135553,0.26627008691954,7.87288399,0.033821162265029,0.0,1.0,1.0,1.0,2.0,1.0,-1.0,1.0
3.89,0.26592006012596,0.0026742047974219,0.26592006012596,7.87288399,0.033776702471893,0.0,1.0,1.0,1.0,2.0,1.0,-1.0,1.0
3.9,0.26550659209717,0.0024622589754626,0.26550659209717,7.87288399,0.033724184483655,0.0,1.0,1.0,1.0,2.0,1.0,-1.0,1.0
3.91,0.26504138142687,0.0022569003318332,0.26504138142687,7.87288399,0.033665094235292,0.0,1.0,1.0,1.0,2.0,1.0,-1.0,1.0
3.92,0.26453445001801,0.0020653246914136,0.26453445001801,7.87288399,0.033600704691447,0.0,1.0,1.0,1.0,2.0,1.0,-1.0,1.0
3.93,0.2639960752947,0.0018965217814963,0.2639960752947,7.87288399,0.033532321272614,0.0,1.0,1.0,1.0,2.0,1.0,-1.0,1.0
3.94,0.26343654559488,0.0017611295080367,0.26343654559488,7.87288399,0.033461250785543,0.0,1.0,1.0,1.0,2.0,1.0,-1.0,1.0
3.95,0.26286656049595,0.0016703180173086,0.26286656049595,7.87288399,0.033388852271904,0.0,1.0,1.0,1.0,2.0,1.0,-1.0,1.0
3.96,0.26229770255523,0.0016332301024429,0.26229770255523,7.87288399,0.033316596927936,0.0,1.0,1.0,1.0,2.0,1.0,-1.0,1.0
3.97,0.26174085174592,0.0016537008526247,0.26174085174592,7.87288399,0.033245866708868,0.0,1.0,1.0,1.0,2.0,1.0,-1.0,1.0
3.98,0.26120813270215,0.0017284948549604,0.26120813270215,7.87288399,0.033178201664591,0.0,1.0,1.0,1.0,2.0,1.0,-1.0,1.0
3.99,0.26071100692447,0.0018486213983076,0.26071100692447,7.87288399,0.033115057614925,0.0,1.0,1.0,1.0,2.0,1.0,-1.0,1.0
4.0,0.26025972855102,0.0020025619870543,0.26025972855102,7.87288399,0.03305773702262,0.0,1.0,1.0,1.0,2.0,1.0,-1.0,1.0
4.01,0.25986474706033,0.0021790634221495,0.25986474706033,7.87288399,0.033007567162224,0.0,1.0,1.0,1.0,2.0,1.0,-1.0,1.0
4.02,0.25953386222262,0.0023684793043433,0.25953386222262,7.87288399,0.032965538746954,0.0,1.0,1.0,1.0,2.0,1.0,-1.0,1.0
4.03,0.25927240412471,0.002563015689495,0.25927240412471,7.87288399,0.032932328795145,0.0,1.0,1.0,1.0,2.0,1.0,-1.0,1.0
4.04,0.2590875279862,0.002756510437615,0.2590875279862,7.87288399,0.032908846150317,0.0,1.0,1.0,1.0,2.0,1.0,-1.0,1.0
4.05,0.258982124316,0.0029440605673354,0.258982124316,7.87288399,0.032895457959873,0.0,1.0,1.0,1.0,2.0,1.0,-1.0,1.0
4.06,0.25895958958148,0.0031217330124032,0.25895958958148,7.87288399,0.032892595637178,0.0,1.0,1.0,1.0,2.0,1.0,-1.0,1.0
4.07,0.25901795057507,0.0032862996137216,0.25901795057507,7.87288399,0.032900008548846,0.0,1.0,1.0,1.0,2.0,1.0,-1.0,1.0
4.08,0.25915496219054,0.0034351034589557,0.25915496219054,7.87288399,0.032917411525397,0.0,1.0,1.0,1.0,2.0,1.0,-1.0,1.0
4.09,0.25936739118197,0.0035659465639827,0.25936739118197,7.87288399,0.032944393885572,0.0,1.0,1.0,1.0,2.0,1.0,-1.0,1.0
4.1,0.25964675338512,0.003676975894843,0.25964675338512,7.87288399,0.032979877985617,0.0,1.0,1.0,1.0,2.0,1.0,-1.0,1.0
4.11,0.25998393875876,0.0037666700777929,0.25998393875876,7.87288399,0.033022706683979,0.0,1.0,1.0,1.0,2.0,1.0,-1.0,1.0
4.12,0.26036751970929,0.0038337950211177,0.26036751970929,7.87288399,0.033071428467637,0.0,1.0,1.0,1.0,2.0,1.0,-1.0,1.0
4.13,0.26078688936901,0.003877407140777,0.26078688936901,7.87288399,0.033124696070748,0.0,1.0,1.0,1.0,2.0,1.0,-1.0,1.0
4.14,0.26122871833179,0.0038968069998667,0.26122871833179,7.87288399,0.033180816415381,0.0,1.0,1.0,1.0,2.0,1.0,-1.0,1.0
4.15,0.26167979727186,0.0038915542070851,0.26167979727186,7.87288399,0.033238111676006,0.0,1.0,1.0,1.0,2.0,1.0,-1.0,1.0
4.16,0.26212575566501,0.0038614567566297,0.26212575566501,7.87288399,0.033294756533687,0.0,1.0,1.0,1.0,2.0,1.0,-1.0,1.0
4.17,0.26255259194543,0.0038065739013188,0.26255259194543,7.87288399,0.033348972533943,0.0,1.0,1.0,1.0,2.0,1.0,-1.0,1.0
4.18,0.26294757261919,0.0037272364354912,0.26294757261919,7.87288399,0.033399142290574,0.0,1.0,1.0,1.0,2.0,1.0,-1.0,1.0
4.19,0.26329854475048,0.0036240342051536,0.26329854475048,7.87288399,0.033443722158857,0.0,1.0,1.0,1.0,2.0,1.0,-1.0,1.0
4.2,0.26359459049818,0.0034978416224614,0.26359459049818,7.87288399,0.033481325373648,0.0,1.0,1.0,1.0,2.0,1.0,-1.0,1.0
4.21,0.26382698600955,0.0033498414177197,0.26382698600955,7.87288399,0.03351084384638,0.0,1.0,1.0,1.0,2.0,1.0,-1.0,1.0
4.22,0.26398701336611,0.003181533077903,0.26398701336611,7.87288399,0.033531170242242,0.0,1.0,1.0,1.0,2.0,1.0,-1.0,1.0
4.23,0.26407127874683,0.0029948257992484,0.26407127874683,7.87288399,0.033541873484005,0.0,1.0,1.0,1.0,2.0,1.0,-1.0,1.0
4.24,0.26407636249848,0.0027920736772707,0.26407636249848,7.87288399,0.033542519213278,0.0,1.0,1.0,1.0,2.0,1.0,-1.0,1.0
4.25,0.26400027691123,0.0025762132322553,0.26400027691123,7.87288399,0.033532854954622,0.0,1.0,1.0,1.0,2.0,1.0,-1.0,1.0
4.26,0.26384508224543,0.0023509871342178,0.26384508224543,7.87288399,0.033513142398715,0.0,1.0,1.0,1.0,2.0,1.0,-1.0,1.0
4.27,0.26361540788714,0.0021212709356351,0.26361540788714,7.87288399,0.033483969562105,0.0,1.0,1.0,1.0,2.0,1.0,-1.0,1.0
4.28,0.2633169296046,0.00189363444914,0.2633169296046,7.87288399,0.033446057370979,0.0,1.0,1.0,1.0,2.0,1.0,-1.0,1.0
4.29,0.26296078564301,0.0016772170873771,0.26296078564301,7.87288399,0.033400820585826,0.0,1.0,1.0,1.0,2.0,1.0,-1.0,1.0
4.3,0.26255668921995,0.0014848956971297,0.26255668921995,7.87288399,0.03334949296261,0.0,1.0,1.0,1.0,2.0,1.0,-1.0,1.0
4.31,0.2621159644204,0.0013341277378017,0.2621159644204,7.87288399,0.033293512866865,0.0,1.0,1.0,1.0,2.0,1.0,-1.0,1.0
4.32,0.26165306805829,0.0012453114842905,0.26165306805829,7.87288399,0.033234716577894,0.0,1.0,1.0,1.0,2.0,1.0,-1.0,1.0
4.33,0.26118276831677,0.0012346136417347,0.26118276831677,7.87288399,0.033174979924576,0.0,1.0,1.0,1.0,2.0,1.0,-1.0,1.0
4.34,0.26071996814646,0.001304024497859,0.26071996814646,7.87288399,0.03311619585372,0.0,1.0,1.0,1.0,2.0,1.0,-1.0,1.0
4.35,0.26027882006058,0.0014398109676608,0.26027882006058,7.87288399,0.033060161992884,0.0,1.0,1.0,1.0,2.0,1.0,-1.0,1.0
4.36,0.25987449387563,0.0016214816389186,0.25987449387563,7.87288399,0.033008805185713,0.0,1.0,1.0,1.0,2.0,1.0,-1.0,1.0
4.37,0.25952071854064,0.0018303132841634,0.25952071854064,7.87288399,0.032963869259381,0.0,1.0,1.0,1.0,2.0,1.0,-1.0,1.0
4.38,0.25922988142082,0.0020521139849499,0.25922988142082,7.87288399,0.032926927635424,0.0,1.0,1.0,1.0,2.0,1.0,-1.0,1.0
4.39,0.25901105415221,0.0022766953280968,0.25901105415221,7.87288399,0.032899132577236,0.0,1.0,1.0,1.0,2.0,1.0,-1.0,1.0
4.4,0.25887180951033,0.002496681969116,0.25887180951033,7.87288399,0.032881445965563,0.0,1.0,1.0,1.0,2.0,1.0,-1.0,1.0
4.41,0.25881628664512,0.0027065502328767,0.25881628664512,7.87288399,0.032874393548015,0.0,1.0,1.0,1.0,2.0,1.0,-1.0,1.0
4.42,0.25884803267963,0.0029020185054381,0.25884803267963,7.87288399,0.032878425873977,0.0,1.0,1.0,1.0,2.0,1.0,-1.0,1.0
4.43,0.25896588571017,0.0030796518702067,0.25896588571017,7.87288399,0.032893395360469,0.0,1.0,1.0,1.0,2.0,1.0,-1.0,1.0
4.44,0.2591660517509,0.003236639220824,0.2591660517509,7.87288399,0.032918820102022,0.0,1.0,1.0,1.0,2.0,1.0,-1.0,1.0
4.45,0.25944161896626,0.0033706656693746,0.25944161896626,7.87288399,0.032953822169334,0.0,1.0,1.0,1.0,2.0,1.0,-1.0,1.0
4.46,0.25978321451628,0.0034798311078155,0.25978321451628,7.87288399,0.032997211040612,0.0,1.0,1.0,1.0,2.0,1.0,-1.0,1.0
4.47,0.26017784018797,0.003562596651954,0.26017784018797,7.87288399,0.033047335705498,0.0,1.0,1.0,1.0,2.0,1.0,-1.0,1.0
4.48,0.26061266152052,0.0036177868650042,0.26061266152052,7.87288399,0.033102565953156,0.0,1.0,1.0,1.0,2.0,1.0,-1.0,1.0
4.49,0.26107176345375,0.0036445487135055,0.26107176345375,7.87288399,0.033160880280385,0.0,1.0,1.0,1.0,2.0,1.0,-1.0,1.0
4.5,0.26153867871668,0.0036423624625834,0.26153867871668,7.87288399,0.033220187043131,0.0,1.0,1.0,1.0,2.0,1.0,-1.0,1.0
4.51,0.26199818807202,0.0036110560837374,0.26199818807202,7.87288399,0.033278553120408,0.0,1.0,1.0,1.0,2.0,1.0,-1.0,1.0
4.52,0.26243367624407,0.0035507788785461,0.26243367624407,7.87288399,0.033333868068856,0.0,1.0,1.0,1.0,2.0,1.0,-1.0,1.0
4.53,0.26282829486772,0.003462025765556,0.26282829486772,7.87288399,0.033383991838513,0.0,1.0,1.0,1.0,2.0,1.0,-1.0,1.0
4.54,0.26316857876679,0.0033456667859534,0.26316857876679,7.87288399,0.033427214106173,0.0,1.0,1.0,1.0,2.0,1.0,-1.0,1.0
4.55,0.26344096999476,0.0032029527552131,0.26344096999476,7.87288399,0.033461812765103,0.0,1.0,1.0,1.0,2.0,1.0,-1.0,1.0
4.56,0.26363537135648,0.0030355638777405,0.26363537135648,7.87288399,0.033486505287179,0.0,1.0,1.0,1.0,2.0,1.0,-1.0,1.0
4.57,0.2637455172473,0.0028456718856706,0.2637455172473,7.87288399,0.033500495826218,0.0,1.0,1.0,1.0,2.0,1.0,-1.0,1.0
4.58,0.2637663479867,0.0026360322394452,0.2637663479867,7.87288399,0.033503141710425,0.0,1.0,1.0,1.0,2.0,1.0,-1.0,1.0
4.59,0.26369609235061,0.0024101450847136,0.26369609235061,7.87288399,0.033494217962002,0.0,1.0,1.0,1.0,2.0,1.0,-1.0,1.0
4.6,0.26353557714128,0.0021725684771753,0.26353557714128,7.87288399,0.03347382959993,0.0,1.0,1.0,1.0,2.0,1.0,-1.0,1.0
4.61,0.2632906296878,0.001929452324928,0.2632906296878,7.87288399,0.033442716801394,0.0,1.0,1.0,1.0,2.0,1.0,-1.0,1.0
4.62,0.26296946773197,0.0016894709780034,0.26296946773197,7.87288399,0.033401923369631,0.0,1.0,1.0,1.0,2.0,1.0,-1.0,1.0
4.63,0.26258294520922,0.0014654371195709,0.26258294520922,7.87288399,0.033352827952596,0.0,1.0,1.0,1.0,2.0,1.0,-1.0,1.0
4.64,0.26214425922942,0.0012765114019567,0.26214425922942,7.87288399,0.033297106824181,0.0,1.0,1.0,1.0,2.0,1.0,-1.0,1.0
4.65,0.26166834339236,0.0011491301398053,0.26166834339236,7.87288399,0.033236656824199,0.0,1.0,1.0,1.0,2.0,1.0,-1.0,1.0
4.66,0.26117318311571,0.0011104604125422,0.26117318311571,7.87288399,0.033173762429047,0.0,1.0,1.0,1.0,2.0,1.0,-1.0,1.0
4.67,0.26067262835371,0.001171156523763,0.26067262835371,7.87288399,0.03311018283577,0.0,1.0,1.0,1.0,2.0,1.0,-1.0,1.0
4.68,0.26018498639363,0.001315931256736,0.26018498639363,7.87288399,0.033048243404084,0.0,1.0,1.0,1.0,2.0,1.0,-1.0,1.0
4.69,0.25973957967806,0.0015168024281678,0.25973957967806,7.87288399,0.032991668619527,0.0,1.0,1.0,1.0,2.0,1.0,-1.0,1.0
4.7,0.25935138505395,0.0017486765136876,0.25935138505395,7.87288399,0.032942360815093,0.0,1.0,1.0,1.0,2.0,1.0,-1.0,1.0
4.71,0.2590336999107,0.0019937313136593,0.2590336999107,7.87288399,0.032902009002002,0.0,1.0,1.0,1.0,2.0,1.0,-1.0,1.0
4.72,0.25879674390133,0.0022399259274805,0.25879674390133,7.87288399,0.032871911262765,0.0,1.0,1.0,1.0,2.0,1.0,-1.0,1.0
4.73,0.25865096570023,0.0024789038728493,0.25865096570023,7.87288399,0.03285339476979,0.0,1.0,1.0,1.0,2.0,1.0,-1.0,1.0
4.74,0.25860131383941,0.002704536853694,0.25860131383941,7.87288399,0.032847088076984,0.0,1.0,1.0,1.0,2.0,1.0,-1.0,1.0
4.75,0.2586488263743,0.0029121038541548,0.2586488263743,7.87288399,0.03285312303634,0.0,1.0,1.0,1.0,2.0,1.0,-1.0,1.0
4.76,0.25879261213473,0.0030978494286222,0.25879261213473,7.87288399,0.032871386452975,0.0,1.0,1.0,1.0,2.0,1.0,-1.0,1.0
4.77,0.25902574892234,0.00325870241105,0.25902574892234,7.87288399,0.032900999081321,0.0,1.0,1.0,1.0,2.0,1.0,-1.0,1.0
4.78,0.25933906201889,0.0033921633046731,0.25933906201889,7.87288399,0.032940795564662,0.0,1.0,1.0,1.0,2.0,1.0,-1.0,1.0
4.79,0.25971999311893,0.0034962188206778,0.25971999311893,7.87288399,0.032989180768931,0.0,1.0,1.0,1.0,2.0,1.0,-1.0,1.0
4.8,0.26015196940017,0.0035692924480652,0.26015196940017,7.87288399,0.033044049643131,0.0,1.0,1.0,1.0,2.0,1.0,-1.0,1.0
4.81,0.26061818955423,0.0036102519357873,0.26061818955423,7.87288399,0.03310326811436,0.0,1.0,1.0,1.0,2.0,1.0,-1.0,1.0
4.82,0.2610898603561,0.0036183264003061,0.2610898603561,7.87288399,0.033163178917374,0.0,1.0,1.0,1.0,2.0,1.0,-1.0,1.0
4.83,0.26146308842834,0.0035923844342493,0.26146308842834,7.87288399,0.033210585696479,0.0,1.0,1.0,1.0,2.0,1.0,-1.0,1.0
4.84,0.26203505735599,0.0035345550655118,0.26203505735599,7.87288399,0.033283236192585,0.0,1.0,1.0,1.0,2.0,1.0,-1.0,1.0
4.85,0.26271558694041,0.0034450069142505,0.26271558694041,7.87288399,0.033369675874064,0.0,1.0,1.0,1.0,2.0,1.0,-1.0,1.0
4.86,0.26339868635731,0.0033240484410478,0.26339868635731,7.87288399,0.033456441971185,0.0,1.0,1.0,1.0,2.0,1.0,-1.0,1.0
4.87,0.2639976128942,0.0031726790109218,0.2639976128942,7.87288399,0.033532516575822,0.0,1.0,1.0,1.0,2.0,1.0,-1.0,1.0
4.88,0.26448075473242,0.0029928344989639,0.26448075473242,7.87288399,0.033593884409875,0.0,1.0,1.0,1.0,2.0,1.0,-1.0,1.0
4.89,0.26490081440207,0.0027877498763072,0.26490081440207,7.87288399,0.033647239656845,0.0,1.0,1.0,1.0,2.0,1.0,-1.0,1.0
4.9,0.26521834273716,0.0025614117152347,0.26521834273716,7.87288399,0.033687571552437,0.0,1.0,1.0,1.0,2.0,1.0,-1.0,1.0
4.91,0.26538857730773,0.0023182456667368,0.26538857730773,7.87288399,0.033709194450829,0.0,1.0,1.0,1.0,2.0,1.0,-1.0,1.0
4.92,0.26543619663263,0.0020646061668028,0.26543619663263,7.87288399,0.033715242974466,0.0,1.0,1.0,1.0,2.0,1.0,-1.0,1.0
4.93,0.26537797674632,0.0018095417080297,0.26537797674632,7.87288399,0.033707847985998,0.0,1.0,1.0,1.0,2.0,1.0,-1.0,1.0
4.94,0.26523099390926,0.0015665274225037,0.26523099390926,7.87288399,0.033689178482263,0.0,1.0,1.0,1.0,2.0,1.0,-1.0,1.0
4.95,0.2650130154564,0.0013561059229661,0.2650130154564,7.87288399,0.033661491239172,0.0,1.0,1.0,1.0,2.0,1.0,-1.0,1.0
4.96,0.2647449743477,0.001207864333175,0.2647449743477,7.87288399,0.033627445124807,0.0,1.0,1.0,1.0,2.0,1.0,-1.0,1.0
4.97,0.26444775412575,0.0011547791231667,0.26444775412575,7.87288399,0.033589692730345,0.0,1.0,1.0,1.0,2.0,1.0,-1.0,1.0
4.98,0.26414398681771,0.0012131954222866,0.26414398681771,7.87288399,0.03355110873642,0.0,1.0,1.0,1.0,2.0,1.0,-1.0,1.0
4.99,0.26385236755951,0.0013680897831847,0.26385236755951,7.87288399,0.033514067766608,0.0,1.0,1.0,1.0,2.0,1.0,-1.0,1.0
5.0,0.26346680323156,0.0015868250405258,0.26346680323156,7.87288399,0.033465094057807,0.0,1.0,1.0,1.0,2.0,1.0,-1.0,1.0
5.01,0.2630331531405,0.0018396971749175,0.2630331531405,7.87288399,0.033410012579202,0.0,1.0,1.0,1.0,2.0,1.0,-1.0,1.0
5.02,0.26261096761001,0.0021059467724155,0.26261096761001,7.87288399,0.033356387309095,0.0,1.0,1.0,1.0,2.0,1.0,-1.0,1.0
5.03,0.26224116670132,0.0023717666467526,0.26224116670132,7.87288399,0.033309415842329,0.0,1.0,1.0,1.0,2.0,1.0,-1.0,1.0
5.04,0.2619620942625,0.0026277121326055,0.2619620942625,7.87288399,0.033273968547642,0.0,1.0,1.0,1.0,2.0,1.0,-1.0,1.0
5.05,0.26179035598465,0.002866869481806,0.26179035598465,7.87288399,0.033252154650973,0.0,1.0,1.0,1.0,2.0,1.0,-1.0,1.0
5.06,0.26173520404706,0.0030839463929226,0.26173520404706,7.87288399,0.033245149348004,0.0,1.0,1.0,1.0,2.0,1.0,-1.0,1.0
5.07,0.26179630270321,0.0032747338767873,0.26179630270321,7.87288399,0.033252909992797,0.0,1.0,1.0,1.0,2.0,1.0,-1.0,1.0
5.08,0.26196663633012,0.0034358400720864,0.26196663633012,7.87288399,0.033274545473154,0.0,1.0,1.0,1.0,2.0,1.0,-1.0,1.0
5.09,0.26223384112418,0.003564544134686,0.26223384112418,7.87288399,0.03330848536029,0.0,1.0,1.0,1.0,2.0,1.0,-1.0,1.0
5.1,0.26257950135383,0.0036587090439858,0.26257950135383,7.87288399,0.033352390520088,0.0,1.0,1.0,1.0,2.0,1.0,-1.0,1.0
5.11,0.26298334501207,0.0037167707400397,0.26298334501207,7.87288399,0.033403686037558,0.0,1.0,1.0,1.0,2.0,1.0,-1.0,1.0
5.12,0.26342082715095,0.003737694464672,0.26342082715095,7.87288399,0.033459254256196,0.0,1.0,1.0,1.0,2.0,1.0,-1.0,1.0
5.13,0.26386687189414,0.0037210019836313,0.26386687189414,7.87288399,0.033515910081909,0.0,1.0,1.0,1.0,2.0,1.0,-1.0,1.0
5.14,0.26429669249263,0.0036667759353057,0.26429669249263,7.87288399,0.033570505145044,0.0,1.0,1.0,1.0,2.0,1.0,-1.0,1.0
5.15,0.26468492713571,0.0035756665237283,0.26468492713571,7.87288399,0.033619818032618,0.0,1.0,1.0,1.0,2.0,1.0,-1.0,1.0
5.16,0.26500983344477,0.0034489483752767,0.26500983344477,7.87288399,0.033661087065602,0.0,1.0,1.0,1.0,2.0,1.0,-1.0,1.0
5.17,0.26525157213068,0.0032885453075228,0.26525157213068,7.87288399,0.033691792292074,0.0,1.0,1.0,1.0,2.0,1.0,-1.0,1.0
5.18,0.26539483670533,0.0030971290709789,0.26539483670533,7.87288399,0.033709989508601,0.0,1.0,1.0,1.0,2.0,1.0,-1.0,1.0
5.19,0.26542706447549,0.0028782347862396,0.26542706447549,7.87288399,0.033714083023785,0.0,1.0,1.0,1.0,2.0,1.0,-1.0,1.0
5.2,0.26534115777682,0.0026364999877887,0.26534115777682,7.87288399,0.033703171304677,0.0,1.0,1.0,1.0,2.0,1.0,-1.0,1.0
5.21,0.2651391665229,0.0023780984194126,0.2651391665229,7.87288399,0.033677514727726,0.0,1.0,1.0,1.0,2.0,1.0,-1.0,1.0
5.22,0.26482576358213,0.002111435482742,0.26482576358213,7.87288399,0.033637706832528,0.0,1.0,1.0,1.0,2.0,1.0,-1.0,1.0
5.23,0.2644104912045,0.0018484693580935,0.2644104912045,7.87288399,0.033584959659046,0.0,1.0,1.0,1.0,2.0,1.0,-1.0,1.0
5.24,0.26390917244387,0.0016068549593236,0.26390917244387,7.87288399,0.033521283023994,0.0,1.0,1.0,1.0,2.0,1.0,-1.0,1.0
5.25,0.26333917144301,0.0014124422355133,0.26333917144301,7.87288399,0.033448882490521,0.0,1.0,1.0,1.0,2.0,1.0,-1.0,1.0
5.26,0.26272459720268,0.0012984782898673,0.26272459720268,7.87288399,0.033370820341871,0.0,1.0,1.0,1.0,2.0,1.0,-1.0,1.0
5.27,0.26209013622286,0.0012932609074356,0.26209013622286,7.87288399,0.033290232214239,0.0,1.0,1.0,1.0,2.0,1.0,-1.0,1.0
5.28,0.26146364811638,0.0013993057279702,0.26146364811638,7.87288399,0.033210656787079,0.0,1.0,1.0,1.0,2.0,1.0,-1.0,1.0
5.29,0.26087119472168,0.0015912871564501,0.26087119472168,7.87288399,0.033135404389679,0.0,1.0,1.0,1.0,2.0,1.0,-1.0,1.0
5.3,0.26033821990087,0.0018359581254865,0.26033821990087,7.87288399,0.033067706857048,0.0,1.0,1.0,1.0,2.0,1.0,-1.0,1.0
5.31,0.2598881456953,0.0021063615788702,0.2598881456953,7.87288399,0.033010539216049,0.0,1.0,1.0,1.0,2.0,1.0,-1.0,1.0
5.32,0.25953937999372,0.0023837267524227,0.25953937999372,7.87288399,0.03296623960462,0.0,1.0,1.0,1.0,2.0,1.0,-1.0,1.0
5.33,0.25930816099017,0.0026551682771594,0.25930816099017,7.87288399,0.032936870569862,0.0,1.0,1.0,1.0,2.0,1.0,-1.0,1.0
5.34,0.25920409269511,0.00291147861058,0.25920409269511,7.87288399,0.032923651996441,0.0,1.0,1.0,1.0,2.0,1.0,-1.0,1.0
5.35,0.25923035584171,0.0031457540487013,0.25923035584171,7.87288399,0.032926987895539,0.0,1.0,1.0,1.0,2.0,1.0,-1.0,1.0
5.36,0.2593820982227,0.0033526178210015,0.2593820982227,7.87288399,0.032946261948247,0.0,1.0,1.0,1.0,2.0,1.0,-1.0,1.0
5.37,0.25965121516131,0.0035278292530634,0.25965121516131,7.87288399,0.032980444712651,0.0,1.0,1.0,1.0,2.0,1.0,-1.0,1.0
5.38,0.2600236953316,0.0036680433045561,0.2600236953316,7.87288399,0.033027756494554,0.0,1.0,1.0,1.0,2.0,1.0,-1.0,1.0
5.39,0.26047779676969,0.0037706632790703,0.26047779676969,7.87288399,0.033085435667608,0.0,1.0,1.0,1.0,2.0,1.0,-1.0,1.0
5.4,0.26098912836404,0.0038338130779258,0.26098912836404,7.87288399,0.033150384115344,0.0,1.0,1.0,1.0,2.0,1.0,-1.0,1.0
5.41,0.26153258227551,0.0038563232145821,0.26153258227551,7.87288399,0.033219412683802,0.0,1.0,1.0,1.0,2.0,1.0,-1.0,1.0
5.42,0.26207775925032,0.0038376633026416,0.26207775925032,7.87288399,0.033288660112762,0.0,1.0,1.0,1.0,2.0,1.0,-1.0,1.0
5.43,0.26259548372571,0.0037780101792827,0.26259548372571,7.87288399,0.033354420573103,0.0,1.0,1.0,1.0,2.0,1.0,-1.0,1.0
5.44,0.26305973444471,0.0036782666639534,0.26305973444471,7.87288399,0.033413388890125,0.0,1.0,1.0,1.0,2.0,1.0,-1.0,1.0
5.45,0.26344536174881,0.0035400675996104,0.26344536174881,7.87288399,0.033462370598046,0.0,1.0,1.0,1.0,2.0,1.0,-1.0,1.0
5.46,0.26373099411838,0.0033658682289323,0.26373099411838,7.87288399,0.033498651123701,0.0,1.0,1.0,1.0,2.0,1.0,-1.0,1.0
5.47,0.26389924767873,0.003159040746807,0.26389924767873,7.87288399,0.033520022397629,0.0,1.0,1.0,1.0,2.0,1.0,-1.0,1.0
5.48,0.26394104745077,0.002924089066874,0.26394104745077,7.87288399,0.033525331731806,0.0,1.0,1.0,1.0,2.0,1.0,-1.0,1.0
5.49,0.26385045605857,0.0026669399220336,0.26385045605857,7.87288399,0.033513824971092,0.0,1.0,1.0,1.0,2.0,1.0,-1.0,1.0
5.5,0.26362910854757,0.0023955392755578,0.26362910854757,7.87288399,0.033485709796108,0.0,1.0,1.0,1.0,2.0,1.0,-1.0,1.0
5.51,0.26328578351161,0.0021208796776848,0.26328578351161,7.87288399,0.033442101248543,0.0,1.0,1.0,1.0,2.0,1.0,-1.0,1.0
5.52,0.26283448756119,0.0018586758972357,0.26283448756119,7.87288399,0.033384778423642,0.0,1.0,1.0,1.0,2.0,1.0,-1.0,1.0
5.53,0.26229495857831,0.0016316986622294,0.26229495857831,7.87288399,0.033316248392771,0.0,1.0,1.0,1.0,2.0,1.0,-1.0,1.0
5.54,0.26169135722163,0.001470855830669,0.26169135722163,7.87288399,0.033239580000674,0.0,1.0,1.0,1.0,2.0,1.0,-1.0,1.0
5.55,0.26105129843821,0.0014089630513771,0.26105129843821,7.87288399,0.033158280849786,0.0,1.0,1.0,1.0,2.0,1.0,-1.0,1.0
5.56,0.26040622086883,0.0014626548124589,0.26040622086883,7.87288399,0.033076344221457,0.0,1.0,1.0,1.0,2.0,1.0,-1.0,1.0
5.57,0.25978607334715,0.0016189285036749,0.25978607334715,7.87288399,0.032997574164324,0.0,1.0,1.0,1.0,2.0,1.0,-1.0,1.0
5.58,0.25922147580616,0.0018461582764308,0.25922147580616,7.87288399,0.032925859968904,0.0,1.0,1.0,1.0,2.0,1.0,-1.0,1.0
5.59,0.25874055516801,0.0021128870299714,0.25874055516801,7.87288399,0.03286477426781,0.0,1.0,1.0,1.0,2.0,1.0,-1.0,1.0
5.6,0.25836611296856,0.0023953802125133,0.25836611296856,7.87288399,0.032817213272383,0.0,1.0,1.0,1.0,2.0,1.0,-1.0,1.0
5.61,0.25811778681142,0.002677046881818,0.25811778681142,7.87288399,0.032785671316798,0.0,1.0,1.0,1.0,2.0,1.0,-1.0,1.0
5.62,0.25800834658459,0.0029461516255495,0.25800834658459,7.87288399,0.032771770409968,0.0,1.0,1.0,1.0,2.0,1.0,-1.0,1.0
5.63,0.25804185422839,0.003194057521457,0.25804185422839,7.87288399,0.032776026492471,0.0,1.0,1.0,1.0,2.0,1.0,-1.0,1.0
5.64,0.25821612455132,0.0034141897389556,0.25821612455132,7.87288399,0.032798162005093,0.0,1.0,1.0,1.0,2.0,1.0,-1.0,1.0
5.65,0.25852097011847,0.003601426417693,0.25852097011847,7.87288399,0.03283688295761,0.0,1.0,1.0,1.0,2.0,1.0,-1.0,1.0
5.66,0.25894189988376,0.0037518008770555,0.25894189988376,7.87288399,0.032890348722611,0.0,1.0,1.0,1.0,2.0,1.0,-1.0,1.0
5.67,0.25945565309597,0.0038622732826264,0.25945565309597,7.87288399,0.032955604760025,0.0,1.0,1.0,1.0,2.0,1.0,-1.0,1.0
5.68,0.26003431289501,0.0039306665376981,0.26003431289501,7.87288399,0.033029105118951,0.0,1.0,1.0,1.0,2.0,1.0,-1.0,1.0
5.69,0.26064703141956,0.0039556179385361,0.26064703141956,7.87288399,0.033106931557817,0.0,1.0,1.0,1.0,2.0,1.0,-1.0,1.0
5.7,0.26126060337317,0.0039365600119764,0.26126060337317,7.87288399,0.033184866397754,0.0,1.0,1.0,1.0,2.0,1.0,-1.0,1.0
5.71,0.26184382435274,0.0038737467136423,0.26184382435274,7.87288399,0.033258946109879,0.0,1.0,1.0,1.0,2.0,1.0,-1.0,1.0
5.72,0.2623655462975,0.0037682396342127,0.2623655462975,7.87288399,0.03332521432181,0.0,1.0,1.0,1.0,2.0,1.0,-1.0,1.0
5.73,0.26279786882456,0.0036219733052562,0.26279786882456,7.87288399,0.033380127175552,0.0,1.0,1.0,1.0,2.0,1.0,-1.0,1.0
5.74,0.26311710278436,0.0034378135463245,0.26311710278436,7.87288399,0.03342067571662,0.0,1.0,1.0,1.0,2.0,1.0,-1.0,1.0
5.75,0.26330517545494,0.0032196999695215,0.26330517545494,7.87288399,0.033444564379379,0.0,1.0,1.0,1.0,2.0,1.0,-1.0,1.0
5.76,0.26335107746248,0.0029728766028323,0.26335107746248,7.87288399,0.033450394772358,0.0,1.0,1.0,1.0,2.0,1.0,-1.0,1.0
5.77,0.26325044531634,0.0027042660851687,0.26325044531634,7.87288399,0.033437612652583,0.0,1.0,1.0,1.0,2.0,1.0,-1.0,1.0
5.78,0.26300795920571,0.0024231960151137,0.26300795920571,7.87288399,0.033406812489524,0.0,1.0,1.0,1.0,2.0,1.0,-1.0,1.0
5.79,0.26263303968544,0.0021425711809388,0.26263303968544,7.87288399,0.033359190865638,0.0,1.0,1.0,1.0,2.0,1.0,-1.0,1.0
5.8,0.2621433657401,0.0018807942243434,0.2621433657401,7.87288399,0.033296993334725,0.0,1.0,1.0,1.0,2.0,1.0,-1.0,1.0
5.81,0.2615630568923,0.0016639322772889,0.2615630568923,7.87288399,0.033223283516502,0.0,1.0,1.0,1.0,2.0,1.0,-1.0,1.0
5.82,0.26091928759701,0.0015251794923365,0.26091928759701,7.87288399,0.033141513062866,0.0,1.0,1.0,1.0,2.0,1.0,-1.0,1.0
5.83,0.2602434054754,0.0014948598577695,0.2602434054754,7.87288399,0.03305566369401,0.0,1.0,1.0,1.0,2.0,1.0,-1.0,1.0
5.84,0.25956823725881,0.0015812277617326,0.25956823725881,7.87288399,0.032969905004126,0.0,1.0,1.0,1.0,2.0,1.0,-1.0,1.0
5.85,0.25892668517381,0.0017637186903028,0.25892668517381,7.87288399,0.032888416176677,0.0,1.0,1.0,1.0,2.0,1.0,-1.0,1.0
5.86,0.25836254660228,0.0020088319615635,0.25836254660228,7.87288399,0.032816760278756,0.0,1.0,1.0,1.0,2.0,1.0,-1.0,1.0
5.87,0.25790249800607,0.0022862943691853,0.25790249800607,7.87288399,0.032758325708044,0.0,1.0,1.0,1.0,2.0,1.0,-1.0,1.0
5.88,0.25756863470358,0.002573775598566,0.25756863470358,7.87288399,0.03271591897337,0.0,1.0,1.0,1.0,2.0,1.0,-1.0,1.0
5.89,0.25737893987611,0.002855574526754,0.25737893987611,7.87288399,0.03269182426707,0.0,1.0,1.0,1.0,2.0,1.0,-1.0,1.0
5.9,0.25734156174846,0.003120434190432,0.25734156174846,7.87288399,0.032687076562455,0.0,1.0,1.0,1.0,2.0,1.0,-1.0,1.0
5.91,0.25745800119874,0.0033600090559331,0.25745800119874,7.87288399,0.032701866498447,0.0,1.0,1.0,1.0,2.0,1.0,-1.0,1.0
5.92,0.25772153693391,0.003567936857422,0.25772153693391,7.87288399,0.032735340348119,0.0,1.0,1.0,1.0,2.0,1.0,-1.0,1.0
5.93,0.25811723660813,0.0037393120214538,0.25811723660813,7.87288399,0.032785601430935,0.0,1.0,1.0,1.0,2.0,1.0,-1.0,1.0
5.94,0.25862305549086,0.0038703960728714,0.25862305549086,7.87288399,0.032849849663651,0.0,1.0,1.0,1.0,2.0,1.0,-1.0,1.0
5.95,0.25921040958459,0.003958453228652,0.25921040958459,7.87288399,0.032924454356731,0.0,1.0,1.0,1.0,2.0,1.0,-1.0,1.0
5.96,0.259849324884,0.0040017050997496,0.259849324884,7.87288399,0.033005608264272,0.0,1.0,1.0,1.0,2.0,1.0,-1.0,1.0
5.97,0.26050424594201,0.003999231217541,0.26050424594201,7.87288399,0.033088795195369,0.0,1.0,1.0,1.0,2.0,1.0,-1.0,1.0
5.98,0.26105715308405,0.0039503202627841,0.26105715308405,7.87288399,0.033159024496695,0.0,1.0,1.0,1.0,2.0,1.0,-1.0,1.0
5.99,0.26164069024221,0.003856329086434,0.26164069024221,7.87288399,0.033233144369274,0.0,1.0,1.0,1.0,2.0,1.0,-1.0,1.0
6.0,0.26234762038259,0.003720108102986,0.26234762038259,7.87288399,0.033322937403348,0.0,1.0,1.0,1.0,2.0,1.0,-1.0,1.0
6.01,0.26304448950021,0.0035436245990161,0.26304448950021,7.87288399,0.03341145250385,0.0,1.0,1.0,1.0,2.0,1.0,-1.0,1.0
6.02,0.26363580313693,0.0033301102643622,0.26363580313693,7.87288399,0.033486560131179,0.0,1.0,1.0,1.0,2.0,1.0,-1.0,1.0
6.03,0.26405545455333,0.0030843186327926,0.26405545455333,7.87288399,0.033539863522532,0.0,1.0,1.0,1.0,2.0,1.0,-1.0,1.0
6.04,0.26431931540888,0.0028132369828398,0.26431931540888,7.87288399,0.033573378668428,0.0,1.0,1.0,1.0,2.0,1.0,-1.0,1.0
6.05,0.26448057773881,0.0025268934723982,0.26448057773881,7.87288399,0.033593861928456,0.0,1.0,1.0,1.0,2.0,1.0,-1.0,1.0
6.06,0.26445302956039,0.0022377204863941,0.26445302956039,7.87288399,0.033590362806857,0.0,1.0,1.0,1.0,2.0,1.0,-1.0,1.0
6.07,0.2642701371622,0.0019636097813036,0.2642701371622,7.87288399,0.033567132133266,0.0,1.0,1.0,1.0,2.0,1.0,-1.0,1.0
6.08,0.26397122218037,0.0017303918263762,0.26397122218037,7.87288399,0.033529164473357,0.0,1.0,1.0,1.0,2.0,1.0,-1.0,1.0
6.09,0.26359186813581,0.0015721824938181,0.26359186813581,7.87288399,0.033480979583926,0.0,1.0,1.0,1.0,2.0,1.0,-1.0,1.0
6.1,0.26316994518851,0.0015228511178886,0.26316994518851,7.87288399,0.033427387666678,0.0,1.0,1.0,1.0,2.0,1.0,-1.0,1.0
6.11,0.26274410954318,0.0015959289385117,0.26274410954318,7.87288399,0.033373298765346,0.0,1.0,1.0,1.0,2.0,1.0,-1.0,1.0
6.12,0.26235206926624,0.0017735623413386,0.26235206926624,7.87288399,0.033323502492794,0.0,1.0,1.0,1.0,2.0,1.0,-1.0,1.0
6.13,0.26202944784221,0.0020209821466659,0.26202944784221,7.87288399,0.033282523681923,0.0,1.0,1.0,1.0,2.0,1.0,-1.0,1.0
6.14,0.26181501728749,0.00230530220675,0.26181501728749,7.87288399,0.03325528708667,0.0,1.0,1.0,1.0,2.0,1.0,-1.0,1.0
6.15,0.26163787246068,0.0026013958159461,0.26163787246068,7.87288399,0.033232786459575,0.0,1.0,1.0,1.0,2.0,1.0,-1.0,1.0
6.16,0.26147658064879,0.002891465547509,0.26147658064879,7.87288399,0.033212299454801,0.0,1.0,1.0,1.0,2.0,1.0,-1.0,1.0
6.17,0.26139786024448,0.003163392504147,0.26139786024448,7.87288399,0.033202300526275,0.0,1.0,1.0,1.0,2.0,1.0,-1.0,1.0
6.18,0.26142478928043,0.003408242952361,0.26142478928043,7.87288399,0.033205721005477,0.0,1.0,1.0,1.0,2.0,1.0,-1.0,1.0
6.19,0.26158227623302,0.0036194301287755,0.26158227623302,7.87288399,0.033225724723656,0.0,1.0,1.0,1.0,2.0,1.0,-1.0,1.0
6.2,0.26186930466546,0.0037919060447928,0.26186930466546,7.87288399,0.033262182574783,0.0,1.0,1.0,1.0,2.0,1.0,-1.0,1.0
6.21,0.26227057872919,0.0039218613977455,0.26227057872919,7.87288399,0.033313151706836,0.0,1.0,1.0,1.0,2.0,1.0,-1.0,1.0
6.22,0.26276100044926,0.004006562119919,0.26276100044926,7.87288399,0.033375444218791,0.0,1.0,1.0,1.0,2.0,1.0,-1.0,1.0
6.23,0.26330849784291,0.0040442627324081,0.26330849784291,7.87288399,0.033444986383308,0.0,1.0,1.0,1.0,2.0,1.0,-1.0,1.0
6.24,0.26387765463871,0.004034163187311,0.26387765463871,7.87288399,0.033517279687327,0.0,1.0,1.0,1.0,2.0,1.0,-1.0,1.0
6.25,0.26443038664482,0.0039763892378529,0.26443038664482,7.87288399,0.033587486743192,0.0,1.0,1.0,1.0,2.0,1.0,-1.0,1.0
6.26,0.26493103549938,0.0038720253117509,0.26493103549938,7.87288399,0.033651078287943,0.0,1.0,1.0,1.0,2.0,1.0,-1.0,1.0
6.27,0.26534646111643,0.00372313154427,0.26534646111643,7.87288399,0.03370384492563,0.0,1.0,1.0,1.0,2.0,1.0,-1.0,1.0
6.28,0.26564857683242,0.0035328306671037,0.26564857683242,7.87288399,0.033742219137211,0.0,1.0,1.0,1.0,2.0,1.0,-1.0,1.0
6.29,0.26581667702063,0.003305437504004,0.26581667702063,7.87288399,0.033763570930077,0.0,1.0,1.0,1.0,2.0,1.0,-1.0,1.0
6.3,0.26583629299046,0.0030466863820766,0.26583629299046,7.87288399,0.033766062516369,0.0,1.0,1.0,1.0,2.0,1.0,-1.0,1.0
6.31,0.26570268943227,0.0027641753284907,0.26570268943227,7.87288399,0.033749092425312,0.0,1.0,1.0,1.0,2.0,1.0,-1.0,1.0
6.32,0.26541871561982,0.0024681188526558,0.26541871561982,7.87288399,0.033713022566692,0.0,1.0,1.0,1.0,2.0,1.0,-1.0,1.0
6.33,0.2649950064696,0.0021727214345808,0.2649950064696,7.87288399,0.033659203769062,0.0,1.0,1.0,1.0,2.0,1.0,-1.0,1.0
6.34,0.26445034790552,0.0018983456599514,0.26445034790552,7.87288399,0.03359002218773,0.0,1.0,1.0,1.0,2.0,1.0,-1.0,1.0
6.35,0.26381124255312,0.0016739959697037,0.26381124255312,7.87288399,0.033508844139989,0.0,1.0,1.0,1.0,2.0,1.0,-1.0,1.0
6.36,0.26311052537334,0.0015363734932155,0.26311052537334,7.87288399,0.033419840265338,0.0,1.0,1.0,1.0,2.0,1.0,-1.0,1.0
6.37,0.26238379006317,0.0015173262419068,0.26238379006317,7.87288399,0.033327531613123,0.0,1.0,1.0,1.0,2.0,1.0,-1.0,1.0
6.38,0.26166890248895,0.0016218541708254,0.26166890248895,7.87288399,0.033236727839673,0.0,1.0,1.0,1.0,2.0,1.0,-1.0,1.0
6.39,0.26100265552836,0.0018237102429583,0.26100265552836,7.87288399,0.033152102312174,0.0,1.0,1.0,1.0,2.0,1.0,-1.0,1.0
6.4,0.26042007480101,0.002085524167841,0.26042007480101,7.87288399,0.03307810392377,0.0,1.0,1.0,1.0,2.0,1.0,-1.0,1.0
6.41,0.25995277852954,0.002375551363281,0.25995277852954,7.87288399,0.033018748765983,0.0,1.0,1.0,1.0,2.0,1.0,-1.0,1.0
6.42,0.25962386407932,0.0026710817538386,0.25962386407932,7.87288399,0.032976970625897,0.0,1.0,1.0,1.0,2.0,1.0,-1.0,1.0
6.43,0.25944851334133,0.0029563395076781,0.25944851334133,7.87288399,0.032954697880837,0.0,1.0,1.0,1.0,2.0,1.0,-1.0,1.0
6.44,0.25943570557615,0.0032200949310325,0.25943570557615,7.87288399,0.032953071060831,0.0,1.0,1.0,1.0,2.0,1.0,-1.0,1.0
6.45,0.25958268664914,0.0034540478765431,0.25958268664914,7.87288399,0.032971740340498,0.0,1.0,1.0,1.0,2.0,1.0,-1.0,1.0
6.46,0.25987841559765,0.0036519313823253,0.25987841559765,7.87288399,0.033009303316007,0.0,1.0,1.0,1.0,2.0,1.0,-1.0,1.0
6.47,0.26030269604944,0.0038089936488797,0.26030269604944,7.87288399,0.033063194679367,0.0,1.0,1.0,1.0,2.0,1.0,-1.0,1.0
6.48,0.26082973910343,0.0039217432284594,0.26082973910343,7.87288399,0.033130138769316,0.0,1.0,1.0,1.0,2.0,1.0,-1.0,1.0
6.49,0.26142743793766,0.0039877786143027,0.26142743793766,7.87288399,0.033206057433301,0.0,1.0,1.0,1.0,2.0,1.0,-1.0,1.0
6.5,0.26205813089489,0.0040056974481073,0.26205813089489,7.87288399,0.033286166953273,0.0,1.0,1.0,1.0,2.0,1.0,-1.0,1.0
6.51,0.26268434496054,0.0039750943454947,0.26268434496054,7.87288399,0.033365707572244,0.0,1.0,1.0,1.0,2.0,1.0,-1.0,1.0
6.52,0.26326855948777,0.0038965309439057,0.26326855948777,7.87288399,0.03343991348306,0.0,1.0,1.0,1.0,2.0,1.0,-1.0,1.0
6.53,0.26377706209423,0.0037715734168836,0.26377706209423,7.87288399,0.033504502597685,0.0,1.0,1.0,1.0,2.0,1.0,-1.0,1.0
6.54,0.26417877467425,0.0036028098160224,0.26417877467425,7.87288399,0.033555527429313,0.0,1.0,1.0,1.0,2.0,1.0,-1.0,1.0
6.55,0.26444865534794,0.0033939527187941,0.26444865534794,7.87288399,0.033589807202017,0.0,1.0,1.0,1.0,2.0,1.0,-1.0,1.0
6.56,0.26457138815509,0.0031500381149283,0.26457138815509,7.87288399,0.033605396509226,0.0,1.0,1.0,1.0,2.0,1.0,-1.0,1.0
6.57,0.26453707549497,0.0028776977742508,0.26453707549497,7.87288399,0.033601038174953,0.0,1.0,1.0,1.0,2.0,1.0,-1.0,1.0
6.58,0.26434449602628,0.00258576050164,0.26434449602628,7.87288399,0.033576577066554,0.0,1.0,1.0,1.0,2.0,1.0,-1.0,1.0
6.59,0.26400406281514,0.0022863131357864,0.26400406281514,7.87288399,0.033533335833537,0.0,1.0,1.0,1.0,2.0,1.0,-1.0,1.0
6.6,0.26353117744438,0.001996509114491,0.26353117744438,7.87288399,0.0334732707581,0.0,1.0,1.0,1.0,2.0,1.0,-1.0,1.0
6.61,0.26294874487736,0.0017412541306049,0.26294874487736,7.87288399,0.033399291188763,0.0,1.0,1.0,1.0,2.0,1.0,-1.0,1.0
6.62,0.26228845624868,0.0015550134979511,0.26228845624868,7.87288399,0.033315422478196,0.0,1.0,1.0,1.0,2.0,1.0,-1.0,1.0
6.63,0.26158438472485,0.0014758594467587,0.26158438472485,7.87288399,0.033225992540612,0.0,1.0,1.0,1.0,2.0,1.0,-1.0,1.0
6.64,0.26087509531178,0.0015247514743455,0.26087509531178,7.87288399,0.033135899835834,0.0,1.0,1.0,1.0,2.0,1.0,-1.0,1.0
6.65,0.26019703569349,0.0016878766795437,0.26019703569349,7.87288399,0.033049773885147,0.0,1.0,1.0,1.0,2.0,1.0,-1.0,1.0
6.66,0.25958794222868,0.0019286699570015,0.25958794222868,7.87288399,0.032972407895049,0.0,1.0,1.0,1.0,2.0,1.0,-1.0,1.0
6.67,0.25907999145923,0.002210707572479,0.25907999145923,7.87288399,0.032907888873799,0.0,1.0,1.0,1.0,2.0,1.0,-1.0,1.0
6.68,0.25870090330346,0.0025068792527908,0.25870090330346,7.87288399,0.032859737757098,0.0,1.0,1.0,1.0,2.0,1.0,-1.0,1.0
6.69,0.25847049573301,0.0027985021906178,0.25847049573301,7.87288399,0.032830471789158,0.0,1.0,1.0,1.0,2.0,1.0,-1.0,1.0
6.7,0.25839941108208,0.0030725423652973,0.25839941108208,7.87288399,0.032821442740716,0.0,1.0,1.0,1.0,2.0,1.0,-1.0,1.0
6.71,0.25849051241862,0.0033195702024666,0.25849051241862,7.87288399,0.03283301427367,0.0,1.0,1.0,1.0,2.0,1.0,-1.0,1.0
6.72,0.25873556366065,0.0035325289929571,0.25873556366065,7.87288399,0.032864140255247,0.0,1.0,1.0,1.0,2.0,1.0,-1.0,1.0
6.73,0.2591185492018,0.003706089788237,0.2591185492018,7.87288399,0.032912786411045,0.0,1.0,1.0,1.0,2.0,1.0,-1.0,1.0
6.74,0.25961571389784,0.0038362762424894,0.25961571389784,7.87288399,0.032975935404052,0.0,1.0,1.0,1.0,2.0,1.0,-1.0,1.0
6.75,0.26019568478741,0.0039202620090073,0.26019568478741,7.87288399,0.033049602295411,0.0,1.0,1.0,1.0,2.0,1.0,-1.0,1.0
6.76,0.26082357218663,0.0039562794454448,0.26082357218663,7.87288399,0.033129355458295,0.0,1.0,1.0,1.0,2.0,1.0,-1.0,1.0
6.77,0.26146022283483,0.0039435464902602,0.26146022283483,7.87288399,0.033210221713787,0.0,1.0,1.0,1.0,2.0,1.0,-1.0,1.0
6.78,0.26206897881688,0.0038822919101347,0.26206897881688,7.87288399,0.033287544837413,0.0,1.0,1.0,1.0,2.0,1.0,-1.0,1.0
6.79,0.26261430898369,0.0037737302667661,0.26261430898369,7.87288399,0.033356811724554,0.0,1.0,1.0,1.0,2.0,1.0,-1.0,1.0
6.8,0.2630620889385,0.0036200753463482,0.2630620889385,7.87288399,0.033413687953821,0.0,1.0,1.0,1.0,2.0,1.0,-1.0,1.0
6.81,0.26338594703991,0.0034246628069116,0.26338594703991,7.87288399,0.033454823845297,0.0,1.0,1.0,1.0,2.0,1.0,-1.0,1.0
6.82,0.26356735463643,0.0031920609340284,0.26356735463643,7.87288399,0.033477865921968,0.0,1.0,1.0,1.0,2.0,1.0,-1.0,1.0
6.83,0.26359329500198,0.0029283223662873,0.26359329500198,7.87288399,0.03348116082198,0.0,1.0,1.0,1.0,2.0,1.0,-1.0,1.0
6.84,0.26346105249658,0.0026414691917835,0.26346105249658,7.87288399,0.033464363609476,0.0,1.0,1.0,1.0,2.0,1.0,-1.0,1.0
6.85,0.26317678566842,0.0023423828309517,0.26317678566842,7.87288399,0.033428256532511,0.0,1.0,1.0,1.0,2.0,1.0,-1.0,1.0
6.86,0.26275388598545,0.002046384045956,0.26275388598545,7.87288399,0.033374540552001,0.0,1.0,1.0,1.0,2.0,1.0,-1.0,1.0
6.87,0.26221337963199,0.001775822649569,0.26221337963199,7.87288399,0.033305886377222,0.0,1.0,1.0,1.0,2.0,1.0,-1.0,1.0
6.88,0.26158387618489,0.0015628594569136,0.26158387618489,7.87288399,0.033225927946754,0.0,1.0,1.0,1.0,2.0,1.0,-1.0,1.0
6.89,0.26089989155913,0.0014471671704239,0.26089989155913,7.87288399,0.033139049411946,0.0,1.0,1.0,1.0,2.0,1.0,-1.0,1.0
6.9,0.26019703624408,0.0014586630784124,0.26019703624408,7.87288399,0.033049773955081,0.0,1.0,1.0,1.0,2.0,1.0,-1.0,1.0
6.91,0.25951399602697,0.0015936694892547,0.25951399602697,7.87288399,0.032963015377414,0.0,1.0,1.0,1.0,2.0,1.0,-1.0,1.0
6.92,0.25888831117149,0.0018182349903341,0.25888831117149,7.87288399,0.032883541977796,0.0,1.0,1.0,1.0,2.0,1.0,-1.0,1.0
6.93,0.25835352032,0.0020932163351164,0.25835352032,7.87288399,0.032815613776116,0.0,1.0,1.0,1.0,2.0,1.0,-1.0,1.0
6.94,0.25793857052458,0.0023883497286216,0.25793857052458,7.87288399,0.032762907576463,0.0,1.0,1.0,1.0,2.0,1.0,-1.0,1.0
6.95,0.25766420816679,0.0026828431003423,0.25766420816679,7.87288399,0.032728058548058,0.0,1.0,1.0,1.0,2.0,1.0,-1.0,1.0
6.96,0.25754500943707,0.0029624292608135,0.25754500943707,7.87288399,0.032712918133203,0.0,1.0,1.0,1.0,2.0,1.0,-1.0,1.0
6.97,0.25758456109705,0.003216924664632,0.25758456109705,7.87288399,0.032717941916104,0.0,1.0,1.0,1.0,2.0,1.0,-1.0,1.0
6.98,0.25777657868768,0.0034387958787902,0.25777657868768,7.87288399,0.032742331655732,0.0,1.0,1.0,1.0,2.0,1.0,-1.0,1.0
6.99,0.2581064459787,0.0036223604755892,0.2581064459787,7.87288399,0.032784230823995,0.0,1.0,1.0,1.0,2.0,1.0,-1.0,1.0
7.0,0.25856062093637,0.0037634303521678,0.25856062093637,7.87288399,0.032841919335378,0.0,1.0,1.0,1.0,2.0,1.0,-1.0,1.0
7.01,0.25911081497244,0.0038589576564713,0.25911081497244,7.87288399,0.032911804022714,0.0,1.0,1.0,1.0,2.0,1.0,-1.0,1.0
7.02,0.25972043362528,0.0039069304579358,0.25972043362528,7.87288399,0.03298923672128,0.0,1.0,1.0,1.0,2.0,1.0,-1.0,1.0
7.03,0.26035170020256,0.0039063560587132,0.26035170020256,7.87288399,0.033069419101469,0.0,1.0,1.0,1.0,2.0,1.0,-1.0,1.0
7.04,0.26096676633177,0.0038572282315148,0.26096676633177,7.87288399,0.033147543728987,0.0,1.0,1.0,1.0,2.0,1.0,-1.0,1.0
7.05,0.26152721724923,0.0037605065508284,0.26152721724923,7.87288399,0.033218731227516,0.0,1.0,1.0,1.0,2.0,1.0,-1.0,1.0
7.06,0.26200035932501,0.0036181787984144,0.26200035932501,7.87288399,0.033278828909178,0.0,1.0,1.0,1.0,2.0,1.0,-1.0,1.0
7.07,0.2623585508171,0.003433296156924,0.2623585508171,7.87288399,0.033324325768084,0.0,1.0,1.0,1.0,2.0,1.0,-1.0,1.0
7.08,0.26257963401048,0.0032100924036922,0.26257963401048,7.87288399,0.033352407369904,0.0,1.0,1.0,1.0,2.0,1.0,-1.0,1.0
7.09,0.26265032206426,0.0029542027844039,0.26265032206426,7.87288399,0.033361386043269,0.0,1.0,1.0,1.0,2.0,1.0,-1.0,1.0
7.1,0.26256437089456,0.0026730776801709,0.26256437089456,7.87288399,0.033350468675528,0.0,1.0,1.0,1.0,2.0,1.0,-1.0,1.0
7.11,0.26232645500413,0.0023767627035405,0.26232645500413,7.87288399,0.033320249013873,0.0,1.0,1.0,1.0,2.0,1.0,-1.0,1.0
7.12,0.26194809932026,0.0020792950675588,0.26194809932026,7.87288399,0.033272190934476,0.0,1.0,1.0,1.0,2.0,1.0,-1.0,1.0
7.13,0.26141826787917,0.0018010718135609,0.26141826787917,7.87288399,0.033204892668458,0.0,1.0,1.0,1.0,2.0,1.0,-1.0,1.0
7.14,0.26074728916807,0.0015711066796449,0.26074728916807,7.87288399,0.033119666122258,0.0,1.0,1.0,1.0,2.0,1.0,-1.0,1.0
7.15,0.26023445369947,0.0014298923667227,0.26023445369947,7.87288399,0.033054526655037,0.0,1.0,1.0,1.0,2.0,1.0,-1.0,1.0
7.16,0.25983328013829,0.0014142087255903,0.25983328013829,7.87288399,0.033003570288642,0.0,1.0,1.0,1.0,2.0,1.0,-1.0,1.0
7.17,0.25949538060773,0.0015292906662483,0.25949538060773,7.87288399,0.032960650879314,0.0,1.0,1.0,1.0,2.0,1.0,-1.0,1.0
7.18,0.25919192666717,0.0017440958214465,0.25919192666717,7.87288399,0.032922106688781,0.0,1.0,1.0,1.0,2.0,1.0,-1.0,1.0
7.19,0.25895318464651,0.0020171952814906,0.25895318464651,7.87288399,0.032891782093503,0.0,1.0,1.0,1.0,2.0,1.0,-1.0,1.0
7.2,0.25889857376325,0.0023157138387864,0.25889857376325,7.87288399,0.032884845514312,0.0,1.0,1.0,1.0,2.0,1.0,-1.0,1.0
7.21,0.25894364937952,0.0026164566126705,0.25894364937952,7.87288399,0.032890570940512,0.0,1.0,1.0,1.0,2.0,1.0,-1.0,1.0
7.22,0.25910648785511,0.0029040167766054,0.25910648785511,7.87288399,0.032911254399814,0.0,1.0,1.0,1.0,2.0,1.0,-1.0,1.0
7.23,0.25941145013671,0.0031677149890992,0.25941145013671,7.87288399,0.032949990177197,0.0,1.0,1.0,1.0,2.0,1.0,-1.0,1.0
7.24,0.25986229433562,0.0033996730499771,0.25986229433562,7.87288399,0.033007255621408,0.0,1.0,1.0,1.0,2.0,1.0,-1.0,1.0
7.25,0.26045064477781,0.0035939250961052,0.26045064477781,7.87288399,0.033081986868933,0.0,1.0,1.0,1.0,2.0,1.0,-1.0,1.0
7.26,0.26115978139749,0.0037459569329731,0.26115978139749,7.87288399,0.033172060166161,0.0,1.0,1.0,1.0,2.0,1.0,-1.0,1.0
7.27,0.26196264856046,0.0038524204653529,0.26196264856046,7.87288399,0.033274038953604,0.0,1.0,1.0,1.0,2.0,1.0,-1.0,1.0
7.28,0.26282668080414,0.0039110392319266,0.26282668080414,7.87288399,0.03338378682297,0.0,1.0,1.0,1.0,2.0,1.0,-1.0,1.0
7.29,0.26371577430568,0.0039205421873293,0.26371577430568,7.87288399,0.033496717929624,0.0,1.0,1.0,1.0,2.0,1.0,-1.0,1.0
7.3,0.26456333085906,0.0038803934385776,0.26456333085906,7.87288399,0.033604373085531,0.0,1.0,1.0,1.0,2.0,1.0,-1.0,1.0
7.31,0.26521366391217,0.0037903416245132,0.26521366391217,7.87288399,0.033686977256243,0.0,1.0,1.0,1.0,2.0,1.0,-1.0,1.0
7.32,0.26568678237148,0.0036526826045346,0.26568678237148,7.87288399,0.033747071938181,0.0,1.0,1.0,1.0,2.0,1.0,-1.0,1.0
7.33,0.26598493857703,0.0034707628681464,0.26598493857703,7.87288399,0.033784943219648,0.0,1.0,1.0,1.0,2.0,1.0,-1.0,1.0
7.34,0.26611224635375,0.0032489618434645,0.26611224635375,7.87288399,0.033801113631518,0.0,1.0,1.0,1.0,2.0,1.0,-1.0,1.0
7.35,0.26607913745848,0.0029930373718079,0.26607913745848,7.87288399,0.033796908197358,0.0,1.0,1.0,1.0,2.0,1.0,-1.0,1.0
7.36,0.26588945570415,0.0027103513868584,0.26588945570415,7.87288399,0.033772815151586,0.0,1.0,1.0,1.0,2.0,1.0,-1.0,1.0
7.37,0.26555109515116,0.0024106882588386,0.26555109515116,7.87288399,0.033729837183993,0.0,1.0,1.0,1.0,2.0,1.0,-1.0,1.0
7.38,0.26507873492986,0.0021076523821232,0.26507873492986,7.87288399,0.033669838812125,0.0,1.0,1.0,1.0,2.0,1.0,-1.0,1.0
7.39,0.26449304964563,0.0018210622984814,0.26449304964563,7.87288399,0.033595446088319,0.0,1.0,1.0,1.0,2.0,1.0,-1.0,1.0
7.4,0.26382027084635,0.0015803315648706,0.26382027084635,7.87288399,0.033509990898056,0.0,1.0,1.0,1.0,2.0,1.0,-1.0,1.0
7.41,0.26309208237639,0.0014254335314266,0.26309208237639,7.87288399,0.033417497668016,0.0,1.0,1.0,1.0,2.0,1.0,-1.0,1.0
7.42,0.26234303196792,0.0013947439489932,0.26234303196792,7.87288399,0.033322354590916,0.0,1.0,1.0,1.0,2.0,1.0,-1.0,1.0
7.43,0.26161040931544,0.0014972845687809,0.26161040931544,7.87288399,0.033229298138742,0.0,1.0,1.0,1.0,2.0,1.0,-1.0,1.0
7.44,0.26093097497209,0.0017040019204653,0.26093097497209,7.87288399,0.033142997572874,0.0,1.0,1.0,1.0,2.0,1.0,-1.0,1.0
7.45,0.26033841779489,0.001972768749579,0.26033841779489,7.87288399,0.033067731993202,0.0,1.0,1.0,1.0,2.0,1.0,-1.0,1.0
7.46,0.25986320587676,0.0022691506370405,0.25986320587676,7.87288399,0.033007371403775,0.0,1.0,1.0,1.0,2.0,1.0,-1.0,1.0
7.47,0.25952817317115,0.0025695480073116,0.25952817317115,7.87288399,0.032964816133554,0.0,1.0,1.0,1.0,2.0,1.0,-1.0,1.0
7.48,0.2593494844784,0.0028580721845849,0.2593494844784,7.87288399,0.032942119407301,0.0,1.0,1.0,1.0,2.0,1.0,-1.0,1.0
7.49,0.25933281293563,0.0031235920565857,0.25933281293563,7.87288399,0.032940001817,0.0,1.0,1.0,1.0,2.0,1.0,-1.0,1.0
7.5,0.25947404506659,0.0033579597782047,0.25947404506659,7.87288399,0.032957940876072,0.0,1.0,1.0,1.0,2.0,1.0,-1.0,1.0
7.51,0.25976250859948,0.0035550708296572,0.25976250859948,7.87288399,0.032994581011155,0.0,1.0,1.0,1.0,2.0,1.0,-1.0,1.0
7.52,0.26017759375954,0.0037103200142397,0.26017759375954,7.87288399,0.033047304404588,0.0,1.0,1.0,1.0,2.0,1.0,-1.0,1.0
7.53,0.26069239536742,0.0038203490321864,0.26069239536742,7.87288399,0.033112693607393,0.0,1.0,1.0,1.0,2.0,1.0,-1.0,1.0
7.54,0.26127506815082,0.0038828957842591,0.26127506815082,7.87288399,0.033186703688596,0.0,1.0,1.0,1.0,2.0,1.0,-1.0,1.0
7.55,0.26188770185985,0.0038966974657441,0.26188770185985,7.87288399,0.033264519354342,0.0,1.0,1.0,1.0,2.0,1.0,-1.0,1.0
7.56,0.26249396648501,0.0038615034719465,0.26249396648501,7.87288399,0.033341526030159,0.0,1.0,1.0,1.0,2.0,1.0,-1.0,1.0
7.57,0.26305562243411,0.0037780214253448,0.26305562243411,7.87288399,0.033412866589707,0.0,1.0,1.0,1.0,2.0,1.0,-1.0,1.0
7.58,0.26353778364947,0.0036479613410838,0.26353778364947,7.87288399,0.033474109866755,0.0,1.0,1.0,1.0,2.0,1.0,-1.0,1.0
7.59,0.26391256982824,0.0034740990308449,0.26391256982824,7.87288399,0.033521714553835,0.0,1.0,1.0,1.0,2.0,1.0,-1.0,1.0
7.6,0.26415545593159,0.0032603359244244,0.26415545593159,7.87288399,0.033552565523271,0.0,1.0,1.0,1.0,2.0,1.0,-1.0,1.0
7.61,0.26425126445783,0.0030119150937843,0.26425126445783,7.87288399,0.033564734955256,0.0,1.0,1.0,1.0,2.0,1.0,-1.0,1.0
7.62,0.2641922474504,0.0027357559200971,0.2641922474504,7.87288399,0.033557238717854,0.0,1.0,1.0,1.0,2.0,1.0,-1.0,1.0
7.63,0.26398056814454,0.0024411257855337,0.26398056814454,7.87288399,0.033530351581434,0.0,1.0,1.0,1.0,2.0,1.0,-1.0,1.0
7.64,0.26362483194071,0.0021408581321389,0.26362483194071,7.87288399,0.03348516658896,0.0,1.0,1.0,1.0,2.0,1.0,-1.0,1.0
7.65,0.26314267610299,0.0018535574611901,0.26314267610299,7.87288399,0.033423923994972,0.0,1.0,1.0,1.0,2.0,1.0,-1.0,1.0
7.66,0.26256049159411,0.0016068363592531,0.26256049159411,7.87288399,0.033349975933547,0.0,1.0,1.0,1.0,2.0,1.0,-1.0,1.0
7.67,0.26190847794291,0.0014389772551996,0.26190847794291,7.87288399,0.033267158296195,0.0,1.0,1.0,1.0,2.0,1.0,-1.0,1.0
7.68,0.26122198003395,0.0013895437093327,0.26122198003395,7.87288399,0.033179960528537,0.0,1.0,1.0,1.0,2.0,1.0,-1.0,1.0
7.69,0.26053803770504,0.0014731180313921,0.26053803770504,7.87288399,0.033093087366201,0.0,1.0,1.0,1.0,2.0,1.0,-1.0,1.0
7.7,0.25989343569594,0.0016656250723144,0.25989343569594,7.87288399,0.033011211142709,0.0,1.0,1.0,1.0,2.0,1.0,-1.0,1.0
7.71,0.25932550823461,0.0019257758711531,0.25932550823461,7.87288399,0.032939073986611,0.0,1.0,1.0,1.0,2.0,1.0,-1.0,1.0
7.72,0.25886346602542,0.002217938426313,0.25886346602542,7.87288399,0.032880386190654,0.0,1.0,1.0,1.0,2.0,1.0,-1.0,1.0
7.73,0.2585333479561,0.0025173036166266,0.2585333479561,7.87288399,0.032838455168968,0.0,1.0,1.0,1.0,2.0,1.0,-1.0,1.0
7.74,0.25835283288851,0.0028071721029916,0.25835283288851,7.87288399,0.032815526459766,0.0,1.0,1.0,1.0,2.0,1.0,-1.0,1.0
7.75,0.25832967208489,0.0030759113566747,0.25832967208489,7.87288399,0.032812584614865,0.0,1.0,1.0,1.0,2.0,1.0,-1.0,1.0
7.76,0.25846455397805,0.0033150724412039,0.25846455397805,7.87288399,0.032829717077801,0.0,1.0,1.0,1.0,2.0,1.0,-1.0,1.0
7.77,0.25874801034407,0.0035183156374642,0.25874801034407,7.87288399,0.032865721211277,0.0,1.0,1.0,1.0,2.0,1.0,-1.0,1.0
7.78,0.25916093446696,0.0036808473413773,0.25916093446696,7.87288399,0.032918170113537,0.0,1.0,1.0,1.0,2.0,1.0,-1.0,1.0
7.79,0.25967814696215,0.0037991351429742,0.25967814696215,7.87288399,0.032983865543045,0.0,1.0,1.0,1.0,2.0,1.0,-1.0,1.0
7.8,0.26026748605928,0.0038707368677632,0.26026748605928,7.87288399,0.033058722367797,0.0,1.0,1.0,1.0,2.0,1.0,-1.0,1.0
7.81,0.26089518709195,0.0038942422860044,0.26089518709195,7.87288399,0.033138451858726,0.0,1.0,1.0,1.0,2.0,1.0,-1.0,1.0
7.82,0.26152193036111,0.0038691840820234,0.26152193036111,7.87288399,0.033218059696204,0.0,1.0,1.0,1.0,2.0,1.0,-1.0,1.0
7.83,0.26211048010606,0.0037960763066484,0.26211048010606,7.87288399,0.033292816258818,0.0,1.0,1.0,1.0,2.0,1.0,-1.0,1.0
7.84,0.26262809556264,0.003676429140972,0.26262809556264,7.87288399,0.033358562871779,0.0,1.0,1.0,1.0,2.0,1.0,-1.0,1.0
7.85,0.26304259549593,0.0035127462561286,0.26304259549593,7.87288399,0.033411211930728,0.0,1.0,1.0,1.0,2.0,1.0,-1.0,1.0
7.86,0.2633304495471,0.0033086537543104,0.2633304495471,7.87288399,0.033447774650507,0.0,1.0,1.0,1.0,2.0,1.0,-1.0,1.0
7.87,0.26347409528259,0.0030690363869351,0.26347409528259,7.87288399,0.033466020281418,0.0,1.0,1.0,1.0,2.0,1.0,-1.0,1.0
7.88,0.26346492090428,0.0028003552999075,0.26346492090428,7.87288399,0.033464854967878,0.0,1.0,1.0,1.0,2.0,1.0,-1.0,1.0
7.89,0.26330182726615,0.0025111924136529,0.26330182726615,7.87288399,0.033444139098276,0.0,1.0,1.0,1.0,2.0,1.0,-1.0,1.0
7.9,0.26299254795112,0.00221331781198,0.26299254795112,7.87288399,0.033404854978832,0.0,1.0,1.0,1.0,2.0,1.0,-1.0,1.0
7.91,0.26255316973084,0.0019235765176223,0.26255316973084,7.87288399,0.033349045923238,0.0,1.0,1.0,1.0,2.0,1.0,-1.0,1.0
7.92,0.26200727990722,0.0016668245725111,0.26200727990722,7.87288399,0.033279707949466,0.0,1.0,1.0,1.0,2.0,1.0,-1.0,1.0
7.93,0.26138408176341,0.001478352782134,0.26138408176341,7.87288399,0.033200550407629,0.0,1.0,1.0,1.0,2.0,1.0,-1.0,1.0
7.94,0.2607172732981,0.0013983167863421,0.2607172732981,7.87288399,0.03311585355878,0.0,1.0,1.0,1.0,2.0,1.0,-1.0,1.0
7.95,0.26004241978595,0.0014492851437964,0.26004241978595,7.87288399,0.033030134842106,0.0,1.0,1.0,1.0,2.0,1.0,-1.0,1.0
7.96,0.25939772452028,0.0016163091931571,0.25939772452028,7.87288399,0.032948246773326,0.0,1.0,1.0,1.0,2.0,1.0,-1.0,1.0
7.97,0.25881871748601,0.0018606741771631,0.25881871748601,7.87288399,0.032874702309186,0.0,1.0,1.0,1.0,2.0,1.0,-1.0,1.0
7.98,0.25833662805464,0.0021450046915107,0.25833662805464,7.87288399,0.032813468150016,0.0,1.0,1.0,1.0,2.0,1.0,-1.0,1.0
7.99,0.25797806447589,0.0024422635837139,0.25797806447589,7.87288399,0.03276792402931,0.0,1.0,1.0,1.0,2.0,1.0,-1.0,1.0
8.0,0.25776278613256,0.0027341800052549,0.25776278613256,7.87288399,0.032740579749424,0.0,1.0,1.0,1.0,2.0,1.0,-1.0,1.0
8.01,0.25770175446536,0.0030081434853875,0.25770175446536,7.87288399,0.03273282761345,0.0,1.0,1.0,1.0,2.0,1.0,-1.0,1.0
8.02,0.25779619733049,0.0032550594782117,0.25779619733049,7.87288399,0.032744823581541,0.0,1.0,1.0,1.0,2.0,1.0,-1.0,1.0
8.03,0.25804017935688,0.0034681605422819,0.25804017935688,7.87288399,0.032775813753211,0.0,1.0,1.0,1.0,2.0,1.0,-1.0,1.0
8.04,0.2584177438294,0.0036423208164588,0.2584177438294,7.87288399,0.032823771334321,0.0,1.0,1.0,1.0,2.0,1.0,-1.0,1.0
8.05,0.25890491463562,0.0037737146419996,0.25890491463562,7.87288399,0.032885650920867,0.0,1.0,1.0,1.0,2.0,1.0,-1.0,1.0
8.06,0.25947225733654,0.0038596391520597,0.25947225733654,7.87288399,0.032957713801717,0.0,1.0,1.0,1.0,2.0,1.0,-1.0,1.0
8.07,0.26008548433614,0.0038983984199866,0.26008548433614,7.87288399,0.033035604826198,0.0,1.0,1.0,1.0,2.0,1.0,-1.0,1.0
8.08,0.2607077218116,0.0038892678547071,0.2607077218116,7.87288399,0.033114640345615,0.0,1.0,1.0,1.0,2.0,1.0,-1.0,1.0
8.09,0.26130378895428,0.0038324816565137,0.26130378895428,7.87288399,0.033190351754984,0.0,1.0,1.0,1.0,2.0,1.0,-1.0,1.0
8.1,0.2618374681917,0.0037292076173034,0.2618374681917,7.87288399,0.033258138761384,0.0,1.0,1.0,1.0,2.0,1.0,-1.0,1.0
8.11,0.26227809273172,0.0035816048344428,0.26227809273172,7.87288399,0.033314106122339,0.0,1.0,1.0,1.0,2.0,1.0,-1.0,1.0
8.12,0.26259928971782,0.0033928706135933,0.26259928971782,7.87288399,0.033354904003587,0.0,1.0,1.0,1.0,2.0,1.0,-1.0,1.0
8.13,0.26277418023678,0.0031673001552811,0.26277418023678,7.87288399,0.033377118292426,0.0,1.0,1.0,1.0,2.0,1.0,-1.0,1.0
8.14,0.26280562933549,0.0029107090886388,0.26280562933549,7.87288399,0.03338111290212,0.0,1.0,1.0,1.0,2.0,1.0,-1.0,1.0
8.15,0.26268913321265,0.0026307142268137,0.26268913321265,7.87288399,0.033366315767679,0.0,1.0,1.0,1.0,2.0,1.0,-1.0,1.0
8.16,0.26242793955753,0.0023375478740214,0.26242793955753,7.87288399,0.033333139404932,0.0,1.0,1.0,1.0,2.0,1.0,-1.0,1.0
8.17,0.26203413287909,0.0020455337670232,0.26203413287909,7.87288399,0.033283118767141,0.0,1.0,1.0,1.0,2.0,1.0,-1.0,1.0
8.18,0.26152710443317,0.0017755088480386,0.26152710443317,7.87288399,0.033218716897817,0.0,1.0,1.0,1.0,2.0,1.0,-1.0,1.0
8.19,0.26093280208145,0.0015576557422371,0.26093280208145,7.87288399,0.03314322964912,0.0,1.0,1.0,1.0,2.0,1.0,-1.0,1.0
8.2,0.26028161293612,0.0014304187209839,0.26028161293612,7.87288399,0.033060516739066,0.0,1.0,1.0,1.0,2.0,1.0,-1.0,1.0
8.21,0.25960931885952,0.0014257449947865,0.25960931885952,7.87288399,0.032975123117433,0.0,1.0,1.0,1.0,2.0,1.0,-1.0,1.0
8.22,0.25895210914273,0.001544873780769,0.25895210914273,7.87288399,0.032891645484888,0.0,1.0,1.0,1.0,2.0,1.0,-1.0,1.0
8.23,0.25834473961672,0.0017571811182049,0.25834473961672,7.87288399,0.032814498466491,0.0,1.0,1.0,1.0,2.0,1.0,-1.0,1.0
8.24,0.25782014353343,0.0020239938582455,0.25782014353343,7.87288399,0.032747865186494,0.0,1.0,1.0,1.0,2.0,1.0,-1.0,1.0
8.25,0.257406689841,0.0023144948898882,0.257406689841,7.87288399,0.032695349019235,0.0,1.0,1.0,1.0,2.0,1.0,-1.0,1.0
8.26,0.25712804996304,0.0026074017559776,0.25712804996304,7.87288399,0.032659956667675,0.0,1.0,1.0,1.0,2.0,1.0,-1.0,1.0
8.27,0.25699677969424,0.0028881499622639,0.25699677969424,7.87288399,0.03264328294697,0.0,1.0,1.0,1.0,2.0,1.0,-1.0,1.0
8.28,0.25701961527765,0.0031464264161764,0.25701961527765,7.87288399,0.032646183482967,0.0,1.0,1.0,1.0,2.0,1.0,-1.0,1.0
8.29,0.25709173217352,0.0033740911057505,0.25709173217352,7.87288399,0.032655343645363,0.0,1.0,1.0,1.0,2.0,1.0,-1.0,1.0
8.3,0.25747437098037,0.0035672961062394,0.25747437098037,7.87288399,0.032703945759573,0.0,1.0,1.0,1.0,2.0,1.0,-1.0,1.0
8.31,0.25816170205111,0.0037219061741722,0.25816170205111,7.87288399,0.032791249353989,0.0,1.0,1.0,1.0,2.0,1.0,-1.0,1.0
8.32,0.25902363130118,0.0038337262461657,0.25902363130118,7.87288399,0.032900730104773,0.0,1.0,1.0,1.0,2.0,1.0,-1.0,1.0
8.33,0.25995122927604,0.0038996954366904,0.25995122927604,7.87288399,0.033018551982504,0.0,1.0,1.0,1.0,2.0,1.0,-1.0,1.0
8.34,0.26088752357598,0.0039181745899535,0.26088752357598,7.87288399,0.033137478452287,0.0,1.0,1.0,1.0,2.0,1.0,-1.0,1.0
8.35,0.26185884020329,0.0038893055082821,0.26185884020329,7.87288399,0.03326085339704,0.0,1.0,1.0,1.0,2.0,1.0,-1.0,1.0
8.36,0.26278385043493,0.0038137083926883,0.26278385043493,7.87288399,0.033378346584138,0.0,1.0,1.0,1.0,2.0,1.0,-1.0,1.0
8.37,0.26358844029477,0.0036924821380743,0.26358844029477,7.87288399,0.033480544185533,0.0,1.0,1.0,1.0,2.0,1.0,-1.0,1.0
8.38,0.26426628449626,0.0035281793381195,0.26426628449626,7.87288399,0.033566642774354,0.0,1.0,1.0,1.0,2.0,1.0,-1.0,1.0
8.39,0.2648038082934,0.0033243917503164,0.2648038082934,7.87288399,0.033634918110028,0.0,1.0,1.0,1.0,2.0,1.0,-1.0,1.0
8.4,0.26518992961119,0.0030859527712951,0.26518992961119,7.87288399,0.033683962566707,0.0,1.0,1.0,1.0,2.0,1.0,-1.0,1.0
8.41,0.26542055666178,0.002819236701903,0.26542055666178,7.87288399,0.033713256412632,0.0,1.0,1.0,1.0,2.0,1.0,-1.0,1.0
8.42,0.2654969143424,0.0025326876154321,0.2654969143424,7.87288399,0.033722955232114,0.0,1.0,1.0,1.0,2.0,1.0,-1.0,1.0
8.43,0.26542803184056,0.0022378749317432,0.26542803184056,7.87288399,0.033714205896811,0.0,1.0,1.0,1.0,2.0,1.0,-1.0,1.0
8.44,0.26523021915114,0.0019513044365031,0.26523021915114,7.87288399,0.033689080073837,0.0,1.0,1.0,1.0,2.0,1.0,-1.0,1.0
8.45,0.26492480874405,0.0016972681480376,0.26492480874405,7.87288399,0.033650287376335,0.0,1.0,1.0,1.0,2.0,1.0,-1.0,1.0
8.46,0.26441318632766,0.0015098720944623,0.26441318632766,7.87288399,0.033585301988891,0.0,1.0,1.0,1.0,2.0,1.0,-1.0,1.0
8.47,0.26374557130224,0.001427686951716,0.26374557130224,7.87288399,0.033500502692183,0.0,1.0,1.0,1.0,2.0,1.0,-1.0,1.0
8.48,0.26300339716146,0.0014730662847199,0.26300339716146,7.87288399,0.033406233026616,0.0,1.0,1.0,1.0,2.0,1.0,-1.0,1.0
8.49,0.26224141060138,0.0016329771015807,0.26224141060138,7.87288399,0.033309446822089,0.0,1.0,1.0,1.0,2.0,1.0,-1.0,1.0
8.5,0.26152670950129,0.0018708764879184,0.26152670950129,7.87288399,0.033218666734259,0.0,1.0,1.0,1.0,2.0,1.0,-1.0,1.0
8.51,0.26090391051227,0.0021503556432969,0.26090391051227,7.87288399,0.033139559892368,0.0,1.0,1.0,1.0,2.0,1.0,-1.0,1.0
8.52,0.26040531999238,0.0024445566793911,0.26040531999238,7.87288399,0.033076229793699,0.0,1.0,1.0,1.0,2.0,1.0,-1.0,1.0
8.53,0.26005425094389,0.0027351743227784,0.26005425094389,7.87288399,0.033031637615162,0.0,1.0,1.0,1.0,2.0,1.0,-1.0,1.0
8.54,0.25986440706686,0.0030095591849714,0.25986440706686,7.87288399,0.033007523976847,0.0,1.0,1.0,1.0,2.0,1.0,-1.0,1.0
8.55,0.25983902635204,0.0032586052644104,0.25983902635204,7.87288399,0.033004300162695,0.0,1.0,1.0,1.0,2.0,1.0,-1.0,1.0
8.56,0.25997285606256,0.0034755312080003,0.25997285606256,7.87288399,0.033021298979227,0.0,1.0,1.0,1.0,2.0,1.0,-1.0,1.0
8.57,0.26025063002161,0.003655192577948,0.26025063002161,7.87288399,0.033056581343276,0.0,1.0,1.0,1.0,2.0,1.0,-1.0,1.0
8.58,0.26065057697765,0.0037937324018828,0.26065057697765,7.87288399,0.033107381908424,0.0,1.0,1.0,1.0,2.0,1.0,-1.0,1.0
8.59,0.26114438058047,0.0038883717584783,0.26114438058047,7.87288399,0.033170103981231,0.0,1.0,1.0,1.0,2.0,1.0,-1.0,1.0
8.6,0.26169822627889,0.0039372980372676,0.26169822627889,7.87288399,0.033240452496353,0.0,1.0,1.0,1.0,2.0,1.0,-1.0,1.0
8.61,0.26227735549308,0.0039396311975994,0.26227735549308,7.87288399,0.033314012479572,0.0,1.0,1.0,1.0,2.0,1.0,-1.0,1.0
8.62,0.26284510422558,0.0038953768665185,0.26284510422558,7.87288399,0.033386126933845,0.0,1.0,1.0,1.0,2.0,1.0,-1.0,1.0
8.63,0.26336694805727,0.0038054431549245,0.26336694805727,7.87288399,0.033452410627642,0.0,1.0,1.0,1.0,2.0,1.0,-1.0,1.0
8.64,0.26381101600177,0.0036716458127834,0.26381101600177,7.87288399,0.033508815363831,0.0,1.0,1.0,1.0,2.0,1.0,-1.0,1.0
8.65,0.26414764203345,0.0034967490644167,0.26414764203345,7.87288399,0.033551573015552,0.0,1.0,1.0,1.0,2.0,1.0,-1.0,1.0
8.66,0.26435637139868,0.0032845967167924,0.26435637139868,7.87288399,0.033578085455655,0.0,1.0,1.0,1.0,2.0,1.0,-1.0,1.0
8.67,0.26442242008127,0.0030402587620613,0.26442242008127,7.87288399,0.033586474844179,0.0,1.0,1.0,1.0,2.0,1.0,-1.0,1.0
8.68,0.26433981201831,0.0027703752085494,0.26433981201831,7.87288399,0.033575982112027,0.0,1.0,1.0,1.0,2.0,1.0,-1.0,1.0
8.69,0.26411058307364,0.0024837340988812,0.26411058307364,7.87288399,0.033546865851079,0.0,1.0,1.0,1.0,2.0,1.0,-1.0,1.0
8.7,0.26374370065803,0.0021923506872098,0.26374370065803,7.87288399,0.033500265086216,0.0,1.0,1.0,1.0,2.0,1.0,-1.0,1.0
8.71,0.26325737589331,0.0019133174583377,0.26325737589331,7.87288399,0.033438492962388,0.0,1.0,1.0,1.0,2.0,1.0,-1.0,1.0
8.72,0.26267330781546,0.001671379504884,0.26267330781546,7.87288399,0.033364305653316,0.0,1.0,1.0,1.0,2.0,1.0,-1.0,1.0
8.73,0.26202008721461,0.0015002757941426,0.26202008721461,7.87288399,0.033281334711323,0.0,1.0,1.0,1.0,2.0,1.0,-1.0,1.0
8.74,0.26133006982188,0.0014357360159817,0.26133006982188,7.87288399,0.033193689904972,0.0,1.0,1.0,1.0,2.0,1.0,-1.0,1.0
8.75,0.26063655540783,0.0014948350930808,0.26063655540783,7.87288399,0.033105600913069,0.0,1.0,1.0,1.0,2.0,1.0,-1.0,1.0
8.76,0.2599763823687,0.0016614403459369,0.2599763823687,7.87288399,0.033021746884486,0.0,1.0,1.0,1.0,2.0,1.0,-1.0,1.0
8.77,0.25938170854919,0.0018999919831301,0.25938170854919,7.87288399,0.032946212452597,0.0,1.0,1.0,1.0,2.0,1.0,-1.0,1.0
8.78,0.25888262289959,0.0021764904358634,0.25888262289959,7.87288399,0.032882819463416,0.0,1.0,1.0,1.0,2.0,1.0,-1.0,1.0
8.79,0.25850361323674,0.0024659524215357,0.25850361323674,7.87288399,0.03283467831675,0.0,1.0,1.0,1.0,2.0,1.0,-1.0,1.0
8.8,0.25826209853552,0.0027512013187589,0.25826209853552,7.87288399,0.032804001540421,0.0,1.0,1.0,1.0,2.0,1.0,-1.0,1.0
8.81,0.25816946887831,0.0030202537615446,0.25816946887831,7.87288399,0.032792235882839,0.0,1.0,1.0,1.0,2.0,1.0,-1.0,1.0
8.82,0.25822870770467,0.0032644228859525,0.25822870770467,7.87288399,0.032799760295296,0.0,1.0,1.0,1.0,2.0,1.0,-1.0,1.0
8.83,0.25843337299776,0.0034771964610541,0.25843337299776,7.87288399,0.032825756524042,0.0,1.0,1.0,1.0,2.0,1.0,-1.0,1.0
8.84,0.25877040172667,0.0036536382715424,0.25877040172667,7.87288399,0.032868565325662,0.0,1.0,1.0,1.0,2.0,1.0,-1.0,1.0
8.85,0.25921883091719,0.0037900290103059,0.25921883091719,7.87288399,0.032925524019717,0.0,1.0,1.0,1.0,2.0,1.0,-1.0,1.0
8.86,0.25975189274267,0.0038836856368465,0.25975189274267,7.87288399,0.032993232603529,0.0,1.0,1.0,1.0,2.0,1.0,-1.0,1.0
8.87,0.26033804912999,0.0039328560223011,0.26033804912999,7.87288399,0.03306768516603,0.0,1.0,1.0,1.0,2.0,1.0,-1.0,1.0
8.88,0.26094504632272,0.0039366876854513,0.26094504632272,7.87288399,0.033144784891302,0.0,1.0,1.0,1.0,2.0,1.0,-1.0,1.0
8.89,0.26153863208424,0.0038951683227128,0.26153863208424,7.87288399,0.03322018111996,0.0,1.0,1.0,1.0,2.0,1.0,-1.0,1.0
8.9,0.26208471075246,0.0038091337900157,0.26208471075246,7.87288399,0.033289543080446,0.0,1.0,1.0,1.0,2.0,1.0,-1.0,1.0
8.91,0.26255361563453,0.0036802978789939,0.26255361563453,7.87288399,0.033349102561149,0.0,1.0,1.0,1.0,2.0,1.0,-1.0,1.0
8.92,0.26291881514646,0.0035112817650071,0.26291881514646,7.87288399,0.033395489566519,0.0,1.0,1.0,1.0,2.0,1.0,-1.0,1.0
8.93,0.26315990462363,0.0033057040817541,0.26315990462363,7.87288399,0.03342611233163,0.0,1.0,1.0,1.0,2.0,1.0,-1.0,1.0
8.94,0.26326389343595,0.0030683424458567,0.26326389343595,7.87288399,0.033439320809292,0.0,1.0,1.0,1.0,2.0,1.0,-1.0,1.0
8.95,0.26322258449748,0.0028054035457114,0.26322258449748,7.87288399,0.03343407381994,0.0,1.0,1.0,1.0,2.0,1.0,-1.0,1.0
8.96,0.26303848943063,0.0025250696443746,0.26303848943063,7.87288399,0.033410690385472,0.0,1.0,1.0,1.0,2.0,1.0,-1.0,1.0
8.97,0.26271822269662,0.0022384091135452,0.26271822269662,7.87288399,0.033370010663224,0.0,1.0,1.0,1.0,2.0,1.0,-1.0,1.0
8.98,0.26227632228238,0.0019609971642186,0.26227632228238,7.87288399,0.03331388124295,0.0,1.0,1.0,1.0,2.0,1.0,-1.0,1.0
8.99,0.26173465557742,0.0017152349596446,0.26173465557742,7.87288399,0.033245079682346,0.0,1.0,1.0,1.0,2.0,1.0,-1.0,1.0
9.0,0.26112067991564,0.0015320123130639,0.26112067991564,7.87288399,0.033167093564101,0.0,1.0,1.0,1.0,2.0,1.0,-1.0,1.0
9.01,0.26046564573237,0.0014461203751399,0.26046564573237,7.87288399,0.033083892264031,0.0,1.0,1.0,1.0,2.0,1.0,-1.0,1.0
9.02,0.25980036712693,0.0014789837140376,0.25980036712693,7.87288399,0.032999389735315,0.0,1.0,1.0,1.0,2.0,1.0,-1.0,1.0
9.03,0.25915909105554,0.001621645674492,0.25915909105554,7.87288399,0.032917935966631,0.0,1.0,1.0,1.0,2.0,1.0,-1.0,1.0
9.04,0.25857406108492,0.0018424116011984,0.25857406108492,7.87288399,0.032843626479618,0.0,1.0,1.0,1.0,2.0,1.0,-1.0,1.0
9.05,0.25807475583154,0.0021073833042271,0.25807475583154,7.87288399,0.032780205596747,0.0,1.0,1.0,1.0,2.0,1.0,-1.0,1.0
9.06,0.25768737321465,0.0023904777208234,0.25768737321465,7.87288399,0.032731000932055,0.0,1.0,1.0,1.0,2.0,1.0,-1.0,1.0
9.07,0.25742987306861,0.0026735127366882,0.25742987306861,7.87288399,0.032698293712392,0.0,1.0,1.0,1.0,2.0,1.0,-1.0,1.0
9.08,0.25731505848246,0.0029438211494732,0.25731505848246,7.87288399,0.03268371016381,0.0,1.0,1.0,1.0,2.0,1.0,-1.0,1.0
9.09,0.25734707164313,0.0031922662808841,0.25734707164313,7.87288399,0.032687776419671,0.0,1.0,1.0,1.0,2.0,1.0,-1.0,1.0
9.1,0.25752299130792,0.0034120404970734,0.25752299130792,7.87288399,0.032710121428821,0.0,1.0,1.0,1.0,2.0,1.0,-1.0,1.0
9.11,0.25783273535321,0.0035979687652953,0.25783273535321,7.87288399,0.032749464577492,0.0,1.0,1.0,1.0,2.0,1.0,-1.0,1.0
9.12,0.25825584256249,0.0037461006954772,0.25825584256249,7.87288399,0.032803206917633,0.0,1.0,1.0,1.0,2.0,1.0,-1.0,1.0
9.13,0.25877044645828,0.0038535539393612,0.25877044645828,7.87288399,0.032868571007393,0.0,1.0,1.0,1.0,2.0,1.0,-1.0,1.0
9.14,0.25934804057644,0.0039183468763334,0.25934804057644,7.87288399,0.03294193600539,0.0,1.0,1.0,1.0,2.0,1.0,-1.0,1.0
9.15,0.25995743396422,0.0039393515444607,0.25995743396422,7.87288399,0.03301934009118,0.0,1.0,1.0,1.0,2.0,1.0,-1.0,1.0
9.16,0.26056536182756,0.0039162491740322,0.26056536182756,7.87288399,0.033096558028611,0.0,1.0,1.0,1.0,2.0,1.0,-1.0,1.0
9.17,0.26113795272206,0.0038495181284692,0.26113795272206,7.87288399,0.033169287525861,0.0,1.0,1.0,1.0,2.0,1.0,-1.0,1.0
9.18,0.26164617187201,0.0037404781118146,0.26164617187201,7.87288399,0.033233840636334,0.0,1.0,1.0,1.0,2.0,1.0,-1.0,1.0
9.19,0.26206277802092,0.0035912732370881,0.26206277802092,7.87288399,0.03328675722312,0.0,1.0,1.0,1.0,2.0,1.0,-1.0,1.0
9.2,0.26236603439538,0.003404952418242,0.26236603439538,7.87288399,0.033325276319153,0.0,1.0,1.0,1.0,2.0,1.0,-1.0,1.0
9.21,0.26253961222138,0.0031855730156329,0.26253961222138,7.87288399,0.033347323872021,0.0,1.0,1.0,1.0,2.0,1.0,-1.0,1.0
9.22,0.26257308610188,0.0029383969062595,0.26257308610188,7.87288399,0.033351575665968,0.0,1.0,1.0,1.0,2.0,1.0,-1.0,1.0
9.23,0.2624629585816,0.0026702671224373,0.2624629585816,7.87288399,0.033337587460323,0.0,1.0,1.0,1.0,2.0,1.0,-1.0,1.0
9.24,0.26221548731166,0.0023902525810015,0.26221548731166,7.87288399,0.033306154091019,0.0,1.0,1.0,1.0,2.0,1.0,-1.0,1.0
9.25,0.2618406127888,0.0021107783223105,0.2618406127888,7.87288399,0.033258538182626,0.0,1.0,1.0,1.0,2.0,1.0,-1.0,1.0
9.26,0.26135501423784,0.0018494313138366,0.26135501423784,7.87288399,0.033196858301204,0.0,1.0,1.0,1.0,2.0,1.0,-1.0,1.0
9.27,0.26077912665765,0.0016311234797857,0.26077912665765,7.87288399,0.033123710064684,0.0,1.0,1.0,1.0,2.0,1.0,-1.0,1.0
9.28,0.26014038013925,0.0014878836801771,0.26014038013925,7.87288399,0.033042577595412,0.0,1.0,1.0,1.0,2.0,1.0,-1.0,1.0
9.29,0.25948094834818,0.00144989145073,0.25948094834818,7.87288399,0.032958817718865,0.0,1.0,1.0,1.0,2.0,1.0,-1.0,1.0
9.3,0.25882953384285,0.0015266613311945,0.25882953384285,7.87288399,0.032876076183977,0.0,1.0,1.0,1.0,2.0,1.0,-1.0,1.0
9.31,0.25821704177622,0.0016991065521823,0.25821704177622,7.87288399,0.0327982785094,0.0,1.0,1.0,1.0,2.0,1.0,-1.0,1.0
9.32,0.25767162109259,0.0019344433901476,0.25767162109259,7.87288399,0.032729000124971,0.0,1.0,1.0,1.0,2.0,1.0,-1.0,1.0
9.33,0.25722050275789,0.0022027557394379,0.25722050275789,7.87288399,0.032671699860509,0.0,1.0,1.0,1.0,2.0,1.0,-1.0,1.0
9.34,0.25688610336708,0.002482058513487,0.25688610336708,7.87288399,0.03262922503283,0.0,1.0,1.0,1.0,2.0,1.0,-1.0,1.0
9.35,0.25668235728952,0.0027570188857708,0.25668235728952,7.87288399,0.032603345561239,0.0,1.0,1.0,1.0,2.0,1.0,-1.0,1.0
9.36,0.25661981913927,0.0030168009836171,0.25661981913927,7.87288399,0.032595402074415,0.0,1.0,1.0,1.0,2.0,1.0,-1.0,1.0
9.37,0.25670030730708,0.0032534651886,0.25670030730708,7.87288399,0.032605625541179,0.0,1.0,1.0,1.0,2.0,1.0,-1.0,1.0
9.38,0.25691804191339,0.0034610143966094,0.25691804191339,7.87288399,0.032633281811306,0.0,1.0,1.0,1.0,2.0,1.0,-1.0,1.0
9.39,0.25725999216099,0.0036348657515158,0.25725999216099,7.87288399,0.032676715735651,0.0,1.0,1.0,1.0,2.0,1.0,-1.0,1.0
9.4,0.25770818708373,0.0037715548512981,0.25770818708373,7.87288399,0.032733644673422,0.0,1.0,1.0,1.0,2.0,1.0,-1.0,1.0
9.41,0.25823933690251,0.0038685481137043,0.25823933690251,7.87288399,0.032801110397476,0.0,1.0,1.0,1.0,2.0,1.0,-1.0,1.0
9.42,0.25882406519483,0.0039241331885757,0.25882406519483,7.87288399,0.032875381565838,0.0,1.0,1.0,1.0,2.0,1.0,-1.0,1.0
9.43,0.25943382692139,0.0039374134638244,0.25943382692139,7.87288399,0.032952832437378,0.0,1.0,1.0,1.0,2.0,1.0,-1.0,1.0
9.44,0.25995807881961,0.0039076101431877,0.25995807881961,7.87288399,0.033019421999589,0.0,1.0,1.0,1.0,2.0,1.0,-1.0,1.0
9.45,0.26052262450654,0.0038358267304535,0.26052262450654,7.87288399,0.033091129608597,0.0,1.0,1.0,1.0,2.0,1.0,-1.0,1.0
9.46,0.26123091631285,0.0037245343222021,0.26123091631285,7.87288399,0.033181095599104,0.0,1.0,1.0,1.0,2.0,1.0,-1.0,1.0
9.47,0.26195207244867,0.0035750548450118,0.26195207244867,7.87288399,0.03327269559432,0.0,1.0,1.0,1.0,2.0,1.0,-1.0,1.0
9.48,0.26257967675376,0.0033896733472686,0.26257967675376,7.87288399,0.033352412799081,0.0,1.0,1.0,1.0,2.0,1.0,-1.0,1.0
9.49,0.26305925049657,0.0031719481560291,0.26305925049657,7.87288399,0.033413327419876,0.0,1.0,1.0,1.0,2.0,1.0,-1.0,1.0
9.5,0.26342401158113,0.0029272613649315,0.26342401158113,7.87288399,0.033459658736967,0.0,1.0,1.0,1.0,2.0,1.0,-1.0,1.0
9.51,0.26367495172259,0.0026628817826136,0.26367495172259,7.87288399,0.033491532716284,0.0,1.0,1.0,1.0,2.0,1.0,-1.0,1.0
9.52,0.2637439218058,0.0023871733336273,0.2637439218058,7.87288399,0.033500293176021,0.0,1.0,1.0,1.0,2.0,1.0,-1.0,1.0
9.53,0.26366387480062,0.0021120271440047,0.26366387480062,7.87288399,0.033490125744965,0.0,1.0,1.0,1.0,2.0,1.0,-1.0,1.0
9.54,0.26346316589246,0.0018544263536858,0.26346316589246,7.87288399,0.033464632049336,0.0,1.0,1.0,1.0,2.0,1.0,-1.0,1.0
9.55,0.26316838165601,0.0016384907756973,0.26316838165601,7.87288399,0.033427189069505,0.0,1.0,1.0,1.0,2.0,1.0,-1.0,1.0
9.56,0.26281042849699,0.0014953628019969,0.26281042849699,7.87288399,0.033381722483249,0.0,1.0,1.0,1.0,2.0,1.0,-1.0,1.0
9.57,0.26241956603605,0.0014547535028018,0.26241956603605,7.87288399,0.033332075814832,0.0,1.0,1.0,1.0,2.0,1.0,-1.0,1.0
9.58,0.26202848512603,0.0015271074688236,0.26202848512603,7.87288399,0.033282401399392,0.0,1.0,1.0,1.0,2.0,1.0,-1.0,1.0
9.59,0.26166839566603,0.0016951794903093,0.26166839566603,7.87288399,0.03323666346391,0.0,1.0,1.0,1.0,2.0,1.0,-1.0,1.0
9.6,0.26137435981432,0.0019275051282233,0.26137435981432,7.87288399,0.033199315542603,0.0,1.0,1.0,1.0,2.0,1.0,-1.0,1.0
9.61,0.26106812987668,0.0021941415190746,0.26106812987668,7.87288399,0.033160418749759,0.0,1.0,1.0,1.0,2.0,1.0,-1.0,1.0
9.62,0.26074369993843,0.0024726907148379,0.26074369993843,7.87288399,0.033119210224567,0.0,1.0,1.0,1.0,2.0,1.0,-1.0,1.0
9.63,0.26047223608277,0.0027478374211437,0.26047223608277,7.87288399,0.033084729358849,0.0,1.0,1.0,1.0,2.0,1.0,-1.0,1.0
9.64,0.26028265892312,0.003008713668086,0.26028265892312,7.87288399,0.033060649598511,0.0,1.0,1.0,1.0,2.0,1.0,-1.0,1.0
9.65,0.26020787457396,0.003247510935791,0.26020787457396,7.87288399,0.033051150620849,0.0,1.0,1.0,1.0,2.0,1.0,-1.0,1.0
9.66,0.26026428851083,0.0034583823513988,0.26026428851083,7.87288399,0.033058316220766,0.0,1.0,1.0,1.0,2.0,1.0,-1.0,1.0
9.67,0.26044769179294,0.0036368039803487,0.26044769179294,7.87288399,0.033081611785942,0.0,1.0,1.0,1.0,2.0,1.0,-1.0,1.0
9.68,0.26074680777147,0.0037793381144784,0.26074680777147,7.87288399,0.033119604976101,0.0,1.0,1.0,1.0,2.0,1.0,-1.0,1.0
9.69,0.26114154804634,0.0038834304235802,0.26114154804634,7.87288399,0.033169744197683,0.0,1.0,1.0,1.0,2.0,1.0,-1.0,1.0
9.7,0.26160631774124,0.0039473203553233,0.26160631774124,7.87288399,0.033228778434119,0.0,1.0,1.0,1.0,2.0,1.0,-1.0,1.0
9.71,0.26211288603717,0.0039699934787743,0.26211288603717,7.87288399,0.033293121855993,0.0,1.0,1.0,1.0,2.0,1.0,-1.0,1.0
9.72,0.26263000166136,0.0039511371718243,0.26263000166136,7.87288399,0.033358804981117,0.0,1.0,1.0,1.0,2.0,1.0,-1.0,1.0
9.73,0.26312782089899,0.0038911553293809,0.26312782089899,7.87288399,0.033422037112856,0.0,1.0,1.0,1.0,2.0,1.0,-1.0,1.0
9.74,0.26357693128052,0.0037911499152932,0.26357693128052,7.87288399,0.033479082330606,0.0,1.0,1.0,1.0,2.0,1.0,-1.0,1.0
9.75,0.26395108990791,0.0036529566235626,0.26395108990791,7.87288399,0.033526607307205,0.0,1.0,1.0,1.0,2.0,1.0,-1.0,1.0
9.76,0.26422932371177,0.0034791948229462,0.26422932371177,7.87288399,0.03356194807994,0.0,1.0,1.0,1.0,2.0,1.0,-1.0,1.0
9.77,0.26439353776782,0.0032733268018911,0.26439353776782,7.87288399,0.033582806263073,0.0,1.0,1.0,1.0,2.0,1.0,-1.0,1.0
9.78,0.26443347624907,0.0030398363138894,0.26443347624907,7.87288399,0.033587879179339,0.0,1.0,1.0,1.0,2.0,1.0,-1.0,1.0
9.79,0.26434382935598,0.0027844678526721,0.26434382935598,7.87288399,0.033576492387255,0.0,1.0,1.0,1.0,2.0,1.0,-1.0,1.0
9.8,0.26412466545525,0.0025146972734297,0.26412466545525,7.87288399,0.033548654570643,0.0,1.0,1.0,1.0,2.0,1.0,-1.0,1.0
9.81,0.26378217975726,0.0022405332184998,0.26378217975726,7.87288399,0.033505152634322,0.0,1.0,1.0,1.0,2.0,1.0,-1.0,1.0
9.82,0.26333052931805,0.0019758466851768,0.26333052931805,7.87288399,0.033447784782873,0.0,1.0,1.0,1.0,2.0,1.0,-1.0,1.0
9.83,0.26278824144067,0.0017401975082109,0.26278824144067,7.87288399,0.033378904322033,0.0,1.0,1.0,1.0,2.0,1.0,-1.0,1.0
9.84,0.26217938106492,0.0015600965695383,0.26217938106492,7.87288399,0.033301567938501,0.0,1.0,1.0,1.0,2.0,1.0,-1.0,1.0
9.85,0.26152927078904,0.0014656827336767,0.26152927078904,7.87288399,0.033218992064563,0.0,1.0,1.0,1.0,2.0,1.0,-1.0,1.0
9.86,0.26086659227279,0.0014777998811623,0.26086659227279,7.87288399,0.033134819794644,0.0,1.0,1.0,1.0,2.0,1.0,-1.0,1.0
9.87,0.26022050617151,0.001593193724109,0.26022050617151,7.87288399,0.03305275506435,0.0,1.0,1.0,1.0,2.0,1.0,-1.0,1.0
9.88,0.2596199581925,0.0017870825770983,0.2596199581925,7.87288399,0.032976474506962,0.0,1.0,1.0,1.0,2.0,1.0,-1.0,1.0
9.89,0.25909093142724,0.0020293547414366,0.25909093142724,7.87288399,0.032909278449465,0.0,1.0,1.0,1.0,2.0,1.0,-1.0,1.0
9.9,0.2586548991908,0.0022951597145894,0.2586548991908,7.87288399,0.032853894394905,0.0,1.0,1.0,1.0,2.0,1.0,-1.0,1.0
9.91,0.25833231886759,0.0025665985884571,0.25833231886759,7.87288399,0.032812920804589,0.0,1.0,1.0,1.0,2.0,1.0,-1.0,1.0
9.92,0.2581353488248,0.0028310497297852,0.2581353488248,7.87288399,0.032787902013123,0.0,1.0,1.0,1.0,2.0,1.0,-1.0,1.0
9.93,0.25807152850766,0.0030794160859703,0.25807152850766,7.87288399,0.032779795667694,0.0,1.0,1.0,1.0,2.0,1.0,-1.0,1.0
9.94,0.25814091756756,0.0033049177481574,0.25814091756756,7.87288399,0.03278860934512,0.0,1.0,1.0,1.0,2.0,1.0,-1.0,1.0
9.95,0.25833851628378,0.0035023859637452,0.25833851628378,7.87288399,0.03281370798959,0.0,1.0,1.0,1.0,2.0,1.0,-1.0,1.0
9.96,0.2586522215076,0.0036678296058226,0.2586522215076,7.87288399,0.032853554280253,0.0,1.0,1.0,1.0,2.0,1.0,-1.0,1.0
9.97,0.25906438546245,0.0037982033683588,0.25906438546245,7.87288399,0.032905906627293,0.0,1.0,1.0,1.0,2.0,1.0,-1.0,1.0
9.98,0.25955451749444,0.0038912875530397,0.25955451749444,7.87288399,0.032968162343574,0.0,1.0,1.0,1.0,2.0,1.0,-1.0,1.0
9.99,0.26009669976389,0.003945571497495,0.26009669976389,7.87288399,0.033037029390279,0.0,1.0,1.0,1.0,2.0,1.0,-1.0,1.0
10.0,0.26066196127929,0.0039602240946276,0.26066196127929,7.87288399,0.033108827922573,0.0,1.0,1.0,1.0,2.0,1.0,-1.0,1.0
10.01,0.26122377579941,0.0039351006641401,0.26122377579941,7.87288399,0.033180188623535,0.0,1.0,1.0,1.0,2.0,1.0,-1.0,1.0
10.02,0.26175436700116,0.003870702179657,0.26175436700116,7.87288399,0.033247583393028,0.0,1.0,1.0,1.0,2.0,1.0,-1.0,1.0
10.03,0.26222822045,0.0037681860433199,0.26222822045,7.87288399,0.033307771432054,0.0,1.0,1.0,1.0,2.0,1.0,-1.0,1.0
10.04,0.26262136682876,0.0036293795862672,0.26262136682876,7.87288399,0.033357708199732,0.0,1.0,1.0,1.0,2.0,1.0,-1.0,1.0
10.05,0.26291417553509,0.0034568385264465,0.26291417553509,7.87288399,0.033394900251171,0.0,1.0,1.0,1.0,2.0,1.0,-1.0,1.0
10.06,0.26309393044105,0.0032539330281905,0.26309393044105,7.87288399,0.033417732405968,0.0,1.0,1.0,1.0,2.0,1.0,-1.0,1.0
10.07,0.26314944729346,0.0030249548549908,0.26314944729346,7.87288399,0.033424784059781,0.0,1.0,1.0,1.0,2.0,1.0,-1.0,1.0
10.08,0.26307757402722,0.0027753953490728,0.26307757402722,7.87288399,0.033415654842797,0.0,1.0,1.0,1.0,2.0,1.0,-1.0,1.0
10.09,0.26288050720599,0.0025123627121408,0.26288050720599,7.87288399,0.033390623758701,0.0,1.0,1.0,1.0,2.0,1.0,-1.0,1.0
10.1,0.26256540900648,0.0022453073048766,0.26256540900648,7.87288399,0.033350600534694,0.0,1.0,1.0,1.0,2.0,1.0,-1.0,1.0
10.11,0.26214544183585,0.0019872104806628,0.26214544183585,7.87288399,0.033297257036789,0.0,1.0,1.0,1.0,2.0,1.0,-1.0,1.0
10.12,0.2616374817475,0.0017562008475115,0.2616374817475,7.87288399,0.033232736831868,0.0,1.0,1.0,1.0,2.0,1.0,-1.0,1.0
10.13,0.26106436977519,0.0015767091939952,0.26106436977519,7.87288399,0.033159941148223,0.0,1.0,1.0,1.0,2.0,1.0,-1.0,1.0
10.14,0.26044976685993,0.0014767795922931,0.26044976685993,7.87288399,0.033081875357334,0.0,1.0,1.0,1.0,2.0,1.0,-1.0,1.0
10.15,0.25981911932167,0.0014771446565764,0.25981911932167,7.87288399,0.033001771606401,0.0,1.0,1.0,1.0,2.0,1.0,-1.0,1.0
10.16,0.25920129175262,0.0015774672793627,0.25920129175262,7.87288399,0.032923296225608,0.0,1.0,1.0,1.0,2.0,1.0,-1.0,1.0
10.17,0.25862176405124,0.0017565674798603,0.25862176405124,7.87288399,0.032849685627242,0.0,1.0,1.0,1.0,2.0,1.0,-1.0,1.0
10.18,0.25810701351139,0.001986348855414,0.25810701351139,7.87288399,0.032784302911009,0.0,1.0,1.0,1.0,2.0,1.0,-1.0,1.0
10.19,0.25767948233647,0.002242556359628,0.25767948233647,7.87288399,0.032729998646464,0.0,1.0,1.0,1.0,2.0,1.0,-1.0,1.0
10.2,0.25735570749177,0.0025072967105995,0.25735570749177,7.87288399,0.032688873330111,0.0,1.0,1.0,1.0,2.0,1.0,-1.0,1.0
10.21,0.25715017375922,0.002767855274202,0.25715017375922,7.87288399,0.032662766793699,0.0,1.0,1.0,1.0,2.0,1.0,-1.0,1.0
10.22,0.25707058766375,0.0030150453334067,0.25707058766375,7.87288399,0.032652657906591,0.0,1.0,1.0,1.0,2.0,1.0,-1.0,1.0
10.23,0.25711940740893,0.0032420298524303,0.25711940740893,7.87288399,0.032658858905519,0.0,1.0,1.0,1.0,2.0,1.0,-1.0,1.0
10.24,0.25729263773215,0.0034435806309215,0.25729263773215,7.87288399,0.032680862319191,0.0,1.0,1.0,1.0,2.0,1.0,-1.0,1.0
10.25,0.25757992588728,0.0036156433020177,0.25757992588728,7.87288399,0.03271735315984,0.0,1.0,1.0,1.0,2.0,1.0,-1.0,1.0
10.26,0.25796829062348,0.003755111485467,0.25796829062348,7.87288399,0.032766682571615,0.0,1.0,1.0,1.0,2.0,1.0,-1.0,1.0
10.27,0.25843713204433,0.0038596311247346,0.25843713204433,7.87288399,0.032826233991583,0.0,1.0,1.0,1.0,2.0,1.0,-1.0,1.0
10.28,0.2589644272808,0.0039275564515756,0.2589644272808,7.87288399,0.032893210113311,0.0,1.0,1.0,1.0,2.0,1.0,-1.0,1.0
10.29,0.25952527495401,0.003957880161165,0.25952527495401,7.87288399,0.032964448007065,0.0,1.0,1.0,1.0,2.0,1.0,-1.0,1.0
10.3,0.26009204572812,0.0039501999769104,0.26009204572812,7.87288399,0.03303643824277,0.0,1.0,1.0,1.0,2.0,1.0,-1.0,1.0
10.31,0.26063935239256,0.0039047299456354,0.26063935239256,7.87288399,0.033105956181193,0.0,1.0,1.0,1.0,2.0,1.0,-1.0,1.0
10.32,0.26114164027332,0.0038222778745418,0.26114164027332,7.87288399,0.033169755912194,0.0,1.0,1.0,1.0,2.0,1.0,-1.0,1.0
10.33,0.2615766640475,0.0037042749212312,0.2615766640475,7.87288399,0.033225011873635,0.0,1.0,1.0,1.0,2.0,1.0,-1.0,1.0
10.34,0.26192369055459,0.0035527750660182,0.26192369055459,7.87288399,0.033269090575612,0.0,1.0,1.0,1.0,2.0,1.0,-1.0,1.0
10.35,0.26216714692901,0.0033705357079989,0.26216714692901,7.87288399,0.033300013979884,0.0,1.0,1.0,1.0,2.0,1.0,-1.0,1.0
10.36,0.26229611706579,0.0031610988716721,0.26229611706579,7.87288399,0.033316395541831,0.0,1.0,1.0,1.0,2.0,1.0,-1.0,1.0
10.37,0.26230271232816,0.0029289379544943,0.26230271232816,7.87288399,0.03331723326056,0.0,1.0,1.0,1.0,2.0,1.0,-1.0,1.0
10.38,0.26218599287589,0.0026797661023185,0.26218599287589,7.87288399,0.033302407759205,0.0,1.0,1.0,1.0,2.0,1.0,-1.0,1.0
10.39,0.26194964373246,0.0024209829279587,0.26194964373246,7.87288399,0.033272387103022,0.0,1.0,1.0,1.0,2.0,1.0,-1.0,1.0
10.4,0.26160271679384,0.0021624716223503,0.26160271679384,7.87288399,0.033228321048059,0.0,1.0,1.0,1.0,2.0,1.0,-1.0,1.0
10.41,0.26115972135268,0.0019177883511167,0.26115972135268,7.87288399,0.033172052539374,0.0,1.0,1.0,1.0,2.0,1.0,-1.0,1.0
10.42,0.26063120462631,0.0017055542800174,0.26063120462631,7.87288399,0.033104921266128,0.0,1.0,1.0,1.0,2.0,1.0,-1.0,1.0
10.43,0.26004920616897,0.0015498721515755,0.26004920616897,7.87288399,0.033030996836645,0.0,1.0,1.0,1.0,2.0,1.0,-1.0,1.0
10.44,0.25943979781616,0.001476107494744,0.25943979781616,7.87288399,0.032953590850023,0.0,1.0,1.0,1.0,2.0,1.0,-1.0,1.0
10.45,0.25882549798439,0.0014994058434786,0.25882549798439,7.87288399,0.03287556355627,0.0,1.0,1.0,1.0,2.0,1.0,-1.0,1.0
10.46,0.25823146269383,0.0016143931616728,0.25823146269383,7.87288399,0.032800110229216,0.0,1.0,1.0,1.0,2.0,1.0,-1.0,1.0
10.47,0.25768118686967,0.001799103466683,0.25768118686967,7.87288399,0.032730215153301,0.0,1.0,1.0,1.0,2.0,1.0,-1.0,1.0
10.48,0.25719755192789,0.002027765716861,0.25719755192789,7.87288399,0.032668784686092,0.0,1.0,1.0,1.0,2.0,1.0,-1.0,1.0
10.49,0.25680040868575,0.0022788551251549,0.25680040868575,7.87288399,0.032618340243795,0.0,1.0,1.0,1.0,2.0,1.0,-1.0,1.0
10.5,0.25650523425354,0.0025365074731588,0.25650523425354,7.87288399,0.032580847701979,0.0,1.0,1.0,1.0,2.0,1.0,-1.0,1.0
10.51,0.25632411488217,0.0027893366264142,0.25632411488217,7.87288399,0.032557842235164,0.0,1.0,1.0,1.0,2.0,1.0,-1.0,1.0
10.52,0.25626350574221,0.0030290237624812,0.25626350574221,7.87288399,0.032550143767864,0.0,1.0,1.0,1.0,2.0,1.0,-1.0,1.0
10.53,0.25632577784542,0.0032493254083294,0.25632577784542,7.87288399,0.032558053461858,0.0,1.0,1.0,1.0,2.0,1.0,-1.0,1.0
10.54,0.25650606620307,0.0034454268297878,0.25650606620307,7.87288399,0.032580953374758,0.0,1.0,1.0,1.0,2.0,1.0,-1.0,1.0
10.55,0.2567953554575,0.0036135828473137,0.2567953554575,7.87288399,0.032617698391552,0.0,1.0,1.0,1.0,2.0,1.0,-1.0,1.0
10.56,0.25718105597143,0.0037508985520961,0.25718105597143,7.87288399,0.032666689398459,0.0,1.0,1.0,1.0,2.0,1.0,-1.0,1.0
10.57,0.25764370549381,0.0038551673078504,0.25764370549381,7.87288399,0.032725454334278,0.0,1.0,1.0,1.0,2.0,1.0,-1.0,1.0
10.58,0.25816425125429,0.0039248415349555,0.25816425125429,7.87288399,0.032791573149332,0.0,1.0,1.0,1.0,2.0,1.0,-1.0,1.0
10.59,0.25867599583247,0.0039586375821382,0.25867599583247,7.87288399,0.032856574053553,0.0,1.0,1.0,1.0,2.0,1.0,-1.0,1.0
10.6,0.25918137557531,0.0039559631873877,0.25918137557531,7.87288399,0.032920766507486,0.0,1.0,1.0,1.0,2.0,1.0,-1.0,1.0
10.61,0.25989578974289,0.0039187634936126,0.25989578974289,7.87288399,0.033011510149649,0.0,1.0,1.0,1.0,2.0,1.0,-1.0,1.0
10.62,0.26070059302756,0.0038469764823856,0.26070059302756,7.87288399,0.033113734859894,0.0,1.0,1.0,1.0,2.0,1.0,-1.0,1.0
10.63,0.2614852728338,0.0037409646254336,0.2614852728338,7.87288399,0.033213403520988,0.0,1.0,1.0,1.0,2.0,1.0,-1.0,1.0
10.64,0.26217117399868,0.0036019191250628,0.26217117399868,7.87288399,0.033300525491254,0.0,1.0,1.0,1.0,2.0,1.0,-1.0,1.0
10.65,0.26276646649691,0.0034323365737579,0.26276646649691,7.87288399,0.033376138506635,0.0,1.0,1.0,1.0,2.0,1.0,-1.0,1.0
10.66,0.26330044747819,0.0032360284492151,0.26330044747819,7.87288399,0.033443963840015,0.0,1.0,1.0,1.0,2.0,1.0,-1.0,1.0
10.67,0.2636692323108,0.0030163821721208,0.2636692323108,7.87288399,0.033490806246569,0.0,1.0,1.0,1.0,2.0,1.0,-1.0,1.0
10.68,0.2638900105714,0.0027782008863141,0.2638900105714,7.87288399,0.033518849116358,0.0,1.0,1.0,1.0,2.0,1.0,-1.0,1.0
10.69,0.26397929761966,0.0025277699743975,0.26397929761966,7.87288399,0.033530190201578,0.0,1.0,1.0,1.0,2.0,1.0,-1.0,1.0
10.7,0.26394929483971,0.0022734118030133,0.26394929483971,7.87288399,0.033526379300772,0.0,1.0,1.0,1.0,2.0,1.0,-1.0,1.0
10.71,0.26381606589252,0.0020264446653065,0.26381606589252,7.87288399,0.03350945679215,0.0,1.0,1.0,1.0,2.0,1.0,-1.0,1.0
10.72,0.2635962749482,0.0018024459140204,0.2635962749482,7.87288399,0.033481539329554,0.0,1.0,1.0,1.0,2.0,1.0,-1.0,1.0
10.73,0.26331041112176,0.0016222735586214,0.26331041112176,7.87288399,0.033445229404652,0.0,1.0,1.0,1.0,2.0,1.0,-1.0,1.0
10.74,0.26298047929911,0.0015105162912576,0.26298047929911,7.87288399,0.033403322039693,0.0,1.0,1.0,1.0,2.0,1.0,-1.0,1.0
10.75,0.26262968436599,0.0014878380271391,0.26262968436599,7.87288399,0.033358764678811,0.0,1.0,1.0,1.0,2.0,1.0,-1.0,1.0
10.76,0.26222942147085,0.0015591976113538,0.26222942147085,7.87288399,0.033307923983629,0.0,1.0,1.0,1.0,2.0,1.0,-1.0,1.0
10.77,0.26171047928613,0.0017099294788974,0.26171047928613,7.87288399,0.033242008851973,0.0,1.0,1.0,1.0,2.0,1.0,-1.0,1.0
10.78,0.26116095357466,0.0019158926644417,0.26116095357466,7.87288399,0.033172209054062,0.0,1.0,1.0,1.0,2.0,1.0,-1.0,1.0
10.79,0.26062571340146,0.0021539551113342,0.26062571340146,7.87288399,0.03310422378032,0.0,1.0,1.0,1.0,2.0,1.0,-1.0,1.0
10.8,0.26014573959302,0.0024061783342562,0.26014573959302,7.87288399,0.033043258343887,0.0,1.0,1.0,1.0,2.0,1.0,-1.0,1.0
10.81,0.25976270831856,0.0026596249336519,0.25976270831856,7.87288399,0.032994606379125,0.0,1.0,1.0,1.0,2.0,1.0,-1.0,1.0
10.82,0.25949360241928,0.0029048912462411,0.25949360241928,7.87288399,0.032960425016916,0.0,1.0,1.0,1.0,2.0,1.0,-1.0,1.0
10.83,0.25934880747538,0.003135009552337,0.25934880747538,7.87288399,0.032942033415557,0.0,1.0,1.0,1.0,2.0,1.0,-1.0,1.0
10.84,0.25933080183405,0.0033446675265226,0.25933080183405,7.87288399,0.032939746370383,0.0,1.0,1.0,1.0,2.0,1.0,-1.0,1.0
10.85,0.25943503464565,0.0035297299139537,0.25943503464565,7.87288399,0.032952985840408,0.0,1.0,1.0,1.0,2.0,1.0,-1.0,1.0
10.86,0.25965215579879,0.0036869617468667,0.25965215579879,7.87288399,0.032980564190784,0.0,1.0,1.0,1.0,2.0,1.0,-1.0,1.0
10.87,0.25996720657688,0.003813845769054,0.25996720657688,7.87288399,0.033020581391404,0.0,1.0,1.0,1.0,2.0,1.0,-1.0,1.0
10.88,0.26036249406772,0.0039084961008654,0.26036249406772,7.87288399,0.033070790119406,0.0,1.0,1.0,1.0,2.0,1.0,-1.0,1.0
10.89,0.26081674741054,0.0039695818223822,0.26081674741054,7.87288399,0.033128488587133,0.0,1.0,1.0,1.0,2.0,1.0,-1.0,1.0
10.9,0.26130665322846,0.0039962975085793,0.26130665322846,7.87288399,0.033190715570098,0.0,1.0,1.0,1.0,2.0,1.0,-1.0,1.0
10.91,0.26180881178348,0.0039883491388975,0.26180881178348,7.87288399,0.033254498874368,0.0,1.0,1.0,1.0,2.0,1.0,-1.0,1.0
10.92,0.26229957131878,0.0039459366263668,0.26229957131878,7.87288399,0.033316834295025,0.0,1.0,1.0,1.0,2.0,1.0,-1.0,1.0
10.93,0.26275573834566,0.0038697529532167,0.26275573834566,7.87288399,0.033374775835565,0.0,1.0,1.0,1.0,2.0,1.0,-1.0,1.0
10.94,0.26315634097477,0.0037609953003534,0.26315634097477,7.87288399,0.033425659683164,0.0,1.0,1.0,1.0,2.0,1.0,-1.0,1.0
10.95,0.26348239070287,0.003621385924622,0.26348239070287,7.87288399,0.033467073951241,0.0,1.0,1.0,1.0,2.0,1.0,-1.0,1.0
10.96,0.26371752047289,0.0034532014897401,0.26371752047289,7.87288399,0.033496939724739,0.0,1.0,1.0,1.0,2.0,1.0,-1.0,1.0
10.97,0.26384994749634,0.0032593576311723,0.26384994749634,7.87288399,0.033513760374403,0.0,1.0,1.0,1.0,2.0,1.0,-1.0,1.0
10.98,0.26387443737784,0.0030435257953447,0.26387443737784,7.87288399,0.03351687103646,0.0,1.0,1.0,1.0,2.0,1.0,-1.0,1.0
10.99,0.26378831680215,0.0028102871862185,0.26378831680215,7.87288399,0.033505932151065,0.0,1.0,1.0,1.0,2.0,1.0,-1.0,1.0
11.0,0.26359301803721,0.0025654571367904,0.26359301803721,7.87288399,0.033481125642397,0.0,1.0,1.0,1.0,2.0,1.0,-1.0,1.0
11.01,0.2632943249056,0.0023165847427512,0.2632943249056,7.87288399,0.033443186161517,0.0,1.0,1.0,1.0,2.0,1.0,-1.0,1.0
11.02,0.26290255081857,0.0020737439769952,0.26290255081857,7.87288399,0.033393423699944,0.0,1.0,1.0,1.0,2.0,1.0,-1.0,1.0
11.03,0.26243163584321,0.0018505969426679,0.26243163584321,7.87288399,0.033333608900696,0.0,1.0,1.0,1.0,2.0,1.0,-1.0,1.0
11.04,0.26189753954065,0.0016653281326394,0.26189753954065,7.87288399,0.033265768919408,0.0,1.0,1.0,1.0,2.0,1.0,-1.0,1.0
11.05,0.26131882191305,0.0015398452600995,0.26131882191305,7.87288399,0.033192261215201,0.0,1.0,1.0,1.0,2.0,1.0,-1.0,1.0
11.06,0.26071779483311,0.0014943572969679,0.26071779483311,7.87288399,0.033115919803247,0.0,1.0,1.0,1.0,2.0,1.0,-1.0,1.0
11.07,0.26011531230429,0.0015374718004622,0.26011531230429,7.87288399,0.033039393522715,0.0,1.0,1.0,1.0,2.0,1.0,-1.0,1.0
11.08,0.25953333443289,0.0016605140039556,0.25953333443289,7.87288399,0.032965471708023,0.0,1.0,1.0,1.0,2.0,1.0,-1.0,1.0
11.09,0.25899252140032,0.0018432017907348,0.25899252140032,7.87288399,0.032896778579398,0.0,1.0,1.0,1.0,2.0,1.0,-1.0,1.0
11.1,0.25851383956469,0.0020635951565281,0.25851383956469,7.87288399,0.032835977247099,0.0,1.0,1.0,1.0,2.0,1.0,-1.0,1.0
11.11,0.25811402996334,0.0023035436400508,0.25811402996334,7.87288399,0.032785194128504,0.0,1.0,1.0,1.0,2.0,1.0,-1.0,1.0
11.12,0.25780636502172,0.0025494907316963,0.25780636502172,7.87288399,0.032746115063956,0.0,1.0,1.0,1.0,2.0,1.0,-1.0,1.0
11.13,0.25760236334188,0.0027915344840617,0.25760236334188,7.87288399,0.03272020312621,0.0,1.0,1.0,1.0,2.0,1.0,-1.0,1.0
11.14,0.25750757715073,0.0030223280487264,0.25750757715073,7.87288399,0.032708163549445,0.0,1.0,1.0,1.0,2.0,1.0,-1.0,1.0
11.15,0.25752491264899,0.0032362926081499,0.25752491264899,7.87288399,0.032710365474215,0.0,1.0,1.0,1.0,2.0,1.0,-1.0,1.0
11.16,0.25765168136105,0.0034290883313099,0.25765168136105,7.87288399,0.032726467415031,0.0,1.0,1.0,1.0,2.0,1.0,-1.0,1.0
11.17,0.25788079629111,0.0035972964520789,0.25788079629111,7.87288399,0.032755569194042,0.0,1.0,1.0,1.0,2.0,1.0,-1.0,1.0
11.18,0.25820170604683,0.0037382360479207,0.25820170604683,7.87288399,0.032796330591788,0.0,1.0,1.0,1.0,2.0,1.0,-1.0,1.0
11.19,0.25860115327693,0.003849837235914,0.25860115327693,7.87288399,0.032847067682618,0.0,1.0,1.0,1.0,2.0,1.0,-1.0,1.0
11.2,0.2590606626549,0.0039305517100173,0.2590606626549,7.87288399,0.032905433762768,0.0,1.0,1.0,1.0,2.0,1.0,-1.0,1.0
11.21,0.25956194214192,0.0039793400409279,0.25956194214192,7.87288399,0.032969105409353,0.0,1.0,1.0,1.0,2.0,1.0,-1.0,1.0
11.22,0.260083993532,0.003995618906615,0.260083993532,7.87288399,0.033035415466855,0.0,1.0,1.0,1.0,2.0,1.0,-1.0,1.0
11.23,0.26060616528623,0.003979259318415,0.26060616528623,7.87288399,0.033101740812801,0.0,1.0,1.0,1.0,2.0,1.0,-1.0,1.0
11.24,0.26110827887579,0.0039305786392611,0.26110827887579,7.87288399,0.033165518405637,0.0,1.0,1.0,1.0,2.0,1.0,-1.0,1.0
11.25,0.26156965610907,0.0038503264106509,0.26156965610907,7.87288399,0.033224121737513,0.0,1.0,1.0,1.0,2.0,1.0,-1.0,1.0
11.26,0.26197180559416,0.0037397038871351,0.26197180559416,7.87288399,0.033275202064061,0.0,1.0,1.0,1.0,2.0,1.0,-1.0,1.0
11.27,0.26229841252749,0.0036003824867192,0.26229841252749,7.87288399,0.033316687107374,0.0,1.0,1.0,1.0,2.0,1.0,-1.0,1.0
11.28,0.2625379376721,0.0034345617680603,0.2625379376721,7.87288399,0.033347111173691,0.0,1.0,1.0,1.0,2.0,1.0,-1.0,1.0
11.29,0.26268003844178,0.0032449887048692,0.26268003844178,7.87288399,0.033365160565738,0.0,1.0,1.0,1.0,2.0,1.0,-1.0,1.0
11.3,0.26271839937624,0.0030350855026335,0.26271839937624,7.87288399,0.03337003310476,0.0,1.0,1.0,1.0,2.0,1.0,-1.0,1.0
11.31,0.26265288774053,0.0028091257069678,0.26265288774053,7.87288399,0.033361711930995,0.0,1.0,1.0,1.0,2.0,1.0,-1.0,1.0
11.32,0.26248363911787,0.0025724761609817,0.26248363911787,7.87288399,0.033340214265988,0.0,1.0,1.0,1.0,2.0,1.0,-1.0,1.0
11.33,0.26221590675673,0.0023320535104656,0.26221590675673,7.87288399,0.033306207368201,0.0,1.0,1.0,1.0,2.0,1.0,-1.0,1.0
11.34,0.26185915358809,0.0020969933388264,0.26185915358809,7.87288399,0.03326089320263,0.0,1.0,1.0,1.0,2.0,1.0,-1.0,1.0
11.35,0.26142540024538,0.0018795400987226,0.26142540024538,7.87288399,0.033205798609181,0.0,1.0,1.0,1.0,2.0,1.0,-1.0,1.0
11.36,0.26093087806939,0.0016958526211174,0.26093087806939,7.87288399,0.033142985264462,0.0,1.0,1.0,1.0,2.0,1.0,-1.0,1.0
11.37,0.26039109762511,0.0015655064731562,0.26039109762511,7.87288399,0.033074423293402,0.0,1.0,1.0,1.0,2.0,1.0,-1.0,1.0
11.38,0.2598266499764,0.0015074395197725,0.2598266499764,7.87288399,0.033002728137037,0.0,1.0,1.0,1.0,2.0,1.0,-1.0,1.0
11.39,0.2592560366683,0.0015318089400323,0.2592560366683,7.87288399,0.032930249829364,0.0,1.0,1.0,1.0,2.0,1.0,-1.0,1.0
11.4,0.25869899532612,0.001633863441114,0.25869899532612,7.87288399,0.032859495409144,0.0,1.0,1.0,1.0,2.0,1.0,-1.0,1.0
11.41,0.25817626131055,0.0017969342976336,0.25817626131055,7.87288399,0.032793098645742,0.0,1.0,1.0,1.0,2.0,1.0,-1.0,1.0
11.42,0.25770630616028,0.0020009067026919,0.25770630616028,7.87288399,0.032733405761804,0.0,1.0,1.0,1.0,2.0,1.0,-1.0,1.0
11.43,0.25730527837016,0.0022281201929372,0.25730527837016,7.87288399,0.032682467910995,0.0,1.0,1.0,1.0,2.0,1.0,-1.0,1.0
11.44,0.25698659329741,0.0024649651033294,0.25698659329741,7.87288399,0.032641989088602,0.0,1.0,1.0,1.0,2.0,1.0,-1.0,1.0
11.45,0.25676115434859,0.0027013628402605,0.25676115434859,7.87288399,0.03261335422632,0.0,1.0,1.0,1.0,2.0,1.0,-1.0,1.0
11.46,0.25663684499336,0.0029298178881076,0.25663684499336,7.87288399,0.032597564668721,0.0,1.0,1.0,1.0,2.0,1.0,-1.0,1.0
11.47,0.25661585942892,0.0031446254062109,0.25661585942892,7.87288399,0.032594899118908,0.0,1.0,1.0,1.0,2.0,1.0,-1.0,1.0
11.48,0.25669816604268,0.0033413637149798,0.25669816604268,7.87288399,0.032605353561507,0.0,1.0,1.0,1.0,2.0,1.0,-1.0,1.0
11.49,0.2568793290377,0.0035165424619029,0.2568793290377,7.87288399,0.032628364569322,0.0,1.0,1.0,1.0,2.0,1.0,-1.0,1.0
11.5,0.25715168573504,0.0036673983708324,0.25715168573504,7.87288399,0.032662958842233,0.0,1.0,1.0,1.0,2.0,1.0,-1.0,1.0
11.51,0.25750398358318,0.0037917575442311,0.25750398358318,7.87288399,0.03270770710076,0.0,1.0,1.0,1.0,2.0,1.0,-1.0,1.0
11.52,0.25792095360843,0.0038879434480247,0.25792095360843,7.87288399,0.032760669906484,0.0,1.0,1.0,1.0,2.0,1.0,-1.0,1.0
11.53,0.25838722795425,0.0039547567746241,0.25838722795425,7.87288399,0.032819895261057,0.0,1.0,1.0,1.0,2.0,1.0,-1.0,1.0
11.54,0.25888396717403,0.0039914110571248,0.25888396717403,7.87288399,0.032882990210812,0.0,1.0,1.0,1.0,2.0,1.0,-1.0,1.0
11.55,0.2593913752079,0.0039975228148225,0.2593913752079,7.87288399,0.032947440294735,0.0,1.0,1.0,1.0,2.0,1.0,-1.0,1.0
11.56,0.25988773229656,0.0039730923965315,0.25988773229656,7.87288399,0.033010486706861,0.0,1.0,1.0,1.0,2.0,1.0,-1.0,1.0
11.57,0.26035717517458,0.0039185242715515,0.26035717517458,7.87288399,0.033070114522871,0.0,1.0,1.0,1.0,2.0,1.0,-1.0,1.0
11.58,0.26079060951191,0.003834689358591,0.26079060951191,7.87288399,0.033125168596815,0.0,1.0,1.0,1.0,2.0,1.0,-1.0,1.0
11.59,0.26117013515332,0.003722778287472,0.26117013515332,7.87288399,0.033173375282178,0.0,1.0,1.0,1.0,2.0,1.0,-1.0,1.0
11.6,0.26148017560054,0.0035843970571885,0.26148017560054,7.87288399,0.033212756079305,0.0,1.0,1.0,1.0,2.0,1.0,-1.0,1.0
11.61,0.26170917410065,0.0034216071822188,0.26170917410065,7.87288399,0.033241843069588,0.0,1.0,1.0,1.0,2.0,1.0,-1.0,1.0
11.62,0.26184693880162,0.0032369683463799,0.26184693880162,7.87288399,0.033259341701747,0.0,1.0,1.0,1.0,2.0,1.0,-1.0,1.0
11.63,0.26188941785232,0.0030336547600155,0.26188941785232,7.87288399,0.033264737316715,0.0,1.0,1.0,1.0,2.0,1.0,-1.0,1.0
11.64,0.2618341012414,0.0028155738014058,0.2618341012414,7.87288399,0.033257711097226,0.0,1.0,1.0,1.0,2.0,1.0,-1.0,1.0
11.65,0.26168228828779,0.0025876140816505,0.26168228828779,7.87288399,0.033238428080507,0.0,1.0,1.0,1.0,2.0,1.0,-1.0,1.0
11.66,0.26143908972076,0.0023560064634285,0.26143908972076,7.87288399,0.033207537422478,0.0,1.0,1.0,1.0,2.0,1.0,-1.0,1.0
11.67,0.26111062738458,0.0021288688839274,0.26111062738458,7.87288399,0.03316581670913,0.0,1.0,1.0,1.0,2.0,1.0,-1.0,1.0
11.68,0.26070965513267,0.001916953806588,0.26070965513267,7.87288399,0.033114885912687,0.0,1.0,1.0,1.0,2.0,1.0,-1.0,1.0
11.69,0.26024816005711,0.0017343137888023,0.26024816005711,7.87288399,0.033056267612691,0.0,1.0,1.0,1.0,2.0,1.0,-1.0,1.0
11.7,0.25974122930708,0.0015981014399235,0.25974122930708,7.87288399,0.032991878152529,0.0,1.0,1.0,1.0,2.0,1.0,-1.0,1.0
11.71,0.25920682568398,0.0015257559763278,0.25920682568398,7.87288399,0.032923999135923,0.0,1.0,1.0,1.0,2.0,1.0,-1.0,1.0
11.72,0.25866155536038,0.0015286886096698,0.25866155536038,7.87288399,0.032854739849962,0.0,1.0,1.0,1.0,2.0,1.0,-1.0,1.0
11.73,0.25812456452177,0.0016061514878896,0.25812456452177,7.87288399,0.032786532209752,0.0,1.0,1.0,1.0,2.0,1.0,-1.0,1.0
11.74,0.25760821481783,0.0017456618571371,0.25760821481783,7.87288399,0.032720946370484,0.0,1.0,1.0,1.0,2.0,1.0,-1.0,1.0
11.75,0.2570358057428,0.001929510823786,0.2570358057428,7.87288399,0.032648239967626,0.0,1.0,1.0,1.0,2.0,1.0,-1.0,1.0
11.76,0.25674041482143,0.00214216929797,0.25674041482143,7.87288399,0.032610719927733,0.0,1.0,1.0,1.0,2.0,1.0,-1.0,1.0
11.77,0.25667164623287,0.0023701750768476,0.25667164623287,7.87288399,0.032601985061496,0.0,1.0,1.0,1.0,2.0,1.0,-1.0,1.0
11.78,0.25674314129236,0.002602662667169,0.25674314129236,7.87288399,0.032611066239319,0.0,1.0,1.0,1.0,2.0,1.0,-1.0,1.0
11.79,0.25689334658042,0.0028312626149261,0.25689334658042,7.87288399,0.032630145053162,0.0,1.0,1.0,1.0,2.0,1.0,-1.0,1.0
11.8,0.25713106581025,0.0030498560511916,0.25713106581025,7.87288399,0.032660339735332,0.0,1.0,1.0,1.0,2.0,1.0,-1.0,1.0
11.81,0.257535380823,0.0032540691343541,0.257535380823,7.87288399,0.032711695123428,0.0,1.0,1.0,1.0,2.0,1.0,-1.0,1.0
11.82,0.25798667092041,0.0034395199852725,0.25798667092041,7.87288399,0.03276901720489,0.0,1.0,1.0,1.0,2.0,1.0,-1.0,1.0
11.83,0.25849481524225,0.0036033692852465,0.25849481524225,7.87288399,0.032833560810826,0.0,1.0,1.0,1.0,2.0,1.0,-1.0,1.0
11.84,0.25906796159188,0.0037434250231591,0.25906796159188,7.87288399,0.032906360861019,0.0,1.0,1.0,1.0,2.0,1.0,-1.0,1.0
11.85,0.25970121276233,0.0038579097562467,0.25970121276233,7.87288399,0.032986795320774,0.0,1.0,1.0,1.0,2.0,1.0,-1.0,1.0
11.86,0.26038611098282,0.0039454594742933,0.26038611098282,7.87288399,0.033073789898792,0.0,1.0,1.0,1.0,2.0,1.0,-1.0,1.0
11.87,0.26110972568216,0.0040050719839062,0.26110972568216,7.87288399,0.03316570217646,0.0,1.0,1.0,1.0,2.0,1.0,-1.0,1.0
11.88,0.26185734437914,0.004036091068612,0.26185734437914,7.87288399,0.033260663400064,0.0,1.0,1.0,1.0,2.0,1.0,-1.0,1.0
11.89,0.26261179200009,0.0040381929519171,0.26261179200009,7.87288399,0.033356492021686,0.0,1.0,1.0,1.0,2.0,1.0,-1.0,1.0
11.9,0.26335635594957,0.0040113994876647,0.26335635594957,7.87288399,0.033451065236587,0.0,1.0,1.0,1.0,2.0,1.0,-1.0,1.0
11.91,0.2640420635068,0.0039557812681348,0.2640420635068,7.87288399,0.033538162615146,0.0,1.0,1.0,1.0,2.0,1.0,-1.0,1.0
11.92,0.26453569009548,0.0038710879017913,0.26453569009548,7.87288399,0.033600862203926,0.0,1.0,1.0,1.0,2.0,1.0,-1.0,1.0
11.93,0.26488220526919,0.0037589727589817,0.26488220526919,7.87288399,0.033644875957227,0.0,1.0,1.0,1.0,2.0,1.0,-1.0,1.0
11.94,0.26509970635458,0.003621347025745,0.26509970635458,7.87288399,0.033672502565934,0.0,1.0,1.0,1.0,2.0,1.0,-1.0,1.0
11.95,0.26519626812083,0.0034603514417754,0.26519626812083,7.87288399,0.033684767673153,0.0,1.0,1.0,1.0,2.0,1.0,-1.0,1.0
11.96,0.26519712683475,0.003278659830064,0.26519712683475,7.87288399,0.033684876745497,0.0,1.0,1.0,1.0,2.0,1.0,-1.0,1.0
11.97,0.26510680178675,0.0030792872716434,0.26510680178675,7.87288399,0.033673403815359,0.0,1.0,1.0,1.0,2.0,1.0,-1.0,1.0
11.98,0.2649295097178,0.0028658337406566,0.2649295097178,7.87288399,0.033650884485826,0.0,1.0,1.0,1.0,2.0,1.0,-1.0,1.0
11.99,0.26466950607177,0.0026427156963728,0.26466950607177,7.87288399,0.033617859275959,0.0,1.0,1.0,1.0,2.0,1.0,-1.0,1.0
12.0,0.26433196251264,0.002415477778619,0.26433196251264,7.87288399,0.033574985081502,0.0,1.0,1.0,1.0,2.0,1.0,-1.0,1.0
12.01,0.26392453919966,0.0021912535565214,0.26392453919966,7.87288399,0.033523234882527,0.0,1.0,1.0,1.0,2.0,1.0,-1.0,1.0
12.02,0.26345564932657,0.0019793856120553,0.26345564932657,7.87288399,0.033463677308241,0.0,1.0,1.0,1.0,2.0,1.0,-1.0,1.0
12.03,0.26293668160833,0.0017920668994188,0.26293668160833,7.87288399,0.03339775893336,0.0,1.0,1.0,1.0,2.0,1.0,-1.0,1.0
12.04,0.2623800825892,0.0016444427326158,0.2623800825892,7.87288399,0.033327060696242,0.0,1.0,1.0,1.0,2.0,1.0,-1.0,1.0
12.05,0.26179997085601,0.0015529046265438,0.26179997085601,7.87288399,0.033253375915172,0.0,1.0,1.0,1.0,2.0,1.0,-1.0,1.0
12.06,0.26121168615871,0.0015303491671412,0.26121168615871,7.87288399,0.033178653018449,0.0,1.0,1.0,1.0,2.0,1.0,-1.0,1.0
12.07,0.26063046898304,0.0015801495299961,0.26063046898304,7.87288399,0.033104827826003,0.0,1.0,1.0,1.0,2.0,1.0,-1.0,1.0
12.08,0.26007304034462,0.0016942125973621,0.26007304034462,7.87288399,0.033034024212089,0.0,1.0,1.0,1.0,2.0,1.0,-1.0,1.0
12.09,0.25955403487849,0.0018573116493527,0.25955403487849,7.87288399,0.032968101042537,0.0,1.0,1.0,1.0,2.0,1.0,-1.0,1.0
12.1,0.25908779924446,0.0020531264379182,0.25908779924446,7.87288399,0.032908880605068,0.0,1.0,1.0,1.0,2.0,1.0,-1.0,1.0
12.11,0.25868576756834,0.0022676828299998,0.25868576756834,7.87288399,0.032857815242409,0.0,1.0,1.0,1.0,2.0,1.0,-1.0,1.0
12.12,0.25835751508747,0.0024901094307655,0.25835751508747,7.87288399,0.032816121184516,0.0,1.0,1.0,1.0,2.0,1.0,-1.0,1.0
12.13,0.25811238822188,0.0027122026784846,0.25811238822188,7.87288399,0.032784985597365,0.0,1.0,1.0,1.0,2.0,1.0,-1.0,1.0
12.14,0.25795789415716,0.0029277443809324,0.25795789415716,7.87288399,0.032765362030586,0.0,1.0,1.0,1.0,2.0,1.0,-1.0,1.0
12.15,0.25789604928019,0.0031319243254506,0.25789604928019,7.87288399,0.032757506602125,0.0,1.0,1.0,1.0,2.0,1.0,-1.0,1.0
12.16,0.25792750374125,0.0033209626019317,0.25792750374125,7.87288399,0.032761501892936,0.0,1.0,1.0,1.0,2.0,1.0,-1.0,1.0
12.17,0.25804911414936,0.0034918397638369,0.25804911414936,7.87288399,0.032776948634976,0.0,1.0,1.0,1.0,2.0,1.0,-1.0,1.0
12.18,0.25825537588264,0.0036421292235127,0.25825537588264,7.87288399,0.032803147640772,0.0,1.0,1.0,1.0,2.0,1.0,-1.0,1.0
12.19,0.25853721797424,0.0037698827555734,0.25853721797424,7.87288399,0.032838946731925,0.0,1.0,1.0,1.0,2.0,1.0,-1.0,1.0
12.2,0.25888435889375,0.0038735751173038,0.25888435889375,7.87288399,0.032883039966369,0.0,1.0,1.0,1.0,2.0,1.0,-1.0,1.0
12.21,0.2592849266734,0.0039520489867963,0.2592849266734,7.87288399,0.032933919387449,0.0,1.0,1.0,1.0,2.0,1.0,-1.0,1.0
12.22,0.25972275972228,0.0040044647856917,0.25972275972228,7.87288399,0.032989532178066,0.0,1.0,1.0,1.0,2.0,1.0,-1.0,1.0
12.23,0.26018500067581,0.0040303340101271,0.26018500067581,7.87288399,0.03304824521818,0.0,1.0,1.0,1.0,2.0,1.0,-1.0,1.0
12.24,0.26065441784009,0.0040294449863944,0.26065441784009,7.87288399,0.033107869768075,0.0,1.0,1.0,1.0,2.0,1.0,-1.0,1.0
12.25,0.26111426523977,0.004001887539539,0.26111426523977,7.87288399,0.033166278783154,0.0,1.0,1.0,1.0,2.0,1.0,-1.0,1.0
12.26,0.26155161687609,0.0039480775957015,0.26155161687609,7.87288399,0.033221830425586,0.0,1.0,1.0,1.0,2.0,1.0,-1.0,1.0
12.27,0.26194980516283,0.003868693426656,0.26194980516283,7.87288399,0.033272407607625,0.0,1.0,1.0,1.0,2.0,1.0,-1.0,1.0
12.28,0.2622970803263,0.0037647436581782,0.2622970803263,7.87288399,0.033316517893503,0.0,1.0,1.0,1.0,2.0,1.0,-1.0,1.0
12.29,0.26258185437626,0.0036375443561067,0.26258185437626,7.87288399,0.033352689396895,0.0,1.0,1.0,1.0,2.0,1.0,-1.0,1.0
12.3,0.2627951946067,0.0034887588282169,0.2627951946067,7.87288399,0.033379787501061,0.0,1.0,1.0,1.0,2.0,1.0,-1.0,1.0
12.31,0.26292921479003,0.0033204140325396,0.26292921479003,7.87288399,0.033396810511116,0.0,1.0,1.0,1.0,2.0,1.0,-1.0,1.0
12.32,0.2629785654444,0.0031349764584495,0.2629785654444,7.87288399,0.033403078945204,0.0,1.0,1.0,1.0,2.0,1.0,-1.0,1.0
12.33,0.26294192188365,0.0029354471191176,0.26294192188365,7.87288399,0.033398424543996,0.0,1.0,1.0,1.0,2.0,1.0,-1.0,1.0
12.34,0.26282020053562,0.0027254887950127,0.26282020053562,7.87288399,0.03338296371056,0.0,1.0,1.0,1.0,2.0,1.0,-1.0,1.0
12.35,0.26261592905193,0.0025096450464143,0.26261592905193,7.87288399,0.033357017502798,0.0,1.0,1.0,1.0,2.0,1.0,-1.0,1.0
12.36,0.26233410798695,0.0022936574660411,0.26233410798695,7.87288399,0.03332122108241,0.0,1.0,1.0,1.0,2.0,1.0,-1.0,1.0
12.37,0.26198248634833,0.0020849234050106,0.26198248634833,7.87288399,0.033276558714837,0.0,1.0,1.0,1.0,2.0,1.0,-1.0,1.0
12.38,0.26157015791517,0.0018930160463506,0.26157015791517,7.87288399,0.033224185476049,0.0,1.0,1.0,1.0,2.0,1.0,-1.0,1.0
12.39,0.26110790569824,0.0017300435888401,0.26110790569824,7.87288399,0.033165471005276,0.0,1.0,1.0,1.0,2.0,1.0,-1.0,1.0
12.4,0.26061068636201,0.0016101626652998,0.26061068636201,7.87288399,0.033102315071965,0.0,1.0,1.0,1.0,2.0,1.0,-1.0,1.0
12.41,0.26009185146066,0.0015470988322178,0.26009185146066,7.87288399,0.033036413567255,0.0,1.0,1.0,1.0,2.0,1.0,-1.0,1.0
12.42,0.25956472894163,0.0015494969072164,0.25956472894163,7.87288399,0.032969459383794,0.0,1.0,1.0,1.0,2.0,1.0,-1.0,1.0
12.43,0.25904569031974,0.0016167719420623,0.25904569031974,7.87288399,0.032903532002857,0.0,1.0,1.0,1.0,2.0,1.0,-1.0,1.0
12.44,0.25854829847701,0.0017393965482684,0.25854829847701,7.87288399,0.032840354158071,0.0,1.0,1.0,1.0,2.0,1.0,-1.0,1.0
12.45,0.2580874245299,0.0019033437551615,0.2580874245299,7.87288399,0.032781814752729,0.0,1.0,1.0,1.0,2.0,1.0,-1.0,1.0
12.46,0.25767585983493,0.0020945955255341,0.25767585983493,7.87288399,0.032729538522634,0.0,1.0,1.0,1.0,2.0,1.0,-1.0,1.0
12.47,0.25732424051036,0.0023013562816463,0.25732424051036,7.87288399,0.032684876448987,0.0,1.0,1.0,1.0,2.0,1.0,-1.0,1.0
12.48,0.25704347144526,0.0025144163028601,0.25704347144526,7.87288399,0.032649213651789,0.0,1.0,1.0,1.0,2.0,1.0,-1.0,1.0
12.49,0.25683938585118,0.0027267173086405,0.25683938585118,7.87288399,0.032623291055402,0.0,1.0,1.0,1.0,2.0,1.0,-1.0,1.0
12.5,0.25671821223249,0.002932840856149,0.25671821223249,7.87288399,0.032607899793592,0.0,1.0,1.0,1.0,2.0,1.0,-1.0,1.0
12.51,0.25668205231491,0.0031285468961623,0.25668205231491,7.87288399,0.032603306823897,0.0,1.0,1.0,1.0,2.0,1.0,-1.0,1.0
12.52,0.2567310093305,0.0033104662775378,0.2567310093305,7.87288399,0.032609525258672,0.0,1.0,1.0,1.0,2.0,1.0,-1.0,1.0
12.53,0.25686359683124,0.0034758926287215,0.25686359683124,7.87288399,0.032626366291883,0.0,1.0,1.0,1.0,2.0,1.0,-1.0,1.0
12.54,0.25707384722498,0.003622620654605,0.25707384722498,7.87288399,0.032653071930377,0.0,1.0,1.0,1.0,2.0,1.0,-1.0,1.0
12.55,0.25735483518138,0.0037488735724338,0.25735483518138,7.87288399,0.032688762530766,0.0,1.0,1.0,1.0,2.0,1.0,-1.0,1.0
12.56,0.25769692423467,0.0038532341451232,0.25769692423467,7.87288399,0.032732214085968,0.0,1.0,1.0,1.0,2.0,1.0,-1.0,1.0
12.57,0.25808959421031,0.0039346074588193,0.25808959421031,7.87288399,0.032782090341751,0.0,1.0,1.0,1.0,2.0,1.0,-1.0,1.0
12.58,0.25852051900355,0.0039921942956521,0.25852051900355,7.87288399,0.032836825657779,0.0,1.0,1.0,1.0,2.0,1.0,-1.0,1.0
12.59,0.25897630018918,0.0040254671708372,0.25897630018918,7.87288399,0.032894718189437,0.0,1.0,1.0,1.0,2.0,1.0,-1.0,1.0
12.6,0.25944274451996,0.0040341614419442,0.25944274451996,7.87288399,0.032953965135203,0.0,1.0,1.0,1.0,2.0,1.0,-1.0,1.0
12.61,0.25990554971151,0.0040182707096849,0.25990554971151,7.87288399,0.033012749843848,0.0,1.0,1.0,1.0,2.0,1.0,-1.0,1.0
12.62,0.26035105466992,0.0039780465390081,0.26035105466992,7.87288399,0.033069337107039,0.0,1.0,1.0,1.0,2.0,1.0,-1.0,1.0
12.63,0.26076692452458,0.0039140008266055,0.26076692452458,7.87288399,0.033122160171013,0.0,1.0,1.0,1.0,2.0,1.0,-1.0,1.0
12.64,0.26114034080291,0.0038268880217727,0.26114034080291,7.87288399,0.033169590855728,0.0,1.0,1.0,1.0,2.0,1.0,-1.0,1.0
12.65,0.26146032255464,0.0037177341477755,0.26146032255464,7.87288399,0.033210234380025,0.0,1.0,1.0,1.0,2.0,1.0,-1.0,1.0
12.66,0.26171727420813,0.0035878356032183,0.26171727420813,7.87288399,0.033242871931119,0.0,1.0,1.0,1.0,2.0,1.0,-1.0,1.0
12.67,0.26190281724796,0.0034387913464011,0.26190281724796,7.87288399,0.033266439284591,0.0,1.0,1.0,1.0,2.0,1.0,-1.0,1.0
12.68,0.26201290519372,0.0032725477390706,0.26201290519372,7.87288399,0.03328042246355,0.0,1.0,1.0,1.0,2.0,1.0,-1.0,1.0
12.69,0.26204363323066,0.003091426300817,0.26204363323066,7.87288399,0.033284325485236,0.0,1.0,1.0,1.0,2.0,1.0,-1.0,1.0
12.7,0.26199384131586,0.0028982267704876,0.26199384131586,7.87288399,0.033278001003018,0.0,1.0,1.0,1.0,2.0,1.0,-1.0,1.0
12.71,0.26185698828486,0.0026962859750415,0.26185698828486,7.87288399,0.033260618169589,0.0,1.0,1.0,1.0,2.0,1.0,-1.0,1.0
12.72,0.26164724217099,0.0024897950598491,0.26164724217099,7.87288399,0.033233976583845,0.0,1.0,1.0,1.0,2.0,1.0,-1.0,1.0
12.73,0.26137303847913,0.0022840284483646,0.26137303847913,7.87288399,0.033199147708911,0.0,1.0,1.0,1.0,2.0,1.0,-1.0,1.0
12.74,0.2610386421142,0.0020856495199889,0.2610386421142,7.87288399,0.033156673265575,0.0,1.0,1.0,1.0,2.0,1.0,-1.0,1.0
12.75,0.2606521058289,0.0019031588581146,0.2606521058289,7.87288399,0.033107576100446,0.0,1.0,1.0,1.0,2.0,1.0,-1.0,1.0
12.76,0.26022262908274,0.0017471461278039,0.26022262908274,7.87288399,0.033053024712833,0.0,1.0,1.0,1.0,2.0,1.0,-1.0,1.0
12.77,0.25976014735481,0.0016298693737011,0.25976014735481,7.87288399,0.032994281089973,0.0,1.0,1.0,1.0,2.0,1.0,-1.0,1.0
12.78,0.25927776518331,0.0015633492252463,0.25927776518331,7.87288399,0.032933009747463,0.0,1.0,1.0,1.0,2.0,1.0,-1.0,1.0
12.79,0.25878640785142,0.0015557562205969,0.25878640785142,7.87288399,0.032870598395725,0.0,1.0,1.0,1.0,2.0,1.0,-1.0,1.0
12.8,0.2582995515163,0.0016079019013923,0.2582995515163,7.87288399,0.03280875875275,0.0,1.0,1.0,1.0,2.0,1.0,-1.0,1.0
12.81,0.25783109811779,0.0017128294330423,0.25783109811779,7.87288399,0.032749256618703,0.0,1.0,1.0,1.0,2.0,1.0,-1.0,1.0
12.82,0.25739110571535,0.0018589093569933,0.25739110571535,7.87288399,0.032693369550762,0.0,1.0,1.0,1.0,2.0,1.0,-1.0,1.0
12.83,0.25699308508426,0.0020336894679239,0.25699308508426,7.87288399,0.032642813664052,0.0,1.0,1.0,1.0,2.0,1.0,-1.0,1.0
12.84,0.2566453437555,0.0022261837694631,0.2566453437555,7.87288399,0.032598644166672,0.0,1.0,1.0,1.0,2.0,1.0,-1.0,1.0
12.85,0.25635816254037,0.0024275545096233,0.25635816254037,7.87288399,0.032562166909355,0.0,1.0,1.0,1.0,2.0,1.0,-1.0,1.0
12.86,0.25613934755323,0.0026309246847574,0.25613934755323,7.87288399,0.032534373411138,0.0,1.0,1.0,1.0,2.0,1.0,-1.0,1.0
12.87,0.25599299891442,0.0028309521216862,0.25599299891442,7.87288399,0.032515784462159,0.0,1.0,1.0,1.0,2.0,1.0,-1.0,1.0
12.88,0.25592247202033,0.0030234528332594,0.25592247202033,7.87288399,0.032506826259017,0.0,1.0,1.0,1.0,2.0,1.0,-1.0,1.0
12.89,0.25592955683945,0.0032051024643938,0.25592955683945,7.87288399,0.032507726160392,0.0,1.0,1.0,1.0,2.0,1.0,-1.0,1.0
12.9,0.25590778783392,0.0033728251722756,0.25590778783392,7.87288399,0.032504961099258,0.0,1.0,1.0,1.0,2.0,1.0,-1.0,1.0
12.91,0.25614958363218,0.003526521597412,0.25614958363218,7.87288399,0.032535673580043,0.0,1.0,1.0,1.0,2.0,1.0,-1.0,1.0
12.92,0.25663431119105,0.0036642951219125,0.25663431119105,7.87288399,0.032597242829569,0.0,1.0,1.0,1.0,2.0,1.0,-1.0,1.0
12.93,0.25725066395755,0.0037837188890964,0.25725066395755,7.87288399,0.032675530883512,0.0,1.0,1.0,1.0,2.0,1.0,-1.0,1.0
12.94,0.25791307757807,0.0038828072918527,0.25791307757807,7.87288399,0.032759669506838,0.0,1.0,1.0,1.0,2.0,1.0,-1.0,1.0
12.95,0.25860378428478,0.0039604330262634,0.25860378428478,7.87288399,0.032847401868648,0.0,1.0,1.0,1.0,2.0,1.0,-1.0,1.0
12.96,0.25940088437757,0.0040165875390629,0.25940088437757,7.87288399,0.032948648132889,0.0,1.0,1.0,1.0,2.0,1.0,-1.0,1.0
12.97,0.26017598428605,0.0040500399373844,0.26017598428605,7.87288399,0.033047099972071,0.0,1.0,1.0,1.0,2.0,1.0,-1.0,1.0
12.98,0.26092214692355,0.0040605153139163,0.26092214692355,7.87288399,0.033141876249538,0.0,1.0,1.0,1.0,2.0,1.0,-1.0,1.0
12.99,0.26164618728083,0.0040481080912284,0.26164618728083,7.87288399,0.033233842593535,0.0,1.0,1.0,1.0,2.0,1.0,-1.0,1.0
13.0,0.26234349076198,0.0040130509560836,0.26234349076198,7.87288399,0.033322412866137,0.0,1.0,1.0,1.0,2.0,1.0,-1.0,1.0
13.01,0.26300744964114,0.0039557824722767,0.26300744964114,7.87288399,0.033406747765522,0.0,1.0,1.0,1.0,2.0,1.0,-1.0,1.0
13.02,0.26363022041548,0.0038769409863542,0.26363022041548,7.87288399,0.033485851023632,0.0,1.0,1.0,1.0,2.0,1.0,-1.0,1.0
13.03,0.26420388874902,0.0037773666389688,0.26420388874902,7.87288399,0.033558717375311,0.0,1.0,1.0,1.0,2.0,1.0,-1.0,1.0
13.04,0.26472014320424,0.0036581165242439,0.26472014320424,7.87288399,0.033624291116252,0.0,1.0,1.0,1.0,2.0,1.0,-1.0,1.0
13.05,0.26517309951696,0.0035205029679132,0.26517309951696,7.87288399,0.033681824837478,0.0,1.0,1.0,1.0,2.0,1.0,-1.0,1.0
13.06,0.26553960719748,0.0033660301585979,0.26553960719748,7.87288399,0.033728378004142,0.0,1.0,1.0,1.0,2.0,1.0,-1.0,1.0
13.07,0.26568791623865,0.0031958645689035,0.26568791623865,7.87288399,0.033747215960012,0.0,1.0,1.0,1.0,2.0,1.0,-1.0,1.0
13.08,0.26566389974635,0.0030126833790606,0.26566389974635,7.87288399,0.033744165427026,0.0,1.0,1.0,1.0,2.0,1.0,-1.0,1.0
13.09,0.26550465786772,0.0028196865516387,0.26550465786772,7.87288399,0.033723938801201,0.0,1.0,1.0,1.0,2.0,1.0,-1.0,1.0
13.1,0.26522788047591,0.0026204416766725,0.26522788047591,7.87288399,0.033688783019386,0.0,1.0,1.0,1.0,2.0,1.0,-1.0,1.0
13.11,0.26487072499493,0.0024193293840225,0.26487072499493,7.87288399,0.033643417752803,0.0,1.0,1.0,1.0,2.0,1.0,-1.0,1.0
13.12,0.26445098124239,0.0022216585721402,0.26445098124239,7.87288399,0.033590102633075,0.0,1.0,1.0,1.0,2.0,1.0,-1.0,1.0
13.13,0.26398140656522,0.0020340311067578,0.26398140656522,7.87288399,0.033530458076167,0.0,1.0,1.0,1.0,2.0,1.0,-1.0,1.0
13.14,0.26347330110919,0.0018647119637615,0.26347330110919,7.87288399,0.033465919406896,0.0,1.0,1.0,1.0,2.0,1.0,-1.0,1.0
13.15,0.26293750139217,0.001723704976074,0.26293750139217,7.87288399,0.033397863060874,0.0,1.0,1.0,1.0,2.0,1.0,-1.0,1.0
13.16,0.2623844314879,0.0016220697300333,0.2623844314879,7.87288399,0.033327613085773,0.0,1.0,1.0,1.0,2.0,1.0,-1.0,1.0
13.17,0.2618241633474,0.0015699083169873,0.2618241633474,7.87288399,0.033256448803255,0.0,1.0,1.0,1.0,2.0,1.0,-1.0,1.0
13.18,0.26126796115841,0.0015731889249725,0.26126796115841,7.87288399,0.033185800970809,0.0,1.0,1.0,1.0,2.0,1.0,-1.0,1.0
13.19,0.2607258269218,0.001631231194133,0.2607258269218,7.87288399,0.033116940025151,0.0,1.0,1.0,1.0,2.0,1.0,-1.0,1.0
13.2,0.26020810033905,0.0017369902921745,0.26020810033905,7.87288399,0.033051179297137,0.0,1.0,1.0,1.0,2.0,1.0,-1.0,1.0
13.21,0.25972494261308,0.0018798876583243,0.25972494261308,7.87288399,0.032989809445049,0.0,1.0,1.0,1.0,2.0,1.0,-1.0,1.0
13.22,0.25928559719762,0.0020488900800343,0.25928559719762,7.87288399,0.032934004556267,0.0,1.0,1.0,1.0,2.0,1.0,-1.0,1.0
13.23,0.25889891188363,0.0022342887141147,0.25889891188363,7.87288399,0.032884888461773,0.0,1.0,1.0,1.0,2.0,1.0,-1.0,1.0
13.24,0.25857137556828,0.0024282017362684,0.25857137556828,7.87288399,0.032843285369976,0.0,1.0,1.0,1.0,2.0,1.0,-1.0,1.0
13.25,0.25830963509456,0.0026244358537343,0.25830963509456,7.87288399,0.032810039551283,0.0,1.0,1.0,1.0,2.0,1.0,-1.0,1.0
13.26,0.25811624123331,0.002818129776678,0.25811624123331,7.87288399,0.03278547500016,0.0,1.0,1.0,1.0,2.0,1.0,-1.0,1.0
13.27,0.25799390185342,0.0030054456711152,0.25799390185342,7.87288399,0.032769935665395,0.0,1.0,1.0,1.0,2.0,1.0,-1.0,1.0
13.28,0.25794518172852,0.0031833213784549,0.25794518172852,7.87288399,0.032763747320062,0.0,1.0,1.0,1.0,2.0,1.0,-1.0,1.0
13.29,0.25796898059091,0.0033492604202168,0.25796898059091,7.87288399,0.032766770210075,0.0,1.0,1.0,1.0,2.0,1.0,-1.0,1.0
13.3,0.25806326847631,0.0035012191731081,0.25806326847631,7.87288399,0.032778746492911,0.0,1.0,1.0,1.0,2.0,1.0,-1.0,1.0
13.31,0.25822418297628,0.0036375180110265,0.25822418297628,7.87288399,0.032799185572183,0.0,1.0,1.0,1.0,2.0,1.0,-1.0,1.0
13.32,0.25844669677621,0.0037567794387796,0.25844669677621,7.87288399,0.032827448887153,0.0,1.0,1.0,1.0,2.0,1.0,-1.0,1.0
13.33,0.25872433187679,0.0038578886973259,0.25872433187679,7.87288399,0.03286271361364,0.0,1.0,1.0,1.0,2.0,1.0,-1.0,1.0
13.34,0.25904743328168,0.0039399462052113,0.25904743328168,7.87288399,0.032903753390844,0.0,1.0,1.0,1.0,2.0,1.0,-1.0,1.0
13.35,0.25940812615781,0.0040022840472021,0.25940812615781,7.87288399,0.032949567971192,0.0,1.0,1.0,1.0,2.0,1.0,-1.0,1.0
13.36,0.2597967805903,0.0040444283286918,0.2597967805903,7.87288399,0.032998934179684,0.0,1.0,1.0,1.0,2.0,1.0,-1.0,1.0
13.37,0.26020103371285,0.0040660733251373,0.26020103371285,7.87288399,0.033050281706597,0.0,1.0,1.0,1.0,2.0,1.0,-1.0,1.0
13.38,0.26061125011986,0.0040671192125031,0.26061125011986,7.87288399,0.033102386679504,0.0,1.0,1.0,1.0,2.0,1.0,-1.0,1.0
13.39,0.26101660788812,0.0040476397843469,0.26101660788812,7.87288399,0.033153874516589,0.0,1.0,1.0,1.0,2.0,1.0,-1.0,1.0
13.4,0.26140726287744,0.0040078863941383,0.26140726287744,7.87288399,0.033203494832323,0.0,1.0,1.0,1.0,2.0,1.0,-1.0,1.0
13.41,0.26177301327925,0.0039482802230109,0.26177301327925,7.87288399,0.033249951810766,0.0,1.0,1.0,1.0,2.0,1.0,-1.0,1.0
13.42,0.26210385988799,0.0038694164784342,0.26210385988799,7.87288399,0.033291975370259,0.0,1.0,1.0,1.0,2.0,1.0,-1.0,1.0
13.43,0.26239231811057,0.0037720850752351,0.26239231811057,7.87288399,0.033328614830836,0.0,1.0,1.0,1.0,2.0,1.0,-1.0,1.0
13.44,0.262630078623,0.0036572513283056,0.262630078623,7.87288399,0.033358814756649,0.0,1.0,1.0,1.0,2.0,1.0,-1.0,1.0
13.45,0.2628112139914,0.0035260926362671,0.2628112139914,7.87288399,0.03338182225538,0.0,1.0,1.0,1.0,2.0,1.0,-1.0,1.0
13.46,0.26293197508758,0.0033800142611972,0.26293197508758,7.87288399,0.033397161119299,0.0,1.0,1.0,1.0,2.0,1.0,-1.0,1.0
13.47,0.2629891765571,0.0032206711504666,0.2629891765571,7.87288399,0.033404426750241,0.0,1.0,1.0,1.0,2.0,1.0,-1.0,1.0
13.48,0.26297913473064,0.0030499972549359,0.26297913473064,7.87288399,0.03340315125495,0.0,1.0,1.0,1.0,2.0,1.0,-1.0,1.0
13.49,0.26290259029191,0.002870304478014,0.26290259029191,7.87288399,0.033393428713778,0.0,1.0,1.0,1.0,2.0,1.0,-1.0,1.0
13.5,0.26276142138453,0.0026843588095357,0.26276142138453,7.87288399,0.033375497685256,0.0,1.0,1.0,1.0,2.0,1.0,-1.0,1.0
13.51,0.26255777582244,0.0024955002390248,0.26255777582244,7.87288399,0.033349630980963,0.0,1.0,1.0,1.0,2.0,1.0,-1.0,1.0
13.52,0.26229510690485,0.0023078361858736,0.26229510690485,7.87288399,0.033316267232949,0.0,1.0,1.0,1.0,2.0,1.0,-1.0,1.0
13.53,0.26198035857923,0.0021264766595177,0.26198035857923,7.87288399,0.033276288449315,0.0,1.0,1.0,1.0,2.0,1.0,-1.0,1.0
13.54,0.26161868448374,0.0019577738017137,0.26161868448374,7.87288399,0.033230349236194,0.0,1.0,1.0,1.0,2.0,1.0,-1.0,1.0
13.55,0.26121856062714,0.0018094981593052,0.26121856062714,7.87288399,0.033179526201445,0.0,1.0,1.0,1.0,2.0,1.0,-1.0,1.0
13.56,0.26078780529601,0.0016906446009385,0.26078780529601,7.87288399,0.033124812410199,0.0,1.0,1.0,1.0,2.0,1.0,-1.0,1.0
13.57,0.26033558020182,0.0016105054659475,0.26033558020182,7.87288399,0.033067371567077,0.0,1.0,1.0,1.0,2.0,1.0,-1.0,1.0
13.58,0.25987220691937,0.0015767046740812,0.25987220691937,7.87288399,0.033008514700516,0.0,1.0,1.0,1.0,2.0,1.0,-1.0,1.0
13.59,0.25940662730407,0.0015927602419602,0.25940662730407,7.87288399,0.032949377589402,0.0,1.0,1.0,1.0,2.0,1.0,-1.0,1.0
13.6,0.25894887409256,0.0016566858860345,0.25894887409256,7.87288399,0.032891234574455,0.0,1.0,1.0,1.0,2.0,1.0,-1.0,1.0
13.61,0.25850805512126,0.0017617807230899,0.25850805512126,7.87288399,0.032835242517178,0.0,1.0,1.0,1.0,2.0,1.0,-1.0,1.0
13.62,0.25809407838108,0.0018989565585835,0.25809407838108,7.87288399,0.032782659913306,0.0,1.0,1.0,1.0,2.0,1.0,-1.0,1.0
13.63,0.25771718193255,0.0020589692246828,0.25771718193255,7.87288399,0.032734787183438,0.0,1.0,1.0,1.0,2.0,1.0,-1.0,1.0
13.64,0.25738342721746,0.0022336527673019,0.25738342721746,7.87288399,0.032692394241346,0.0,1.0,1.0,1.0,2.0,1.0,-1.0,1.0
13.65,0.25709954441283,0.0024162970674936,0.25709954441283,7.87288399,0.032656335942381,0.0,1.0,1.0,1.0,2.0,1.0,-1.0,1.0
13.66,0.25687151202266,0.0026015478606613,0.25687151202266,7.87288399,0.032627371665698,0.0,1.0,1.0,1.0,2.0,1.0,-1.0,1.0
13.67,0.25670357985574,0.0027851503597236,0.25670357985574,7.87288399,0.032606041214604,0.0,1.0,1.0,1.0,2.0,1.0,-1.0,1.0
13.68,0.25659885065623,0.0029637060091184,0.25659885065623,7.87288399,0.032592738694252,0.0,1.0,1.0,1.0,2.0,1.0,-1.0,1.0
13.69,0.25655910847043,0.0031344656288789,0.25655910847043,7.87288399,0.032587690711093,0.0,1.0,1.0,1.0,2.0,1.0,-1.0,1.0
13.7,0.25658412078742,0.0032951768374631,0.25658412078742,7.87288399,0.032590867731993,0.0,1.0,1.0,1.0,2.0,1.0,-1.0,1.0
13.71,0.25667276409712,0.003443982639971,0.25667276409712,7.87288399,0.032602127050664,0.0,1.0,1.0,1.0,2.0,1.0,-1.0,1.0
13.72,0.25682159226953,0.0035793350670128,0.25682159226953,7.87288399,0.032621030945679,0.0,1.0,1.0,1.0,2.0,1.0,-1.0,1.0
13.73,0.25702724273381,0.0036999568572132,0.25702724273381,7.87288399,0.032647152309151,0.0,1.0,1.0,1.0,2.0,1.0,-1.0,1.0
13.74,0.25728423100875,0.003804791478537,0.25728423100875,7.87288399,0.03267979451184,0.0,1.0,1.0,1.0,2.0,1.0,-1.0,1.0
13.75,0.25758537465959,0.0038929773412295,0.25758537465959,7.87288399,0.0327180452534,0.0,1.0,1.0,1.0,2.0,1.0,-1.0,1.0
13.76,0.25792417569016,0.0039638430200697,0.25792417569016,7.87288399,0.032761079169688,0.0,1.0,1.0,1.0,2.0,1.0,-1.0,1.0
13.77,0.25829209178261,0.0040168778879679,0.25829209178261,7.87288399,0.032807811230381,0.0,1.0,1.0,1.0,2.0,1.0,-1.0,1.0
13.78,0.25868106557503,0.0040517357834031,0.25868106557503,7.87288399,0.032857218003416,0.0,1.0,1.0,1.0,2.0,1.0,-1.0,1.0
13.79,0.25908098946474,0.0040682094420305,0.25908098946474,7.87288399,0.032908015638719,0.0,1.0,1.0,1.0,2.0,1.0,-1.0,1.0
13.8,0.25948342694501,0.0040662525635874,0.25948342694501,7.87288399,0.032959132545914,0.0,1.0,1.0,1.0,2.0,1.0,-1.0,1.0
13.81,0.25987924208488,0.004045955863255,0.25987924208488,7.87288399,0.033009408294975,0.0,1.0,1.0,1.0,2.0,1.0,-1.0,1.0
13.82,0.26025825573257,0.0040075458821792,0.26025825573257,7.87288399,0.033057549947788,0.0,1.0,1.0,1.0,2.0,1.0,-1.0,1.0
13.83,0.26061304641689,0.0039514057597882,0.26061304641689,7.87288399,0.033102614842022,0.0,1.0,1.0,1.0,2.0,1.0,-1.0,1.0
13.84,0.26093517477705,0.0038780526010358,0.26093517477705,7.87288399,0.033143531024779,0.0,1.0,1.0,1.0,2.0,1.0,-1.0,1.0
13.85,0.26121672268193,0.0037881504091822,0.26121672268193,7.87288399,0.033179292748848,0.0,1.0,1.0,1.0,2.0,1.0,-1.0,1.0
13.86,0.26144763537635,0.0036824675082192,0.26144763537635,7.87288399,0.033208622876754,0.0,1.0,1.0,1.0,2.0,1.0,-1.0,1.0
13.87,0.26163436128608,0.0035620494395619,0.26163436128608,7.87288399,0.033232340476299,0.0,1.0,1.0,1.0,2.0,1.0,-1.0,1.0
13.88,0.26177249431664,0.0034280592305682,0.26177249431664,7.87288399,0.03324988589304,0.0,1.0,1.0,1.0,2.0,1.0,-1.0,1.0
13.89,0.26185717231636,0.0032818367032269,0.26185717231636,7.87288399,0.03326064154495,0.0,1.0,1.0,1.0,2.0,1.0,-1.0,1.0
13.9,0.26188560180836,0.003124947672245,0.26188560180836,7.87288399,0.033264252609464,0.0,1.0,1.0,1.0,2.0,1.0,-1.0,1.0
13.91,0.26185650428037,0.0029592183539054,0.26185650428037,7.87288399,0.033260556692182,0.0,1.0,1.0,1.0,2.0,1.0,-1.0,1.0
13.92,0.2617697931948,0.0027868059687194,0.2617697931948,7.87288399,0.033249542801253,0.0,1.0,1.0,1.0,2.0,1.0,-1.0,1.0
13.93,0.26162671900847,0.002610271433936,0.26162671900847,7.87288399,0.033231369767519,0.0,1.0,1.0,1.0,2.0,1.0,-1.0,1.0
13.94,0.26142872083274,0.0024327000181707,0.26142872083274,7.87288399,0.033206220384398,0.0,1.0,1.0,1.0,2.0,1.0,-1.0,1.0
13.95,0.26118137884419,0.0022578619630792,0.26118137884419,7.87288399,0.033174803436192,0.0,1.0,1.0,1.0,2.0,1.0,-1.0,1.0
13.96,0.26088817065219,0.0020903680903039,0.26088817065219,7.87288399,0.033137560642779,0.0,1.0,1.0,1.0,2.0,1.0,-1.0,1.0
13.97,0.26055421108004,0.0019358580499148,0.26055421108004,7.87288399,0.033095141680099,0.0,1.0,1.0,1.0,2.0,1.0,-1.0,1.0
13.98,0.26018699928602,0.0018010650810809,0.26018699928602,7.87288399,0.033048499078166,0.0,1.0,1.0,1.0,2.0,1.0,-1.0,1.0
13.99,0.25979387183554,0.001693571922227,0.25979387183554,7.87288399,0.032998564714726,0.0,1.0,1.0,1.0,2.0,1.0,-1.0,1.0
14.0,0.25938185712036,0.001620992881281,0.25938185712036,7.87288399,0.032946231323847,0.0,1.0,1.0,1.0,2.0,1.0,-1.0,1.0
14.01,0.25895821566702,0.0015894577395561,0.25895821566702,7.87288399,0.032892421124959,0.0,1.0,1.0,1.0,2.0,1.0,-1.0,1.0
14.02,0.25853115377547,0.0016018378142406,0.25853115377547,7.87288399,0.032838176467969,0.0,1.0,1.0,1.0,2.0,1.0,-1.0,1.0
14.03,0.25810987585414,0.0016567262909922,0.25810987585414,7.87288399,0.032784666480795,0.0,1.0,1.0,1.0,2.0,1.0,-1.0,1.0
14.04,0.25770258029073,0.0017489375094361,0.25770258029073,7.87288399,0.032732932508348,0.0,1.0,1.0,1.0,2.0,1.0,-1.0,1.0
14.05,0.25721635124109,0.0018710772052231,0.25721635124109,7.87288399,0.032671172542083,0.0,1.0,1.0,1.0,2.0,1.0,-1.0,1.0
14.06,0.25690894931582,0.0020163851623598,0.25690894931582,7.87288399,0.032632126885414,0.0,1.0,1.0,1.0,2.0,1.0,-1.0,1.0
14.07,0.25682491415292,0.0021782672769643,0.25682491415292,7.87288399,0.032621452885517,0.0,1.0,1.0,1.0,2.0,1.0,-1.0,1.0
14.08,0.25686200558408,0.0023503700334085,0.25686200558408,7.87288399,0.032626164174442,0.0,1.0,1.0,1.0,2.0,1.0,-1.0,1.0
14.09,0.25694295610654,0.0025272637722225,0.25694295610654,7.87288399,0.032636446368688,0.0,1.0,1.0,1.0,2.0,1.0,-1.0,1.0
14.1,0.25706006515768,0.0027047208554667,0.25706006515768,7.87288399,0.032651321356213,0.0,1.0,1.0,1.0,2.0,1.0,-1.0,1.0
14.11,0.25730043648906,0.0028796822823937,0.25730043648906,7.87288399,0.032681852903698,0.0,1.0,1.0,1.0,2.0,1.0,-1.0,1.0
14.12,0.25756370237288,0.0030488490279019,0.25756370237288,7.87288399,0.032715292477323,0.0,1.0,1.0,1.0,2.0,1.0,-1.0,1.0
14.13,0.2578450513226,0.0032100425731318,0.2578450513226,7.87288399,0.032751028930454,0.0,1.0,1.0,1.0,2.0,1.0,-1.0,1.0
14.14,0.25816405256569,0.0033616309928479,0.25816405256569,7.87288399,0.032791547912253,0.0,1.0,1.0,1.0,2.0,1.0,-1.0,1.0
14.15,0.25852761138521,0.0035021997051193,0.25852761138521,7.87288399,0.032837726519733,0.0,1.0,1.0,1.0,2.0,1.0,-1.0,1.0
14.16,0.25893750491617,0.0036305383946964,0.25893750491617,7.87288399,0.032889790481489,0.0,1.0,1.0,1.0,2.0,1.0,-1.0,1.0
14.17,0.25939343382255,0.0037456210675283,0.25939343382255,7.87288399,0.032947701776379,0.0,1.0,1.0,1.0,2.0,1.0,-1.0,1.0
14.18,0.25989304457474,0.0038465768381284,0.25989304457474,7.87288399,0.033011161463175,0.0,1.0,1.0,1.0,2.0,1.0,-1.0,1.0
14.19,0.26043122393045,0.0039326677021084,0.26043122393045,7.87288399,0.033079520066756,0.0,1.0,1.0,1.0,2.0,1.0,-1.0,1.0
14.2,0.26100326883293,0.0040032988855733,0.26100326883293,7.87288399,0.033152180213051,0.0,1.0,1.0,1.0,2.0,1.0,-1.0,1.0
14.21,0.26159048424609,0.0040578132888628,0.26159048424609,7.87288399,0.033226767291168,0.0,1.0,1.0,1.0,2.0,1.0,-1.0,1.0
14.22,0.26205555887208,0.0040946642515297,0.26205555887208,7.87288399,0.03328584025942,0.0,1.0,1.0,1.0,2.0,1.0,-1.0,1.0
14.23,0.26243061506507,0.0041139285707027,0.26243061506507,7.87288399,0.033333479243236,0.0,1.0,1.0,1.0,2.0,1.0,-1.0,1.0
14.24,0.26274770472107,0.0041159584989313,0.26274770472107,7.87288399,0.033373755418574,0.0,1.0,1.0,1.0,2.0,1.0,-1.0,1.0
14.25,0.26301475844654,0.0041009833644284,0.26301475844654,7.87288399,0.033407676117242,0.0,1.0,1.0,1.0,2.0,1.0,-1.0,1.0
14.26,0.26325612719641,0.0040694820035812,0.26325612719641,7.87288399,0.033438334355084,0.0,1.0,1.0,1.0,2.0,1.0,-1.0,1.0
14.27,0.26347920939209,0.0040219079529715,0.26347920939209,7.87288399,0.033466669866691,0.0,1.0,1.0,1.0,2.0,1.0,-1.0,1.0
14.28,0.26368316535864,0.0039587214645987,0.26368316535864,7.87288399,0.033492575998016,0.0,1.0,1.0,1.0,2.0,1.0,-1.0,1.0
14.29,0.26386498666295,0.0038804682931395,0.26386498666295,7.87288399,0.033515670623129,0.0,1.0,1.0,1.0,2.0,1.0,-1.0,1.0
14.3,0.26402087100562,0.003787793791834,0.26402087100562,7.87288399,0.033535470780591,0.0,1.0,1.0,1.0,2.0,1.0,-1.0,1.0
14.31,0.26414565819591,0.003681443517549,0.26414565819591,7.87288399,0.033551321031966,0.0,1.0,1.0,1.0,2.0,1.0,-1.0,1.0
14.32,0.26423492971923,0.0035622930865576,0.26423492971923,7.87288399,0.033562660145235,0.0,1.0,1.0,1.0,2.0,1.0,-1.0,1.0
14.33,0.26428475132341,0.003431353857779,0.26428475132341,7.87288399,0.033568988398547,0.0,1.0,1.0,1.0,2.0,1.0,-1.0,1.0
14.34,0.26429116192593,0.0032897916365723,0.26429116192593,7.87288399,0.033569802662104,0.0,1.0,1.0,1.0,2.0,1.0,-1.0,1.0
14.35,0.26425210361066,0.0031389624260348,0.26425210361066,7.87288399,0.033564841542986,0.0,1.0,1.0,1.0,2.0,1.0,-1.0,1.0
14.36,0.26416593443405,0.0029804345454855,0.26416593443405,7.87288399,0.033553896484387,0.0,1.0,1.0,1.0,2.0,1.0,-1.0,1.0
14.37,0.26403195220335,0.0028160433952847,0.26403195220335,7.87288399,0.033536878295008,0.0,1.0,1.0,1.0,2.0,1.0,-1.0,1.0
14.38,0.26385102261302,0.0026479526511352,0.26385102261302,7.87288399,0.03351389693385,0.0,1.0,1.0,1.0,2.0,1.0,-1.0,1.0
14.39,0.26362454201717,0.0024787409250505,0.26362454201717,7.87288399,0.033485129763377,0.0,1.0,1.0,1.0,2.0,1.0,-1.0,1.0
14.4,0.26335549187605,0.0023115149506034,0.26335549187605,7.87288399,0.033450955483474,0.0,1.0,1.0,1.0,2.0,1.0,-1.0,1.0
14.41,0.26304580507693,0.0021500335720048,0.26304580507693,7.87288399,0.033411619606113,0.0,1.0,1.0,1.0,2.0,1.0,-1.0,1.0
14.42,0.26269896170259,0.0019988511863916,0.26269896170259,7.87288399,0.033367564165338,0.0,1.0,1.0,1.0,2.0,1.0,-1.0,1.0
14.43,0.26232088389301,0.0018633987285967,0.26232088389301,7.87288399,0.03331954138105,0.0,1.0,1.0,1.0,2.0,1.0,-1.0,1.0
14.44,0.26191695779472,0.0017498845814209,0.26191695779472,7.87288399,0.03326823539219,0.0,1.0,1.0,1.0,2.0,1.0,-1.0,1.0
14.45,0.26149490335399,0.0016648559100418,0.26149490335399,7.87288399,0.033214626772874,0.0,1.0,1.0,1.0,2.0,1.0,-1.0,1.0
14.46,0.26106090967022,0.0016142502945783,0.26106090967022,7.87288399,0.033159501651722,0.0,1.0,1.0,1.0,2.0,1.0,-1.0,1.0
14.47,0.26062213985972,0.0016020701627523,0.26062213985972,7.87288399,0.033103769875278,0.0,1.0,1.0,1.0,2.0,1.0,-1.0,1.0
14.48,0.2601852439462,0.0016292012079946,0.2601852439462,7.87288399,0.033048276117962,0.0,1.0,1.0,1.0,2.0,1.0,-1.0,1.0
14.49,0.25975669492778,0.0016931135754149,0.25975669492778,7.87288399,0.03299384256871,0.0,1.0,1.0,1.0,2.0,1.0,-1.0,1.0
14.5,0.25934384161043,0.0017886542450432,0.25934384161043,7.87288399,0.032941402660047,0.0,1.0,1.0,1.0,2.0,1.0,-1.0,1.0
14.51,0.25895339387686,0.0019094000077672,0.25895339387686,7.87288399,0.032891808669578,0.0,1.0,1.0,1.0,2.0,1.0,-1.0,1.0
14.52,0.25859072838258,0.0020488554552023,0.25859072838258,7.87288399,0.03284574353071,0.0,1.0,1.0,1.0,2.0,1.0,-1.0,1.0
14.53,0.25826237053247,0.0022011644813945,0.25826237053247,7.87288399,0.032804036089,0.0,1.0,1.0,1.0,2.0,1.0,-1.0,1.0
14.54,0.25797229628856,0.0023613540441347,0.25797229628856,7.87288399,0.03276719136421,0.0,1.0,1.0,1.0,2.0,1.0,-1.0,1.0
14.55,0.25772553600838,0.0025253322747252,0.25772553600838,7.87288399,0.032735848303588,0.0,1.0,1.0,1.0,2.0,1.0,-1.0,1.0
14.56,0.25752473828218,0.0026897605172665,0.25752473828218,7.87288399,0.032710343326446,0.0,1.0,1.0,1.0,2.0,1.0,-1.0,1.0
14.57,0.25737321560327,0.0028519175567367,0.25737321560327,7.87288399,0.032691097179912,0.0,1.0,1.0,1.0,2.0,1.0,-1.0,1.0
14.58,0.25727352097779,0.0030095709988451,0.25727352097779,7.87288399,0.032678434142377,0.0,1.0,1.0,1.0,2.0,1.0,-1.0,1.0
14.59,0.25722566201309,0.0031608601995078,0.25722566201309,7.87288399,0.032672355180112,0.0,1.0,1.0,1.0,2.0,1.0,-1.0,1.0
14.6,0.25722958882833,0.0033042311990943,0.25722958882833,7.87288399,0.032672853957338,0.0,1.0,1.0,1.0,2.0,1.0,-1.0,1.0
14.61,0.25728432154956,0.0034383762010166,0.25728432154956,7.87288399,0.032679806012176,0.0,1.0,1.0,1.0,2.0,1.0,-1.0,1.0
14.62,0.25738826432797,0.0035621912650021,0.25738826432797,7.87288399,0.032693008642691,0.0,1.0,1.0,1.0,2.0,1.0,-1.0,1.0
14.63,0.25753940774105,0.0036747460558039,0.25753940774105,7.87288399,0.032712206615539,0.0,1.0,1.0,1.0,2.0,1.0,-1.0,1.0
14.64,0.25773356769351,0.0037752475288144,0.25773356769351,7.87288399,0.032736868474231,0.0,1.0,1.0,1.0,2.0,1.0,-1.0,1.0
14.65,0.25796757425499,0.0038630447050945,0.25796757425499,7.87288399,0.032766591579739,0.0,1.0,1.0,1.0,2.0,1.0,-1.0,1.0
14.66,0.25823538695138,0.0039375868167698,0.25823538695138,7.87288399,0.032800608681569,0.0,1.0,1.0,1.0,2.0,1.0,-1.0,1.0
14.67,0.25853226997269,0.0039984498834047,0.25853226997269,7.87288399,0.032838318245394,0.0,1.0,1.0,1.0,2.0,1.0,-1.0,1.0
14.68,0.2588531217647,0.0040453081785341,0.2588531217647,7.87288399,0.032879072280691,0.0,1.0,1.0,1.0,2.0,1.0,-1.0,1.0
14.69,0.25919134358922,0.0040779273641772,0.25919134358922,7.87288399,0.032922032627236,0.0,1.0,1.0,1.0,2.0,1.0,-1.0,1.0
14.7,0.2595408572222,0.0040961692476146,0.2595408572222,7.87288399,0.032966427239607,0.0,1.0,1.0,1.0,2.0,1.0,-1.0,1.0
14.71,0.25989480902527,0.0040999799741718,0.25989480902527,7.87288399,0.033011385580606,0.0,1.0,1.0,1.0,2.0,1.0,-1.0,1.0
14.72,0.26024708241744,0.0040894014668569,0.26024708241744,7.87288399,0.033056130732779,0.0,1.0,1.0,1.0,2.0,1.0,-1.0,1.0
14.73,0.26059171089268,0.004064562962291,0.26059171089268,7.87288399,0.033099904840929,0.0,1.0,1.0,1.0,2.0,1.0,-1.0,1.0
14.74,0.26092201102557,0.0040256702078202,0.26092201102557,7.87288399,0.033141858988014,0.0,1.0,1.0,1.0,2.0,1.0,-1.0,1.0
14.75,0.26123323754877,0.003973033488699,0.26123323754877,7.87288399,0.033181390438444,0.0,1.0,1.0,1.0,2.0,1.0,-1.0,1.0
14.76,0.26151985173833,0.0039070355531172,0.26151985173833,7.87288399,0.033217795673162,0.0,1.0,1.0,1.0,2.0,1.0,-1.0,1.0
14.77,0.26177598483227,0.0038281437743663,0.26177598483227,7.87288399,0.033250329252251,0.0,1.0,1.0,1.0,2.0,1.0,-1.0,1.0
14.78,0.26199788499315,0.0037369298741175,0.26199788499315,7.87288399,0.033278514623857,0.0,1.0,1.0,1.0,2.0,1.0,-1.0,1.0
14.79,0.2621812019999,0.0036340545462716,0.2621812019999,7.87288399,0.033301799230488,0.0,1.0,1.0,1.0,2.0,1.0,-1.0,1.0
14.8,0.2623243038874,0.003520293987389,0.2623243038874,7.87288399,0.033319975782776,0.0,1.0,1.0,1.0,2.0,1.0,-1.0,1.0
14.81,0.26242354024867,0.0033965203659391,0.26242354024867,7.87288399,0.03333258061239,0.0,1.0,1.0,1.0,2.0,1.0,-1.0,1.0
14.82,0.2624774781218,0.0032637392480496,0.2624774781218,7.87288399,0.033339431707007,0.0,1.0,1.0,1.0,2.0,1.0,-1.0,1.0
14.83,0.26248508255577,0.0031230994100107,0.26248508255577,7.87288399,0.033340397608954,0.0,1.0,1.0,1.0,2.0,1.0,-1.0,1.0
14.84,0.26244518181158,0.0029759120897522,0.26244518181158,7.87288399,0.033335329485984,0.0,1.0,1.0,1.0,2.0,1.0,-1.0,1.0
14.85,0.26235991120874,0.0028237073635194,0.26235991120874,7.87288399,0.03332449856266,0.0,1.0,1.0,1.0,2.0,1.0,-1.0,1.0
14.86,0.26222800830908,0.0026682381625406,0.26222800830908,7.87288399,0.033307744486285,0.0,1.0,1.0,1.0,2.0,1.0,-1.0,1.0
14.87,0.26205313451567,0.0025115860181827,0.26205313451567,7.87288399,0.033285532321894,0.0,1.0,1.0,1.0,2.0,1.0,-1.0,1.0
14.88,0.2618373067743,0.0023562028485995,0.2618373067743,7.87288399,0.033258118258427,0.0,1.0,1.0,1.0,2.0,1.0,-1.0,1.0
14.89,0.26158336746197,0.0022050103567842,0.26158336746197,7.87288399,0.033225863329655,0.0,1.0,1.0,1.0,2.0,1.0,-1.0,1.0
14.9,0.26129562046636,0.0020614975339494,0.26129562046636,7.87288399,0.033189314207888,0.0,1.0,1.0,1.0,2.0,1.0,-1.0,1.0
14.91,0.26097691360875,0.0019297736191556,0.26097691360875,7.87288399,0.03314883261842,0.0,1.0,1.0,1.0,2.0,1.0,-1.0,1.0
14.92,0.26063287000531,0.0018145723924402,0.26063287000531,7.87288399,0.033105132799666,0.0,1.0,1.0,1.0,2.0,1.0,-1.0,1.0
14.93,0.26026876688771,0.0017210410804557,0.26026876688771,7.87288399,0.033058885056391,0.0,1.0,1.0,1.0,2.0,1.0,-1.0,1.0
14.94,0.2598892102991,0.0016542709330115,0.2598892102991,7.87288399,0.033010674440168,0.0,1.0,1.0,1.0,2.0,1.0,-1.0,1.0
14.95,0.25949978840877,0.0016184987842377,0.25949978840877,7.87288399,0.032961210750518,0.0,1.0,1.0,1.0,2.0,1.0,-1.0,1.0
14.96,0.25910565840577,0.001616176919009,0.25910565840577,7.87288399,0.032911149044604,0.0,1.0,1.0,1.0,2.0,1.0,-1.0,1.0
14.97,0.25871255840985,0.0016473151522632,0.25871255840985,7.87288399,0.032861218168394,0.0,1.0,1.0,1.0,2.0,1.0,-1.0,1.0
14.98,0.25832644482203,0.0017094677970345,0.25832644482203,7.87288399,0.032812174693562,0.0,1.0,1.0,1.0,2.0,1.0,-1.0,1.0
14.99,0.25795223355752,0.0017983835991621,0.25795223355752,7.87288399,0.032764643031088,0.0,1.0,1.0,1.0,2.0,1.0,-1.0,1.0
15.0,0.25759163934488,0.0019089404718839,0.25759163934488,7.87288399,0.032718840982805,0.0,1.0,1.0,1.0,2.0,1.0,-1.0,1.0
15.01,0.25725488797128,0.0020359946209822,0.25725488797128,7.87288399,0.032676067410372,0.0,1.0,1.0,1.0,2.0,1.0,-1.0,1.0
15.02,0.25695239918059,0.0021748383161474,0.25695239918059,7.87288399,0.032637645811493,0.0,1.0,1.0,1.0,2.0,1.0,-1.0,1.0
15.03,0.25668705469777,0.0023213779200044,0.25668705469777,7.87288399,0.032603942217847,0.0,1.0,1.0,1.0,2.0,1.0,-1.0,1.0
15.04,0.25646075023011,0.0024721684344662,0.25646075023011,7.87288399,0.03257519741887,0.0,1.0,1.0,1.0,2.0,1.0,-1.0,1.0
15.05,0.25627571282346,0.0026243533990116,0.25627571282346,7.87288399,0.032551694290044,0.0,1.0,1.0,1.0,2.0,1.0,-1.0,1.0
15.06,0.25613350270219,0.002775571841991,0.25613350270219,7.87288399,0.032533631008348,0.0,1.0,1.0,1.0,2.0,1.0,-1.0,1.0
15.07,0.25603631241059,0.0029238637861611,0.25603631241059,7.87288399,0.032521286066936,0.0,1.0,1.0,1.0,2.0,1.0,-1.0,1.0
15.08,0.25598367130346,0.0030675829478965,0.25598367130346,7.87288399,0.032514599685275,0.0,1.0,1.0,1.0,2.0,1.0,-1.0,1.0
15.09,0.25597645497846,0.0032053515016451,0.25597645497846,7.87288399,0.032513683080254,0.0,1.0,1.0,1.0,2.0,1.0,-1.0,1.0
15.1,0.25601460302683,0.0033359976955478,0.25601460302683,7.87288399,0.032518528578856,0.0,1.0,1.0,1.0,2.0,1.0,-1.0,1.0
15.11,0.25609579731728,0.0034585179658415,0.25609579731728,7.87288399,0.032528841736087,0.0,1.0,1.0,1.0,2.0,1.0,-1.0,1.0
15.12,0.25621919326766,0.0035720611143202,0.25621919326766,7.87288399,0.032544515274593,0.0,1.0,1.0,1.0,2.0,1.0,-1.0,1.0
15.13,0.25638088131065,0.0036758876309641,0.25638088131065,7.87288399,0.032565052607952,0.0,1.0,1.0,1.0,2.0,1.0,-1.0,1.0
15.14,0.25657869066682,0.0037693838783917,0.25657869066682,7.87288399,0.032590178007541,0.0,1.0,1.0,1.0,2.0,1.0,-1.0,1.0
15.15,0.25681050006172,0.0038520397052593,0.25681050006172,7.87288399,0.032619622032779,0.0,1.0,1.0,1.0,2.0,1.0,-1.0,1.0
15.16,0.25707188919185,0.0039234167097014,0.25707188919185,7.87288399,0.032652823224422,0.0,1.0,1.0,1.0,2.0,1.0,-1.0,1.0
15.17,0.25735724433347,0.003983155295209,0.25735724433347,7.87288399,0.032689068537065,0.0,1.0,1.0,1.0,2.0,1.0,-1.0,1.0
15.18,0.25766369825681,0.0040309924678322,0.25766369825681,7.87288399,0.032727993780182,0.0,1.0,1.0,1.0,2.0,1.0,-1.0,1.0
15.19,0.25798622398219,0.0040667291687341,0.25798622398219,7.87288399,0.032768960435576,0.0,1.0,1.0,1.0,2.0,1.0,-1.0,1.0
15.2,0.25822495076198,0.0040895686681465,0.25822495076198,7.87288399,0.032799283094984,0.0,1.0,1.0,1.0,2.0,1.0,-1.0,1.0
15.21,0.25860636042192,0.0041011367982557,0.25860636042192,7.87288399,0.032847729085097,0.0,1.0,1.0,1.0,2.0,1.0,-1.0,1.0
15.22,0.25918428199159,0.0041019599991776,0.25918428199159,7.87288399,0.032921135675415,0.0,1.0,1.0,1.0,2.0,1.0,-1.0,1.0
15.23,0.25984266016151,0.0040910916464438,0.25984266016151,7.87288399,0.03300476172284,0.0,1.0,1.0,1.0,2.0,1.0,-1.0,1.0
15.24,0.2604902596423,0.0040678174589567,0.2604902596423,7.87288399,0.033087018679962,0.0,1.0,1.0,1.0,2.0,1.0,-1.0,1.0
15.25,0.26110856035032,0.0040321361147553,0.26110856035032,7.87288399,0.033165554158042,0.0,1.0,1.0,1.0,2.0,1.0,-1.0,1.0
15.26,0.26177479135286,0.003985011901947,0.26177479135286,7.87288399,0.033250177658576,0.0,1.0,1.0,1.0,2.0,1.0,-1.0,1.0
15.27,0.26238492478849,0.0039262744868656,0.26238492478849,7.87288399,0.033327675743954,0.0,1.0,1.0,1.0,2.0,1.0,-1.0,1.0
15.28,0.26292712775296,0.0038561047696842,0.26292712775296,7.87288399,0.033396545419305,0.0,1.0,1.0,1.0,2.0,1.0,-1.0,1.0
15.29,0.26341859549355,0.0037750052970472,0.26341859549355,7.87288399,0.033458970794964,0.0,1.0,1.0,1.0,2.0,1.0,-1.0,1.0
15.3,0.2638649621362,0.0036835010423034,0.2638649621362,7.87288399,0.033515667507784,0.0,1.0,1.0,1.0,2.0,1.0,-1.0,1.0
15.31,0.26426819103383,0.0035821931060933,0.26426819103383,7.87288399,0.033566884939432,0.0,1.0,1.0,1.0,2.0,1.0,-1.0,1.0
15.32,0.26462950441903,0.0034717646149252,0.26462950441903,7.87288399,0.033612778335761,0.0,1.0,1.0,1.0,2.0,1.0,-1.0,1.0
15.33,0.26494961223736,0.0033529760649888,0.26494961223736,7.87288399,0.033653437872817,0.0,1.0,1.0,1.0,2.0,1.0,-1.0,1.0
15.34,0.26522788948955,0.0032266795169164,0.26522788948955,7.87288399,0.033688784164283,0.0,1.0,1.0,1.0,2.0,1.0,-1.0,1.0
15.35,0.26546502615317,0.0030938475075919,0.26546502615317,7.87288399,0.033718904849907,0.0,1.0,1.0,1.0,2.0,1.0,-1.0,1.0
15.36,0.26565077308701,0.0029555714147545,0.26565077308701,7.87288399,0.033742498101641,0.0,1.0,1.0,1.0,2.0,1.0,-1.0,1.0
15.37,0.26565519382081,0.0028125482966724,0.26565519382081,7.87288399,0.033743059615541,0.0,1.0,1.0,1.0,2.0,1.0,-1.0,1.0
15.38,0.26551678142355,0.002666480212467,0.26551678142355,7.87288399,0.033725478714128,0.0,1.0,1.0,1.0,2.0,1.0,-1.0,1.0
15.39,0.26527740709445,0.0025194539232692,0.26527740709445,7.87288399,0.033695073804135,0.0,1.0,1.0,1.0,2.0,1.0,-1.0,1.0
15.4,0.26495527212088,0.0023736437646261,0.26495527212088,7.87288399,0.033654156781355,0.0,1.0,1.0,1.0,2.0,1.0,-1.0,1.0
15.41,0.26458497868273,0.0022315861269992,0.26458497868273,7.87288399,0.033607122754355,0.0,1.0,1.0,1.0,2.0,1.0,-1.0,1.0
15.42,0.26418529863585,0.0020961694808585,0.26418529863585,7.87288399,0.033556356091543,0.0,1.0,1.0,1.0,2.0,1.0,-1.0,1.0
15.43,0.26376579741489,0.0019706696377756,0.26376579741489,7.87288399,0.033503071777753,0.0,1.0,1.0,1.0,2.0,1.0,-1.0,1.0
15.44,0.26333303770807,0.0018588045742029,0.26333303770807,7.87288399,0.033448103394201,0.0,1.0,1.0,1.0,2.0,1.0,-1.0,1.0
15.45,0.26289318306472,0.001764631941216,0.26289318306472,7.87288399,0.03339223382418,0.0,1.0,1.0,1.0,2.0,1.0,-1.0,1.0
15.46,0.26245036247199,0.0016922742452006,0.26245036247199,7.87288399,0.033335987524438,0.0,1.0,1.0,1.0,2.0,1.0,-1.0,1.0
15.47,0.26200867670221,0.0016454394492485,0.26200867670221,7.87288399,0.03327988536793,0.0,1.0,1.0,1.0,2.0,1.0,-1.0,1.0
15.48,0.26157162283196,0.0016267858561866,0.26157162283196,7.87288399,0.033224371547225,0.0,1.0,1.0,1.0,2.0,1.0,-1.0,1.0
15.49,0.26114234456753,0.0016373463302662,0.26114234456753,7.87288399,0.033169845370417,0.0,1.0,1.0,1.0,2.0,1.0,-1.0,1.0
15.5,0.26072467092434,0.0016762672569432,0.26072467092434,7.87288399,0.033116793192369,0.0,1.0,1.0,1.0,2.0,1.0,-1.0,1.0
15.51,0.26032175254546,0.0017410089616096,0.26032175254546,7.87288399,0.033065615202271,0.0,1.0,1.0,1.0,2.0,1.0,-1.0,1.0
15.52,0.25993720510558,0.0018279015219319,0.25993720510558,7.87288399,0.033016770656819,0.0,1.0,1.0,1.0,2.0,1.0,-1.0,1.0
15.53,0.2595745171458,0.0019327925809169,0.2595745171458,7.87288399,0.032970702664425,0.0,1.0,1.0,1.0,2.0,1.0,-1.0,1.0
15.54,0.25923630885274,0.0020515662606184,0.25923630885274,7.87288399,0.032927744036622,0.0,1.0,1.0,1.0,2.0,1.0,-1.0,1.0
15.55,0.25892618560468,0.0021804580492571,0.25892618560468,7.87288399,0.032888352722275,0.0,1.0,1.0,1.0,2.0,1.0,-1.0,1.0
15.56,0.2586454661886,0.0023161735924004,0.2586454661886,7.87288399,0.032852696231409,0.0,1.0,1.0,1.0,2.0,1.0,-1.0,1.0
15.57,0.25839543081204,0.0024559087861506,0.25839543081204,7.87288399,0.032820937173754,0.0,1.0,1.0,1.0,2.0,1.0,-1.0,1.0
15.58,0.25817965138539,0.0025973150520012,0.25817965138539,7.87288399,0.032793529247138,0.0,1.0,1.0,1.0,2.0,1.0,-1.0,1.0
15.59,0.25799876037183,0.0027384151389853,0.25799876037183,7.87288399,0.032770552785934,0.0,1.0,1.0,1.0,2.0,1.0,-1.0,1.0
15.6,0.25785645616603,0.0028775631357849,0.25785645616603,7.87288399,0.032752477553785,0.0,1.0,1.0,1.0,2.0,1.0,-1.0,1.0
15.61,0.25775249013804,0.0030133525715946,0.25775249013804,7.87288399,0.032739271970149,0.0,1.0,1.0,1.0,2.0,1.0,-1.0,1.0
15.62,0.25768706227382,0.0031445918021406,0.25768706227382,7.87288399,0.032730961436892,0.0,1.0,1.0,1.0,2.0,1.0,-1.0,1.0
15.63,0.2576607703067,0.0032702672531698,0.2576607703067,7.87288399,0.032727621877063,0.0,1.0,1.0,1.0,2.0,1.0,-1.0,1.0
15.64,0.25767246592211,0.0033895013015172,0.25767246592211,7.87288399,0.032729107433743,0.0,1.0,1.0,1.0,2.0,1.0,-1.0,1.0
15.65,0.25772235486546,0.0035015475239389,0.25772235486546,7.87288399,0.032735444240359,0.0,1.0,1.0,1.0,2.0,1.0,-1.0,1.0
15.66,0.25780882973396,0.0036057570112681,0.25780882973396,7.87288399,0.032746428127408,0.0,1.0,1.0,1.0,2.0,1.0,-1.0,1.0
15.67,0.25793005697508,0.0037015678859017,0.25793005697508,7.87288399,0.032761826200246,0.0,1.0,1.0,1.0,2.0,1.0,-1.0,1.0
15.68,0.25808297570762,0.0037884940127124,0.25808297570762,7.87288399,0.032781249671077,0.0,1.0,1.0,1.0,2.0,1.0,-1.0,1.0
15.69,0.25826457250351,0.0038661220853357,0.25826457250351,7.87288399,0.032804315779523,0.0,1.0,1.0,1.0,2.0,1.0,-1.0,1.0
15.7,0.25847330394453,0.0039341226630102,0.25847330394453,7.87288399,0.032830828483289,0.0,1.0,1.0,1.0,2.0,1.0,-1.0,1.0
15.71,0.25870560827634,0.0039922096842729,0.25870560827634,7.87288399,0.032860335374552,0.0,1.0,1.0,1.0,2.0,1.0,-1.0,1.0
15.72,0.25895783650941,0.0040401576708497,0.25895783650941,7.87288399,0.032892372965019,0.0,1.0,1.0,1.0,2.0,1.0,-1.0,1.0
15.73,0.25922676343795,0.0040777975641559,0.25922676343795,7.87288399,0.032926531594676,0.0,1.0,1.0,1.0,2.0,1.0,-1.0,1.0
15.74,0.25950744101346,0.0041050019593299,0.25950744101346,7.87288399,0.032962182771026,0.0,1.0,1.0,1.0,2.0,1.0,-1.0,1.0
15.75,0.25979731083443,0.0041217089798451,0.25979731083443,7.87288399,0.03299900153037,0.0,1.0,1.0,1.0,2.0,1.0,-1.0,1.0
15.76,0.26009049821993,0.0041278825373934,0.26009049821993,7.87288399,0.033036241680976,0.0,1.0,1.0,1.0,2.0,1.0,-1.0,1.0
15.77,0.26038420803197,0.0041235578061015,0.26038420803197,7.87288399,0.033073548189292,0.0,1.0,1.0,1.0,2.0,1.0,-1.0,1.0
15.78,0.26067567953999,0.0041088150820932,0.26067567953999,7.87288399,0.033110570392132,0.0,1.0,1.0,1.0,2.0,1.0,-1.0,1.0
15.79,0.26095909410118,0.0040837545674194,0.26095909410118,7.87288399,0.033146569215632,0.0,1.0,1.0,1.0,2.0,1.0,-1.0,1.0
15.8,0.26123124076082,0.0040485407264076,0.26123124076082,7.87288399,0.03318113680992,0.0,1.0,1.0,1.0,2.0,1.0,-1.0,1.0
15.81,0.26148920783642,0.0040033871324728,0.26148920783642,7.87288399,0.033213903338162,0.0,1.0,1.0,1.0,2.0,1.0,-1.0,1.0
15.82,0.26172888038356,0.0039485400366377,0.26172888038356,7.87288399,0.03324434612729,0.0,1.0,1.0,1.0,2.0,1.0,-1.0,1.0
15.83,0.26194756283146,0.0038842971970886,0.26194756283146,7.87288399,0.033272122790604,0.0,1.0,1.0,1.0,2.0,1.0,-1.0,1.0
15.84,0.26214255666286,0.0038110100794081,0.26214255666286,7.87288399,0.033296890567146,0.0,1.0,1.0,1.0,2.0,1.0,-1.0,1.0
15.85,0.26231195561115,0.0037290737917451,0.26231195561115,7.87288399,0.033318407326253,0.0,1.0,1.0,1.0,2.0,1.0,-1.0,1.0
15.86,0.26245211765725,0.003638923286104,0.26245211765725,7.87288399,0.03333621046501,0.0,1.0,1.0,1.0,2.0,1.0,-1.0,1.0
15.87,0.26256284304619,0.0035410715140852,0.26256284304619,7.87288399,0.033350274610891,0.0,1.0,1.0,1.0,2.0,1.0,-1.0,1.0
15.88,0.2626433076418,0.0034360791768261,0.2626433076418,7.87288399,0.033360495083555,0.0,1.0,1.0,1.0,2.0,1.0,-1.0,1.0
15.89,0.26269032120826,0.0033245568541089,0.26269032120826,7.87288399,0.033366466664811,0.0,1.0,1.0,1.0,2.0,1.0,-1.0,1.0
15.9,0.26270433280451,0.0032072026319165,0.26270433280451,7.87288399,0.033368246393341,0.0,1.0,1.0,1.0,2.0,1.0,-1.0,1.0
15.91,0.26268520682007,0.0030847969529089,0.26268520682007,7.87288399,0.033365817044138,0.0,1.0,1.0,1.0,2.0,1.0,-1.0,1.0
15.92,0.26263280164134,0.0029582102284301,0.26263280164134,7.87288399,0.033359160629692,0.0,1.0,1.0,1.0,2.0,1.0,-1.0,1.0
15.93,0.26254726687101,0.0028284231554693,0.26254726687101,7.87288399,0.033348296152273,0.0,1.0,1.0,1.0,2.0,1.0,-1.0,1.0
15.94,0.26242881272789,0.0026965492045991,0.26242881272789,7.87288399,0.033333250313509,0.0,1.0,1.0,1.0,2.0,1.0,-1.0,1.0
15.95,0.26227938002938,0.0025638655327595,0.26227938002938,7.87288399,0.033314269632643,0.0,1.0,1.0,1.0,2.0,1.0,-1.0,1.0
15.96,0.2621005190888,0.0024318378551576,0.2621005190888,7.87288399,0.03329155102777,0.0,1.0,1.0,1.0,2.0,1.0,-1.0,1.0
15.97,0.26189394259985,0.0023021578572803,0.26189394259985,7.87288399,0.033265312042258,0.0,1.0,1.0,1.0,2.0,1.0,-1.0,1.0
15.98,0.26166258586973,0.0021767835497873,0.26166258586973,7.87288399,0.033235925513711,0.0,1.0,1.0,1.0,2.0,1.0,-1.0,1.0
15.99,0.26140765651612,0.0020579689501915,0.26140765651612,7.87288399,0.033203544831622,0.0,1.0,1.0,1.0,2.0,1.0,-1.0,1.0
16.0,0.2611325527909,0.0019482843563798,0.2611325527909,7.87288399,0.033168601636018,0.0,1.0,1.0,1.0,2.0,1.0,-1.0,1.0
16.01,0.26083874221653,0.0018505901259904,0.26083874221653,7.87288399,0.033131282329048,0.0,1.0,1.0,1.0,2.0,1.0,-1.0,1.0
16.02,0.26053010431503,0.0017679443707858,0.26053010431503,7.87288399,0.033092079680832,0.0,1.0,1.0,1.0,2.0,1.0,-1.0,1.0
16.03,0.26021024075874,0.0017034034062813,0.26021024075874,7.87288399,0.033051451169515,0.0,1.0,1.0,1.0,2.0,1.0,-1.0,1.0
16.04,0.25988094571167,0.0016597049712647,0.25988094571167,7.87288399,0.03300962468668,0.0,1.0,1.0,1.0,2.0,1.0,-1.0,1.0
16.05,0.25954735382934,0.0016388863462956,0.25954735382934,7.87288399,0.03296725242732,0.0,1.0,1.0,1.0,2.0,1.0,-1.0,1.0
16.06,0.25921181848738,0.00164191847069,0.25921181848738,7.87288399,0.032924633313107,0.0,1.0,1.0,1.0,2.0,1.0,-1.0,1.0
16.07,0.2588778445397,0.0016685097420775,0.2588778445397,7.87288399,0.032882212524472,0.0,1.0,1.0,1.0,2.0,1.0,-1.0,1.0
16.08,0.25854903966896,0.0017171616707054,0.25854903966896,7.87288399,0.032840448302981,0.0,1.0,1.0,1.0,2.0,1.0,-1.0,1.0
16.09,0.25822717462382,0.0017854500115335,0.25822717462382,7.87288399,0.032799565566039,0.0,1.0,1.0,1.0,2.0,1.0,-1.0,1.0
16.1,0.257917183125,0.0018704244652317,0.257917183125,7.87288399,0.032760190986252,0.0,1.0,1.0,1.0,2.0,1.0,-1.0,1.0
16.11,0.25762137528959,0.0019689733333465,0.25762137528959,7.87288399,0.032722617990664,0.0,1.0,1.0,1.0,2.0,1.0,-1.0,1.0
16.12,0.25734286600063,0.0020780958959382,0.25734286600063,7.87288399,0.032687242226293,0.0,1.0,1.0,1.0,2.0,1.0,-1.0,1.0
16.13,0.25708334181948,0.0021950553010204,0.25708334181948,7.87288399,0.032654277917218,0.0,1.0,1.0,1.0,2.0,1.0,-1.0,1.0
16.14,0.25684582704976,0.0023174437669726,0.25684582704976,7.87288399,0.032624109205216,0.0,1.0,1.0,1.0,2.0,1.0,-1.0,1.0
16.15,0.25662557690478,0.0024431782191201,0.25662557690478,7.87288399,0.032596133415753,0.0,1.0,1.0,1.0,2.0,1.0,-1.0,1.0
16.16,0.25643793605877,0.0025705471330164,0.25643793605877,7.87288399,0.032572299602598,0.0,1.0,1.0,1.0,2.0,1.0,-1.0,1.0
16.17,0.256285456218,0.0026980415676743,0.256285456218,7.87288399,0.032552931879032,0.0,1.0,1.0,1.0,2.0,1.0,-1.0,1.0
16.18,0.25616679497771,0.0028243574664575,0.25616679497771,7.87288399,0.032537859735148,0.0,1.0,1.0,1.0,2.0,1.0,-1.0,1.0
16.19,0.25608088406095,0.002948377096979,0.25608088406095,7.87288399,0.032526947480266,0.0,1.0,1.0,1.0,2.0,1.0,-1.0,1.0
16.2,0.2560290797291,0.0030691520637077,0.2560290797291,7.87288399,0.032520367384341,0.0,1.0,1.0,1.0,2.0,1.0,-1.0,1.0
16.21,0.25600964004132,0.0031858513593271,0.25600964004132,7.87288399,0.032517898189088,0.0,1.0,1.0,1.0,2.0,1.0,-1.0,1.0
16.22,0.25602328353413,0.0032977647131727,0.25602328353413,7.87288399,0.032519631161761,0.0,1.0,1.0,1.0,2.0,1.0,-1.0,1.0
16.23,0.25606942734409,0.0034042725827117,0.25606942734409,7.87288399,0.032525492268062,0.0,1.0,1.0,1.0,2.0,1.0,-1.0,1.0
16.24,0.25614588859824,0.0035048236732354,0.25614588859824,7.87288399,0.032535204243272,0.0,1.0,1.0,1.0,2.0,1.0,-1.0,1.0
16.25,0.25625163241693,0.0035989467077482,0.25625163241693,7.87288399,0.032548635638785,0.0,1.0,1.0,1.0,2.0,1.0,-1.0,1.0
16.26,0.25638585540402,0.0036862353935591,0.25638585540402,7.87288399,0.03256568440862,0.0,1.0,1.0,1.0,2.0,1.0,-1.0,1.0
16.27,0.25654608637023,0.0037663291872436,0.25654608637023,7.87288399,0.032586036666626,0.0,1.0,1.0,1.0,2.0,1.0,-1.0,1.0
16.28,0.2567297866192,0.0038389128986131,0.2567297866192,7.87288399,0.032609369952014,0.0,1.0,1.0,1.0,2.0,1.0,-1.0,1.0
16.29,0.25693432986313,0.003903723649818,0.25693432986313,7.87288399,0.032635350678288,0.0,1.0,1.0,1.0,2.0,1.0,-1.0,1.0
16.3,0.25715839283739,0.0039605518157176,0.25715839283739,7.87288399,0.032663810766681,0.0,1.0,1.0,1.0,2.0,1.0,-1.0,1.0
16.31,0.25740028055975,0.0040092243199199,0.25740028055975,7.87288399,0.032694534923504,0.0,1.0,1.0,1.0,2.0,1.0,-1.0,1.0
16.32,0.25765518426819,0.0040495836201587,0.25765518426819,7.87288399,0.032726912348189,0.0,1.0,1.0,1.0,2.0,1.0,-1.0,1.0
16.33,0.25792141858361,0.0040815295491282,0.25792141858361,7.87288399,0.032760728966821,0.0,1.0,1.0,1.0,2.0,1.0,-1.0,1.0
16.34,0.25819584659545,0.004104990439389,0.25819584659545,7.87288399,0.032795586334487,0.0,1.0,1.0,1.0,2.0,1.0,-1.0,1.0
16.35,0.25838124319465,0.0041192786765538,0.25838124319465,7.87288399,0.032819135087325,0.0,1.0,1.0,1.0,2.0,1.0,-1.0,1.0
16.36,0.258705649681,0.0041261169675527,0.258705649681,7.87288399,0.032860340633699,0.0,1.0,1.0,1.0,2.0,1.0,-1.0,1.0
16.37,0.25922628601719,0.0041260482808784,0.25922628601719,7.87288399,0.032926470953523,0.0,1.0,1.0,1.0,2.0,1.0,-1.0,1.0
16.38,0.25982747206942,0.0041180947940758,0.25982747206942,7.87288399,0.033002832557859,0.0,1.0,1.0,1.0,2.0,1.0,-1.0,1.0
16.39,0.26042084443875,0.0041015213408008,0.26042084443875,7.87288399,0.033078201681815,0.0,1.0,1.0,1.0,2.0,1.0,-1.0,1.0
16.4,0.26099038173418,0.0040762668734602,0.26099038173418,7.87288399,0.033150543316234,0.0,1.0,1.0,1.0,2.0,1.0,-1.0,1.0
16.41,0.26161699529627,0.0040431978628455,0.26161699529627,7.87288399,0.033230134678546,0.0,1.0,1.0,1.0,2.0,1.0,-1.0,1.0
16.42,0.26219319420596,0.0040019175435114,0.26219319420596,7.87288399,0.033303322459596,0.0,1.0,1.0,1.0,2.0,1.0,-1.0,1.0
16.43,0.26271179407253,0.0039524752480626,0.26271179407253,7.87288399,0.033369194110597,0.0,1.0,1.0,1.0,2.0,1.0,-1.0,1.0
16.44,0.26319174156265,0.0038951804267415,0.26319174156265,7.87288399,0.033430156204125,0.0,1.0,1.0,1.0,2.0,1.0,-1.0,1.0
16.45,0.26363884096803,0.0038303059029816,0.26363884096803,7.87288399,0.033486945991189,0.0,1.0,1.0,1.0,2.0,1.0,-1.0,1.0
16.46,0.26405602486063,0.0037581619303824,0.26405602486063,7.87288399,0.033539935961972,0.0,1.0,1.0,1.0,2.0,1.0,-1.0,1.0
16.47,0.26444530622839,0.0036790924504491,0.26444530622839,7.87288399,0.033589381802689,0.0,1.0,1.0,1.0,2.0,1.0,-1.0,1.0
16.48,0.26480734515203,0.0035934619100964,0.26480734515203,7.87288399,0.033635367355646,0.0,1.0,1.0,1.0,2.0,1.0,-1.0,1.0
16.49,0.26514175959683,0.0035016660602461,0.26514175959683,7.87288399,0.033677844095455,0.0,1.0,1.0,1.0,2.0,1.0,-1.0,1.0
16.5,0.26544885974088,0.0034041437256363,0.26544885974088,7.87288399,0.0337168514204,0.0,1.0,1.0,1.0,2.0,1.0,-1.0,1.0
16.51,0.26571758636189,0.003301328826743,0.26571758636189,7.87288399,0.033750984607344,0.0,1.0,1.0,1.0,2.0,1.0,-1.0,1.0
16.52,0.26581779012963,0.0031930175602023,0.26581779012963,7.87288399,0.033763712315242,0.0,1.0,1.0,1.0,2.0,1.0,-1.0,1.0
16.53,0.26578522725965,0.0030800391807463,0.26578522725965,7.87288399,0.033759576236262,0.0,1.0,1.0,1.0,2.0,1.0,-1.0,1.0
16.54,0.26566137820844,0.002963458285924,0.26566137820844,7.87288399,0.033743845145677,0.0,1.0,1.0,1.0,2.0,1.0,-1.0,1.0
16.55,0.26546151279107,0.0028441875555942,0.26546151279107,7.87288399,0.033718458588778,0.0,1.0,1.0,1.0,2.0,1.0,-1.0,1.0
16.56,0.26521747271792,0.0027232656390433,0.26521747271792,7.87288399,0.03368746104411,0.0,1.0,1.0,1.0,2.0,1.0,-1.0,1.0
16.57,0.26494879677561,0.0026017789030989,0.26494879677561,7.87288399,0.033653334294287,0.0,1.0,1.0,1.0,2.0,1.0,-1.0,1.0
16.58,0.26466177156153,0.002480831850951,0.26466177156153,7.87288399,0.033616876851951,0.0,1.0,1.0,1.0,2.0,1.0,-1.0,1.0
16.59,0.26436113680949,0.0023616585528489,0.26436113680949,7.87288399,0.03357869074983,0.0,1.0,1.0,1.0,2.0,1.0,-1.0,1.0
16.6,0.26405040193447,0.0022456475527586,0.26405040193447,7.87288399,0.033539221747692,0.0,1.0,1.0,1.0,2.0,1.0,-1.0,1.0
16.61,0.26373101470315,0.0021343669705539,0.26373101470315,7.87288399,0.033498653738343,0.0,1.0,1.0,1.0,2.0,1.0,-1.0,1.0
16.62,0.26340465156542,0.002029588097301,0.26340465156542,7.87288399,0.03345719966152,0.0,1.0,1.0,1.0,2.0,1.0,-1.0,1.0
16.63,0.26307237540088,0.0019332812177847,0.26307237540088,7.87288399,0.033414994522341,0.0,1.0,1.0,1.0,2.0,1.0,-1.0,1.0
16.64,0.26273525271483,0.0018475927370528,0.26273525271483,7.87288399,0.033372173786449,0.0,1.0,1.0,1.0,2.0,1.0,-1.0,1.0
16.65,0.26239485782595,0.0017747647825352,0.26239485782595,7.87288399,0.033328937421057,0.0,1.0,1.0,1.0,2.0,1.0,-1.0,1.0
16.66,0.26205194239972,0.0017170026384494,0.26205194239972,7.87288399,0.033285380901405,0.0,1.0,1.0,1.0,2.0,1.0,-1.0,1.0
16.67,0.26170855745138,0.0016762803607882,0.26170855745138,7.87288399,0.033241764743873,0.0,1.0,1.0,1.0,2.0,1.0,-1.0,1.0
16.68,0.26136616539801,0.0016541049512618,0.26136616539801,7.87288399,0.033198274702129,0.0,1.0,1.0,1.0,2.0,1.0,-1.0,1.0
16.69,0.26102605285652,0.0016513000110336,0.26102605285652,7.87288399,0.03315507420001,0.0,1.0,1.0,1.0,2.0,1.0,-1.0,1.0
16.7,0.26069090953051,0.001667868549718,0.26069090953051,7.87288399,0.033112504878978,0.0,1.0,1.0,1.0,2.0,1.0,-1.0,1.0
16.71,0.26036190920792,0.0017029873519289,0.26036190920792,7.87288399,0.033070715831534,0.0,1.0,1.0,1.0,2.0,1.0,-1.0,1.0
16.72,0.26003924598627,0.0017551346432579,0.26003924598627,7.87288399,0.033029731711603,0.0,1.0,1.0,1.0,2.0,1.0,-1.0,1.0
16.73,0.2597252393266,0.0018223123240747,0.2597252393266,7.87288399,0.032989847133084,0.0,1.0,1.0,1.0,2.0,1.0,-1.0,1.0
16.74,0.25942302122123,0.0019022836907883,0.25942302122123,7.87288399,0.032951459916181,0.0,1.0,1.0,1.0,2.0,1.0,-1.0,1.0
16.75,0.25913460915779,0.0019927726269377,0.25913460915779,7.87288399,0.032914826318658,0.0,1.0,1.0,1.0,2.0,1.0,-1.0,1.0
16.76,0.25886155908688,0.0020916055370117,0.25886155908688,7.87288399,0.032880143974646,0.0,1.0,1.0,1.0,2.0,1.0,-1.0,1.0
16.77,0.25860597876386,0.0021967936597555,0.25860597876386,7.87288399,0.032847680607556,0.0,1.0,1.0,1.0,2.0,1.0,-1.0,1.0
16.78,0.25836906477233,0.002306564884975,0.25836906477233,7.87288399,0.032817588205352,0.0,1.0,1.0,1.0,2.0,1.0,-1.0,1.0
16.79,0.25815355303759,0.0024193712918506,0.25815355303759,7.87288399,0.032790214280497,0.0,1.0,1.0,1.0,2.0,1.0,-1.0,1.0
16.8,0.25796111286103,0.0025338667651872,0.25796111286103,7.87288399,0.032765770864741,0.0,1.0,1.0,1.0,2.0,1.0,-1.0,1.0
16.81,0.25779128518989,0.0026488790825889,0.25779128518989,7.87288399,0.032744199650005,0.0,1.0,1.0,1.0,2.0,1.0,-1.0,1.0
16.82,0.25764624559726,0.0027634044435632,0.25764624559726,7.87288399,0.03272577697379,0.0,1.0,1.0,1.0,2.0,1.0,-1.0,1.0
16.83,0.25752661319627,0.0028765690500025,0.25752661319627,7.87288399,0.032710581474766,0.0,1.0,1.0,1.0,2.0,1.0,-1.0,1.0
16.84,0.2574323996809,0.002987611187557,0.2574323996809,7.87288399,0.032698614638281,0.0,1.0,1.0,1.0,2.0,1.0,-1.0,1.0
16.85,0.25736414170596,0.0030958676817596,0.25736414170596,7.87288399,0.032689944629294,0.0,1.0,1.0,1.0,2.0,1.0,-1.0,1.0
16.86,0.25732239063395,0.0032007613503519,0.25732239063395,7.87288399,0.03268464148091,0.0,1.0,1.0,1.0,2.0,1.0,-1.0,1.0
16.87,0.25730626910346,0.0033017758243375,0.25730626910346,7.87288399,0.032682593752211,0.0,1.0,1.0,1.0,2.0,1.0,-1.0,1.0
16.88,0.257315351641,0.0033984605668435,0.257315351641,7.87288399,0.032683747400296,0.0,1.0,1.0,1.0,2.0,1.0,-1.0,1.0
16.89,0.25734977215159,0.0034904241251167,0.25734977215159,7.87288399,0.032688119433548,0.0,1.0,1.0,1.0,2.0,1.0,-1.0,1.0
16.9,0.25740868120465,0.003577314708452,0.25740868120465,7.87288399,0.032695601958775,0.0,1.0,1.0,1.0,2.0,1.0,-1.0,1.0
16.91,0.25749062841912,0.0036588211331847,0.25749062841912,7.87288399,0.032706010751102,0.0,1.0,1.0,1.0,2.0,1.0,-1.0,1.0
16.92,0.25759570869054,0.0037346780050063,0.25759570869054,7.87288399,0.032719357863996,0.0,1.0,1.0,1.0,2.0,1.0,-1.0,1.0
16.93,0.25772112926721,0.0038046384363891,0.25772112926721,7.87288399,0.032735288567006,0.0,1.0,1.0,1.0,2.0,1.0,-1.0,1.0
16.94,0.25786613836196,0.0038684999605189,0.25786613836196,7.87288399,0.032753707369434,0.0,1.0,1.0,1.0,2.0,1.0,-1.0,1.0
16.95,0.25802915221786,0.0039260850355444,0.25802915221786,7.87288399,0.032774413105236,0.0,1.0,1.0,1.0,2.0,1.0,-1.0,1.0
16.96,0.25820815234125,0.0039772403311347,0.25820815234125,7.87288399,0.032797149388868,0.0,1.0,1.0,1.0,2.0,1.0,-1.0,1.0
16.97,0.25840234678174,0.0040218500598446,0.25840234678174,7.87288399,0.032821815628169,0.0,1.0,1.0,1.0,2.0,1.0,-1.0,1.0
16.98,0.25860981116912,0.0040598124640941,0.25860981116912,7.87288399,0.032848167392991,0.0,1.0,1.0,1.0,2.0,1.0,-1.0,1.0
16.99,0.25882719207098,0.0040910375182284,0.25882719207098,7.87288399,0.032875778736196,0.0,1.0,1.0,1.0,2.0,1.0,-1.0,1.0
17.0,0.25905318063181,0.0041154750127549,0.25905318063181,7.87288399,0.032904483409238,0.0,1.0,1.0,1.0,2.0,1.0,-1.0,1.0
17.01,0.25928570085928,0.0041330912941797,0.25928570085928,7.87288399,0.03293401772319,0.0,1.0,1.0,1.0,2.0,1.0,-1.0,1.0
17.02,0.25952280601748,0.0041438749426652,0.25952280601748,7.87288399,0.03296413440705,0.0,1.0,1.0,1.0,2.0,1.0,-1.0,1.0
17.03,0.25976202732604,0.0041478279674186,0.25976202732604,7.87288399,0.032994519880642,0.0,1.0,1.0,1.0,2.0,1.0,-1.0,1.0
17.04,0.26000160960198,0.0041449808480195,0.26000160960198,7.87288399,0.033024951203679,0.0,1.0,1.0,1.0,2.0,1.0,-1.0,1.0
17.05,0.26023961581653,0.0041353796641272,0.26023961581653,7.87288399,0.033055182338147,0.0,1.0,1.0,1.0,2.0,1.0,-1.0,1.0
17.06,0.26047269308961,0.0041190800075038,0.26047269308961,7.87288399,0.033084787407061,0.0,1.0,1.0,1.0,2.0,1.0,-1.0,1.0
17.07,0.26070038341111,0.0040961769534183,0.26070038341111,7.87288399,0.033113708234777,0.0,1.0,1.0,1.0,2.0,1.0,-1.0,1.0
17.08,0.2609211029838,0.0040667776239848,0.2609211029838,7.87288399,0.033141743650131,0.0,1.0,1.0,1.0,2.0,1.0,-1.0,1.0
17.09,0.26113198654624,0.0040309940216726,0.26113198654624,7.87288399,0.033168529712609,0.0,1.0,1.0,1.0,2.0,1.0,-1.0,1.0
17.1,0.26133003917088,0.0039889544163638,0.26133003917088,7.87288399,0.033193686011735,0.0,1.0,1.0,1.0,2.0,1.0,-1.0,1.0
17.11,0.26151546503718,0.0039408341482751,0.26151546503718,7.87288399,0.033217238482029,0.0,1.0,1.0,1.0,2.0,1.0,-1.0,1.0
17.12,0.26168716487853,0.0038868161782244,0.26168716487853,7.87288399,0.033239047496562,0.0,1.0,1.0,1.0,2.0,1.0,-1.0,1.0
17.13,0.26184288711997,0.00382709026791,0.26184288711997,7.87288399,0.033258827064207,0.0,1.0,1.0,1.0,2.0,1.0,-1.0,1.0
17.14,0.26198096693794,0.0037618715080582,0.26198096693794,7.87288399,0.033276365721978,0.0,1.0,1.0,1.0,2.0,1.0,-1.0,1.0
17.15,0.26210083505941,0.0036913995876026,0.26210083505941,7.87288399,0.033291591161806,0.0,1.0,1.0,1.0,2.0,1.0,-1.0,1.0
17.16,0.26220122480303,0.0036159348682606,0.26220122480303,7.87288399,0.033304342492036,0.0,1.0,1.0,1.0,2.0,1.0,-1.0,1.0
17.17,0.26228105331064,0.0035357563676813,0.26228105331064,7.87288399,0.033314482169912,0.0,1.0,1.0,1.0,2.0,1.0,-1.0,1.0
17.18,0.2623399477338,0.0034511720599704,0.2623399477338,7.87288399,0.033321962836874,0.0,1.0,1.0,1.0,2.0,1.0,-1.0,1.0
17.19,0.26237725137123,0.0033625170047916,0.26237725137123,7.87288399,0.033326701079871,0.0,1.0,1.0,1.0,2.0,1.0,-1.0,1.0
17.2,0.26239380379507,0.0032701574072932,0.26239380379507,7.87288399,0.033328803539892,0.0,1.0,1.0,1.0,2.0,1.0,-1.0,1.0
17.21,0.26238787293758,0.0031744777276811,0.26238787293758,7.87288399,0.033328050212712,0.0,1.0,1.0,1.0,2.0,1.0,-1.0,1.0
17.22,0.26235950738699,0.0030759050491607,0.26235950738699,7.87288399,0.033324447269924,0.0,1.0,1.0,1.0,2.0,1.0,-1.0,1.0
17.23,0.26230855265441,0.0029749023253914,0.26230855265441,7.87288399,0.033317975088619,0.0,1.0,1.0,1.0,2.0,1.0,-1.0,1.0
17.24,0.26223609019406,0.0028719888612881,0.26223609019406,7.87288399,0.033308771033226,0.0,1.0,1.0,1.0,2.0,1.0,-1.0,1.0
17.25,0.26214191026157,0.0027677231726714,0.26214191026157,7.87288399,0.03329680846238,0.0,1.0,1.0,1.0,2.0,1.0,-1.0,1.0
17.26,0.26202601092993,0.0026627208282341,0.26202601092993,7.87288399,0.033282087131317,0.0,1.0,1.0,1.0,2.0,1.0,-1.0,1.0
17.27,0.26189048456849,0.0025576779929971,0.26189048456849,7.87288399,0.033264872809144,0.0,1.0,1.0,1.0,2.0,1.0,-1.0,1.0
17.28,0.26173559945834,0.0024533564656761,0.26173559945834,7.87288399,0.033245199572456,0.0,1.0,1.0,1.0,2.0,1.0,-1.0,1.0
17.29,0.26155915107721,0.0023505979849737,0.26155915107721,7.87288399,0.033222787406679,0.0,1.0,1.0,1.0,2.0,1.0,-1.0,1.0
17.3,0.2613625665674,0.0022503124131552,0.2613625665674,7.87288399,0.033197817584939,0.0,1.0,1.0,1.0,2.0,1.0,-1.0,1.0
17.31,0.26115776752475,0.0021535959719365,0.26115776752475,7.87288399,0.033171804367557,0.0,1.0,1.0,1.0,2.0,1.0,-1.0,1.0
17.32,0.26094496194021,0.0020616381035631,0.26094496194021,7.87288399,0.033144774173182,0.0,1.0,1.0,1.0,2.0,1.0,-1.0,1.0
17.33,0.26072307085327,0.001975725778996,0.26072307085327,7.87288399,0.033116589954131,0.0,1.0,1.0,1.0,2.0,1.0,-1.0,1.0
17.34,0.26049250638566,0.0018972483524622,0.26049250638566,7.87288399,0.033087304057386,0.0,1.0,1.0,1.0,2.0,1.0,-1.0,1.0
17.35,0.26025485900939,0.0018276645106041,0.26025485900939,7.87288399,0.033057118501932,0.0,1.0,1.0,1.0,2.0,1.0,-1.0,1.0
17.36,0.26001030674223,0.001768445858017,0.26001030674223,7.87288399,0.033026055899273,0.0,1.0,1.0,1.0,2.0,1.0,-1.0,1.0
17.37,0.25976137247544,0.0017210024824032,0.25976137247544,7.87288399,0.03299443670266,0.0,1.0,1.0,1.0,2.0,1.0,-1.0,1.0
17.38,0.25950777356874,0.0016865715241553,0.25950777356874,7.87288399,0.032962225011618,0.0,1.0,1.0,1.0,2.0,1.0,-1.0,1.0
17.39,0.25925145447597,0.001666105352344,0.25925145447597,7.87288399,0.032929667807283,0.0,1.0,1.0,1.0,2.0,1.0,-1.0,1.0
17.4,0.25899529163399,0.0016601677125933,0.25899529163399,7.87288399,0.03289713044965,0.0,1.0,1.0,1.0,2.0,1.0,-1.0,1.0
17.41,0.25873944237646,0.0016688578229903,0.25873944237646,7.87288399,0.032864632922968,0.0,1.0,1.0,1.0,2.0,1.0,-1.0,1.0
17.42,0.25848544764671,0.0016917994030877,0.25848544764671,7.87288399,0.032832370955172,0.0,1.0,1.0,1.0,2.0,1.0,-1.0,1.0
17.43,0.25823400771312,0.001728184024941,0.25823400771312,7.87288399,0.03280043349313,0.0,1.0,1.0,1.0,2.0,1.0,-1.0,1.0
17.44,0.25798817174006,0.0017768677549678,0.25798817174006,7.87288399,0.032769207836385,0.0,1.0,1.0,1.0,2.0,1.0,-1.0,1.0
17.45,0.25774892343231,0.00183648210289,0.25774892343231,7.87288399,0.032738818933404,0.0,1.0,1.0,1.0,2.0,1.0,-1.0,1.0
17.46,0.25751672797608,0.0019055495526166,0.25751672797608,7.87288399,0.03270932587133,0.0,1.0,1.0,1.0,2.0,1.0,-1.0,1.0
17.47,0.25729329732961,0.0019825822025253,0.25729329732961,7.87288399,0.03268094610011,0.0,1.0,1.0,1.0,2.0,1.0,-1.0,1.0
17.48,0.25708018808473,0.0020661497872521,0.25708018808473,7.87288399,0.032653877335328,0.0,1.0,1.0,1.0,2.0,1.0,-1.0,1.0
17.49,0.25687873926467,0.0021549202348666,0.25687873926467,7.87288399,0.03262828965738,0.0,1.0,1.0,1.0,2.0,1.0,-1.0,1.0
17.5,0.2565959689545,0.002247643964416,0.2565959689545,7.87288399,0.032592372665522,0.0,1.0,1.0,1.0,2.0,1.0,-1.0,1.0
17.51,0.25645637740742,0.0023444588483923,0.25645637740742,7.87288399,0.032574641990555,0.0,1.0,1.0,1.0,2.0,1.0,-1.0,1.0
17.52,0.2565277255456,0.0024446033967901,0.2565277255456,7.87288399,0.032583704506689,0.0,1.0,1.0,1.0,2.0,1.0,-1.0,1.0
17.53,0.25669912511662,0.0025466735395033,0.25669912511662,7.87288399,0.032605475381408,0.0,1.0,1.0,1.0,2.0,1.0,-1.0,1.0
17.54,0.25688514632478,0.0026494087400337,0.25688514632478,7.87288399,0.032629103470986,0.0,1.0,1.0,1.0,2.0,1.0,-1.0,1.0
17.55,0.25707472053901,0.0027519774148176,0.25707472053901,7.87288399,0.032653182857203,0.0,1.0,1.0,1.0,2.0,1.0,-1.0,1.0
17.56,0.25735559040305,0.0028539324064865,0.25735559040305,7.87288399,0.032688858457706,0.0,1.0,1.0,1.0,2.0,1.0,-1.0,1.0
17.57,0.25761479967926,0.0029540590938086,0.25761479967926,7.87288399,0.032721782768103,0.0,1.0,1.0,1.0,2.0,1.0,-1.0,1.0
17.58,0.2578530847104,0.0030519831323178,0.2578530847104,7.87288399,0.032752049317368,0.0,1.0,1.0,1.0,2.0,1.0,-1.0,1.0
17.59,0.25809080627867,0.0031474756721049,0.25809080627867,7.87288399,0.032782244296562,0.0,1.0,1.0,1.0,2.0,1.0,-1.0,1.0
17.6,0.25833576238522,0.0032402584692677,0.25833576238522,7.87288399,0.032813358194196,0.0,1.0,1.0,1.0,2.0,1.0,-1.0,1.0
17.61,0.25859225273511,0.0033300586226068,0.25859225273511,7.87288399,0.032845937151312,0.0,1.0,1.0,1.0,2.0,1.0,-1.0,1.0
17.62,0.25886354385204,0.0034166225612859,0.25886354385204,7.87288399,0.032880396076056,0.0,1.0,1.0,1.0,2.0,1.0,-1.0,1.0
17.63,0.25915081049334,0.0034997066341126,0.25915081049334,7.87288399,0.032916884184057,0.0,1.0,1.0,1.0,2.0,1.0,-1.0,1.0
17.64,0.25945496444577,0.0035790859662317,0.25945496444577,7.87288399,0.032955517288877,0.0,1.0,1.0,1.0,2.0,1.0,-1.0,1.0
17.65,0.25977627920129,0.0036545506229965,0.25977627920129,7.87288399,0.032996330128991,0.0,1.0,1.0,1.0,2.0,1.0,-1.0,1.0
17.66,0.26010061635413,0.0037256839333508,0.26010061635413,7.87288399,0.033037526868744,0.0,1.0,1.0,1.0,2.0,1.0,-1.0,1.0
17.67,0.26029843374038,0.003791221821302,0.26029843374038,7.87288399,0.033062653288301,0.0,1.0,1.0,1.0,2.0,1.0,-1.0,1.0
17.68,0.26041034184778,0.0038512873413059,0.26041034184778,7.87288399,0.033076867661018,0.0,1.0,1.0,1.0,2.0,1.0,-1.0,1.0
17.69,0.26047530378975,0.0039060823850432,0.26047530378975,7.87288399,0.033085119013642,0.0,1.0,1.0,1.0,2.0,1.0,-1.0,1.0
17.7,0.26050568366461,0.0039556177302986,0.26050568366461,7.87288399,0.033088977812387,0.0,1.0,1.0,1.0,2.0,1.0,-1.0,1.0
17.71,0.26053150457416,0.0040000745479674,0.26053150457416,7.87288399,0.033092257539306,0.0,1.0,1.0,1.0,2.0,1.0,-1.0,1.0
17.72,0.26056926935974,0.00403954532309,0.26056926935974,7.87288399,0.033097054356537,0.0,1.0,1.0,1.0,2.0,1.0,-1.0,1.0
17.73,0.26062287328745,0.0040740203520163,0.26062287328745,7.87288399,0.03310386303399,0.0,1.0,1.0,1.0,2.0,1.0,-1.0,1.0
17.74,0.26069466149027,0.0041034856438941,0.26069466149027,7.87288399,0.033112981446367,0.0,1.0,1.0,1.0,2.0,1.0,-1.0,1.0
17.75,0.26078495662641,0.0041279224685373,0.26078495662641,7.87288399,0.033124450577153,0.0,1.0,1.0,1.0,2.0,1.0,-1.0,1.0
17.76,0.26089196241157,0.0041473056438137,0.26089196241157,7.87288399,0.033138042265446,0.0,1.0,1.0,1.0,2.0,1.0,-1.0,1.0
17.77,0.26101434134012,0.0041616233549862,0.26101434134012,7.87288399,0.033153586623613,0.0,1.0,1.0,1.0,2.0,1.0,-1.0,1.0
17.78,0.26114948563944,0.0041708639595941,0.26114948563944,7.87288399,0.033170752416922,0.0,1.0,1.0,1.0,2.0,1.0,-1.0,1.0
17.79,0.26129487149956,0.0041750284831601,0.26129487149956,7.87288399,0.03318921907543,0.0,1.0,1.0,1.0,2.0,1.0,-1.0,1.0
17.8,0.26144845680248,0.0041741305700623,0.26144845680248,7.87288399,0.033208727212869,0.0,1.0,1.0,1.0,2.0,1.0,-1.0,1.0
17.81,0.2616072737611,0.0041681895467843,0.2616072737611,7.87288399,0.033228899866095,0.0,1.0,1.0,1.0,2.0,1.0,-1.0,1.0
17.82,0.26176979791702,0.0041572452881979,0.26176979791702,7.87288399,0.03324954340106,0.0,1.0,1.0,1.0,2.0,1.0,-1.0,1.0
17.83,0.2619330752672,0.0041413365933033,0.2619330752672,7.87288399,0.033270282605447,0.0,1.0,1.0,1.0,2.0,1.0,-1.0,1.0
17.84,0.26209565166342,0.0041205264624849,0.26209565166342,7.87288399,0.033290932775884,0.0,1.0,1.0,1.0,2.0,1.0,-1.0,1.0
17.85,0.2622555704756,0.0040948819055688,0.2622555704756,7.87288399,0.033311245384628,0.0,1.0,1.0,1.0,2.0,1.0,-1.0,1.0
17.86,0.26241043074403,0.0040644773648878,0.26241043074403,7.87288399,0.033330915465964,0.0,1.0,1.0,1.0,2.0,1.0,-1.0,1.0
17.87,0.26255765016442,0.0040293938975744,0.26255765016442,7.87288399,0.033349615020101,0.0,1.0,1.0,1.0,2.0,1.0,-1.0,1.0
17.88,0.2626954146215,0.0039897312767512,0.2626954146215,7.87288399,0.033367113621282,0.0,1.0,1.0,1.0,2.0,1.0,-1.0,1.0
17.89,0.26282265182151,0.0039456074698156,0.26282265182151,7.87288399,0.03338327506862,0.0,1.0,1.0,1.0,2.0,1.0,-1.0,1.0
17.9,0.26293961017318,0.0038971575360147,0.26293961017318,7.87288399,0.033398130914561,0.0,1.0,1.0,1.0,2.0,1.0,-1.0,1.0
17.91,0.26304481916718,0.0038445159965894,0.26304481916718,7.87288399,0.033411494377574,0.0,1.0,1.0,1.0,2.0,1.0,-1.0,1.0
17.92,0.26313851633121,0.0037878396547743,0.26313851633121,7.87288399,0.033423395628011,0.0,1.0,1.0,1.0,2.0,1.0,-1.0,1.0
17.93,0.26321903376234,0.0037272788807178,0.26321903376234,7.87288399,0.033433622811752,0.0,1.0,1.0,1.0,2.0,1.0,-1.0,1.0
17.94,0.26328642800445,0.0036630095546476,0.26328642800445,7.87288399,0.033442183110899,0.0,1.0,1.0,1.0,2.0,1.0,-1.0,1.0
17.95,0.26334091022177,0.0035952185253363,0.26334091022177,7.87288399,0.033449103347167,0.0,1.0,1.0,1.0,2.0,1.0,-1.0,1.0
17.96,0.26338018713072,0.003524087135831,0.26338018713072,7.87288399,0.033454092231673,0.0,1.0,1.0,1.0,2.0,1.0,-1.0,1.0
17.97,0.26340441592277,0.003449825198145,0.26340441592277,7.87288399,0.033457169730602,0.0,1.0,1.0,1.0,2.0,1.0,-1.0,1.0
17.98,0.26341381986513,0.0033726579902505,0.26341381986513,7.87288399,0.033458364202967,0.0,1.0,1.0,1.0,2.0,1.0,-1.0,1.0
17.99,0.26340882106033,0.003292823838108,0.26340882106033,7.87288399,0.033457729263495,0.0,1.0,1.0,1.0,2.0,1.0,-1.0,1.0
18.0,0.26338770578436,0.003210565632085,0.26338770578436,7.87288399,0.033455047237952,0.0,1.0,1.0,1.0,2.0,1.0,-1.0,1.0
18.01,0.26335085118926,0.0031261564246711,0.26335085118926,7.87288399,0.033450366031528,0.0,1.0,1.0,1.0,2.0,1.0,-1.0,1.0
18.02,0.26329901341449,0.0030398905240218,0.26329901341449,7.87288399,0.033443781687743,0.0,1.0,1.0,1.0,2.0,1.0,-1.0,1.0
18.03,0.26323146114184,0.0029520741875367,0.26323146114184,7.87288399,0.033435201315832,0.0,1.0,1.0,1.0,2.0,1.0,-1.0,1.0
18.04,0.26314895220024,0.0028630497569965,0.26314895220024,7.87288399,0.033424721173904,0.0,1.0,1.0,1.0,2.0,1.0,-1.0,1.0
18.05,0.26305198142344,0.0027731813517701,0.26305198142344,7.87288399,0.033412404114879,0.0,1.0,1.0,1.0,2.0,1.0,-1.0,1.0
18.06,0.26294094343341,0.0026828674130412,0.26294094343341,7.87288399,0.033398300262953,0.0,1.0,1.0,1.0,2.0,1.0,-1.0,1.0
18.07,0.26281670579595,0.0025925408557745,0.26281670579595,7.87288399,0.03338251981482,0.0,1.0,1.0,1.0,2.0,1.0,-1.0,1.0
18.08,0.26267874909433,0.0025026705108989,0.26267874909433,7.87288399,0.033364996795073,0.0,1.0,1.0,1.0,2.0,1.0,-1.0,1.0
18.09,0.26252848065703,0.0024137770015935,0.26252848065703,7.87288399,0.033345909960122,0.0,1.0,1.0,1.0,2.0,1.0,-1.0,1.0
18.1,0.2623673359767,0.0023264301998593,0.2623673359767,7.87288399,0.033325441643743,0.0,1.0,1.0,1.0,2.0,1.0,-1.0,1.0
18.11,0.26219410677526,0.0022412465887276,0.26219410677526,7.87288399,0.033303438372557,0.0,1.0,1.0,1.0,2.0,1.0,-1.0,1.0
18.12,0.26200989863938,0.0021589057882647,0.26200989863938,7.87288399,0.03328004057626,0.0,1.0,1.0,1.0,2.0,1.0,-1.0,1.0
18.13,0.26181663507664,0.002080150311019,0.26181663507664,7.87288399,0.033255492575426,0.0,1.0,1.0,1.0,2.0,1.0,-1.0,1.0
18.14,0.26161531677437,0.0020057813163313,0.26161531677437,7.87288399,0.033229921475621,0.0,1.0,1.0,1.0,2.0,1.0,-1.0,1.0
18.15,0.26140613130365,0.0019366465312218,0.26140613130365,7.87288399,0.033203351101792,0.0,1.0,1.0,1.0,2.0,1.0,-1.0,1.0
18.16,0.26119044856136,0.0018736393045637,0.26119044856136,7.87288399,0.033175955455855,0.0,1.0,1.0,1.0,2.0,1.0,-1.0,1.0
18.17,0.26096882902491,0.0018176687399012,0.26096882902491,7.87288399,0.033147805728674,0.0,1.0,1.0,1.0,2.0,1.0,-1.0,1.0
18.18,0.26074254911053,0.0017696325181022,0.26074254911053,7.87288399,0.033119064048412,0.0,1.0,1.0,1.0,2.0,1.0,-1.0,1.0
18.19,0.26051233775915,0.0017303754217465,0.26051233775915,7.87288399,0.033089823003876,0.0,1.0,1.0,1.0,2.0,1.0,-1.0,1.0
18.2,0.26027933466778,0.0017006368252365,0.26027933466778,7.87288399,0.033060227357393,0.0,1.0,1.0,1.0,2.0,1.0,-1.0,1.0
18.21,0.26004427612322,0.0016810039690234,0.26004427612322,7.87288399,0.033030370630829,0.0,1.0,1.0,1.0,2.0,1.0,-1.0,1.0
18.22,0.25980783423486,0.0016718592845061,0.25980783423486,7.87288399,0.033000338194347,0.0,1.0,1.0,1.0,2.0,1.0,-1.0,1.0
18.23,0.25957187950838,0.0016733495658835,0.25957187950838,7.87288399,0.032970367636318,0.0,1.0,1.0,1.0,2.0,1.0,-1.0,1.0
18.24,0.25933772879079,0.0016853698074194,0.25933772879079,7.87288399,0.032940626220353,0.0,1.0,1.0,1.0,2.0,1.0,-1.0,1.0
18.25,0.25910556043732,0.0017075703190548,0.25910556043732,7.87288399,0.032911136600823,0.0,1.0,1.0,1.0,2.0,1.0,-1.0,1.0
18.26,0.25887620748233,0.0017393890701436,0.25887620748233,7.87288399,0.032882004588299,0.0,1.0,1.0,1.0,2.0,1.0,-1.0,1.0
18.27,0.25865143292418,0.0017800975003161,0.25865143292418,7.87288399,0.032853454115761,0.0,1.0,1.0,1.0,2.0,1.0,-1.0,1.0
18.28,0.25843131778993,0.0018288511799795,0.25843131778993,7.87288399,0.032825495475125,0.0,1.0,1.0,1.0,2.0,1.0,-1.0,1.0
18.29,0.25821681586776,0.0018847431102142,0.25821681586776,7.87288399,0.032798249814902,0.0,1.0,1.0,1.0,2.0,1.0,-1.0,1.0
18.3,0.2580092878885,0.001946850116204,0.2580092878885,7.87288399,0.032771889972749,0.0,1.0,1.0,1.0,2.0,1.0,-1.0,1.0
18.31,0.25780914568236,0.0020142650432468,0.25780914568236,7.87288399,0.032746468258624,0.0,1.0,1.0,1.0,2.0,1.0,-1.0,1.0
18.32,0.25761790786304,0.0020861230560965,0.25761790786304,7.87288399,0.032722177564189,0.0,1.0,1.0,1.0,2.0,1.0,-1.0,1.0
18.33,0.25743483117616,0.0021616117385069,0.25743483117616,7.87288399,0.032698923482571,0.0,1.0,1.0,1.0,2.0,1.0,-1.0,1.0
18.34,0.25726025821003,0.0022399858144834,0.25726025821003,7.87288399,0.032676749528736,0.0,1.0,1.0,1.0,2.0,1.0,-1.0,1.0
18.35,0.25709624341205,0.0023205734369088,0.25709624341205,7.87288399,0.032655916655016,0.0,1.0,1.0,1.0,2.0,1.0,-1.0,1.0
18.36,0.2569436057711,0.002402762744238,0.2569436057711,7.87288399,0.032636528887948,0.0,1.0,1.0,1.0,2.0,1.0,-1.0,1.0
18.37,0.25680196560233,0.00248600037895,0.25680196560233,7.87288399,0.032618538000626,0.0,1.0,1.0,1.0,2.0,1.0,-1.0,1.0
18.38,0.25667167834659,0.0025697914762339,0.25667167834659,7.87288399,0.032601989140525,0.0,1.0,1.0,1.0,2.0,1.0,-1.0,1.0
18.39,0.25655287476457,0.0026536920430261,0.25655287476457,7.87288399,0.032586898916641,0.0,1.0,1.0,1.0,2.0,1.0,-1.0,1.0
18.4,0.25644650598931,0.0027373085875286,0.25644650598931,7.87288399,0.032573388140234,0.0,1.0,1.0,1.0,2.0,1.0,-1.0,1.0
18.41,0.25635206063594,0.0028202823893803,0.25635206063594,7.87288399,0.032561391856091,0.0,1.0,1.0,1.0,2.0,1.0,-1.0,1.0
18.42,0.25627065097489,0.002902296379816,0.25627065097489,7.87288399,0.032551051342862,0.0,1.0,1.0,1.0,2.0,1.0,-1.0,1.0
18.43,0.25620140260317,0.0029830612804585,0.25620140260317,7.87288399,0.032542255535404,0.0,1.0,1.0,1.0,2.0,1.0,-1.0,1.0
18.44,0.25613811452788,0.0030623048389612,0.25613811452788,7.87288399,0.032534216794408,0.0,1.0,1.0,1.0,2.0,1.0,-1.0,1.0
18.45,0.25609364978614,0.0031398788499807,0.25609364978614,7.87288399,0.032528568960425,0.0,1.0,1.0,1.0,2.0,1.0,-1.0,1.0
18.46,0.25606827332943,0.0032155710742953,0.25606827332943,7.87288399,0.032525345687131,0.0,1.0,1.0,1.0,2.0,1.0,-1.0,1.0
18.47,0.25606120384053,0.0032891800938823,0.25606120384053,7.87288399,0.032524447732975,0.0,1.0,1.0,1.0,2.0,1.0,-1.0,1.0
18.48,0.25607040662444,0.0033605238782781,0.25607040662444,7.87288399,0.032525616654544,0.0,1.0,1.0,1.0,2.0,1.0,-1.0,1.0
18.49,0.25609449509732,0.0034294344955414,0.25609449509732,7.87288399,0.032528676330378,0.0,1.0,1.0,1.0,2.0,1.0,-1.0,1.0
18.5,0.25613399758472,0.0034957801976341,0.25613399758472,7.87288399,0.032533693867464,0.0,1.0,1.0,1.0,2.0,1.0,-1.0,1.0
18.51,0.25618754171575,0.003559425465768,0.25618754171575,7.87288399,0.032540494949647,0.0,1.0,1.0,1.0,2.0,1.0,-1.0,1.0
18.52,0.25625350812437,0.0036202475853839,0.25625350812437,7.87288399,0.032548873887874,0.0,1.0,1.0,1.0,2.0,1.0,-1.0,1.0
18.53,0.25633205393153,0.0036781487338033,0.25633205393153,7.87288399,0.032558850639374,0.0,1.0,1.0,1.0,2.0,1.0,-1.0,1.0
18.54,0.25642280426687,0.0037330402351223,0.25642280426687,7.87288399,0.032570377588768,0.0,1.0,1.0,1.0,2.0,1.0,-1.0,1.0
18.55,0.25652490645635,0.0037848367845813,0.25652490645635,7.87288399,0.032583346430887,0.0,1.0,1.0,1.0,2.0,1.0,-1.0,1.0
18.56,0.25663691763547,0.003833460576166,0.25663691763547,7.87288399,0.032597573895595,0.0,1.0,1.0,1.0,2.0,1.0,-1.0,1.0
18.57,0.25675865696084,0.0038788498919928,0.25675865696084,7.87288399,0.032613037012482,0.0,1.0,1.0,1.0,2.0,1.0,-1.0,1.0
18.58,0.25688884603727,0.0039209456922937,0.25688884603727,7.87288399,0.032629573402016,0.0,1.0,1.0,1.0,2.0,1.0,-1.0,1.0
18.59,0.25702694808856,0.0039597025810839,0.25702694808856,7.87288399,0.032647114883826,0.0,1.0,1.0,1.0,2.0,1.0,-1.0,1.0
18.6,0.25717229518901,0.0039950784841851,0.25717229518901,7.87288399,0.032665576619148,0.0,1.0,1.0,1.0,2.0,1.0,-1.0,1.0
18.61,0.25732346504403,0.0040270376786455,0.25732346504403,7.87288399,0.032684777950606,0.0,1.0,1.0,1.0,2.0,1.0,-1.0,1.0
18.62,0.25748051437192,0.0040555595431484,0.25748051437192,7.87288399,0.032704726082458,0.0,1.0,1.0,1.0,2.0,1.0,-1.0,1.0
18.63,0.25764270369603,0.0040806254962132,0.25764270369603,7.87288399,0.032725327087669,0.0,1.0,1.0,1.0,2.0,1.0,-1.0,1.0
18.64,0.25780893123774,0.0041022194824275,0.25780893123774,7.87288399,0.032746441020242,0.0,1.0,1.0,1.0,2.0,1.0,-1.0,1.0
18.65,0.25787969248345,0.004119739880535,0.25787969248345,7.87288399,0.032755428990317,0.0,1.0,1.0,1.0,2.0,1.0,-1.0,1.0
18.66,0.25810567712259,0.0041352177190107,0.25810567712259,7.87288399,0.032784133165233,0.0,1.0,1.0,1.0,2.0,1.0,-1.0,1.0
18.67,0.25852523125773,0.0041489403336663,0.25852523125773,7.87288399,0.03283742420009,0.0,1.0,1.0,1.0,2.0,1.0,-1.0,1.0
18.68,0.2590230163998,0.0041598201581385,0.2590230163998,7.87288399,0.032900652001072,0.0,1.0,1.0,1.0,2.0,1.0,-1.0,1.0
18.69,0.25951637874237,0.004167070411251,0.25951637874237,7.87288399,0.032963318025772,0.0,1.0,1.0,1.0,2.0,1.0,-1.0,1.0
18.7,0.25999845911397,0.0041706175378801,0.25999845911397,7.87288399,0.033024551034185,0.0,1.0,1.0,1.0,2.0,1.0,-1.0,1.0
18.71,0.2605537008098,0.0041711712822977,0.2605537008098,7.87288399,0.033095076866463,0.0,1.0,1.0,1.0,2.0,1.0,-1.0,1.0
18.72,0.26105733328518,0.0041679256325165,0.26105733328518,7.87288399,0.033159047385528,0.0,1.0,1.0,1.0,2.0,1.0,-1.0,1.0
18.73,0.26152008143534,0.0041609501740542,0.26152008143534,7.87288399,0.033217824848876,0.0,1.0,1.0,1.0,2.0,1.0,-1.0,1.0
18.74,0.2619606841032,0.004150408036691,0.2619606841032,7.87288399,0.033273789431667,0.0,1.0,1.0,1.0,2.0,1.0,-1.0,1.0
18.75,0.26238590021327,0.0041363777208709,0.26238590021327,7.87288399,0.03332779964071,0.0,1.0,1.0,1.0,2.0,1.0,-1.0,1.0
18.76,0.26279945791989,0.0041189336355567,0.26279945791989,7.87288399,0.03338032901967,0.0,1.0,1.0,1.0,2.0,1.0,-1.0,1.0
18.77,0.2632043188031,0.0040981511209622,0.2632043188031,7.87288399,0.033431753743282,0.0,1.0,1.0,1.0,2.0,1.0,-1.0,1.0
18.78,0.26360108644854,0.0040740873039629,0.26360108644854,7.87288399,0.03348215047794,0.0,1.0,1.0,1.0,2.0,1.0,-1.0,1.0
18.79,0.26399055470689,0.004046804188144,0.26399055470689,7.87288399,0.033531620057175,0.0,1.0,1.0,1.0,2.0,1.0,-1.0,1.0
18.8,0.26437280929216,0.0040163611976299,0.26437280929216,7.87288399,0.03358017336823,0.0,1.0,1.0,1.0,2.0,1.0,-1.0,1.0
18.81,0.26472716009585,0.0039826106082093,0.26472716009585,7.87288399,0.033625182389592,0.0,1.0,1.0,1.0,2.0,1.0,-1.0,1.0
18.82,0.26492615997939,0.0039445670900548,0.26492615997939,7.87288399,0.033650459007893,0.0,1.0,1.0,1.0,2.0,1.0,-1.0,1.0
18.83,0.26501975769422,0.0039027043256349,0.26501975769422,7.87288399,0.033662347626467,0.0,1.0,1.0,1.0,2.0,1.0,-1.0,1.0
18.84,0.26504401327688,0.0038575047184929,0.26504401327688,7.87288399,0.033665428528292,0.0,1.0,1.0,1.0,2.0,1.0,-1.0,1.0
18.85,0.26501247799888,0.0038092131178103,0.26501247799888,7.87288399,0.033661422972255,0.0,1.0,1.0,1.0,2.0,1.0,-1.0,1.0
18.86,0.2649560695672,0.0037581952097095,0.2649560695672,7.87288399,0.033654258071596,0.0,1.0,1.0,1.0,2.0,1.0,-1.0,1.0
18.87,0.26489210554214,0.0037047267422981,0.26489210554214,7.87288399,0.033646133472639,0.0,1.0,1.0,1.0,2.0,1.0,-1.0,1.0
18.88,0.26482494045458,0.003648954997622,0.26482494045458,7.87288399,0.033637602280303,0.0,1.0,1.0,1.0,2.0,1.0,-1.0,1.0
18.89,0.26475825102019,0.0035910217349155,0.26475825102019,7.87288399,0.033629131504603,0.0,1.0,1.0,1.0,2.0,1.0,-1.0,1.0
18.9,0.26469287083974,0.003531046738842,0.26469287083974,7.87288399,0.033620827028055,0.0,1.0,1.0,1.0,2.0,1.0,-1.0,1.0
18.91,0.26462820584881,0.003469145011516,0.26462820584881,7.87288399,0.033612613393635,0.0,1.0,1.0,1.0,2.0,1.0,-1.0,1.0
18.92,0.26456413606079,0.0034054362703661,0.26456413606079,7.87288399,0.03360447536085,0.0,1.0,1.0,1.0,2.0,1.0,-1.0,1.0
18.93,0.26449903372026,0.0033400378758135,0.26449903372026,7.87288399,0.033596206175046,0.0,1.0,1.0,1.0,2.0,1.0,-1.0,1.0
18.94,0.26443223096902,0.0032730801893865,0.26443223096902,7.87288399,0.033587721006038,0.0,1.0,1.0,1.0,2.0,1.0,-1.0,1.0
18.95,0.26436240624313,0.0032046949662014,0.26436240624313,7.87288399,0.033578851991077,0.0,1.0,1.0,1.0,2.0,1.0,-1.0,1.0
18.96,0.26428865222633,0.0031350277793142,0.26428865222633,7.87288399,0.033569483884434,0.0,1.0,1.0,1.0,2.0,1.0,-1.0,1.0
18.97,0.26421034414628,0.0030642331374766,0.26421034414628,7.87288399,0.033559537328617,0.0,1.0,1.0,1.0,2.0,1.0,-1.0,1.0
18.98,0.26412605215833,0.0029924706321329,0.26412605215833,7.87288399,0.03354883070725,0.0,1.0,1.0,1.0,2.0,1.0,-1.0,1.0
18.99,0.26403593431223,0.0029199214542586,0.26403593431223,7.87288399,0.033537384095536,0.0,1.0,1.0,1.0,2.0,1.0,-1.0,1.0
19.0,0.26393920720817,0.0028467703464794,0.26393920720817,7.87288399,0.033525097987398,0.0,1.0,1.0,1.0,2.0,1.0,-1.0,1.0
19.01,0.26383502256103,0.0027732179656944,0.26383502256103,7.87288399,0.033511864635138,0.0,1.0,1.0,1.0,2.0,1.0,-1.0,1.0
19.02,0.26372201381861,0.0026994747101589,0.26372201381861,7.87288399,0.033497510461679,0.0,1.0,1.0,1.0,2.0,1.0,-1.0,1.0
19.03,0.26359967289291,0.0026257707039204,0.26359967289291,7.87288399,0.033481970930567,0.0,1.0,1.0,1.0,2.0,1.0,-1.0,1.0
19.04,0.26346860714523,0.0025523589170074,0.26346860714523,7.87288399,0.033465323187778,0.0,1.0,1.0,1.0,2.0,1.0,-1.0,1.0
19.05,0.26333072585254,0.0024795139568946,0.26333072585254,7.87288399,0.033447809746342,0.0,1.0,1.0,1.0,2.0,1.0,-1.0,1.0
19.06,0.26318516325776,0.0024075208190415,0.26318516325776,7.87288399,0.033429320639305,0.0,1.0,1.0,1.0,2.0,1.0,-1.0,1.0
19.07,0.26303272237851,0.0023366904554828,0.26303272237851,7.87288399,0.033409957864565,0.0,1.0,1.0,1.0,2.0,1.0,-1.0,1.0
19.08,0.26287377615524,0.002267352749378,0.26287377615524,7.87288399,0.033389768792368,0.0,1.0,1.0,1.0,2.0,1.0,-1.0,1.0
19.09,0.26270854161195,0.0021998654072499,0.26270854161195,7.87288399,0.033368780988725,0.0,1.0,1.0,1.0,2.0,1.0,-1.0,1.0
19.1,0.26253694069118,0.0021346022723352,0.26253694069118,7.87288399,0.033346984538912,0.0,1.0,1.0,1.0,2.0,1.0,-1.0,1.0
19.11,0.26236058347935,0.0020719716278884,0.26236058347935,7.87288399,0.0333245839533,0.0,1.0,1.0,1.0,2.0,1.0,-1.0,1.0
19.12,0.26217900594229,0.0020123967795649,0.26217900594229,7.87288399,0.033301520291078,0.0,1.0,1.0,1.0,2.0,1.0,-1.0,1.0
19.13,0.26199249334558,0.0019563206996688,0.26199249334558,7.87288399,0.033277829786183,0.0,1.0,1.0,1.0,2.0,1.0,-1.0,1.0
19.14,0.26180232938322,0.0019042058957263,0.26180232938322,7.87288399,0.033253675491187,0.0,1.0,1.0,1.0,2.0,1.0,-1.0,1.0
19.15,0.26160854390365,0.0018565186490916,0.26160854390365,7.87288399,0.033229061197388,0.0,1.0,1.0,1.0,2.0,1.0,-1.0,1.0
19.16,0.26141144148563,0.0018137233941016,0.26141144148563,7.87288399,0.033204025591851,0.0,1.0,1.0,1.0,2.0,1.0,-1.0,1.0
19.17,0.26121239662309,0.0017762714565468,0.26121239662309,7.87288399,0.033178743260395,0.0,1.0,1.0,1.0,2.0,1.0,-1.0,1.0
19.18,0.26101099521025,0.0017445825187918,0.26101099521025,7.87288399,0.03315316160403,0.0,1.0,1.0,1.0,2.0,1.0,-1.0,1.0
19.19,0.26080786888165,0.0017190313029889,0.26080786888165,7.87288399,0.033127360851871,0.0,1.0,1.0,1.0,2.0,1.0,-1.0,1.0
19.2,0.26060370527977,0.0016999282958782,0.26060370527977,7.87288399,0.033101428347068,0.0,1.0,1.0,1.0,2.0,1.0,-1.0,1.0
19.21,0.260399563239,0.0016875054458955,0.260399563239,7.87288399,0.033075498580921,0.0,1.0,1.0,1.0,2.0,1.0,-1.0,1.0
19.22,0.26019589090434,0.0016819017948702,0.26019589090434,7.87288399,0.033049628476024,0.0,1.0,1.0,1.0,2.0,1.0,-1.0,1.0
19.23,0.25999269251936,0.0016831539741233,0.25999269251936,7.87288399,0.03302381857139,0.0,1.0,1.0,1.0,2.0,1.0,-1.0,1.0
19.24,0.25979067146909,0.0016911957864775,0.25979067146909,7.87288399,0.032998158209758,0.0,1.0,1.0,1.0,2.0,1.0,-1.0,1.0
19.25,0.25959051672045,0.0017058601774249,0.25959051672045,7.87288399,0.032972734902505,0.0,1.0,1.0,1.0,2.0,1.0,-1.0,1.0
19.26,0.25939276276361,0.0017268890132842,0.25939276276361,7.87288399,0.032947616539642,0.0,1.0,1.0,1.0,2.0,1.0,-1.0,1.0
19.27,0.25919762173168,0.0017539463628907,0.25919762173168,7.87288399,0.032922830065947,0.0,1.0,1.0,1.0,2.0,1.0,-1.0,1.0
19.28,0.25900587578024,0.0017866363188298,0.25900587578024,7.87288399,0.032898474829455,0.0,1.0,1.0,1.0,2.0,1.0,-1.0,1.0
19.29,0.25881750343555,0.0018245193188654,0.25881750343555,7.87288399,0.032874548102613,0.0,1.0,1.0,1.0,2.0,1.0,-1.0,1.0
19.3,0.25863365233952,0.0018671304966612,0.25863365233952,7.87288399,0.032851195656895,0.0,1.0,1.0,1.0,2.0,1.0,-1.0,1.0
19.31,0.25845368321218,0.0019139928224249,0.25845368321218,7.87288399,0.032828336292071,0.0,1.0,1.0,1.0,2.0,1.0,-1.0,1.0
19.32,0.25827927439824,0.0019646349778623,0.25827927439824,7.87288399,0.032806183188563,0.0,1.0,1.0,1.0,2.0,1.0,-1.0,1.0
19.33,0.25811083629214,0.0020185953347907,0.25811083629214,7.87288399,0.032784788473955,0.0,1.0,1.0,1.0,2.0,1.0,-1.0,1.0
19.34,0.25794840753331,0.0020754295019024,0.25794840753331,7.87288399,0.032764157056163,0.0,1.0,1.0,1.0,2.0,1.0,-1.0,1.0
19.35,0.25779128448289,0.0021347165960774,0.25779128448289,7.87288399,0.032744199560203,0.0,1.0,1.0,1.0,2.0,1.0,-1.0,1.0
19.36,0.25764111260191,0.0021960668204705,0.25764111260191,7.87288399,0.032725124989669,0.0,1.0,1.0,1.0,2.0,1.0,-1.0,1.0
19.37,0.25749826758518,0.0022591149740893,0.25749826758518,7.87288399,0.032706981064658,0.0,1.0,1.0,1.0,2.0,1.0,-1.0,1.0
19.38,0.25736166914202,0.0023235186776726,0.25736166914202,7.87288399,0.032689630568534,0.0,1.0,1.0,1.0,2.0,1.0,-1.0,1.0
19.39,0.2572321647157,0.0023889687538739,0.2572321647157,7.87288399,0.03267318114206,0.0,1.0,1.0,1.0,2.0,1.0,-1.0,1.0
19.4,0.25711048126653,0.0024551815608599,0.25711048126653,7.87288399,0.032657725122472,0.0,1.0,1.0,1.0,2.0,1.0,-1.0,1.0
19.41,0.25699664942899,0.0025218954600702,0.25699664942899,7.87288399,0.032643266400905,0.0,1.0,1.0,1.0,2.0,1.0,-1.0,1.0
19.42,0.25689158050989,0.0025888727031296,0.25689158050989,7.87288399,0.032629920729963,0.0,1.0,1.0,1.0,2.0,1.0,-1.0,1.0
19.43,0.25679478981357,0.0026558929819482,0.25679478981357,7.87288399,0.032617626544446,0.0,1.0,1.0,1.0,2.0,1.0,-1.0,1.0
19.44,0.25670646526952,0.0027227523389251,0.25670646526952,7.87288399,0.032606407714833,0.0,1.0,1.0,1.0,2.0,1.0,-1.0,1.0
19.45,0.25662537127712,0.0027892632593836,0.25662537127712,7.87288399,0.032596107297285,0.0,1.0,1.0,1.0,2.0,1.0,-1.0,1.0
19.46,0.25655305454328,0.0028552616859363,0.25655305454328,7.87288399,0.03258692175182,0.0,1.0,1.0,1.0,2.0,1.0,-1.0,1.0
19.47,0.25648935278034,0.0029205928926067,0.25648935278034,7.87288399,0.032578830464939,0.0,1.0,1.0,1.0,2.0,1.0,-1.0,1.0
19.48,0.25643398788889,0.002985113872012,0.25643398788889,7.87288399,0.032571798112942,0.0,1.0,1.0,1.0,2.0,1.0,-1.0,1.0
19.49,0.25638775332724,0.0030486949431473,0.25638775332724,7.87288399,0.032565925479519,0.0,1.0,1.0,1.0,2.0,1.0,-1.0,1.0
19.5,0.25634920320342,0.0031112099110687,0.25634920320342,7.87288399,0.032561028909994,0.0,1.0,1.0,1.0,2.0,1.0,-1.0,1.0
19.51,0.25631846250018,0.0031725476136197,0.25631846250018,7.87288399,0.032557124279457,0.0,1.0,1.0,1.0,2.0,1.0,-1.0,1.0
19.52,0.25629591624152,0.0032326079326802,0.25629591624152,7.87288399,0.032554260492986,0.0,1.0,1.0,1.0,2.0,1.0,-1.0,1.0
19.53,0.25628126785017,0.0032912959806429,0.25628126785017,7.87288399,0.032552399879852,0.0,1.0,1.0,1.0,2.0,1.0,-1.0,1.0
19.54,0.25627462667634,0.0033485260748985,0.25627462667634,7.87288399,0.032551556329529,0.0,1.0,1.0,1.0,2.0,1.0,-1.0,1.0
19.55,0.25627533422477,0.0034042134043214,0.25627533422477,7.87288399,0.032551646201098,0.0,1.0,1.0,1.0,2.0,1.0,-1.0,1.0
19.56,0.25628283563767,0.0034582817883572,0.25628283563767,7.87288399,0.032552599017488,0.0,1.0,1.0,1.0,2.0,1.0,-1.0,1.0
19.57,0.2562984367481,0.0035106749182307,0.2562984367481,7.87288399,0.032554580643339,0.0,1.0,1.0,1.0,2.0,1.0,-1.0,1.0
19.58,0.25631869012785,0.0035613102745215,0.25631869012785,7.87288399,0.032557153192327,0.0,1.0,1.0,1.0,2.0,1.0,-1.0,1.0
19.59,0.25634247226643,0.0036101486890336,0.25634247226643,7.87288399,0.032560173958112,0.0,1.0,1.0,1.0,2.0,1.0,-1.0,1.0
19.6,0.25638150500849,0.0036572194165722,0.25638150500849,7.87288399,0.032565131828964,0.0,1.0,1.0,1.0,2.0,1.0,-1.0,1.0
19.61,0.25643316563936,0.0037024515161886,0.25643316563936,7.87288399,0.032571693672239,0.0,1.0,1.0,1.0,2.0,1.0,-1.0,1.0
19.62,0.2564953515621,0.0037457815989717,0.2564953515621,7.87288399,0.032579592419741,0.0,1.0,1.0,1.0,2.0,1.0,-1.0,1.0
19.63,0.25656671540088,0.0037871590293316,0.25656671540088,7.87288399,0.032588656930137,0.0,1.0,1.0,1.0,2.0,1.0,-1.0,1.0
19.64,0.25664658346769,0.0038265436205043,0.25664658346769,7.87288399,0.032598801632754,0.0,1.0,1.0,1.0,2.0,1.0,-1.0,1.0
19.65,0.25673498337148,0.0038639047054504,0.25673498337148,7.87288399,0.03261003003443,0.0,1.0,1.0,1.0,2.0,1.0,-1.0,1.0
19.66,0.25683086553195,0.0038992050192011,0.25683086553195,7.87288399,0.032622208819306,0.0,1.0,1.0,1.0,2.0,1.0,-1.0,1.0
19.67,0.25693334426242,0.0039324152218553,0.25693334426242,7.87288399,0.032635225489004,0.0,1.0,1.0,1.0,2.0,1.0,-1.0,1.0
19.68,0.25704198120808,0.0039635095254692,0.25704198120808,7.87288399,0.03264902436446,0.0,1.0,1.0,1.0,2.0,1.0,-1.0,1.0
19.69,0.25715595534375,0.0039924622421319,0.25715595534375,7.87288399,0.032663501160488,0.0,1.0,1.0,1.0,2.0,1.0,-1.0,1.0
19.7,0.25727443433498,0.0040192530184283,0.25727443433498,7.87288399,0.032678550155416,0.0,1.0,1.0,1.0,2.0,1.0,-1.0,1.0
19.71,0.25739691347339,0.0040438641899804,0.25739691347339,7.87288399,0.032694107242065,0.0,1.0,1.0,1.0,2.0,1.0,-1.0,1.0
19.72,0.25752318288366,0.0040662840603565,0.25752318288366,7.87288399,0.032710145762437,0.0,1.0,1.0,1.0,2.0,1.0,-1.0,1.0
19.73,0.25765235189283,0.004086498483601,0.25765235189283,7.87288399,0.032726552584809,0.0,1.0,1.0,1.0,2.0,1.0,-1.0,1.0
19.74,0.25778399771804,0.0041044996917928,0.25778399771804,7.87288399,0.032743274008035,0.0,1.0,1.0,1.0,2.0,1.0,-1.0,1.0
19.75,0.25791820366977,0.0041202861496946,0.25791820366977,7.87288399,0.032760320614069,0.0,1.0,1.0,1.0,2.0,1.0,-1.0,1.0
19.76,0.25805424186106,0.0041338518770288,0.25805424186106,7.87288399,0.032777599947978,0.0,1.0,1.0,1.0,2.0,1.0,-1.0,1.0
19.77,0.25819164792246,0.0041451935747206,0.25819164792246,7.87288399,0.032795053026364,0.0,1.0,1.0,1.0,2.0,1.0,-1.0,1.0
19.78,0.25832949967047,0.0041543101593887,0.25832949967047,7.87288399,0.032812562715086,0.0,1.0,1.0,1.0,2.0,1.0,-1.0,1.0
19.79,0.25846780155428,0.0041612069061846,0.25846780155428,7.87288399,0.032830129579272,0.0,1.0,1.0,1.0,2.0,1.0,-1.0,1.0
19.8,0.2585046043849,0.0041652584131657,0.2585046043849,7.87288399,0.032834804210661,0.0,1.0,1.0,1.0,2.0,1.0,-1.0,1.0
19.81,0.25871591553193,0.0041686405419758,0.25871591553193,7.87288399,0.032861644584188,0.0,1.0,1.0,1.0,2.0,1.0,-1.0,1.0
19.82,0.25910942525169,0.0041714261425219,0.25910942525169,7.87288399,0.032911627502807,0.0,1.0,1.0,1.0,2.0,1.0,-1.0,1.0
19.83,0.25957124591672,0.0041725532118952,0.25957124591672,7.87288399,0.03297028715861,0.0,1.0,1.0,1.0,2.0,1.0,-1.0,1.0
19.84,0.26002425080906,0.0041713021980624,0.26002425080906,7.87288399,0.033027827050333,0.0,1.0,1.0,1.0,2.0,1.0,-1.0,1.0
19.85,0.26047650037737,0.0041677220185425,0.26047650037737,7.87288399,0.033085271002116,0.0,1.0,1.0,1.0,2.0,1.0,-1.0,1.0
19.86,0.26098776208153,0.0041623728125509,0.26098776208153,7.87288399,0.03315021057252,0.0,1.0,1.0,1.0,2.0,1.0,-1.0,1.0
19.87,0.26144458451989,0.0041544972755628,0.26144458451989,7.87288399,0.033208235362285,0.0,1.0,1.0,1.0,2.0,1.0,-1.0,1.0
19.88,0.26186335571687,0.0041441889722612,0.26186335571687,7.87288399,0.033261426949702,0.0,1.0,1.0,1.0,2.0,1.0,-1.0,1.0
19.89,0.26226138098227,0.004131572512299,0.26226138098227,7.87288399,0.033311983425056,0.0,1.0,1.0,1.0,2.0,1.0,-1.0,1.0
19.9,0.2626447354525,0.0041166960199587,0.2626447354525,7.87288399,0.033360676441582,0.0,1.0,1.0,1.0,2.0,1.0,-1.0,1.0
19.91,0.26301806334865,0.0040996154925433,0.26301806334865,7.87288399,0.033408095900146,0.0,1.0,1.0,1.0,2.0,1.0,-1.0,1.0
19.92,0.2633841657327,0.0040803758578542,0.2633841657327,7.87288399,0.033454597586761,0.0,1.0,1.0,1.0,2.0,1.0,-1.0,1.0
19.93,0.26374388910813,0.0040590062696764,0.26374388910813,7.87288399,0.033500289022819,0.0,1.0,1.0,1.0,2.0,1.0,-1.0,1.0
19.94,0.26409860884242,0.004035540991032,0.26409860884242,7.87288399,0.033545344905104,0.0,1.0,1.0,1.0,2.0,1.0,-1.0,1.0
19.95,0.26444826294961,0.0040100045286623,0.26444826294961,7.87288399,0.033589757360265,0.0,1.0,1.0,1.0,2.0,1.0,-1.0,1.0
19.96,0.26476056240131,0.0039821082252028,0.26476056240131,7.87288399,0.033629425092203,0.0,1.0,1.0,1.0,2.0,1.0,-1.0,1.0
19.97,0.2649173547309,0.0039508973297915,0.2649173547309,7.87288399,0.033649340580579,0.0,1.0,1.0,1.0,2.0,1.0,-1.0,1.0
19.98,0.26497823401724,0.0039168989895196,0.26497823401724,7.87288399,0.033657073361403,0.0,1.0,1.0,1.0,2.0,1.0,-1.0,1.0
19.99,0.26497537989952,0.0038805035500852,0.26497537989952,7.87288399,0.033656710836345,0.0,1.0,1.0,1.0,2.0,1.0,-1.0,1.0
20.0,0.26492158251974,0.003841895426959,0.26492158251974,7.87288399,0.033649877586948,0.0,1.0,1.0,1.0,2.0,1.0,-1.0,1.0
