time_s,PAPER_OVL1_S_A_PU,PAPER_OVL1_S_B_PU,PAPER_OVL1_S_MAX_PU,PAPER_OVL1_EFFECTIVE_CAPACITY_PU,PAPER_OVL1_LOADING_INDEX_EQ,PAPER_OVL1_ABOVE_THRESHOLD,PAPER_OVL1_TIMER_OR_CURVE_STATE,PAPER_OVL1_TRIP_REQUEST,PAPER_OVL1_BRK_CMD,PAPER_OVL1_BRK_STATE,PAPER_OVL1_TRIP_EVENT_VALID,PAPER_OVL1_FIRST_TRIP_TIME_S,PAPER_OVL1_RELAY_ENABLE
0.0,0.0,0.0,0.0,7.87288399,0.0,0.0,0.0,0.0,0.0,0.0,0.0,-1.0,1.0
0.01,0.0053142466165907,0.0056414698782986,0.0056414698782986,7.87288399,0.00071656966944569,0.0,0.0,0.0,0.0,0.0,0.0,-1.0,1.0
0.02,0.045858408202958,0.047276996634215,0.047276996634215,7.87288399,0.0060050416968249,0.0,0.0,0.0,0.0,0.0,0.0,-1.0,1.0
0.03,0.15023387049391,0.15360097351355,0.15360097351355,7.87288399,0.019510127890701,0.0,0.0,0.0,0.0,0.0,0.0,-1.0,1.0
0.04,0.33113257654028,0.33712647851326,0.33712647851326,7.87288399,0.042821217604815,0.0,0.0,0.0,0.0,0.0,0.0,-1.0,1.0
0.05,0.60246255459432,0.61169587160763,0.61169587160763,7.87288399,0.077696543272401,0.0,0.0,0.0,0.0,0.0,0.0,-1.0,1.0
0.06,0.96780590634531,0.98114945539372,0.98114945539372,7.87288399,0.12462389343473,0.0,0.0,0.0,0.0,0.0,0.0,-1.0,1.0
0.07,1.4295296381509,1.4473792784966,1.4473792784966,7.87288399,0.18384359280983,0.0,0.0,0.0,0.0,0.0,0.0,-1.0,1.0
0.08,1.9959062892373,2.0191749752323,2.0191749752323,7.87288399,0.256472085426,0.0,0.0,0.0,0.0,0.0,0.0,-1.0,1.0
0.09,2.6591801470462,2.6884742106131,2.6884742106131,7.87288399,0.34148530754777,0.0,0.0,0.0,0.0,0.0,0.0,-1.0,1.0
0.1,3.4281557442623,3.4640294411664,3.4640294411664,7.87288399,0.43999498094553,0.0,0.0,0.0,0.0,0.0,0.0,-1.0,1.0
0.11,4.1820234955001,4.2193051179453,4.2193051179453,7.87288399,0.5359287807752,0.0,0.0,0.0,0.0,0.0,0.0,-1.0,1.0
0.12,4.6262667106444,4.663553928642,4.663553928642,7.87288399,0.59235649027289,0.0,0.0,0.0,0.0,0.0,0.0,-1.0,1.0
0.13,4.9064929097582,4.9428117537712,4.9428117537712,7.87288399,0.62782733240442,0.0,0.0,0.0,0.0,0.0,0.0,-1.0,1.0
0.14,5.0790850445593,5.1156770129451,5.1156770129451,7.87288399,0.64978437627723,0.0,0.0,0.0,0.0,0.0,0.0,-1.0,1.0
0.15,5.1745378332043,5.2107743543258,5.2107743543258,7.87288399,0.66186347480091,0.0,0.0,0.0,0.0,0.0,0.0,-1.0,1.0
0.16,5.2424379895322,5.2786196056672,5.2786196056672,7.87288399,0.67048106035501,0.0,0.0,0.0,0.0,0.0,0.0,-1.0,1.0
0.17,5.2761256120245,5.3123838098387,5.3123838098387,7.87288399,0.67476973070941,0.0,0.0,0.0,0.0,0.0,0.0,-1.0,1.0
0.18,5.3001369663291,5.3361889680754,5.3361889680754,7.87288399,0.67779342041028,0.0,0.0,0.0,0.0,0.0,0.0,-1.0,1.0
0.19,5.3148056399548,5.3510237532335,5.3510237532335,7.87288399,0.67967770896031,0.0,0.0,0.0,0.0,0.0,0.0,-1.0,1.0
0.2,5.3207476870454,5.3568253723936,5.3568253723936,7.87288399,0.68041462051235,0.0,0.0,0.0,0.0,0.0,0.0,-1.0,1.0
0.21,5.3287237022131,5.3648568752584,5.3648568752584,7.87288399,0.68143476800531,0.0,0.0,0.0,0.0,0.0,0.0,-1.0,1.0
0.22,5.3291468171335,5.3653043203871,5.3653043203871,7.87288399,0.68149160170556,0.0,0.0,0.0,0.0,0.0,0.0,-1.0,1.0
0.23,5.3324626862998,5.3685264796369,5.3685264796369,7.87288399,0.68190087475644,0.0,0.0,0.0,0.0,0.0,0.0,-1.0,1.0
0.24,5.3335704784383,5.369766720467,5.369766720467,7.87288399,0.68205840798462,0.0,0.0,0.0,0.0,0.0,0.0,-1.0,1.0
0.25,5.3327534362713,5.3688286130735,5.3688286130735,7.87288399,0.68193925121885,0.0,0.0,0.0,0.0,0.0,0.0,-1.0,1.0
0.26,5.3354910642426,5.3716401359205,5.3716401359205,7.87288399,0.68229636594969,0.0,0.0,0.0,0.0,0.0,0.0,-1.0,1.0
0.27,5.3333254843124,5.369478936213,5.369478936213,7.87288399,0.68202185413036,0.0,0.0,0.0,0.0,0.0,0.0,-1.0,1.0
0.28,5.3350180198834,5.3710976007466,5.3710976007466,7.87288399,0.68222745407768,0.0,0.0,0.0,0.0,0.0,0.0,-1.0,1.0
0.29,5.3349145674452,5.371113765839,5.371113765839,7.87288399,0.68222950733954,0.0,0.0,0.0,0.0,0.0,0.0,-1.0,1.0
0.3,5.3337209927513,5.3698036413787,5.3698036413787,7.87288399,0.68206309761446,0.0,0.0,0.0,0.0,0.0,0.0,-1.0,1.0
0.31,5.3359137058944,5.3720685522029,5.3720685522029,7.87288399,0.68235078263904,0.0,0.0,0.0,0.0,0.0,0.0,-1.0,1.0
0.32,5.3336788563569,5.3698337406017,5.3698337406017,7.87288399,0.68206692076529,0.0,0.0,0.0,0.0,0.0,0.0,-1.0,1.0
0.33,5.3351820818541,5.3712665302044,5.3712665302044,7.87288399,0.68224891120292,0.0,0.0,0.0,0.0,0.0,0.0,-1.0,1.0
0.34,5.3350282791854,5.3712248905598,5.3712248905598,7.87288399,0.68224362220785,0.0,0.0,0.0,0.0,0.0,0.0,-1.0,1.0
0.35,5.333852764539,5.3699376942439,5.3699376942439,7.87288399,0.68208012477572,0.0,0.0,0.0,0.0,0.0,0.0,-1.0,1.0
0.36,5.3359346897683,5.3720856901614,5.3720856901614,7.87288399,0.68235295947266,0.0,0.0,0.0,0.0,0.0,0.0,-1.0,1.0
0.37,5.3338179226606,5.3699702677118,5.3699702677118,7.87288399,0.68208426220081,0.0,0.0,0.0,0.0,0.0,0.0,-1.0,1.0
0.38,5.3352126394673,5.3712947788507,5.3712947788507,7.87288399,0.68225249929673,0.0,0.0,0.0,0.0,0.0,0.0,-1.0,1.0
0.39,5.3351254773206,5.3713148720643,5.3713148720643,7.87288399,0.6822550515017,0.0,0.0,0.0,0.0,0.0,0.0,-1.0,1.0
0.4,5.3339576723559,5.3700407477491,5.3700407477491,7.87288399,0.68209321445229,0.0,0.0,0.0,0.0,0.0,0.0,-1.0,1.0
0.41,5.3420881501466,5.3786429964945,5.3786429964945,7.87288399,0.68318585709206,0.0,0.0,0.0,0.0,0.0,0.0,-1.0,1.0
0.42,5.3354199368521,5.3719044706886,5.3719044706886,7.87288399,0.68232994129113,0.0,0.0,0.0,0.0,0.0,0.0,-1.0,1.0
0.43,5.3338604160659,5.3702983087725,5.3702983087725,7.87288399,0.6821259294045,0.0,0.0,0.0,0.0,0.0,0.0,-1.0,1.0
0.44,5.3313158355718,5.3678655841324,5.3678655841324,7.87288399,0.68181692896155,0.0,0.0,0.0,0.0,0.0,0.0,-1.0,1.0
0.45,5.3287321585438,5.3651872833901,5.3651872833901,7.87288399,0.68147673587021,0.0,0.0,0.0,0.0,0.0,0.0,-1.0,1.0
0.46,5.3296563013973,5.3661803101042,5.3661803101042,7.87288399,0.68160286839234,0.0,0.0,0.0,0.0,0.0,0.0,-1.0,1.0
0.47,5.3270985533086,5.3636383228576,5.3636383228576,7.87288399,0.6812799896036,0.0,0.0,0.0,0.0,0.0,0.0,-1.0,1.0
0.48,5.3278862207441,5.3643693910574,5.3643693910574,7.87288399,0.68137284861191,0.0,0.0,0.0,0.0,0.0,0.0,-1.0,1.0
0.49,5.3276054742396,5.3641992918374,5.3641992918374,7.87288399,0.68135124290551,0.0,0.0,0.0,0.0,0.0,0.0,-1.0,1.0
0.5,5.3262651038174,5.3627731085416,5.3627731085416,7.87288399,0.68117009158948,0.0,0.0,0.0,0.0,0.0,0.0,-1.0,1.0
0.51,2.9390523650713,3.2472129460184,3.2472129460184,7.87288399,0.41245532769732,0.0,0.0,0.0,0.0,0.0,0.0,-1.0,1.0
0.52,2.1864319840144,1.9669012572537,2.1864319840144,7.87288399,0.27771677911063,0.0,0.0,0.0,0.0,0.0,0.0,-1.0,1.0
0.53,1.9846565058926,1.1880296693892,1.9846565058926,7.87288399,0.25208760962482,0.0,0.0,0.0,0.0,0.0,0.0,-1.0,1.0
0.54,1.8068681364988,0.71821668656436,1.8068681364988,7.87288399,0.2295052408741,0.0,0.0,0.0,0.0,0.0,0.0,-1.0,1.0
0.55,1.9576189687552,0.43229947734094,1.9576189687552,7.87288399,0.24865334879083,0.0,0.0,0.0,0.0,0.0,0.0,-1.0,1.0
0.56,2.0012817481773,0.25917512391425,2.0012817481773,7.87288399,0.25419931891786,0.0,0.0,0.0,0.0,0.0,0.0,-1.0,1.0
0.57,2.0043571801028,0.15449110978152,2.0043571801028,7.87288399,0.25458995491979,0.0,0.0,0.0,0.0,0.0,0.0,-1.0,1.0
0.58,2.0791357347552,0.090687499346366,2.0791357347552,7.87288399,0.26408819657397,0.0,0.0,0.0,0.0,0.0,0.0,-1.0,1.0
0.59,2.061452215293,0.052205241964002,2.061452215293,7.87288399,0.26184206675869,0.0,0.0,0.0,0.0,0.0,0.0,-1.0,1.0
0.6,2.0870029295864,0.028832757707326,2.0870029295864,7.87288399,0.26508747394694,0.0,0.0,0.0,0.0,0.0,0.0,-1.0,1.0
0.61,2.0964627738076,0.014697710122779,2.0964627738076,7.87288399,0.26628904686903,0.0,0.0,0.0,0.0,0.0,0.0,-1.0,1.0
0.62,2.0875143758387,0.0062578000727883,2.0875143758387,7.87288399,0.26515243695833,0.0,0.0,0.0,0.0,0.0,0.0,-1.0,1.0
0.63,2.1051237871262,0.0021361981139722,2.1051237871262,7.87288399,0.26738915368245,0.0,0.0,0.0,0.0,0.0,0.0,-1.0,1.0
0.64,2.0953039702684,0.0031131610526993,2.0953039702684,7.87288399,0.26614185766357,0.0,0.0,0.0,0.0,0.0,0.0,-1.0,1.0
0.65,2.1003422920325,0.0047982070395905,2.1003422920325,7.87288399,0.266781816511,0.0,0.0,0.0,0.0,0.0,0.0,-1.0,1.0
0.66,2.1040964308946,0.005847714356064,2.1040964308946,7.87288399,0.26725866068485,0.0,0.0,0.0,0.0,0.0,0.0,-1.0,1.0
0.67,2.0959333160363,0.0065445180013822,2.0959333160363,7.87288399,0.2662217960659,0.0,0.0,0.0,0.0,0.0,0.0,-1.0,1.0
0.68,2.1009869703874,0.0069322874589899,2.1009869703874,7.87288399,0.26686370243179,0.0,0.0,0.0,0.0,0.0,0.0,-1.0,1.0
0.69,2.1017807938622,0.0072023748008313,2.1017807938622,7.87288399,0.26696453250573,0.0,0.0,0.0,0.0,0.0,0.0,-1.0,1.0
0.7,2.1027399679984,0.0073520346410877,2.1027399679984,7.87288399,0.26708636513243,0.0,0.0,0.0,0.0,0.0,0.0,-1.0,1.0
0.71,2.107852713027,0.0074600681626622,2.107852713027,7.87288399,0.26773577709317,0.0,0.0,0.0,0.0,0.0,0.0,-1.0,1.0
0.72,2.0996774629723,0.0074885262937065,2.0996774629723,7.87288399,0.26669737108273,0.0,0.0,0.0,0.0,0.0,0.0,-1.0,1.0
0.73,2.1108069958913,0.0075639777372371,2.1108069958913,7.87288399,0.26811102495253,0.0,0.0,0.0,0.0,0.0,0.0,-1.0,1.0
0.74,2.1039334185098,0.0075548348194684,2.1039334185098,7.87288399,0.26723795513591,0.0,0.0,0.0,0.0,0.0,0.0,-1.0,1.0
0.75,2.1070841949139,0.0075801936938524,2.1070841949139,7.87288399,0.26763816126215,0.0,0.0,0.0,0.0,0.0,0.0,-1.0,1.0
0.76,2.111704235919,0.0076068327096045,2.111704235919,7.87288399,0.26822499081674,0.0,0.0,0.0,0.0,0.0,0.0,-1.0,1.0
0.77,2.1040178360833,0.0075740608484897,2.1040178360833,7.87288399,0.26724867770893,0.0,0.0,0.0,0.0,0.0,0.0,-1.0,1.0
0.78,2.1146892716534,0.0076255756064982,2.1146892716534,7.87288399,0.26860414485206,0.0,0.0,0.0,0.0,0.0,0.0,-1.0,1.0
0.79,2.1078445379639,0.0075922183799441,2.1078445379639,7.87288399,0.2677347387109,0.0,0.0,0.0,0.0,0.0,0.0,-1.0,1.0
0.8,2.1110581180985,0.0076081298677442,2.1110581180985,7.87288399,0.26814292205752,0.0,0.0,0.0,0.0,0.0,0.0,-1.0,1.0
0.81,2.1153135654975,0.0076247911544002,2.1153135654975,7.87288399,0.26868344156783,0.0,0.0,0.0,0.0,0.0,0.0,-1.0,1.0
0.82,2.107858637531,0.0075909789795181,2.107858637531,7.87288399,0.26773652961334,0.0,0.0,0.0,0.0,0.0,0.0,-1.0,1.0
0.83,2.1181955677617,0.0076356548086024,2.1181955677617,7.87288399,0.26904950847139,0.0,0.0,0.0,0.0,0.0,0.0,-1.0,1.0
0.84,2.1113753164637,0.0076031734876828,2.1113753164637,7.87288399,0.26818321204091,0.0,0.0,0.0,0.0,0.0,0.0,-1.0,1.0
0.85,2.1145437061573,0.007617607418822,2.1145437061573,7.87288399,0.2685856553765,0.0,0.0,0.0,0.0,0.0,0.0,-1.0,1.0
0.86,2.1185303999267,0.0076312564364254,2.1185303999267,7.87288399,0.26909203826928,0.0,0.0,0.0,0.0,0.0,0.0,-1.0,1.0
0.87,2.1112153838437,0.0076005212060487,2.1112153838437,7.87288399,0.26816289767833,0.0,0.0,0.0,0.0,0.0,0.0,-1.0,1.0
0.88,2.1212535451164,0.0076412668311182,2.1212535451164,7.87288399,0.26943792742415,0.0,0.0,0.0,0.0,0.0,0.0,-1.0,1.0
0.89,2.1144789427645,0.0076107742043312,2.1144789427645,7.87288399,0.26857742924325,0.0,0.0,0.0,0.0,0.0,0.0,-1.0,1.0
0.9,2.1175461253787,0.0076244006989268,2.1175461253787,7.87288399,0.26896701743204,0.0,0.0,0.0,0.0,0.0,0.0,-1.0,1.0
0.91,2.121354627686,0.0076370375497078,2.121354627686,7.87288399,0.26945076675593,0.0,0.0,0.0,0.0,0.0,0.0,-1.0,1.0
0.92,2.1141280738833,0.007607633987849,2.1141280738833,7.87288399,0.26853286248961,0.0,0.0,0.0,0.0,0.0,0.0,-1.0,1.0
0.93,2.1238850851608,0.0076467150324475,2.1238850851608,7.87288399,0.26977218105316,0.0,0.0,0.0,0.0,0.0,0.0,-1.0,1.0
0.94,2.117157183338,0.0076170290595258,2.117157183338,7.87288399,0.26891761469205,0.0,0.0,0.0,0.0,0.0,0.0,-1.0,1.0
0.95,2.1200879981982,0.0076301228758822,2.1200879981982,7.87288399,0.26928988168644,0.0,0.0,0.0,0.0,0.0,0.0,-1.0,1.0
0.96,2.1237513176651,0.0076424123359559,2.1237513176651,7.87288399,0.26975519013905,0.0,0.0,0.0,0.0,0.0,0.0,-1.0,1.0
0.97,2.1165739354353,0.0076133316525913,2.1165739354353,7.87288399,0.26884353156019,0.0,0.0,0.0,0.0,0.0,0.0,-1.0,1.0
0.98,2.1260821547085,0.0076516605446977,2.1260821547085,7.87288399,0.27005124899707,0.0,0.0,0.0,0.0,0.0,0.0,-1.0,1.0
0.99,2.1194003773782,0.0076222771060607,2.1194003773782,7.87288399,0.26920254128859,0.0,0.0,0.0,0.0,0.0,0.0,-1.0,1.0
1.0,2.1221951454966,0.0076349690113948,2.1221951454966,7.87288399,0.269557527863,0.0,0.0,0.0,0.0,0.0,0.0,-1.0,1.0
1.01,2.127478852177,0.0076564324335014,2.127478852177,7.87288399,0.27022865507472,0.0,0.0,0.0,0.0,0.0,0.0,-1.0,1.0
1.02,2.1211575272736,0.0076294895474653,2.1211575272736,7.87288399,0.26942573140514,0.0,0.0,0.0,0.0,0.0,0.0,-1.0,1.0
1.03,2.131611526575,0.0076704404834072,2.131611526575,7.87288399,0.27075358017246,0.0,0.0,0.0,0.0,0.0,0.0,-1.0,1.0
1.04,2.1256355183076,0.0076459045250295,2.1256355183076,7.87288399,0.26999451802002,0.0,0.0,0.0,0.0,0.0,0.0,-1.0,1.0
1.05,2.1288934332482,0.0076574686317854,2.1288934332482,7.87288399,0.27040833269642,0.0,0.0,0.0,0.0,0.0,0.0,-1.0,1.0
1.06,2.1328528721099,0.0076728424858682,2.1328528721099,7.87288399,0.27091125371833,0.0,0.0,0.0,0.0,0.0,0.0,-1.0,1.0
1.07,2.1263026202211,0.0076451397207722,2.1263026202211,7.87288399,0.27007925214216,0.0,0.0,0.0,0.0,0.0,0.0,-1.0,1.0
1.08,2.1356732041598,0.0076820631004608,2.1356732041598,7.87288399,0.27126948737877,0.0,0.0,0.0,0.0,0.0,0.0,-1.0,1.0
1.09,2.1296585899785,0.0076567144894828,2.1296585899785,7.87288399,0.27050552157044,0.0,0.0,0.0,0.0,0.0,0.0,-1.0,1.0
1.1,2.1325271579272,0.0076674159370756,2.1325271579272,7.87288399,0.27086988207064,0.0,0.0,0.0,0.0,0.0,0.0,-1.0,1.0
1.11,2.1361708908193,0.0076810999776457,2.1361708908193,7.87288399,0.27133270267066,0.0,0.0,0.0,0.0,0.0,0.0,-1.0,1.0
1.12,2.129656614672,0.0076536550101587,2.129656614672,7.87288399,0.27050527067045,0.0,0.0,0.0,0.0,0.0,0.0,-1.0,1.0
1.13,2.1386131048721,0.0076886782838084,2.1386131048721,7.87288399,0.27164290844226,0.0,0.0,0.0,0.0,0.0,0.0,-1.0,1.0
1.14,2.1326171554205,0.0076622293088476,2.1326171554205,7.87288399,0.27088131339535,0.0,0.0,0.0,0.0,0.0,0.0,-1.0,1.0
1.15,2.1352668405943,0.0076712052403293,2.1352668405943,7.87288399,0.27121787178706,0.0,0.0,0.0,0.0,0.0,0.0,-1.0,1.0
1.16,2.1387281917905,0.0076819336623009,2.1387281917905,7.87288399,0.27165752658201,0.0,0.0,0.0,0.0,0.0,0.0,-1.0,1.0
1.17,2.1321921174043,0.007652297695979,2.1321921174043,7.87288399,0.27082732580749,0.0,0.0,0.0,0.0,0.0,0.0,-1.0,1.0
1.18,2.1407724745904,0.0076836822996267,2.1407724745904,7.87288399,0.27191718781956,0.0,0.0,0.0,0.0,0.0,0.0,-1.0,1.0
1.19,2.1350051204882,0.0076548801055594,2.1350051204882,7.87288399,0.27118462855544,0.0,0.0,0.0,0.0,0.0,0.0,-1.0,1.0
1.2,2.1379688815301,0.0076614989526384,2.1379688815301,7.87288399,0.2715610803164,0.0,0.0,0.0,0.0,0.0,0.0,-1.0,1.0
1.21,2.141698744077,0.0076691082628855,2.141698744077,7.87288399,0.27203484095502,0.0,0.0,0.0,0.0,0.0,0.0,-1.0,1.0
1.22,2.1355847846176,0.00763739338615,2.1355847846176,7.87288399,0.27125825648266,0.0,0.0,0.0,0.0,0.0,0.0,-1.0,1.0
1.23,2.1445380475828,0.0076658638794201,2.1445380475828,7.87288399,0.27239548433671,0.0,0.0,0.0,0.0,0.0,0.0,-1.0,1.0
1.24,2.1389856092541,0.007634172463377,2.1389856092541,7.87288399,0.2716902232995,0.0,0.0,0.0,0.0,0.0,0.0,-1.0,1.0
1.25,2.1418318045147,0.0076377042699657,2.1418318045147,7.87288399,0.27205174205986,0.0,0.0,0.0,0.0,0.0,0.0,-1.0,1.0
1.26,2.1455084233712,0.0076420849055024,2.1455084233712,7.87288399,0.27251873977775,0.0,0.0,0.0,0.0,0.0,0.0,-1.0,1.0
1.27,2.1394154445997,0.007608037224995,2.1394154445997,7.87288399,0.27174482023577,0.0,0.0,0.0,0.0,0.0,0.0,-1.0,1.0
1.28,2.1482015562349,0.0076332399249507,2.1482015562349,7.87288399,0.27286081681928,0.0,0.0,0.0,0.0,0.0,0.0,-1.0,1.0
1.29,2.1426390816918,0.0075991535316544,2.1426390816918,7.87288399,0.27215428099961,0.0,0.0,0.0,0.0,0.0,0.0,-1.0,1.0
1.3,2.145370318795,0.0076000993168361,2.145370318795,7.87288399,0.27250119797523,0.0,0.0,0.0,0.0,0.0,0.0,-1.0,1.0
1.31,2.1489417920637,0.0076017259246683,2.1489417920637,7.87288399,0.27295484028384,0.0,0.0,0.0,0.0,0.0,0.0,-1.0,1.0
1.32,2.1428322167646,0.0075657775042844,2.1428322167646,7.87288399,0.27217881267987,0.0,0.0,0.0,0.0,0.0,0.0,-1.0,1.0
1.33,2.1514563685676,0.0075882011806201,2.1514563685676,7.87288399,0.27327423740784,0.0,0.0,0.0,0.0,0.0,0.0,-1.0,1.0
1.34,2.1458867956988,0.0075522880557417,2.1458867956988,7.87288399,0.2725667999712,0.0,0.0,0.0,0.0,0.0,0.0,-1.0,1.0
1.35,2.1485157280687,0.0075510605235703,2.1485157280687,7.87288399,0.27290072237793,0.0,0.0,0.0,0.0,0.0,0.0,-1.0,1.0
1.36,2.1520008591132,0.0075504587047708,2.1520008591132,7.87288399,0.27334339764776,0.0,0.0,0.0,0.0,0.0,0.0,-1.0,1.0
1.37,2.145885419276,0.0075130392535202,2.145885419276,7.87288399,0.27256662514037,0.0,0.0,0.0,0.0,0.0,0.0,-1.0,1.0
1.38,2.1543668901665,0.007533079589069,2.1543668901665,7.87288399,0.27364392678756,0.0,0.0,0.0,0.0,0.0,0.0,-1.0,1.0
1.39,2.1488005926245,0.0074957889505762,2.1488005926245,7.87288399,0.27293690537723,0.0,0.0,0.0,0.0,0.0,0.0,-1.0,1.0
1.4,2.1513295099582,0.0074926777278581,2.1513295099582,7.87288399,0.27325812404842,0.0,0.0,0.0,0.0,0.0,0.0,-1.0,1.0
1.41,2.1547267280247,0.0074902091290188,2.1547267280247,7.87288399,0.27368963276501,0.0,0.0,0.0,0.0,0.0,0.0,-1.0,1.0
1.42,2.1485973004776,0.0074516019761717,2.1485973004776,7.87288399,0.27291108356311,0.0,0.0,0.0,0.0,0.0,0.0,-1.0,1.0
1.43,2.156926112502,0.0074694960314345,2.156926112502,7.87288399,0.27396899474725,0.0,0.0,0.0,0.0,0.0,0.0,-1.0,1.0
1.44,2.1513472182139,0.007431113161875,2.1513472182139,7.87288399,0.27326037332019,0.0,0.0,0.0,0.0,0.0,0.0,-1.0,1.0
1.45,2.1537671089077,0.0074262979811588,2.1537671089077,7.87288399,0.27356774361764,0.0,0.0,0.0,0.0,0.0,0.0,-1.0,1.0
1.46,2.1570672337,0.0074222111296027,2.1570672337,7.87288399,0.2739869197158,0.0,0.0,0.0,0.0,0.0,0.0,-1.0,1.0
1.47,2.15091543742,0.007382609736145,2.15091543742,7.87288399,0.27320552927644,0.0,0.0,0.0,0.0,0.0,0.0,-1.0,1.0
1.48,2.1590880639908,0.0073985264428145,2.1590880639908,7.87288399,0.27424360205653,0.0,0.0,0.0,0.0,0.0,0.0,-1.0,1.0
1.49,2.1534945173093,0.0073592753184336,2.1534945173093,7.87288399,0.273533119508,0.0,0.0,0.0,0.0,0.0,0.0,-1.0,1.0
1.5,2.15580493187,0.0073528798341006,2.15580493187,7.87288399,0.27382658433787,0.0,0.0,0.0,0.0,0.0,0.0,-1.0,1.0
1.51,2.1565444578985,0.0073424709816665,2.1565444578985,7.87288399,0.27392051764483,0.0,0.0,0.0,0.0,0.0,0.0,-1.0,1.0
1.52,2.1477842261056,0.0072968271392086,2.1477842261056,7.87288399,0.27280780827378,0.0,0.0,0.0,0.0,0.0,0.0,-1.0,1.0
1.53,2.1536258296408,0.0073067054164725,2.1536258296408,7.87288399,0.27354979857144,0.0,0.0,0.0,0.0,0.0,0.0,-1.0,1.0
1.54,2.1459356905747,0.0072626611837869,2.1459356905747,7.87288399,0.27257301051311,0.0,0.0,0.0,0.0,0.0,0.0,-1.0,1.0
1.55,2.1461612456206,0.0072508747695679,2.1461612456206,7.87288399,0.27260166012183,0.0,0.0,0.0,0.0,0.0,0.0,-1.0,1.0
1.56,2.1473849634929,0.007240395805041,2.1473849634929,7.87288399,0.27275709463272,0.0,0.0,0.0,0.0,0.0,0.0,-1.0,1.0
1.57,2.139386158356,0.0071956259306851,2.139386158356,7.87288399,0.27174110034816,0.0,0.0,0.0,0.0,0.0,0.0,-1.0,1.0
1.58,2.1454315961404,0.0072043803589768,2.1454315961404,7.87288399,0.27250898131682,0.0,0.0,0.0,0.0,0.0,0.0,-1.0,1.0
1.59,2.1380783211234,0.0071604546851366,2.1380783211234,7.87288399,0.27157498114276,0.0,0.0,0.0,0.0,0.0,0.0,-1.0,1.0
1.6,2.1384276149971,0.0071477136222521,2.1384276149971,7.87288399,0.27161934784169,0.0,0.0,0.0,0.0,0.0,0.0,-1.0,1.0
1.61,2.1397074731738,0.0071363777826774,2.1397074731738,7.87288399,0.27178191319618,0.0,0.0,0.0,0.0,0.0,0.0,-1.0,1.0
1.62,2.1318256556305,0.0070912105698685,2.1318256556305,7.87288399,0.27078077847182,0.0,0.0,0.0,0.0,0.0,0.0,-1.0,1.0
1.63,2.1378061524392,0.0070984298382358,2.1378061524392,7.87288399,0.27154041075095,0.0,0.0,0.0,0.0,0.0,0.0,-1.0,1.0
1.64,2.1305389060436,0.0070542097558812,2.1305389060436,7.87288399,0.27061733778241,0.0,0.0,0.0,0.0,0.0,0.0,-1.0,1.0
1.65,2.1308570360164,0.0070401657599273,2.1308570360164,7.87288399,0.27065774609698,0.0,0.0,0.0,0.0,0.0,0.0,-1.0,1.0
1.66,2.1321236636563,0.0070278542854772,2.1321236636563,7.87288399,0.27081863093176,0.0,0.0,0.0,0.0,0.0,0.0,-1.0,1.0
1.67,2.1243090114469,0.0069821451011501,2.1243090114469,7.87288399,0.269826027431,0.0,0.0,0.0,0.0,0.0,0.0,-1.0,1.0
1.68,2.130120744787,0.0069875546081015,2.130120744787,7.87288399,0.27056422366856,0.0,0.0,0.0,0.0,0.0,0.0,-1.0,1.0
1.69,2.1226142297069,0.0069423761062344,2.1226142297069,7.87288399,0.26961075920883,0.0,0.0,0.0,0.0,0.0,0.0,-1.0,1.0
1.7,2.1225519489325,0.0069262511872671,2.1225519489325,7.87288399,0.26960284841343,0.0,0.0,0.0,0.0,0.0,0.0,-1.0,1.0
1.71,2.1234529103168,0.0069122496706994,2.1234529103168,7.87288399,0.26971728695786,0.0,0.0,0.0,0.0,0.0,0.0,-1.0,1.0
1.72,2.1154996943152,0.0068655226630057,2.1154996943152,7.87288399,0.26870708332578,0.0,0.0,0.0,0.0,0.0,0.0,-1.0,1.0
1.73,2.1216748404853,0.0068700177036241,2.1216748404853,7.87288399,0.26949143962749,0.0,0.0,0.0,0.0,0.0,0.0,-1.0,1.0
1.74,2.1153315262131,0.006826504399425,2.1153315262131,7.87288399,0.26868572290662,0.0,0.0,0.0,0.0,0.0,0.0,-1.0,1.0
1.75,2.1165978588639,0.0068113478313145,2.1165978588639,7.87288399,0.26884657027239,0.0,0.0,0.0,0.0,0.0,0.0,-1.0,1.0
1.76,2.11903643578,0.0067990766568544,2.11903643578,7.87288399,0.26915631406122,0.0,0.0,0.0,0.0,0.0,0.0,-1.0,1.0
1.77,2.1126405480094,0.0067543163760709,2.1126405480094,7.87288399,0.26834391954624,0.0,0.0,0.0,0.0,0.0,0.0,-1.0,1.0
1.78,2.1197622727559,0.006758692612962,2.1197622727559,7.87288399,0.26924850860859,0.0,0.0,0.0,0.0,0.0,0.0,-1.0,1.0
1.79,2.1141353312587,0.0067157334556792,2.1141353312587,7.87288399,0.26853378430878,0.0,0.0,0.0,0.0,0.0,0.0,-1.0,1.0
1.8,2.1157808051614,0.0066994006911769,2.1157808051614,7.87288399,0.26874278953542,0.0,0.0,0.0,0.0,0.0,0.0,-1.0,1.0
1.81,2.1184695877698,0.0066861517614679,2.1184695877698,7.87288399,0.26908431401512,0.0,0.0,0.0,0.0,0.0,0.0,-1.0,1.0
1.82,2.112259632513,0.0066404830841531,2.112259632513,7.87288399,0.26829553632392,0.0,0.0,0.0,0.0,0.0,0.0,-1.0,1.0
1.83,2.1193818934213,0.0066426146605757,2.1193818934213,7.87288399,0.2692001934886,0.0,0.0,0.0,0.0,0.0,0.0,-1.0,1.0
1.84,2.1138470931569,0.0065987880836276,2.1138470931569,7.87288399,0.26849717280755,0.0,0.0,0.0,0.0,0.0,0.0,-1.0,1.0
1.85,2.1154417485518,0.006580123150276,2.1154417485518,7.87288399,0.26869972315594,0.0,0.0,0.0,0.0,0.0,0.0,-1.0,1.0
1.86,2.1181120262361,0.0065650890277267,2.1181120262361,7.87288399,0.26903889717243,0.0,0.0,0.0,0.0,0.0,0.0,-1.0,1.0
1.87,2.1119211127509,0.0065178929497203,2.1119211127509,7.87288399,0.26825253813385,0.0,0.0,0.0,0.0,0.0,0.0,-1.0,1.0
1.88,2.118942479966,0.0065172019786216,2.118942479966,7.87288399,0.26914437995751,0.0,0.0,0.0,0.0,0.0,0.0,-1.0,1.0
1.89,2.1134383346682,0.0064720987624611,2.1134383346682,7.87288399,0.2684452530169,0.0,0.0,0.0,0.0,0.0,0.0,-1.0,1.0
1.9,2.114955283948,0.006450645062394,2.114955283948,7.87288399,0.26863793327,0.0,0.0,0.0,0.0,0.0,0.0,-1.0,1.0
1.91,2.1175942788287,0.0064334290247535,2.1175942788287,7.87288399,0.26897313379931,0.0,0.0,0.0,0.0,0.0,0.0,-1.0,1.0
1.92,2.1114018432126,0.0063843097180832,2.1114018432126,7.87288399,0.26818658142232,0.0,0.0,0.0,0.0,0.0,0.0,-1.0,1.0
1.93,2.1183263368652,0.0063803372517328,2.1183263368652,7.87288399,0.26906611853495,0.0,0.0,0.0,0.0,0.0,0.0,-1.0,1.0
1.94,2.1128722408731,0.0063336384840406,2.1128722408731,7.87288399,0.26837334876988,0.0,0.0,0.0,0.0,0.0,0.0,-1.0,1.0
1.95,2.1143256611332,0.0063089489262398,2.1143256611332,7.87288399,0.26855795967765,0.0,0.0,0.0,0.0,0.0,0.0,-1.0,1.0
1.96,2.1169602738362,0.0062891533967662,2.1169602738362,7.87288399,0.26889260359039,0.0,0.0,0.0,0.0,0.0,0.0,-1.0,1.0
1.97,2.1107970096113,0.0062377551303114,2.1107970096113,7.87288399,0.26810975651266,0.0,0.0,0.0,0.0,0.0,0.0,-1.0,1.0
1.98,2.1176440180076,0.0062299921608025,2.1176440180076,7.87288399,0.2689794515831,0.0,0.0,0.0,0.0,0.0,0.0,-1.0,1.0
1.99,2.1122542324726,0.006181316231793,2.1122542324726,7.87288399,0.2682948504202,0.0,0.0,0.0,0.0,0.0,0.0,-1.0,1.0
2.0,2.1136454249574,0.0061528671561476,2.1136454249574,7.87288399,0.26847155726442,0.0,0.0,0.0,0.0,0.0,0.0,-1.0,1.0
2.01,2.1162774161488,0.0061299843292206,2.1162774161488,7.87288399,0.26880586819733,0.0,0.0,0.0,0.0,0.0,0.0,-1.0,1.0
2.02,2.1101456096172,0.0060758693560673,2.1101456096172,7.87288399,0.26802701682096,0.0,0.0,0.0,0.0,0.0,0.0,-1.0,1.0
2.03,2.1169275340514,0.006063737513943,2.1169275340514,7.87288399,0.26888844504,0.0,0.0,0.0,0.0,0.0,0.0,-1.0,1.0
2.04,2.1116117163605,0.0060126617889019,2.1116117163605,7.87288399,0.2682132391437,0.0,0.0,0.0,0.0,0.0,0.0,-1.0,1.0
2.05,2.1129543878394,0.005979920152132,2.1129543878394,7.87288399,0.26838378293434,0.0,0.0,0.0,0.0,0.0,0.0,-1.0,1.0
2.06,2.1156037783596,0.0059534316625219,2.1156037783596,7.87288399,0.26872030389967,0.0,0.0,0.0,0.0,0.0,0.0,-1.0,1.0
2.07,2.1095086710811,0.0058961642328917,2.1095086710811,7.87288399,0.26794611399845,0.0,0.0,0.0,0.0,0.0,0.0,-1.0,1.0
2.08,2.1162240538797,0.0058790303280067,2.1162240538797,7.87288399,0.26879909021493,0.0,0.0,0.0,0.0,0.0,0.0,-1.0,1.0
2.09,2.1109815646198,0.0058251147313981,2.1109815646198,7.87288399,0.26813319836811,0.0,0.0,0.0,0.0,0.0,0.0,-1.0,1.0
2.1,2.1122696775141,0.0057875230483989,2.1122696775141,7.87288399,0.26829681222244,0.0,0.0,0.0,0.0,0.0,0.0,-1.0,1.0
2.11,2.1149342724972,0.0057568677949447,2.1149342724972,7.87288399,0.26863526443214,0.0,0.0,0.0,0.0,0.0,0.0,-1.0,1.0
2.12,2.1088685958626,0.0056960324019911,2.1088685958626,7.87288399,0.26786481276,0.0,0.0,0.0,0.0,0.0,0.0,-1.0,1.0
2.13,2.1155244363461,0.005673293852826,2.1155244363461,7.87288399,0.26871022601542,0.0,0.0,0.0,0.0,0.0,0.0,-1.0,1.0
2.14,2.110368561807,0.0056161655272693,2.110368561807,7.87288399,0.26805533581945,0.0,0.0,0.0,0.0,0.0,0.0,-1.0,1.0
2.15,2.1116121311029,0.0055732554722429,2.1116121311029,7.87288399,0.26821329182357,0.0,0.0,0.0,0.0,0.0,0.0,-1.0,1.0
2.16,2.1142977502007,0.0055379328480896,2.1142977502007,7.87288399,0.26855441447966,0.0,0.0,0.0,0.0,0.0,0.0,-1.0,1.0
2.17,2.1082715905259,0.0054732422047495,2.1082715905259,7.87288399,0.26778898218287,0.0,0.0,0.0,0.0,0.0,0.0,-1.0,1.0
2.18,2.1148741980095,0.0054443769542472,2.1148741980095,7.87288399,0.26862763387543,0.0,0.0,0.0,0.0,0.0,0.0,-1.0,1.0
2.19,2.1098007305915,0.0053837483941083,2.1098007305915,7.87288399,0.26798321088832,0.0,0.0,0.0,0.0,0.0,0.0,-1.0,1.0
2.2,2.1109986677029,0.0053351757866583,2.1109986677029,7.87288399,0.26813537077191,0.0,0.0,0.0,0.0,0.0,0.0,-1.0,1.0
2.21,2.1137164818462,0.0052948198020841,2.1137164818462,7.87288399,0.26848058278657,0.0,0.0,0.0,0.0,0.0,0.0,-1.0,1.0
2.22,2.1077365905941,0.0052261673681214,2.1077365905941,7.87288399,0.26772102742418,0.0,0.0,0.0,0.0,0.0,0.0,-1.0,1.0
2.23,2.114288263044,0.0051908263036361,2.114288263044,7.87288399,0.26855320943755,0.0,0.0,0.0,0.0,0.0,0.0,-1.0,1.0
2.24,2.109300598778,0.0051266266172749,2.109300598778,7.87288399,0.26791968501722,0.0,0.0,0.0,0.0,0.0,0.0,-1.0,1.0
2.25,2.1104547655487,0.0050723075641618,2.1104547655487,7.87288399,0.26806628526844,0.0,0.0,0.0,0.0,0.0,0.0,-1.0,1.0
2.26,2.1132005559,0.0050267670628587,2.1132005559,7.87288399,0.26841505077226,0.0,0.0,0.0,0.0,0.0,0.0,-1.0,1.0
2.27,2.1072517139382,0.0049543246573631,2.1072517139382,7.87288399,0.2676594392366,0.0,0.0,0.0,0.0,0.0,0.0,-1.0,1.0
2.28,2.1137469384467,0.0049124671495271,2.1137469384467,7.87288399,0.26848445133087,0.0,0.0,0.0,0.0,0.0,0.0,-1.0,1.0
2.29,2.1088405620897,0.0048449520403454,2.1088405620897,7.87288399,0.26786125195904,0.0,0.0,0.0,0.0,0.0,0.0,-1.0,1.0
2.3,2.1099381914903,0.0047851986101406,2.1099381914903,7.87288399,0.26800067093206,0.0,0.0,0.0,0.0,0.0,0.0,-1.0,1.0
2.31,2.1127071616988,0.0047347207460991,2.1127071616988,7.87288399,0.26835238070094,0.0,0.0,0.0,0.0,0.0,0.0,-1.0,1.0
2.32,2.1067898028606,0.0046591579880773,2.1067898028606,7.87288399,0.26760076809675,0.0,0.0,0.0,0.0,0.0,0.0,-1.0,1.0
2.33,2.1132240293244,0.0046112589189538,2.1132240293244,7.87288399,0.26841803232571,0.0,0.0,0.0,0.0,0.0,0.0,-1.0,1.0
2.34,2.1083974643517,0.004541207641259,2.1083974643517,7.87288399,0.26780497045679,0.0,0.0,0.0,0.0,0.0,0.0,-1.0,1.0
2.35,2.1094466467718,0.0044769903544903,2.1094466467718,7.87288399,0.2679382357788,0.0,0.0,0.0,0.0,0.0,0.0,-1.0,1.0
2.36,2.1122402349334,0.0044224467423094,2.1122402349334,7.87288399,0.26829307247716,0.0,0.0,0.0,0.0,0.0,0.0,-1.0,1.0
2.37,2.1063500148513,0.0043451300777228,2.1063500148513,7.87288399,0.26754490699047,0.0,0.0,0.0,0.0,0.0,0.0,-1.0,1.0
2.38,2.1127208035549,0.0042924501485724,2.1127208035549,7.87288399,0.26835411346572,0.0,0.0,0.0,0.0,0.0,0.0,-1.0,1.0
2.39,2.1079693273412,0.0042214069584239,2.1079693273412,7.87288399,0.26775058924006,0.0,0.0,0.0,0.0,0.0,0.0,-1.0,1.0
2.4,2.1089532527548,0.0041546042492127,2.1089532527548,7.87288399,0.26787556573087,0.0,0.0,0.0,0.0,0.0,0.0,-1.0,1.0
2.41,2.1117642337313,0.0040977800788736,2.1117642337313,7.87288399,0.26823261163426,0.0,0.0,0.0,0.0,0.0,0.0,-1.0,1.0
2.42,2.1059021437782,0.0040210916523838,2.1059021437782,7.87288399,0.26748801918752,0.0,0.0,0.0,0.0,0.0,0.0,-1.0,1.0
2.43,2.112213574924,0.0039660533792366,2.112213574924,7.87288399,0.26828968616925,0.0,0.0,0.0,0.0,0.0,0.0,-1.0,1.0
2.44,2.1075307899963,0.0038966571182256,2.1075307899963,7.87288399,0.267694886991,0.0,0.0,0.0,0.0,0.0,0.0,-1.0,1.0
2.45,2.1084471663755,0.0038304905095438,2.1084471663755,7.87288399,0.26781128352122,0.0,0.0,0.0,0.0,0.0,0.0,-1.0,1.0
2.46,2.1112732404455,0.0037744921122437,2.1112732404455,7.87288399,0.26817024652303,0.0,0.0,0.0,0.0,0.0,0.0,-1.0,1.0
2.47,2.1054252652297,0.0037021806175405,2.1054252652297,7.87288399,0.2674274469056,0.0,0.0,0.0,0.0,0.0,0.0,-1.0,1.0
2.48,2.1116614233469,0.0036487987986855,2.1116614233469,7.87288399,0.26821955283847,0.0,0.0,0.0,0.0,0.0,0.0,-1.0,1.0
2.49,2.1070439338749,0.0035851541691601,2.1070439338749,7.87288399,0.26763304737517,0.0,0.0,0.0,0.0,0.0,0.0,-1.0,1.0
2.5,2.1078900084512,0.0035245976747559,2.1078900084512,7.87288399,0.26774051429294,0.0,0.0,0.0,0.0,0.0,0.0,-1.0,1.0
2.51,5.7067348165099,8.6876301218518,8.6876301218518,7.87288399,1.1034876333611,1.0,0.0,0.0,0.0,0.0,0.0,-1.0,1.0
2.52,12.720815411788,18.109491544784,18.109491544784,7.87288399,2.3002360466364,1.0,0.0,0.0,0.0,0.0,0.0,-1.0,1.0
2.53,17.561296702156,24.328751879387,24.328751879387,7.87288399,3.0901956526083,1.0,0.0,0.0,0.0,0.0,0.0,-1.0,1.0
2.54,20.77833301456,28.462888432223,28.462888432223,7.87288399,3.6153064707134,1.0,0.0,0.0,0.0,0.0,0.0,-1.0,1.0
2.55,23.031600346974,31.368679127447,31.368679127447,7.87288399,3.9843949392994,1.0,0.0,0.0,0.0,0.0,0.0,-1.0,1.0
2.56,24.465863062994,33.210616473663,33.210616473663,7.87288399,4.2183546100574,1.0,0.0,0.0,0.0,0.0,0.0,-1.0,1.0
2.57,25.515293592079,34.54421539934,34.54421539934,7.87288399,4.3877460207997,1.0,0.0,0.0,0.0,0.0,0.0,-1.0,1.0
2.58,26.258106755781,35.464594121441,35.464594121441,7.87288399,4.5046509216302,1.0,0.0,0.0,0.0,0.0,0.0,-1.0,1.0
2.59,26.768745910207,36.054002985715,36.054002985715,7.87288399,4.5795166080829,1.0,0.0,0.0,0.0,0.0,0.0,-1.0,1.0
2.6,27.22802104954,36.5464343029,36.5464343029,7.87288399,4.6420643755605,1.0,0.0,0.0,0.0,0.0,0.0,-1.0,1.0
2.61,27.585063947442,36.867980796308,36.867980796308,7.87288399,4.6829066506172,1.0,0.0,0.0,0.0,0.0,0.0,-1.0,1.0
2.62,27.932106625142,37.126037074621,37.126037074621,7.87288399,4.7156845092316,1.0,0.0,0.0,0.0,0.0,0.0,-1.0,1.0
2.63,28.327077220654,37.396700160912,37.396700160912,7.87288399,4.7500636626188,1.0,0.0,0.0,0.0,0.0,0.0,-1.0,1.0
2.64,28.706227278184,37.58273511661,37.58273511661,7.87288399,4.773693498386,1.0,0.0,0.0,0.0,0.0,0.0,-1.0,1.0
2.65,29.199248809052,37.847738917905,37.847738917905,7.87288399,4.8073538192584,1.0,0.0,0.0,0.0,0.0,0.0,-1.0,1.0
2.66,29.735618295104,38.098627930014,38.098627930014,7.87288399,4.8392213042141,1.0,0.0,0.0,0.0,0.0,0.0,-1.0,1.0
2.67,30.340513031355,38.360516972852,38.360516972852,7.87288399,4.8724859938972,1.0,0.0,0.0,0.0,0.0,0.0,-1.0,1.0
2.68,31.066923893531,38.708543666451,38.708543666451,7.87288399,4.9166917378203,1.0,0.0,0.0,0.0,0.0,0.0,-1.0,1.0
2.69,31.780202553741,38.978854757879,38.978854757879,7.87288399,4.9510261814336,1.0,0.0,0.0,0.0,0.0,0.0,-1.0,1.0
2.7,32.590288872719,39.322123503908,39.322123503908,7.87288399,4.9946275791507,1.0,0.0,0.0,0.0,0.0,0.0,-1.0,1.0
2.71,33.329819915061,39.555259603911,39.555259603911,7.87288399,5.0242401201584,1.0,0.0,0.0,0.0,0.0,0.0,-1.0,1.0
2.72,33.985048031061,39.685374327907,39.685374327907,7.87288399,5.0407670655778,1.0,0.0,0.0,0.0,0.0,0.0,-1.0,1.0
2.73,34.511552624373,39.687193186066,39.687193186066,7.87288399,5.0409980937705,1.0,0.0,0.0,0.0,0.0,0.0,-1.0,1.0
2.74,34.704771053897,39.347689581788,39.347689581788,7.87288399,4.9978749377949,1.0,0.0,0.0,0.0,0.0,0.0,-1.0,1.0
2.75,34.670479512432,38.810583645646,38.810583645646,7.87288399,4.9296526780964,1.0,0.0,0.0,0.0,0.0,0.0,-1.0,1.0
2.76,34.152060911385,37.801147490447,37.801147490447,7.87288399,4.8014358573632,1.0,0.0,0.0,0.0,0.0,0.0,-1.0,1.0
2.77,33.310022827991,36.510925206888,36.510925206888,7.87288399,4.6375540720864,1.0,0.0,0.0,0.0,0.0,0.0,-1.0,1.0
2.78,32.090245220559,34.879829012619,34.879829012619,7.87288399,4.4303750768998,1.0,0.0,0.0,0.0,0.0,0.0,-1.0,1.0
2.79,30.637699398685,33.068254986582,33.068254986582,7.87288399,4.2002721021401,1.0,0.0,0.0,0.0,0.0,0.0,-1.0,1.0
2.8,29.235866560851,31.38338206325,31.38338206325,7.87288399,3.9862624805742,1.0,0.0,0.0,0.0,0.0,0.0,-1.0,1.0
2.81,27.98757563624,29.936817838558,29.936817838558,7.87288399,3.8025224144777,1.0,0.0,0.0,0.0,0.0,0.0,-1.0,1.0
2.82,27.335009349869,29.219916354341,29.219916354341,7.87288399,3.7114628376915,1.0,0.0,0.0,0.0,0.0,0.0,-1.0,1.0
2.83,27.167098333594,29.117358000447,29.117358000447,7.87288399,3.6984360543648,1.0,0.0,0.0,0.0,0.0,0.0,-1.0,1.0
2.84,27.670427858919,29.847027478884,29.847027478884,7.87288399,3.7911173995191,1.0,0.0,0.0,0.0,0.0,0.0,-1.0,1.0
2.85,28.439601926041,30.96192985729,30.96192985729,7.87288399,3.9327303560699,1.0,0.0,0.0,0.0,0.0,0.0,-1.0,1.0
2.86,29.389898369824,32.377112144046,32.377112144046,7.87288399,4.1124843431162,1.0,0.0,0.0,0.0,0.0,0.0,-1.0,1.0
2.87,30.188360056136,33.718424825888,33.718424825888,7.87288399,4.2828555417197,1.0,0.0,0.0,0.0,0.0,0.0,-1.0,1.0
2.88,30.708458320868,34.844907328653,34.844907328653,7.87288399,4.4259393854796,1.0,0.0,0.0,0.0,0.0,0.0,-1.0,1.0
2.89,30.909907495694,35.705175779594,35.705175779594,7.87288399,4.5352091844547,1.0,0.0,0.0,0.0,0.0,0.0,-1.0,1.0
2.9,30.677278069798,36.148546026028,36.148546026028,7.87288399,4.5915253002512,1.0,0.0,0.0,0.0,0.0,0.0,-1.0,1.0
2.91,30.181344269244,36.362193307667,36.362193307667,7.87288399,4.6186624055243,1.0,0.0,0.0,0.0,0.0,0.0,-1.0,1.0
2.92,29.34406022119,36.217567345279,36.217567345279,7.87288399,4.6002922679011,1.0,0.0,0.0,0.0,0.0,0.0,-1.0,1.0
2.93,28.378563131866,35.939046511993,35.939046511993,7.87288399,4.5649150371887,1.0,0.0,0.0,0.0,0.0,0.0,-1.0,1.0
2.94,27.305344276041,35.507433511877,35.507433511877,7.87288399,4.5100923063236,1.0,0.0,0.0,0.0,0.0,0.0,-1.0,1.0
2.95,26.252418199036,35.022173613292,35.022173613292,7.87288399,4.4484554399349,1.0,0.0,0.0,0.0,0.0,0.0,-1.0,1.0
2.96,25.351317633362,34.603752613032,34.603752613032,7.87288399,4.3953083338945,1.0,0.0,0.0,0.0,0.0,0.0,-1.0,1.0
2.97,24.626607172417,34.202542807287,34.202542807287,7.87288399,4.3443473637781,1.0,0.0,0.0,0.0,0.0,0.0,-1.0,1.0
2.98,24.263440313648,34.011788733149,34.011788733149,7.87288399,4.3201181138132,1.0,0.0,0.0,0.0,0.0,0.0,-1.0,1.0
2.99,24.222278855017,33.930462912597,33.930462912597,7.87288399,4.3097882498579,1.0,0.0,0.0,0.0,0.0,0.0,-1.0,1.0
3.0,24.613545263179,34.080583519718,34.080583519718,7.87288399,4.3288563076767,1.0,0.0,0.0,0.0,0.0,0.0,-1.0,1.0
3.01,25.391223649697,34.429268835526,34.429268835526,7.87288399,4.3731457086446,1.0,0.0,0.0,0.0,0.0,0.0,-1.0,1.0
3.02,26.476724873106,34.912374876946,34.912374876946,7.87288399,4.434508995851,1.0,0.0,0.0,0.0,0.0,0.0,-1.0,1.0
3.03,27.854045499151,35.589179013897,35.589179013897,7.87288399,4.5204754774872,1.0,0.0,0.0,0.0,0.0,0.0,-1.0,1.0
3.04,29.26164909511,36.213581575119,36.213581575119,7.87288399,4.5997860023236,1.0,0.0,0.0,0.0,0.0,0.0,-1.0,1.0
3.05,30.6670871603,36.83006636147,36.83006636147,7.87288399,4.6780908251984,1.0,0.0,0.0,0.0,0.0,0.0,-1.0,1.0
3.06,31.772406441987,37.154944237453,37.154944237453,7.87288399,4.7193562466621,1.0,0.0,0.0,0.0,0.0,0.0,-1.0,1.0
3.07,32.455928828705,37.104506050218,37.104506050218,7.87288399,4.7129496760459,1.0,0.0,0.0,0.0,0.0,0.0,-1.0,1.0
3.08,32.586314100332,36.564611337023,36.564611337023,7.87288399,4.6443731907477,1.0,0.0,0.0,0.0,0.0,0.0,-1.0,1.0
3.09,31.990812418507,35.363200845543,35.363200845543,7.87288399,4.4917721244795,1.0,0.0,0.0,0.0,0.0,0.0,-1.0,1.0
3.1,30.875249113151,33.729043175744,33.729043175744,7.87288399,4.284204266008,1.0,0.0,0.0,0.0,0.0,0.0,-1.0,1.0
3.11,29.229449401518,31.638943229512,31.638943229512,7.87288399,4.0187234144057,1.0,0.0,0.0,0.0,0.0,0.0,-1.0,1.0
3.12,27.616081851457,29.697132635446,29.697132635446,7.87288399,3.7720780178099,1.0,0.0,0.0,0.0,0.0,0.0,-1.0,1.0
3.13,26.268063344037,28.145398973494,28.145398973494,7.87288399,3.5749795131293,1.0,0.0,0.0,0.0,0.0,0.0,-1.0,1.0
3.14,25.718723188992,27.576130716286,27.576130716286,7.87288399,3.5026720514761,1.0,0.0,0.0,0.0,0.0,0.0,-1.0,1.0
3.15,25.946261767302,27.973482780705,27.973482780705,7.87288399,3.5531430180143,1.0,0.0,0.0,0.0,0.0,0.0,-1.0,1.0
3.16,26.816969479087,29.208122703304,29.208122703304,7.87288399,3.7099648286961,1.0,0.0,0.0,0.0,0.0,0.0,-1.0,1.0
3.17,27.914305760608,30.826132967542,30.826132967542,7.87288399,3.9154816718621,1.0,0.0,0.0,0.0,0.0,0.0,-1.0,1.0
3.18,28.82978923207,32.383991922702,32.383991922702,7.87288399,4.113358200608,1.0,0.0,0.0,0.0,0.0,0.0,-1.0,1.0
3.19,29.378162484075,33.679987595419,33.679987595419,7.87288399,4.2779733117112,1.0,0.0,0.0,0.0,0.0,0.0,-1.0,1.0
3.2,29.322253226326,34.432376168892,34.432376168892,7.87288399,4.373540396712,1.0,0.0,0.0,0.0,0.0,0.0,-1.0,1.0
3.21,28.793459117504,34.780116380378,34.780116380378,7.87288399,4.4177097521766,1.0,0.0,0.0,0.0,0.0,0.0,-1.0,1.0
3.22,27.751889696471,34.621977091316,34.621977091316,7.87288399,4.3976231753563,1.0,0.0,0.0,0.0,0.0,0.0,-1.0,1.0
3.23,26.475806089781,34.222098375536,34.222098375536,7.87288399,4.3468312779668,1.0,0.0,0.0,0.0,0.0,0.0,-1.0,1.0
3.24,25.111592426924,33.646321238955,33.646321238955,7.87288399,4.2736970698022,1.0,0.0,0.0,0.0,0.0,0.0,-1.0,1.0
3.25,23.943773133108,33.093221005064,33.093221005064,7.87288399,4.2034432422856,1.0,0.0,0.0,0.0,0.0,0.0,-1.0,1.0
3.26,23.232403035153,32.742363683772,32.742363683772,7.87288399,4.1588779569673,1.0,0.0,0.0,0.0,0.0,0.0,-1.0,1.0
3.27,23.117158406316,32.618972216817,32.618972216817,7.87288399,4.1432049879369,1.0,0.0,0.0,0.0,0.0,0.0,-1.0,1.0
3.28,23.755104210838,32.902007288007,32.902007288007,7.87288399,4.1791556092785,1.0,0.0,0.0,0.0,0.0,0.0,-1.0,1.0
3.29,24.95842588054,33.429555792706,33.429555792706,7.87288399,4.246163900696,1.0,0.0,0.0,0.0,0.0,0.0,-1.0,1.0
3.3,26.612889589887,34.223533087004,34.223533087004,7.87288399,4.3470135125164,1.0,0.0,0.0,0.0,0.0,0.0,-1.0,1.0
3.31,28.369514056955,35.039534975359,35.039534975359,7.87288399,4.4506606498795,1.0,0.0,0.0,0.0,0.0,0.0,-1.0,1.0
3.32,29.923858218359,35.661472359309,35.661472359309,7.87288399,4.5296580521961,1.0,0.0,0.0,0.0,0.0,0.0,-1.0,1.0
3.33,31.065552502287,35.943724060481,35.943724060481,7.87288399,4.5655091712435,1.0,0.0,0.0,0.0,0.0,0.0,-1.0,1.0
3.34,31.450489766842,35.550240518869,35.550240518869,7.87288399,4.5155295777284,1.0,0.0,0.0,0.0,0.0,0.0,-1.0,1.0
3.35,31.141236396664,34.57413860827,34.57413860827,7.87288399,4.3915468146343,1.0,0.0,0.0,0.0,0.0,0.0,-1.0,1.0
3.36,29.995137749175,32.851082388408,32.851082388408,7.87288399,4.1726872173063,1.0,0.0,0.0,0.0,0.0,0.0,-1.0,1.0
3.37,28.404205397352,30.79549952049,30.79549952049,7.87288399,3.9115906648194,1.0,0.0,0.0,0.0,0.0,0.0,-1.0,1.0
3.38,26.647854182,28.684874589294,28.684874589294,7.87288399,3.643502765407,1.0,0.0,0.0,0.0,0.0,0.0,-1.0,1.0
3.39,25.319355449532,27.157087939375,27.157087939375,7.87288399,3.4494459684494,1.0,0.0,0.0,0.0,0.0,0.0,-1.0,1.0
3.4,24.803818373483,26.63194221215,26.63194221215,7.87288399,3.3827428736379,1.0,0.0,0.0,0.0,0.0,0.0,-1.0,1.0
3.41,25.177117306628,27.211553379903,27.211553379903,7.87288399,3.4563640737583,1.0,0.0,0.0,0.0,0.0,0.0,-1.0,1.0
3.42,26.202703510073,28.648740086392,28.648740086392,7.87288399,3.6389130238399,1.0,0.0,0.0,0.0,0.0,0.0,-1.0,1.0
3.43,27.320952075757,30.339582607764,30.339582607764,7.87288399,3.8536808933423,1.0,0.0,0.0,0.0,0.0,0.0,-1.0,1.0
3.44,28.229171219365,31.96190164226,31.96190164226,7.87288399,4.0597450289954,1.0,0.0,0.0,0.0,0.0,0.0,-1.0,1.0
3.45,28.528739696838,33.065309045557,33.065309045557,7.87288399,4.1998979138466,1.0,0.0,0.0,0.0,0.0,0.0,-1.0,1.0
3.46,28.267805536388,33.701465832232,33.701465832232,7.87288399,4.2807014399093,1.0,0.0,0.0,0.0,0.0,0.0,-1.0,1.0
3.47,27.367954248972,33.733539108716,33.733539108716,7.87288399,4.2847753315766,1.0,0.0,0.0,0.0,0.0,0.0,-1.0,1.0
3.48,26.094333332431,33.407555389112,33.407555389112,7.87288399,4.2433694477838,1.0,0.0,0.0,0.0,0.0,0.0,-1.0,1.0
3.49,24.634928888316,32.828009811191,32.828009811191,7.87288399,4.1697565787695,1.0,0.0,0.0,0.0,0.0,0.0,-1.0,1.0
3.5,23.324808291116,32.22449731571,32.22449731571,7.87288399,4.093099473667,1.0,0.0,0.0,0.0,0.0,0.0,-1.0,1.0
3.51,22.50042534857,31.826271512372,31.826271512372,7.87288399,4.0425175263343,1.0,0.0,0.0,0.0,0.0,0.0,-1.0,1.0
3.52,22.366436921993,31.696832907912,31.696832907912,7.87288399,4.0260764604398,1.0,0.0,0.0,0.0,0.0,0.0,-1.0,1.0
3.53,23.094416224742,32.022540390108,32.022540390108,7.87288399,4.0674472570385,1.0,0.0,0.0,0.0,0.0,0.0,-1.0,1.0
3.54,24.463332087606,32.634999472574,32.634999472574,7.87288399,4.1452407420236,1.0,0.0,0.0,0.0,0.0,0.0,-1.0,1.0
3.55,26.282585955675,33.51371381753,33.51371381753,7.87288399,4.2568535063007,1.0,0.0,0.0,0.0,0.0,0.0,-1.0,1.0
3.56,28.124483342715,34.358841466461,34.358841466461,7.87288399,4.3642001469986,1.0,0.0,0.0,0.0,0.0,0.0,-1.0,1.0
3.57,29.640003337719,34.917323457088,34.917323457088,7.87288399,4.435137555874,1.0,0.0,0.0,0.0,0.0,0.0,-1.0,1.0
3.58,30.582592863813,35.00013623882,35.00013623882,7.87288399,4.4456562910461,1.0,0.0,0.0,0.0,0.0,0.0,-1.0,1.0
3.59,30.63112869203,34.290748374882,34.290748374882,7.87288399,4.3555510812096,1.0,0.0,0.0,0.0,0.0,0.0,-1.0,1.0
3.6,29.898309667903,32.922962116655,32.922962116655,7.87288399,4.1818172550838,1.0,0.0,0.0,0.0,0.0,0.0,-1.0,1.0
3.61,28.352679067991,30.842951479795,30.842951479795,7.87288399,3.9176179299697,1.0,0.0,0.0,0.0,0.0,0.0,-1.0,1.0
3.62,26.552025616899,28.636600416884,28.636600416884,7.87288399,3.6373710641815,1.0,0.0,0.0,0.0,0.0,0.0,-1.0,1.0
3.63,24.904774922814,26.720772844739,26.720772844739,7.87288399,3.3940259857353,1.0,0.0,0.0,0.0,0.0,0.0,-1.0,1.0
3.64,24.088723456566,25.835295707699,25.835295707699,7.87288399,3.281554223397,1.0,0.0,0.0,0.0,0.0,0.0,-1.0,1.0
3.65,24.261379369259,26.161487749131,26.161487749131,7.87288399,3.3229865678652,1.0,0.0,0.0,0.0,0.0,0.0,-1.0,1.0
3.66,25.23879052763,27.521884602476,27.521884602476,7.87288399,3.4957818046645,1.0,0.0,0.0,0.0,0.0,0.0,-1.0,1.0
3.67,26.480347411945,29.334528681499,29.334528681499,7.87288399,3.726020695689,1.0,0.0,0.0,0.0,0.0,0.0,-1.0,1.0
3.68,27.448054259435,31.020976084252,31.020976084252,7.87288399,3.9402303048863,1.0,0.0,0.0,0.0,0.0,0.0,-1.0,1.0
3.69,27.87351856057,32.290613026546,32.290613026546,7.87288399,4.1014973760011,1.0,0.0,0.0,0.0,0.0,0.0,-1.0,1.0
3.7,27.543824796654,32.885026634461,32.885026634461,7.87288399,4.1769987562666,1.0,0.0,0.0,0.0,0.0,0.0,-1.0,1.0
3.71,26.619401687698,32.958834866379,32.958834866379,7.87288399,4.1863737492185,1.0,0.0,0.0,0.0,0.0,0.0,-1.0,1.0
3.72,25.191668027164,32.519025201367,32.519025201367,7.87288399,4.1305098922672,1.0,0.0,0.0,0.0,0.0,0.0,-1.0,1.0
3.73,23.675229962543,31.917517471701,31.917517471701,7.87288399,4.0541074290237,1.0,0.0,0.0,0.0,0.0,0.0,-1.0,1.0
3.74,22.383672502756,31.31012001942,31.31012001942,7.87288399,3.976956863481,1.0,0.0,0.0,0.0,0.0,0.0,-1.0,1.0
3.75,21.757442408955,30.980740862026,30.980740862026,7.87288399,3.9351196970992,1.0,0.0,0.0,0.0,0.0,0.0,-1.0,1.0
3.76,22.038644649231,31.077636354679,31.077636354679,7.87288399,3.9474271936629,1.0,0.0,0.0,0.0,0.0,0.0,-1.0,1.0
3.77,23.187810401913,31.573207773125,31.573207773125,7.87288399,4.0103738113286,1.0,0.0,0.0,0.0,0.0,0.0,-1.0,1.0
3.78,25.003288409139,32.455301204004,32.455301204004,7.87288399,4.1224157812091,1.0,0.0,0.0,0.0,0.0,0.0,-1.0,1.0
3.79,26.949216112994,33.346137046312,33.346137046312,7.87288399,4.2355681969489,1.0,0.0,0.0,0.0,0.0,0.0,-1.0,1.0
3.8,28.699800897015,34.080650607527,34.080650607527,7.87288399,4.3288648290532,1.0,0.0,0.0,0.0,0.0,0.0,-1.0,1.0
3.81,29.776944915545,34.233439663643,34.233439663643,7.87288399,4.3482718286115,1.0,0.0,0.0,0.0,0.0,0.0,-1.0,1.0
3.82,29.985050530681,33.647128716955,33.647128716955,7.87288399,4.27379963425,1.0,0.0,0.0,0.0,0.0,0.0,-1.0,1.0
3.83,29.256337479209,32.251988902445,32.251988902445,7.87288399,4.0965914070893,1.0,0.0,0.0,0.0,0.0,0.0,-1.0,1.0
3.84,27.696024289578,30.146575576881,30.146575576881,7.87288399,3.8291654767392,1.0,0.0,0.0,0.0,0.0,0.0,-1.0,1.0
3.85,25.855576342598,27.897628495662,27.897628495662,7.87288399,3.5435081389611,1.0,0.0,0.0,0.0,0.0,0.0,-1.0,1.0
3.86,24.214951026835,26.000995156886,26.000995156886,7.87288399,3.3026010785771,1.0,0.0,0.0,0.0,0.0,0.0,-1.0,1.0
3.87,23.543705167926,25.291953908611,25.291953908611,7.87288399,3.2125398952577,1.0,0.0,0.0,0.0,0.0,0.0,-1.0,1.0
3.88,23.857948530146,25.802103347562,25.802103347562,7.87288399,3.277338187675,1.0,0.0,0.0,0.0,0.0,0.0,-1.0,1.0
3.89,24.996537825305,27.380150542373,27.380150542373,7.87288399,3.4777789914281,1.0,0.0,0.0,0.0,0.0,0.0,-1.0,1.0
3.9,26.197504991943,29.200560619091,29.200560619091,7.87288399,3.7090043059419,1.0,0.0,0.0,0.0,0.0,0.0,-1.0,1.0
3.91,27.07664384432,30.861625322421,30.861625322421,7.87288399,3.9199898489068,1.0,0.0,0.0,0.0,0.0,0.0,-1.0,1.0
3.92,27.229183011754,31.907257263077,31.907257263077,7.87288399,4.0528041952104,1.0,0.0,0.0,0.0,0.0,0.0,-1.0,1.0
3.93,26.653941523373,32.319759714781,32.319759714781,7.87288399,4.1051995375307,1.0,0.0,0.0,0.0,0.0,0.0,-1.0,1.0
3.94,25.44715396797,32.148460446131,32.148460446131,7.87288399,4.0834414030443,1.0,0.0,0.0,0.0,0.0,0.0,-1.0,1.0
3.95,23.885895018263,31.581974039704,31.581974039704,7.87288399,4.0114872872277,1.0,0.0,0.0,0.0,0.0,0.0,-1.0,1.0
3.96,22.42003500484,30.960217058674,30.960217058674,7.87288399,3.9325127993756,1.0,0.0,0.0,0.0,0.0,0.0,-1.0,1.0
3.97,21.448417358552,30.468586242855,30.468586242855,7.87288399,3.8700667101859,1.0,0.0,0.0,0.0,0.0,0.0,-1.0,1.0
3.98,21.424032643691,30.435337875005,30.435337875005,7.87288399,3.8658435604619,1.0,0.0,0.0,0.0,0.0,0.0,-1.0,1.0
3.99,22.356937253449,30.825491461571,30.825491461571,7.87288399,3.915400188892,1.0,0.0,0.0,0.0,0.0,0.0,-1.0,1.0
4.0,24.082121220044,31.644750134379,31.644750134379,7.87288399,4.0194609973389,1.0,0.0,0.0,0.0,0.0,0.0,-1.0,1.0
4.01,26.101102331853,32.603566377939,32.603566377939,7.87288399,4.141248165139,1.0,0.0,0.0,0.0,0.0,0.0,-1.0,1.0
4.02,27.910570253908,33.362198437918,33.362198437918,7.87288399,4.2376082869117,1.0,0.0,0.0,0.0,0.0,0.0,-1.0,1.0
4.03,29.158891536849,33.667235654517,33.667235654517,7.87288399,4.2763535824078,1.0,0.0,0.0,0.0,0.0,0.0,-1.0,1.0
4.04,29.449285423325,33.138436502316,33.138436502316,7.87288399,4.2091864359246,1.0,0.0,0.0,0.0,0.0,0.0,-1.0,1.0
4.05,28.848381279434,31.86282388373,31.86282388373,7.87288399,4.0471603448243,1.0,0.0,0.0,0.0,0.0,0.0,-1.0,1.0
4.06,27.351481391962,29.810346131539,29.810346131539,7.87288399,3.7864581987241,1.0,0.0,0.0,0.0,0.0,0.0,-1.0,1.0
4.07,25.534574585651,27.578168836116,27.578168836116,7.87288399,3.5029309299038,1.0,0.0,0.0,0.0,0.0,0.0,-1.0,1.0
4.08,23.902516578005,25.681424434552,25.681424434552,7.87288399,3.262009762518,1.0,0.0,0.0,0.0,0.0,0.0,-1.0,1.0
4.09,23.158334982666,24.884401663019,24.884401663019,7.87288399,3.1607733194884,1.0,0.0,0.0,0.0,0.0,0.0,-1.0,1.0
4.1,23.459978971755,25.369751022728,25.369751022728,7.87288399,3.222421549073,1.0,0.0,0.0,0.0,0.0,0.0,-1.0,1.0
4.11,24.529126123931,26.85827743745,26.85827743745,7.87288399,3.4114915793965,1.0,0.0,0.0,0.0,0.0,0.0,-1.0,1.0
4.12,25.766979951143,28.706766466584,28.706766466584,7.87288399,3.6462834334974,1.0,0.0,0.0,0.0,0.0,0.0,-1.0,1.0
4.13,26.617290834164,30.316988188705,30.316988188705,7.87288399,3.8508109896212,1.0,0.0,0.0,0.0,0.0,0.0,-1.0,1.0
4.14,26.832637182903,31.419294414107,31.419294414107,7.87288399,3.9908240047758,1.0,0.0,0.0,0.0,0.0,0.0,-1.0,1.0
4.15,26.25674288955,31.80938823037,31.80938823037,7.87288399,4.0403730412863,1.0,0.0,0.0,0.0,0.0,0.0,-1.0,1.0
4.16,25.102597912505,31.682576210268,31.682576210268,7.87288399,4.024265599558,1.0,0.0,0.0,0.0,0.0,0.0,-1.0,1.0
4.17,23.555634703024,31.11860287011,31.11860287011,7.87288399,3.952630689038,1.0,0.0,0.0,0.0,0.0,0.0,-1.0,1.0
4.18,22.107342511512,30.505280206549,30.505280206549,7.87288399,3.8747275134876,1.0,0.0,0.0,0.0,0.0,0.0,-1.0,1.0
4.19,21.141778793236,30.032300229272,30.032300229272,7.87288399,3.8146504212966,1.0,0.0,0.0,0.0,0.0,0.0,-1.0,1.0
4.2,21.073665655972,29.96137992176,29.96137992176,7.87288399,3.8056422474681,1.0,0.0,0.0,0.0,0.0,0.0,-1.0,1.0
4.21,21.989571061632,30.370289640994,30.370289640994,7.87288399,3.8575812471731,1.0,0.0,0.0,0.0,0.0,0.0,-1.0,1.0
4.22,23.630001301276,31.127035623928,31.127035623928,7.87288399,3.9537018027276,1.0,0.0,0.0,0.0,0.0,0.0,-1.0,1.0
4.23,25.633916799303,32.103180020398,32.103180020398,7.87288399,4.0776899623029,1.0,0.0,0.0,0.0,0.0,0.0,-1.0,1.0
4.24,27.416611729164,32.853599316968,32.853599316968,7.87288399,4.1730069131843,1.0,0.0,0.0,0.0,0.0,0.0,-1.0,1.0
4.25,28.692605259492,33.201926033686,33.201926033686,7.87288399,4.217250765521,1.0,0.0,0.0,0.0,0.0,0.0,-1.0,1.0
4.26,29.080756477932,32.781706247824,32.781706247824,7.87288399,4.1638751808693,1.0,0.0,0.0,0.0,0.0,0.0,-1.0,1.0
4.27,28.550416989588,31.577896633298,31.577896633298,7.87288399,4.010969382174,1.0,0.0,0.0,0.0,0.0,0.0,-1.0,1.0
4.28,27.209073845294,29.685288400565,29.685288400565,7.87288399,3.7705735837428,1.0,0.0,0.0,0.0,0.0,0.0,-1.0,1.0
4.29,25.398379017078,27.447026016282,27.447026016282,7.87288399,3.4862733975434,1.0,0.0,0.0,0.0,0.0,0.0,-1.0,1.0
4.3,23.78603248145,25.557628283864,25.557628283864,7.87288399,3.2462853912654,1.0,0.0,0.0,0.0,0.0,0.0,-1.0,1.0
4.31,22.864312449068,24.545127485119,24.545127485119,7.87288399,3.1176793048515,1.0,0.0,0.0,0.0,0.0,0.0,-1.0,1.0
4.32,23.053775683022,24.88137683468,24.88137683468,7.87288399,3.1603891110658,1.0,0.0,0.0,0.0,0.0,0.0,-1.0,1.0
4.33,23.98246229833,26.177255548537,26.177255548537,7.87288399,3.3249893662585,1.0,0.0,0.0,0.0,0.0,0.0,-1.0,1.0
4.34,25.24528380284,28.00941641532,28.00941641532,7.87288399,3.5577072456417,1.0,0.0,0.0,0.0,0.0,0.0,-1.0,1.0
4.35,26.16696703256,29.641488891736,29.641488891736,7.87288399,3.7650102464847,1.0,0.0,0.0,0.0,0.0,0.0,-1.0,1.0
4.36,26.540706297768,30.857239929994,30.857239929994,7.87288399,3.9194328240056,1.0,0.0,0.0,0.0,0.0,0.0,-1.0,1.0
4.37,26.148669767723,31.389596484095,31.389596484095,7.87288399,3.9870518254766,1.0,0.0,0.0,0.0,0.0,0.0,-1.0,1.0
4.38,25.141552515619,31.369645481543,31.369645481543,7.87288399,3.9845176839121,1.0,0.0,0.0,0.0,0.0,0.0,-1.0,1.0
4.39,23.707441809771,30.9171179498,30.9171179498,7.87288399,3.9270384256989,1.0,0.0,0.0,0.0,0.0,0.0,-1.0,1.0
4.4,22.212024899172,30.284149114883,30.284149114883,7.87288399,3.8466398277111,1.0,0.0,0.0,0.0,0.0,0.0,-1.0,1.0
4.41,21.096364178645,29.775420959751,29.775420959751,7.87288399,3.7820220642869,1.0,0.0,0.0,0.0,0.0,0.0,-1.0,1.0
4.42,20.703085851568,29.540772955152,29.540772955152,7.87288399,3.752217483793,1.0,0.0,0.0,0.0,0.0,0.0,-1.0,1.0
4.43,21.291350638832,29.801097855449,29.801097855449,7.87288399,3.7852834988172,1.0,0.0,0.0,0.0,0.0,0.0,-1.0,1.0
4.44,22.663961309843,30.422509303516,30.422509303516,7.87288399,3.8642140976747,1.0,0.0,0.0,0.0,0.0,0.0,-1.0,1.0
4.45,24.545472412992,31.337474213839,31.337474213839,7.87288399,3.9804313455708,1.0,0.0,0.0,0.0,0.0,0.0,-1.0,1.0
4.46,26.432269602185,32.208612593128,32.208612593128,7.87288399,4.0910818238956,1.0,0.0,0.0,0.0,0.0,0.0,-1.0,1.0
4.47,27.918302280324,32.741747382535,32.741747382535,7.87288399,4.1587996754586,1.0,0.0,0.0,0.0,0.0,0.0,-1.0,1.0
4.48,28.726907834652,32.713618562057,32.713618562057,7.87288399,4.155226801717,1.0,0.0,0.0,0.0,0.0,0.0,-1.0,1.0
4.49,28.586509489863,31.854976333904,31.854976333904,7.87288399,4.0461635627257,1.0,0.0,0.0,0.0,0.0,0.0,-1.0,1.0
4.5,27.645113392352,30.32429440252,30.32429440252,7.87288399,3.8517390121635,1.0,0.0,0.0,0.0,0.0,0.0,-1.0,1.0
4.51,25.993195947697,28.191677593734,28.191677593734,7.87288399,3.5808577427969,1.0,0.0,0.0,0.0,0.0,0.0,-1.0,1.0
4.52,24.263516037842,26.117200003263,26.117200003263,7.87288399,3.3173612155898,1.0,0.0,0.0,0.0,0.0,0.0,-1.0,1.0
4.53,22.921102808814,24.583123391639,24.583123391639,7.87288399,3.1225054786612,1.0,0.0,0.0,0.0,0.0,0.0,-1.0,1.0
4.54,22.564078016362,24.248824880416,24.248824880416,7.87288399,3.0800434645317,1.0,0.0,0.0,0.0,0.0,0.0,-1.0,1.0
4.55,23.130483733867,25.059268989644,25.059268989644,7.87288399,3.1829846624787,1.0,0.0,0.0,0.0,0.0,0.0,-1.0,1.0
4.56,24.287056818621,26.67212981597,26.67212981597,7.87288399,3.3878474330181,1.0,0.0,0.0,0.0,0.0,0.0,-1.0,1.0
4.57,25.433671926362,28.438178672887,28.438178672887,7.87288399,3.6121678801579,1.0,0.0,0.0,0.0,0.0,0.0,-1.0,1.0
4.58,26.144953232646,29.900546314758,29.900546314758,7.87288399,3.797915268755,1.0,0.0,0.0,0.0,0.0,0.0,-1.0,1.0
4.59,26.21880865497,30.833102589039,30.833102589039,7.87288399,3.9163669410348,1.0,0.0,0.0,0.0,0.0,0.0,-1.0,1.0
4.6,25.574540558766,31.115547223186,31.115547223186,7.87288399,3.9522425660925,1.0,0.0,0.0,0.0,0.0,0.0,-1.0,1.0
4.61,24.415699852048,30.93190935598,30.93190935598,7.87288399,3.9289172043268,1.0,0.0,0.0,0.0,0.0,0.0,-1.0,1.0
4.62,22.925658983741,30.368491216373,30.368491216373,7.87288399,3.8573528144129,1.0,0.0,0.0,0.0,0.0,0.0,-1.0,1.0
4.63,21.548198748472,29.77929308548,29.77929308548,7.87288399,3.7825138949468,1.0,0.0,0.0,0.0,0.0,0.0,-1.0,1.0
4.64,20.612823466689,29.316527627391,29.316527627391,7.87288399,3.7237342331766,1.0,0.0,0.0,0.0,0.0,0.0,-1.0,1.0
4.65,20.501824941356,29.232362501842,29.232362501842,7.87288399,3.7130437256502,1.0,0.0,0.0,0.0,0.0,0.0,-1.0,1.0
4.66,21.292573001832,29.581226438701,29.581226438701,7.87288399,3.7573558147529,1.0,0.0,0.0,0.0,0.0,0.0,-1.0,1.0
4.67,22.797724246089,30.281962088061,30.281962088061,7.87288399,3.8463620353767,1.0,0.0,0.0,0.0,0.0,0.0,-1.0,1.0
4.68,24.701832743563,31.222312509095,31.222312509095,7.87288399,3.96580370659,1.0,0.0,0.0,0.0,0.0,0.0,-1.0,1.0
4.69,26.491665800484,32.022123129548,32.022123129548,7.87288399,4.0673942573296,1.0,0.0,0.0,0.0,0.0,0.0,-1.0,1.0
4.7,27.897757461994,32.522059871569,32.522059871569,7.87288399,4.130895350786,1.0,0.0,0.0,0.0,0.0,0.0,-1.0,1.0
4.71,28.530317710989,32.352100748322,32.352100748322,7.87288399,4.1093074392325,1.0,0.0,0.0,0.0,0.0,0.0,-1.0,1.0
4.72,28.325931623219,31.469938848524,31.469938848524,7.87288399,3.9972567725496,1.0,0.0,0.0,0.0,0.0,0.0,-1.0,1.0
4.73,27.280770874743,29.858434088575,29.858434088575,7.87288399,3.7925662471974,1.0,0.0,0.0,0.0,0.0,0.0,-1.0,1.0
4.74,25.640159376727,27.762197208632,27.762197208632,7.87288399,3.5263058929733,1.0,0.0,0.0,0.0,0.0,0.0,-1.0,1.0
4.75,23.925704229592,25.715923285414,25.715923285414,7.87288399,3.2663917464144,1.0,0.0,0.0,0.0,0.0,0.0,-1.0,1.0
4.76,22.628368822047,24.237773250049,24.237773250049,7.87288399,3.0786397057082,1.0,0.0,0.0,0.0,0.0,0.0,-1.0,1.0
4.77,22.306724915975,23.939941362386,23.939941362386,7.87288399,3.040809618533,1.0,0.0,0.0,0.0,0.0,0.0,-1.0,1.0
4.78,22.858915098666,24.727526335533,24.727526335533,7.87288399,3.1408472888641,1.0,0.0,0.0,0.0,0.0,0.0,-1.0,1.0
4.79,24.030620402028,26.34065631608,26.34065631608,7.87288399,3.3457442469033,1.0,0.0,0.0,0.0,0.0,0.0,-1.0,1.0
4.8,25.157144288823,28.057876226594,28.057876226594,7.87288399,3.5638625263921,1.0,0.0,0.0,0.0,0.0,0.0,-1.0,1.0
4.81,25.946431535423,29.572920976261,29.572920976261,7.87288399,3.7563008693922,1.0,0.0,0.0,0.0,0.0,0.0,-1.0,1.0
4.82,26.066728035287,30.508147660532,30.508147660532,7.87288399,3.8750917324938,1.0,0.0,0.0,0.0,0.0,0.0,-1.0,1.0
4.83,25.559177410971,30.897320922437,30.897320922437,7.87288399,3.9245238417945,1.0,0.0,0.0,0.0,0.0,0.0,-1.0,1.0
4.84,24.478541688073,30.751678839304,30.751678839304,7.87288399,3.9060246382856,1.0,0.0,0.0,0.0,0.0,0.0,-1.0,1.0
4.85,23.066958096312,30.257203700687,30.257203700687,7.87288399,3.8432172681725,1.0,0.0,0.0,0.0,0.0,0.0,-1.0,1.0
4.86,21.650001973459,29.656820468571,29.656820468571,7.87288399,3.7669576366476,1.0,0.0,0.0,0.0,0.0,0.0,-1.0,1.0
4.87,20.5529733474,29.119559021339,29.119559021339,7.87288399,3.6987156242015,1.0,0.0,0.0,0.0,0.0,0.0,-1.0,1.0
4.88,20.16269596182,28.920395651882,28.920395651882,7.87288399,3.6734182402048,1.0,0.0,0.0,0.0,0.0,0.0,-1.0,1.0
4.89,20.5860755722,29.070805901804,29.070805901804,7.87288399,3.6925230879471,1.0,0.0,0.0,0.0,0.0,0.0,-1.0,1.0
4.9,21.825302803632,29.658006537108,29.658006537108,7.87288399,3.7671082890055,1.0,0.0,0.0,0.0,0.0,0.0,-1.0,1.0
4.91,23.54922304728,30.494371607874,30.494371607874,7.87288399,3.8733419223003,1.0,0.0,0.0,0.0,0.0,0.0,-1.0,1.0
4.92,25.40642683258,31.390236810608,31.390236810608,7.87288399,3.987133158634,1.0,0.0,0.0,0.0,0.0,0.0,-1.0,1.0
4.93,27.050054803314,32.112333625954,32.112333625954,7.87288399,4.0788526373235,1.0,0.0,0.0,0.0,0.0,0.0,-1.0,1.0
4.94,28.102250894331,32.326820901835,32.326820901835,7.87288399,4.1060964372009,1.0,0.0,0.0,0.0,0.0,0.0,-1.0,1.0
4.95,28.458458100014,31.96240761417,31.96240761417,7.87288399,4.0598092966654,1.0,0.0,0.0,0.0,0.0,0.0,-1.0,1.0
4.96,27.911372656733,30.795801073731,30.795801073731,7.87288399,3.9116289675864,1.0,0.0,0.0,0.0,0.0,0.0,-1.0,1.0
4.97,26.68759547051,29.063425659155,29.063425659155,7.87288399,3.6915856623914,1.0,0.0,0.0,0.0,0.0,0.0,-1.0,1.0
4.98,24.971188940336,26.934647812787,26.934647812787,7.87288399,3.421192011339,1.0,0.0,0.0,0.0,0.0,0.0,-1.0,1.0
4.99,23.32746847596,25.002425159628,25.002425159628,7.87288399,3.175764458283,1.0,0.0,0.0,0.0,0.0,0.0,-1.0,1.0
5.0,22.247103871581,23.785510819369,23.785510819369,7.87288399,3.0211941201701,1.0,0.0,0.0,0.0,0.0,0.0,-1.0,1.0
5.01,22.098333048235,23.697807140646,23.697807140646,7.87288399,3.0100541517881,1.0,0.0,0.0,0.0,0.0,0.0,-1.0,1.0
5.02,22.82567352755,24.69239857668,24.69239857668,7.87288399,3.136385422171,1.0,0.0,0.0,0.0,0.0,0.0,-1.0,1.0
5.03,23.979397255488,26.292497052257,26.292497052257,7.87288399,3.3396271411662,1.0,0.0,0.0,0.0,0.0,0.0,-1.0,1.0
5.04,25.126796966417,28.033742367153,28.033742367153,7.87288399,3.5607970856373,1.0,0.0,0.0,0.0,0.0,0.0,-1.0,1.0
5.05,25.820031609375,29.426195283459,29.426195283459,7.87288399,3.7376640276722,1.0,0.0,0.0,0.0,0.0,0.0,-1.0,1.0
5.06,25.966580389656,30.370178893566,30.370178893566,7.87288399,3.8575671802279,1.0,0.0,0.0,0.0,0.0,0.0,-1.0,1.0
5.07,25.442034456753,30.698868200314,30.698868200314,7.87288399,3.8993167229832,1.0,0.0,0.0,0.0,0.0,0.0,-1.0,1.0
5.08,24.43510105892,30.593813170533,30.593813170533,7.87288399,3.8859728162377,1.0,0.0,0.0,0.0,0.0,0.0,-1.0,1.0
5.09,23.071038831081,30.115065720956,30.115065720956,7.87288399,3.8251631497692,1.0,0.0,0.0,0.0,0.0,0.0,-1.0,1.0
5.1,21.671743242838,29.515920063011,29.515920063011,7.87288399,3.7490607127581,1.0,0.0,0.0,0.0,0.0,0.0,-1.0,1.0
5.11,20.529597943114,28.979419854047,28.979419854047,7.87288399,3.6809153914698,1.0,0.0,0.0,0.0,0.0,0.0,-1.0,1.0
5.12,19.942607047341,28.661504080294,28.661504080294,7.87288399,3.6405342840946,1.0,0.0,0.0,0.0,0.0,0.0,-1.0,1.0
5.13,20.143188063698,28.7357102532,28.7357102532,7.87288399,3.6499598228171,1.0,0.0,0.0,0.0,0.0,0.0,-1.0,1.0
5.14,21.076865485809,29.14292657975,29.14292657975,7.87288399,3.7016837307354,1.0,0.0,0.0,0.0,0.0,0.0,-1.0,1.0
5.15,22.626583952446,29.908958349316,29.908958349316,7.87288399,3.7989837507203,1.0,0.0,0.0,0.0,0.0,0.0,-1.0,1.0
5.16,24.413651509778,30.7843446086,30.7843446086,7.87288399,3.9101737873569,1.0,0.0,0.0,0.0,0.0,0.0,-1.0,1.0
5.17,26.149777952236,31.607806840769,31.607806840769,7.87288399,4.014768524586,1.0,0.0,0.0,0.0,0.0,0.0,-1.0,1.0
5.18,27.520471471254,32.130318205386,32.130318205386,7.87288399,4.0811370072515,1.0,0.0,0.0,0.0,0.0,0.0,-1.0,1.0
5.19,28.244871313169,32.097420286102,32.097420286102,7.87288399,4.0769583708932,1.0,0.0,0.0,0.0,0.0,0.0,-1.0,1.0
5.2,28.259452332908,31.462171445139,31.462171445139,7.87288399,3.996270170512,1.0,0.0,0.0,0.0,0.0,0.0,-1.0,1.0
5.21,27.430127179828,30.074320419572,30.074320419572,7.87288399,3.8199877526166,1.0,0.0,0.0,0.0,0.0,0.0,-1.0,1.0
5.22,26.043280217875,28.229558359124,28.229558359124,7.87288399,3.5856692915811,1.0,0.0,0.0,0.0,0.0,0.0,-1.0,1.0
5.23,24.300659024157,26.119342584474,26.119342584474,7.87288399,3.3176333625201,1.0,0.0,0.0,0.0,0.0,0.0,-1.0,1.0
5.24,22.802162121461,24.378085400272,24.378085400272,7.87288399,3.0964619104303,1.0,0.0,0.0,0.0,0.0,0.0,-1.0,1.0
5.25,21.937118799866,23.421721208456,23.421721208456,7.87288399,2.9749861979683,1.0,0.0,0.0,0.0,0.0,0.0,-1.0,1.0
5.26,22.014714794751,23.603417899027,23.603417899027,7.87288399,2.9980649948618,1.0,0.0,0.0,0.0,0.0,0.0,-1.0,1.0
5.27,22.845165900732,24.727239086848,24.727239086848,7.87288399,3.1408108030368,1.0,0.0,0.0,0.0,0.0,0.0,-1.0,1.0
5.28,24.015841000834,26.355414625067,26.355414625067,7.87288399,3.3476188215835,1.0,0.0,0.0,0.0,0.0,0.0,-1.0,1.0
5.29,25.102247238714,28.028475378715,28.028475378715,7.87288399,3.5601280819476,1.0,0.0,0.0,0.0,0.0,0.0,-1.0,1.0
5.3,25.742480963888,29.350308317778,29.350308317778,7.87288399,3.7280249975814,1.0,0.0,0.0,0.0,0.0,0.0,-1.0,1.0
5.31,25.858201429447,30.233545639573,30.233545639573,7.87288399,3.8402122624918,1.0,0.0,0.0,0.0,0.0,0.0,-1.0,1.0
5.32,25.351970158324,30.542932758328,30.542932758328,7.87288399,3.8795100749767,1.0,0.0,0.0,0.0,0.0,0.0,-1.0,1.0
5.33,24.402997759834,30.453800517555,30.453800517555,7.87288399,3.8681886531335,1.0,0.0,0.0,0.0,0.0,0.0,-1.0,1.0
5.34,23.108348530069,30.003809755394,30.003809755394,7.87288399,3.8110316109706,1.0,0.0,0.0,0.0,0.0,0.0,-1.0,1.0
5.35,21.758641293491,29.433905683807,29.433905683807,7.87288399,3.7386433892831,1.0,0.0,0.0,0.0,0.0,0.0,-1.0,1.0
5.36,20.587704348092,28.884302101186,28.884302101186,7.87288399,3.6688337003154,1.0,0.0,0.0,0.0,0.0,0.0,-1.0,1.0
5.37,19.868076134886,28.509837829472,28.509837829472,7.87288399,3.6212699013074,1.0,0.0,0.0,0.0,0.0,0.0,-1.0,1.0
5.38,19.821388822902,28.466081813044,28.466081813044,7.87288399,3.6157120883784,1.0,0.0,0.0,0.0,0.0,0.0,-1.0,1.0
5.39,20.458082275644,28.727196551206,28.727196551206,7.87288399,3.6488784272314,1.0,0.0,0.0,0.0,0.0,0.0,-1.0,1.0
5.4,21.736631996577,29.353375628426,29.353375628426,7.87288399,3.7284146020328,1.0,0.0,0.0,0.0,0.0,0.0,-1.0,1.0
5.41,23.359161505669,30.14982206231,30.14982206231,7.87288399,3.829577839659,1.0,0.0,0.0,0.0,0.0,0.0,-1.0,1.0
5.42,25.097184555007,31.015205449903,31.015205449903,7.87288399,3.9394973289709,1.0,0.0,0.0,0.0,0.0,0.0,-1.0,1.0
5.43,26.649671738153,31.723437959155,31.723437959155,7.87288399,4.0294557876693,1.0,0.0,0.0,0.0,0.0,0.0,-1.0,1.0
5.44,27.748456107635,32.045882149201,32.045882149201,7.87288399,4.070412086588,1.0,0.0,0.0,0.0,0.0,0.0,-1.0,1.0
5.45,28.27520797758,31.890015920004,31.890015920004,7.87288399,4.0506142298692,1.0,0.0,0.0,0.0,0.0,0.0,-1.0,1.0
5.46,28.024955968674,31.040815938438,31.040815938438,7.87288399,3.9427503285791,1.0,0.0,0.0,0.0,0.0,0.0,-1.0,1.0
5.47,27.139780376915,29.650488322581,29.650488322581,7.87288399,3.7661533385024,1.0,0.0,0.0,0.0,0.0,0.0,-1.0,1.0
5.48,25.663432658264,27.745268154343,27.745268154343,7.87288399,3.524155594009,1.0,0.0,0.0,0.0,0.0,0.0,-1.0,1.0
5.49,24.024811123887,25.772717444612,25.772717444612,7.87288399,3.2736056415093,1.0,0.0,0.0,0.0,0.0,0.0,-1.0,1.0
5.5,22.586721028198,24.107313304373,24.107313304373,7.87288399,3.0620689108329,1.0,0.0,0.0,0.0,0.0,0.0,-1.0,1.0
5.51,21.815391182047,23.258088485701,23.258088485701,7.87288399,2.9542018547769,1.0,0.0,0.0,0.0,0.0,0.0,-1.0,1.0
5.52,21.896994449959,23.437344829209,23.437344829209,7.87288399,2.9769706830405,1.0,0.0,0.0,0.0,0.0,0.0,-1.0,1.0
5.53,22.674691551561,24.489017665538,24.489017665538,7.87288399,3.1105523333817,1.0,0.0,0.0,0.0,0.0,0.0,-1.0,1.0
5.54,23.817649841142,26.05795004117,26.05795004117,7.87288399,3.3098353886921,1.0,0.0,0.0,0.0,0.0,0.0,-1.0,1.0
5.55,24.862510314397,27.640475477017,27.640475477017,7.87288399,3.510845010815,1.0,0.0,0.0,0.0,0.0,0.0,-1.0,1.0
5.56,25.608934050003,29.021509186507,29.021509186507,7.87288399,3.6862615051066,1.0,0.0,0.0,0.0,0.0,0.0,-1.0,1.0
5.57,25.813496794048,29.920780110996,29.920780110996,7.87288399,3.8004853302806,1.0,0.0,0.0,0.0,0.0,0.0,-1.0,1.0
5.58,25.542577503342,30.406136767413,30.406136767413,7.87288399,3.8621344866804,1.0,0.0,0.0,0.0,0.0,0.0,-1.0,1.0
5.59,24.776016683246,30.420687874698,30.420687874698,7.87288399,3.8639827429615,1.0,0.0,0.0,0.0,0.0,0.0,-1.0,1.0
5.6,23.696066274269,30.132971994855,30.132971994855,7.87288399,3.8274375734647,1.0,0.0,0.0,0.0,0.0,0.0,-1.0,1.0
5.61,22.443984137176,29.6410234578,29.6410234578,7.87288399,3.7649511278777,1.0,0.0,0.0,0.0,0.0,0.0,-1.0,1.0
5.62,21.217427951771,29.077447356108,29.077447356108,7.87288399,3.6933666738951,1.0,0.0,0.0,0.0,0.0,0.0,-1.0,1.0
5.63,20.251092483141,28.621042350618,28.621042350618,7.87288399,3.6353949057261,1.0,0.0,0.0,0.0,0.0,0.0,-1.0,1.0
5.64,19.689651625696,28.311702888705,28.311702888705,7.87288399,3.59610314653,1.0,0.0,0.0,0.0,0.0,0.0,-1.0,1.0
5.65,19.721417126301,28.307870533782,28.307870533782,7.87288399,3.5956163674885,1.0,0.0,0.0,0.0,0.0,0.0,-1.0,1.0
5.66,20.316964790582,28.56164123281,28.56164123281,7.87288399,3.6278498792931,1.0,0.0,0.0,0.0,0.0,0.0,-1.0,1.0
5.67,21.437144452547,29.101822870043,29.101822870043,7.87288399,3.6964628091824,1.0,0.0,0.0,0.0,0.0,0.0,-1.0,1.0
5.68,22.903428064897,29.841028601628,29.841028601628,7.87288399,3.7903554325875,1.0,0.0,0.0,0.0,0.0,0.0,-1.0,1.0
5.69,24.486001933734,30.628477609769,30.628477609769,7.87288399,3.8903758328807,1.0,0.0,0.0,0.0,0.0,0.0,-1.0,1.0
5.7,26.028135355012,31.388796615791,31.388796615791,7.87288399,3.986950227599,1.0,0.0,0.0,0.0,0.0,0.0,-1.0,1.0
5.71,27.241026374691,31.857367370714,31.857367370714,7.87288399,4.0464672680531,1.0,0.0,0.0,0.0,0.0,0.0,-1.0,1.0
5.72,28.045688714704,31.9920192278,31.9920192278,7.87288399,4.0635705122083,1.0,0.0,0.0,0.0,0.0,0.0,-1.0,1.0
5.73,28.235124038412,31.580169533262,31.580169533262,7.87288399,4.0112580819652,1.0,0.0,0.0,0.0,0.0,0.0,-1.0,1.0
5.74,27.806177997098,30.626851629539,30.626851629539,7.87288399,3.8901693037063,1.0,0.0,0.0,0.0,0.0,0.0,-1.0,1.0
5.75,26.799529697274,29.166936591963,29.166936591963,7.87288399,3.7047334406312,1.0,0.0,0.0,0.0,0.0,0.0,-1.0,1.0
5.76,25.342397341661,27.324403881799,27.324403881799,7.87288399,3.4706981477824,1.0,0.0,0.0,0.0,0.0,0.0,-1.0,1.0
5.77,23.808190690648,25.487474184094,25.487474184094,7.87288399,3.2373745398088,1.0,0.0,0.0,0.0,0.0,0.0,-1.0,1.0
5.78,22.460555291211,23.930890996866,23.930890996866,7.87288399,3.0396600568817,1.0,0.0,0.0,0.0,0.0,0.0,-1.0,1.0
5.79,21.774679436168,23.173764960688,23.173764960688,7.87288399,2.9434912276268,1.0,0.0,0.0,0.0,0.0,0.0,-1.0,1.0
5.8,21.781895637748,23.259459532433,23.259459532433,7.87288399,2.9543760027426,1.0,0.0,0.0,0.0,0.0,0.0,-1.0,1.0
5.81,22.499538955978,24.220224174247,24.220224174247,7.87288399,3.0764106526923,1.0,0.0,0.0,0.0,0.0,0.0,-1.0,1.0
5.82,23.511444494532,25.602361590027,25.602361590027,7.87288399,3.2519673378328,1.0,0.0,0.0,0.0,0.0,0.0,-1.0,1.0
5.83,24.571932546186,27.143352819552,27.143352819552,7.87288399,3.4477013574732,1.0,0.0,0.0,0.0,0.0,0.0,-1.0,1.0
5.84,25.364179143855,28.49131997488,28.49131997488,7.87288399,3.6189177956983,1.0,0.0,0.0,0.0,0.0,0.0,-1.0,1.0
5.85,25.765775523422,29.508927167217,29.508927167217,7.87288399,3.7481724873247,1.0,0.0,0.0,0.0,0.0,0.0,-1.0,1.0
5.86,25.742570417769,30.148799978042,30.148799978042,7.87288399,3.829448016297,1.0,0.0,0.0,0.0,0.0,0.0,-1.0,1.0
5.87,25.27617250226,30.368181835394,30.368181835394,7.87288399,3.8573135173803,1.0,0.0,0.0,0.0,0.0,0.0,-1.0,1.0
5.88,24.508448864117,30.309170658413,30.309170658413,7.87288399,3.8498180205515,1.0,0.0,0.0,0.0,0.0,0.0,-1.0,1.0
5.89,23.475280810886,29.966935150094,29.966935150094,7.87288399,3.8063478628871,1.0,0.0,0.0,0.0,0.0,0.0,-1.0,1.0
5.9,22.372386067972,29.526701939214,29.526701939214,7.87288399,3.7504302078779,1.0,0.0,0.0,0.0,0.0,0.0,-1.0,1.0
5.91,21.286329073851,29.026203844159,29.026203844159,7.87288399,3.6868578123376,1.0,0.0,0.0,0.0,0.0,0.0,-1.0,1.0
5.92,20.378106348098,28.581721361504,28.581721361504,7.87288399,3.6304004222351,1.0,0.0,0.0,0.0,0.0,0.0,-1.0,1.0
5.93,19.773984997108,28.28019030429,28.28019030429,7.87288399,3.592100472992,1.0,0.0,0.0,0.0,0.0,0.0,-1.0,1.0
5.94,19.541259994695,28.128784946354,28.128784946354,7.87288399,3.5728692283644,1.0,0.0,0.0,0.0,0.0,0.0,-1.0,1.0
5.95,19.775652564133,28.230789010163,28.230789010163,7.87288399,3.5858256067308,1.0,0.0,0.0,0.0,0.0,0.0,-1.0,1.0
5.96,20.410308316285,28.512669576908,28.512669576908,7.87288399,3.6216295849303,1.0,0.0,0.0,0.0,0.0,0.0,-1.0,1.0
5.97,21.432600154927,29.020014102553,29.020014102553,7.87288399,3.6860716021491,1.0,0.0,0.0,0.0,0.0,0.0,-1.0,1.0
5.98,22.706538471835,29.667458341358,29.667458341358,7.87288399,3.7683088407045,1.0,0.0,0.0,0.0,0.0,0.0,-1.0,1.0
5.99,24.100627938421,30.375127005007,30.375127005007,7.87288399,3.8581956807174,1.0,0.0,0.0,0.0,0.0,0.0,-1.0,1.0
6.0,25.510782633792,31.095094694961,31.095094694961,7.87288399,3.9496447216113,1.0,0.0,0.0,0.0,0.0,0.0,-1.0,1.0
6.01,26.721562448658,31.629070459793,31.629070459793,7.87288399,4.0174693924066,1.0,0.0,0.0,0.0,0.0,0.0,-1.0,1.0
6.02,27.682840145287,31.962822236314,31.962822236314,7.87288399,4.0598619612473,1.0,0.0,0.0,0.0,0.0,0.0,-1.0,1.0
6.03,28.190105690678,31.888579407269,31.888579407269,7.87288399,4.0504317665259,1.0,0.0,0.0,0.0,0.0,0.0,-1.0,1.0
6.04,28.219439888838,31.396495785544,31.396495785544,7.87288399,3.9879281627194,1.0,0.0,0.0,0.0,0.0,0.0,-1.0,1.0
6.05,27.716125111863,30.427891364594,30.427891364594,7.87288399,3.8648977176906,1.0,0.0,0.0,0.0,0.0,0.0,-1.0,1.0
6.06,26.702321048712,29.002934006578,29.002934006578,7.87288399,3.6839021181332,1.0,0.0,0.0,0.0,0.0,0.0,-1.0,1.0
6.07,25.382920540597,27.33236758831,27.33236758831,7.87288399,3.4717096839007,1.0,0.0,0.0,0.0,0.0,0.0,-1.0,1.0
6.08,23.888301236247,25.545521159344,25.545521159344,7.87288399,3.2447475654146,1.0,0.0,0.0,0.0,0.0,0.0,-1.0,1.0
6.09,22.637943650235,24.090411935537,24.090411935537,7.87288399,3.0599221284266,1.0,0.0,0.0,0.0,0.0,0.0,-1.0,1.0
6.1,21.797705154708,23.146394449586,23.146394449586,7.87288399,2.9400146730202,1.0,0.0,0.0,0.0,0.0,0.0,-1.0,1.0
6.11,21.661428993135,23.044407228336,23.044407228336,7.87288399,2.9270604339663,1.0,0.0,0.0,0.0,0.0,0.0,-1.0,1.0
6.12,22.095426995436,23.644982683184,23.644982683184,7.87288399,3.0033444812876,1.0,0.0,0.0,0.0,0.0,0.0,-1.0,1.0
6.13,22.97344115434,24.817524746986,24.817524746986,7.87288399,3.1522787301971,1.0,0.0,0.0,0.0,0.0,0.0,-1.0,1.0
6.14,23.972317122468,26.205763912003,26.205763912003,7.87288399,3.3286104488888,1.0,0.0,0.0,0.0,0.0,0.0,-1.0,1.0
6.15,24.867128911063,27.563874454946,27.563874454946,7.87288399,3.5011152825264,1.0,0.0,0.0,0.0,0.0,0.0,-1.0,1.0
6.16,25.519341006223,28.735999846181,28.735999846181,7.87288399,3.6499966064127,1.0,0.0,0.0,0.0,0.0,0.0,-1.0,1.0
6.17,25.797938674894,29.567438836904,29.567438836904,7.87288399,3.7556045376078,1.0,0.0,0.0,0.0,0.0,0.0,-1.0,1.0
6.18,25.765142300589,30.121560917909,30.121560917909,7.87288399,3.8259881583634,1.0,0.0,0.0,0.0,0.0,0.0,-1.0,1.0
6.19,25.371424075077,30.320784587632,30.320784587632,7.87288399,3.8512932015948,1.0,0.0,0.0,0.0,0.0,0.0,-1.0,1.0
6.2,24.752114885071,30.3052176621,30.3052176621,7.87288399,3.8493159178508,1.0,0.0,0.0,0.0,0.0,0.0,-1.0,1.0
6.21,23.930152511548,30.074089165486,30.074089165486,7.87288399,3.8199583791258,1.0,0.0,0.0,0.0,0.0,0.0,-1.0,1.0
6.22,23.01124692398,29.72074051865,29.72074051865,7.87288399,3.7750766499799,1.0,0.0,0.0,0.0,0.0,0.0,-1.0,1.0
6.23,22.083180632036,29.324180613769,29.324180613769,7.87288399,3.7247063021653,1.0,0.0,0.0,0.0,0.0,0.0,-1.0,1.0
6.24,21.187285518385,28.889968347826,28.889968347826,7.87288399,3.6695534170859,1.0,0.0,0.0,0.0,0.0,0.0,-1.0,1.0
6.25,20.441468371663,28.536157974678,28.536157974678,7.87288399,3.6246130402689,1.0,0.0,0.0,0.0,0.0,0.0,-1.0,1.0
6.26,19.850511548466,28.225130549203,28.225130549203,7.87288399,3.5851068788838,1.0,0.0,0.0,0.0,0.0,0.0,-1.0,1.0
6.27,19.505368356875,28.042926164408,28.042926164408,7.87288399,3.5619635955551,1.0,0.0,0.0,0.0,0.0,0.0,-1.0,1.0
6.28,19.413033751515,27.981041384119,27.981041384119,7.87288399,3.5541030986434,1.0,0.0,0.0,0.0,0.0,0.0,-1.0,1.0
6.29,19.586500170858,28.03988622026,28.03988622026,7.87288399,3.5615774671487,1.0,0.0,0.0,0.0,0.0,0.0,-1.0,1.0
6.3,20.050617745054,28.268909006157,28.268909006157,7.87288399,3.5906675421693,1.0,0.0,0.0,0.0,0.0,0.0,-1.0,1.0
6.31,20.735339711461,28.592688131119,28.592688131119,7.87288399,3.6317934021938,1.0,0.0,0.0,0.0,0.0,0.0,-1.0,1.0
6.32,21.659328774629,29.072116587741,29.072116587741,7.87288399,3.69268956899,1.0,0.0,0.0,0.0,0.0,0.0,-1.0,1.0
6.33,22.725125916637,29.622090426351,29.622090426351,7.87288399,3.762546287228,1.0,0.0,0.0,0.0,0.0,0.0,-1.0,1.0
6.34,23.891145023113,30.23080326302,30.23080326302,7.87288399,3.8398639306026,1.0,0.0,0.0,0.0,0.0,0.0,-1.0,1.0
6.35,25.095071176292,30.863495405263,30.863495405263,7.87288399,3.9202273835694,1.0,0.0,0.0,0.0,0.0,0.0,-1.0,1.0
6.36,26.20530722785,31.396749993555,31.396749993555,7.87288399,3.9879604517778,1.0,0.0,0.0,0.0,0.0,0.0,-1.0,1.0
6.37,27.205130228715,31.843427901286,31.843427901286,7.87288399,4.0446967009463,1.0,0.0,0.0,0.0,0.0,0.0,-1.0,1.0
6.38,27.920603323613,32.025618882007,32.025618882007,7.87288399,4.067838281713,1.0,0.0,0.0,0.0,0.0,0.0,-1.0,1.0
6.39,28.336880594863,31.947633467858,31.947633467858,7.87288399,4.0579327103558,1.0,0.0,0.0,0.0,0.0,0.0,-1.0,1.0
6.4,28.346325563092,31.498981453809,31.498981453809,7.87288399,4.0009457136443,1.0,0.0,0.0,0.0,0.0,0.0,-1.0,1.0
6.41,27.915766059727,30.649186884554,30.649186884554,7.87288399,3.8930062888624,1.0,0.0,0.0,0.0,0.0,0.0,-1.0,1.0
6.42,27.108874011875,29.466298384366,29.466298384366,7.87288399,3.7427578536396,1.0,0.0,0.0,0.0,0.0,0.0,-1.0,1.0
6.43,25.917998323359,27.93521386509,27.93521386509,7.87288399,3.5482821670651,1.0,0.0,0.0,0.0,0.0,0.0,-1.0,1.0
6.44,24.599956683876,26.32876984077,26.32876984077,7.87288399,3.3442344475306,1.0,0.0,0.0,0.0,0.0,0.0,-1.0,1.0
6.45,23.245694122475,24.736540321107,24.736540321107,7.87288399,3.1419922295981,1.0,0.0,0.0,0.0,0.0,0.0,-1.0,1.0
6.46,22.204042085232,23.536404926209,23.536404926209,7.87288399,2.9895531238749,1.0,0.0,0.0,0.0,0.0,0.0,-1.0,1.0
6.47,21.592755084324,22.85906088321,22.85906088321,7.87288399,2.9035180643136,1.0,0.0,0.0,0.0,0.0,0.0,-1.0,1.0
6.48,21.566378343345,22.882765139023,22.882765139023,7.87288399,2.9065289375644,1.0,0.0,0.0,0.0,0.0,0.0,-1.0,1.0
6.49,22.040767120319,23.519941263744,23.519941263744,7.87288399,2.9874619381688,1.0,0.0,0.0,0.0,0.0,0.0,-1.0,1.0
6.5,22.834841663501,24.575376532306,24.575376532306,7.87288399,3.1215214860934,1.0,0.0,0.0,0.0,0.0,0.0,-1.0,1.0
6.51,23.778214698125,25.860395421952,25.860395421952,7.87288399,3.2847423453462,1.0,0.0,0.0,0.0,0.0,0.0,-1.0,1.0
6.52,24.618453137638,27.09388895224,27.09388895224,7.87288399,3.4414185432752,1.0,0.0,0.0,0.0,0.0,0.0,-1.0,1.0
6.53,25.318970800022,28.234081896076,28.234081896076,7.87288399,3.5862438633591,1.0,0.0,0.0,0.0,0.0,0.0,-1.0,1.0
6.54,25.722120044779,29.09540288934,29.09540288934,7.87288399,3.6956473544252,1.0,0.0,0.0,0.0,0.0,0.0,-1.0,1.0
6.55,25.894334506766,29.746850767245,29.746850767245,7.87288399,3.7783931282397,1.0,0.0,0.0,0.0,0.0,0.0,-1.0,1.0
6.56,25.796180353702,30.129470781626,30.129470781626,7.87288399,3.8269928554639,1.0,0.0,0.0,0.0,0.0,0.0,-1.0,1.0
6.57,25.488484120485,30.299586798801,30.299586798801,7.87288399,3.8486006954107,1.0,0.0,0.0,0.0,0.0,0.0,-1.0,1.0
6.58,25.033689619109,30.316607000434,30.316607000434,7.87288399,3.8507625717516,1.0,0.0,0.0,0.0,0.0,0.0,-1.0,1.0
6.59,24.438456720236,30.168641951536,30.168641951536,7.87288399,3.8319683091807,1.0,0.0,0.0,0.0,0.0,0.0,-1.0,1.0
6.6,23.809704212579,29.973157572397,29.973157572397,7.87288399,3.8071382241207,1.0,0.0,0.0,0.0,0.0,0.0,-1.0,1.0
6.61,23.128267459496,29.688882853692,29.688882853692,7.87288399,3.7710301449129,1.0,0.0,0.0,0.0,0.0,0.0,-1.0,1.0
6.62,22.473186109314,29.402934720409,29.402934720409,7.87288399,3.7347095115026,1.0,0.0,0.0,0.0,0.0,0.0,-1.0,1.0
6.63,21.849178379717,29.113835780505,29.113835780505,7.87288399,3.6979886681278,1.0,0.0,0.0,0.0,0.0,0.0,-1.0,1.0
6.64,21.265336090799,28.82044742412,28.82044742412,7.87288399,3.6607229905493,1.0,0.0,0.0,0.0,0.0,0.0,-1.0,1.0
6.65,20.767609268358,28.583924777288,28.583924777288,7.87288399,3.6306802962669,1.0,0.0,0.0,0.0,0.0,0.0,-1.0,1.0
6.66,20.314404834721,28.342114103144,28.342114103144,7.87288399,3.5999659259737,1.0,0.0,0.0,0.0,0.0,0.0,-1.0,1.0
6.67,19.956230459537,28.163448830668,28.163448830668,7.87288399,3.5772721745222,1.0,0.0,0.0,0.0,0.0,0.0,-1.0,1.0
6.68,19.661104188961,28.007608654482,28.007608654482,7.87288399,3.5574776270115,1.0,0.0,0.0,0.0,0.0,0.0,-1.0,1.0
6.69,19.436657683961,27.880832028864,27.880832028864,7.87288399,3.5413746810289,1.0,0.0,0.0,0.0,0.0,0.0,-1.0,1.0
6.7,19.299231046386,27.81396506772,27.81396506772,7.87288399,3.5328813561903,1.0,0.0,0.0,0.0,0.0,0.0,-1.0,1.0
6.71,19.209774660621,27.748644936897,27.748644936897,7.87288399,3.5245845070425,1.0,0.0,0.0,0.0,0.0,0.0,-1.0,1.0
6.72,19.213351459957,27.750851251744,27.750851251744,7.87288399,3.5248647493083,1.0,0.0,0.0,0.0,0.0,0.0,-1.0,1.0
6.73,19.27185601556,27.76843267624,27.76843267624,7.87288399,3.5270979111989,1.0,0.0,0.0,0.0,0.0,0.0,-1.0,1.0
6.74,19.405752905161,27.824826920401,27.824826920401,7.87288399,3.5342610097828,1.0,0.0,0.0,0.0,0.0,0.0,-1.0,1.0
6.75,19.62445055067,27.93715877589,27.93715877589,7.87288399,3.5485292062446,1.0,0.0,0.0,0.0,0.0,0.0,-1.0,1.0
6.76,19.89985330882,28.059345016431,28.059345016431,7.87288399,3.5640490895168,1.0,0.0,0.0,0.0,0.0,0.0,-1.0,1.0
6.77,20.281038300245,28.259998626484,28.259998626484,7.87288399,3.5895357612763,1.0,0.0,0.0,0.0,0.0,0.0,-1.0,1.0
6.78,20.724815611717,28.478618267988,28.478618267988,7.87288399,3.6173044470313,1.0,0.0,0.0,0.0,0.0,0.0,-1.0,1.0
6.79,21.263175754813,28.756110813798,28.756110813798,7.87288399,3.6525510664609,1.0,0.0,0.0,0.0,0.0,0.0,-1.0,1.0
6.8,21.890878142151,29.090211552219,29.090211552219,7.87288399,3.6949879598339,1.0,0.0,0.0,0.0,0.0,0.0,-1.0,1.0
6.81,22.577544087631,29.441659888235,29.441659888235,7.87288399,3.7396283148121,1.0,0.0,0.0,0.0,0.0,0.0,-1.0,1.0
6.82,23.361779219536,29.869121139835,29.869121139835,7.87288399,3.7939236978183,1.0,0.0,0.0,0.0,0.0,0.0,-1.0,1.0
6.83,24.16677802326,30.284444544342,30.284444544342,7.87288399,3.8466773526459,1.0,0.0,0.0,0.0,0.0,0.0,-1.0,1.0
6.84,25.017691308768,30.731579237698,30.731579237698,7.87288399,3.9034716219282,1.0,0.0,0.0,0.0,0.0,0.0,-1.0,1.0
6.85,25.857342991646,31.15519601163,31.15519601163,7.87288399,3.9572786860829,1.0,0.0,0.0,0.0,0.0,0.0,-1.0,1.0
6.86,26.633312084433,31.506943989209,31.506943989209,7.87288399,4.00195710101,1.0,0.0,0.0,0.0,0.0,0.0,-1.0,1.0
6.87,27.344008127963,31.801645864568,31.801645864568,7.87288399,4.0393896194789,1.0,0.0,0.0,0.0,0.0,0.0,-1.0,1.0
6.88,27.864574196778,31.907431734231,31.907431734231,7.87288399,4.0528263562323,1.0,0.0,0.0,0.0,0.0,0.0,-1.0,1.0
6.89,28.222048938635,31.869440337491,31.869440337491,7.87288399,4.0480007552469,1.0,0.0,0.0,0.0,0.0,0.0,-1.0,1.0
6.9,28.301980840909,31.567429427489,31.567429427489,7.87288399,4.0096398559391,1.0,0.0,0.0,0.0,0.0,0.0,-1.0,1.0
6.91,28.100694734807,31.005639691311,31.005639691311,7.87288399,3.9382823029901,1.0,0.0,0.0,0.0,0.0,0.0,-1.0,1.0
6.92,27.613379842714,30.182083034277,30.182083034277,7.87288399,3.8336755720793,1.0,0.0,0.0,0.0,0.0,0.0,-1.0,1.0
6.93,26.799422613852,29.05231385464,29.05231385464,7.87288399,3.6901742603526,1.0,0.0,0.0,0.0,0.0,0.0,-1.0,1.0
6.94,25.799461933091,27.767744063578,27.767744063578,7.87288399,3.527010444819,1.0,0.0,0.0,0.0,0.0,0.0,-1.0,1.0
6.95,24.60105908786,26.310010508756,26.310010508756,7.87288399,3.3418516698804,1.0,0.0,0.0,0.0,0.0,0.0,-1.0,1.0
6.96,23.441192671263,24.934115339659,24.934115339659,7.87288399,3.1670878640318,1.0,0.0,0.0,0.0,0.0,0.0,-1.0,1.0
6.97,22.393366904554,23.716993447245,23.716993447245,7.87288399,3.0124911630058,1.0,0.0,0.0,0.0,0.0,0.0,-1.0,1.0
6.98,21.664027900486,22.886065225729,22.886065225729,7.87288399,2.906948108825,1.0,0.0,0.0,0.0,0.0,0.0,-1.0,1.0
6.99,21.340800061959,22.541427567063,22.541427567063,7.87288399,2.863172834211,1.0,0.0,0.0,0.0,0.0,0.0,-1.0,1.0
7.0,21.422956263009,22.687772688502,22.687772688502,7.87288399,2.88176133642,1.0,0.0,0.0,0.0,0.0,0.0,-1.0,1.0
7.01,21.896883979077,23.312282736925,23.312282736925,7.87288399,2.9610855140932,1.0,0.0,0.0,0.0,0.0,0.0,-1.0,1.0
7.02,22.555864602663,24.186687250415,24.186687250415,7.87288399,3.0721508510905,1.0,0.0,0.0,0.0,0.0,0.0,-1.0,1.0
7.03,23.357754092175,25.262840748983,25.262840748983,7.87288399,3.2088419924733,1.0,0.0,0.0,0.0,0.0,0.0,-1.0,1.0
7.04,24.086684449243,26.297004066857,26.297004066857,7.87288399,3.3401996143038,1.0,0.0,0.0,0.0,0.0,0.0,-1.0,1.0
7.05,24.743800569809,27.28753749625,27.28753749625,7.87288399,3.4660154437574,1.0,0.0,0.0,0.0,0.0,0.0,-1.0,1.0
7.06,25.230045208034,28.115728369256,28.115728369256,7.87288399,3.5712108047023,1.0,0.0,0.0,0.0,0.0,0.0,-1.0,1.0
7.07,25.546438330781,28.775782601819,28.775782601819,7.87288399,3.6550497426826,1.0,0.0,0.0,0.0,0.0,0.0,-1.0,1.0
7.08,25.724989209904,29.295309652558,29.295309652558,7.87288399,3.7210391630015,1.0,0.0,0.0,0.0,0.0,0.0,-1.0,1.0
7.09,25.731257304196,29.623700840539,29.623700840539,7.87288399,3.7627508392307,1.0,0.0,0.0,0.0,0.0,0.0,-1.0,1.0
7.1,25.666753269123,29.869794637844,29.869794637844,7.87288399,3.7940092443613,1.0,0.0,0.0,0.0,0.0,0.0,-1.0,1.0
7.11,25.492988467122,29.97741809605,29.97741809605,7.87288399,3.807679388408,1.0,0.0,0.0,0.0,0.0,0.0,-1.0,1.0
7.12,25.288062931533,30.029633846872,30.029633846872,7.87288399,3.8143117420522,1.0,0.0,0.0,0.0,0.0,0.0,-1.0,1.0
7.13,25.063272643252,30.033282808413,30.033282808413,7.87288399,3.8147752267861,1.0,0.0,0.0,0.0,0.0,0.0,-1.0,1.0
7.14,24.815178131111,29.977078117634,29.977078117634,7.87288399,3.8076362049423,1.0,0.0,0.0,0.0,0.0,0.0,-1.0,1.0
7.15,24.613521271151,29.941356228116,29.941356228116,7.87288399,3.8030988728078,1.0,0.0,0.0,0.0,0.0,0.0,-1.0,1.0
7.16,24.408423161479,29.861542814666,29.861542814666,7.87288399,3.7929611121663,1.0,0.0,0.0,0.0,0.0,0.0,-1.0,1.0
7.17,24.261119744556,29.810062880259,29.810062880259,7.87288399,3.7864222206403,1.0,0.0,0.0,0.0,0.0,0.0,-1.0,1.0
7.18,24.152181936532,29.762895762834,29.762895762834,7.87288399,3.7804311356091,1.0,0.0,0.0,0.0,0.0,0.0,-1.0,1.0
7.19,24.074008657744,29.708563761899,29.708563761899,7.87288399,3.7735299795646,1.0,0.0,0.0,0.0,0.0,0.0,-1.0,1.0
7.2,24.070909670448,29.703026337786,29.703026337786,7.87288399,3.7728266256069,1.0,0.0,0.0,0.0,0.0,0.0,-1.0,1.0
7.21,24.083050309345,29.672541224446,29.672541224446,7.87288399,3.7689544596537,1.0,0.0,0.0,0.0,0.0,0.0,-1.0,1.0
7.22,24.161745192001,29.680436929369,29.680436929369,7.87288399,3.7699573583287,1.0,0.0,0.0,0.0,0.0,0.0,-1.0,1.0
7.23,24.277479203014,29.692806161976,29.692806161976,7.87288399,3.7715284766918,1.0,0.0,0.0,0.0,0.0,0.0,-1.0,1.0
7.24,24.412088186908,29.687952684742,29.687952684742,7.87288399,3.7709119964744,1.0,0.0,0.0,0.0,0.0,0.0,-1.0,1.0
7.25,24.605403759772,29.717105353662,29.717105353662,7.87288399,3.7746149176602,1.0,0.0,0.0,0.0,0.0,0.0,-1.0,1.0
7.26,24.78300740603,29.693866142426,29.693866142426,7.87288399,3.7716631135607,1.0,0.0,0.0,0.0,0.0,0.0,-1.0,1.0
7.27,24.983948391546,29.668435613088,29.668435613088,7.87288399,3.768432972056,1.0,0.0,0.0,0.0,0.0,0.0,-1.0,1.0
7.28,25.172665198839,29.605074718343,29.605074718343,7.87288399,3.7603849816594,1.0,0.0,0.0,0.0,0.0,0.0,-1.0,1.0
7.29,25.300838458726,29.452772772649,29.452772772649,7.87288399,3.7410398540179,1.0,0.0,0.0,0.0,0.0,0.0,-1.0,1.0
7.3,25.409045488013,29.266240620007,29.266240620007,7.87288399,3.7173468651615,1.0,0.0,0.0,0.0,0.0,0.0,-1.0,1.0
7.31,25.401919148659,28.944300404263,28.944300404263,7.87288399,3.6764545801802,1.0,0.0,0.0,0.0,0.0,0.0,-1.0,1.0
7.32,25.301770506736,28.520838483411,28.520838483411,7.87288399,3.6226671851939,1.0,0.0,0.0,0.0,0.0,0.0,-1.0,1.0
7.33,25.103532029248,27.998771640563,27.998771640563,7.87288399,3.5563551649086,1.0,0.0,0.0,0.0,0.0,0.0,-1.0,1.0
7.34,24.746465498151,27.31642804628,27.31642804628,7.87288399,3.4696850710587,1.0,0.0,0.0,0.0,0.0,0.0,-1.0,1.0
7.35,24.329559195371,26.590355398339,26.590355398339,7.87288399,3.3774605890438,1.0,0.0,0.0,0.0,0.0,0.0,-1.0,1.0
7.36,23.832026738193,25.804238442853,25.804238442853,7.87288399,3.2776093837568,1.0,0.0,0.0,0.0,0.0,0.0,-1.0,1.0
7.37,23.32336795158,25.038056829029,25.038056829029,7.87288399,3.1802903308154,1.0,0.0,0.0,0.0,0.0,0.0,-1.0,1.0
7.38,22.950755413178,24.458856643165,24.458856643165,7.87288399,3.1067213328982,1.0,0.0,0.0,0.0,0.0,0.0,-1.0,1.0
7.39,22.722228570253,24.078976530062,24.078976530062,7.87288399,3.058469623158,1.0,0.0,0.0,0.0,0.0,0.0,-1.0,1.0
7.4,22.786519508125,24.061636231844,24.061636231844,7.87288399,3.0562670887068,1.0,0.0,0.0,0.0,0.0,0.0,-1.0,1.0
7.41,23.197390843881,24.467589547257,24.467589547257,7.87288399,3.1078305711522,1.0,0.0,0.0,0.0,0.0,0.0,-1.0,1.0
7.42,23.878016711446,25.206306050926,25.206306050926,7.87288399,3.2016610536803,1.0,0.0,0.0,0.0,0.0,0.0,-1.0,1.0
7.43,24.85729652159,26.301261061441,26.301261061441,7.87288399,3.3407403303349,1.0,0.0,0.0,0.0,0.0,0.0,-1.0,1.0
7.44,25.99110204632,27.592435266866,27.592435266866,7.87288399,3.5047430270677,1.0,0.0,0.0,0.0,0.0,0.0,-1.0,1.0
7.45,27.157814236252,28.936697925335,28.936697925335,7.87288399,3.6754889265598,1.0,0.0,0.0,0.0,0.0,0.0,-1.0,1.0
7.46,28.339380474887,30.313673000828,30.313673000828,7.87288399,3.8503899002362,1.0,0.0,0.0,0.0,0.0,0.0,-1.0,1.0
7.47,29.376598095549,31.546536770578,31.546536770578,7.87288399,4.0069861070794,1.0,0.0,0.0,0.0,0.0,0.0,-1.0,1.0
7.48,30.276364400156,32.636177041254,32.636177041254,7.87288399,4.1453903147447,1.0,0.0,0.0,0.0,0.0,0.0,-1.0,1.0
7.49,31.024233831462,33.568265901841,33.568265901841,7.87288399,4.263782616952,1.0,0.0,0.0,0.0,0.0,0.0,-1.0,1.0
7.5,31.55451440195,34.262052279973,34.262052279973,7.87288399,4.3519061532588,1.0,0.0,0.0,0.0,0.0,0.0,-1.0,1.0
7.51,31.964113040163,34.799112959729,34.799112959729,7.87288399,4.4201226645699,1.0,1.0,1.0,1.0,2.0,1.0,-1.0,1.0
7.52,19.675296918653,21.105551454264,21.105551454264,7.87288399,2.6807903534552,1.0,1.0,1.0,1.0,2.0,1.0,-1.0,1.0
7.53,11.99914395211,12.799911017289,12.799911017289,7.87288399,1.6258223839633,1.0,1.0,1.0,1.0,2.0,1.0,-1.0,1.0
7.54,7.3437160069328,7.7621905424032,7.7621905424032,7.87288399,0.98593991125267,0.0,1.0,1.0,1.0,2.0,1.0,-1.0,1.0
7.55,4.5207084073381,4.7065715923853,4.7065715923853,7.87288399,0.597820518931,0.0,1.0,1.0,1.0,2.0,1.0,-1.0,1.0
7.56,2.8102040909537,2.8531614856226,2.8531614856226,7.87288399,0.36240359812829,0.0,1.0,1.0,1.0,2.0,1.0,-1.0,1.0
7.57,1.7756540937951,1.7289316369288,1.7756540937951,7.87288399,0.22554048758377,0.0,1.0,1.0,1.0,2.0,1.0,-1.0,1.0
7.58,1.1525130312055,1.0469805229566,1.1525130312055,7.87288399,0.14639019610468,0.0,1.0,1.0,1.0,2.0,1.0,-1.0,1.0
7.59,0.78057031701724,0.6332910408408,0.78057031701724,7.87288399,0.09914668093785,0.0,1.0,1.0,1.0,2.0,1.0,-1.0,1.0
7.6,0.56198704255546,0.3823190453857,0.56198704255546,7.87288399,0.071382614461141,0.0,1.0,1.0,1.0,2.0,1.0,-1.0,1.0
7.61,0.43634673097035,0.23005012103852,0.43634673097035,7.87288399,0.05542400110615,0.0,1.0,1.0,1.0,2.0,1.0,-1.0,1.0
7.62,0.36571596918297,0.13765656366407,0.36571596918297,7.87288399,0.046452604871035,0.0,1.0,1.0,1.0,2.0,1.0,-1.0,1.0
7.63,0.32633603272384,0.081594611486187,0.32633603272384,7.87288399,0.041450633991095,0.0,1.0,1.0,1.0,2.0,1.0,-1.0,1.0
7.64,0.30435543171293,0.047584084135585,0.30435543171293,7.87288399,0.038658696368385,0.0,1.0,1.0,1.0,2.0,1.0,-1.0,1.0
7.65,0.29197905794331,0.026970357335121,0.29197905794331,7.87288399,0.037086670947289,0.0,1.0,1.0,1.0,2.0,1.0,-1.0,1.0
7.66,0.28492380974285,0.014521876980269,0.28492380974285,7.87288399,0.036190525619932,0.0,1.0,1.0,1.0,2.0,1.0,-1.0,1.0
7.67,0.28103787968685,0.0071156699188601,0.28103787968685,7.87288399,0.035696941558369,0.0,1.0,1.0,1.0,2.0,1.0,-1.0,1.0
7.68,0.2789488063199,0.0031178810255145,0.2789488063199,7.87288399,0.035431591101078,0.0,1.0,1.0,1.0,2.0,1.0,-1.0,1.0
7.69,0.27802768254569,0.0023434201470891,0.27802768254569,7.87288399,0.035314591565027,0.0,1.0,1.0,1.0,2.0,1.0,-1.0,1.0
7.7,0.27786112433709,0.0032164977905337,0.27786112433709,7.87288399,0.035293435631723,0.0,1.0,1.0,1.0,2.0,1.0,-1.0,1.0
7.71,0.27813410918077,0.0039808110801477,0.27813410918077,7.87288399,0.035328109690687,0.0,1.0,1.0,1.0,2.0,1.0,-1.0,1.0
7.72,0.27881305427024,0.0044673727626706,0.27881305427024,7.87288399,0.03541434811238,0.0,1.0,1.0,1.0,2.0,1.0,-1.0,1.0
7.73,0.27967533133423,0.0047465355208083,0.27967533133423,7.87288399,0.035523873041882,0.0,1.0,1.0,1.0,2.0,1.0,-1.0,1.0
7.74,0.28073356565935,0.0048894761965927,0.28073356565935,7.87288399,0.035658288121092,0.0,1.0,1.0,1.0,2.0,1.0,-1.0,1.0
7.75,0.28191620403753,0.0049427750426787,0.28191620403753,7.87288399,0.035808504786252,0.0,1.0,1.0,1.0,2.0,1.0,-1.0,1.0
7.76,0.28312163519802,0.0049336999203635,0.28312163519802,7.87288399,0.03596161655089,0.0,1.0,1.0,1.0,2.0,1.0,-1.0,1.0
7.77,0.28441588601193,0.0048818444366519,0.28441588601193,7.87288399,0.036126010033069,0.0,1.0,1.0,1.0,2.0,1.0,-1.0,1.0
7.78,0.28563748096088,0.0047947122045166,0.28563748096088,7.87288399,0.036281174893939,0.0,1.0,1.0,1.0,2.0,1.0,-1.0,1.0
7.79,0.28684309445366,0.0046795270974287,0.28684309445366,7.87288399,0.036434309818105,0.0,1.0,1.0,1.0,2.0,1.0,-1.0,1.0
7.8,0.28796045992199,0.0045397474609991,0.28796045992199,7.87288399,0.036576235632045,0.0,1.0,1.0,1.0,2.0,1.0,-1.0,1.0
7.81,0.28892045040025,0.0043765219227966,0.28892045040025,7.87288399,0.036698171949089,0.0,1.0,1.0,1.0,2.0,1.0,-1.0,1.0
7.82,0.28978729669186,0.004194065905359,0.28978729669186,7.87288399,0.036808277253919,0.0,1.0,1.0,1.0,2.0,1.0,-1.0,1.0
7.83,0.29041475664633,0.0039929439466083,0.29041475664633,7.87288399,0.036887976123516,0.0,1.0,1.0,1.0,2.0,1.0,-1.0,1.0
7.84,0.29088475596205,0.0037773452832528,0.29088475596205,7.87288399,0.036947674617271,0.0,1.0,1.0,1.0,2.0,1.0,-1.0,1.0
7.85,0.29113079988549,0.0035514894555426,0.29113079988549,7.87288399,0.036978926687512,0.0,1.0,1.0,1.0,2.0,1.0,-1.0,1.0
7.86,0.29113011147069,0.0033198746960911,0.29113011147069,7.87288399,0.036978839246263,0.0,1.0,1.0,1.0,2.0,1.0,-1.0,1.0
7.87,0.29096086572195,0.0030910682626956,0.29096086572195,7.87288399,0.036957341946296,0.0,1.0,1.0,1.0,2.0,1.0,-1.0,1.0
7.88,0.2905169444104,0.0028731858709946,0.2905169444104,7.87288399,0.036900955835169,0.0,1.0,1.0,1.0,2.0,1.0,-1.0,1.0
7.89,0.28992423872495,0.0026781604841282,0.28992423872495,7.87288399,0.036825671392238,0.0,1.0,1.0,1.0,2.0,1.0,-1.0,1.0
7.9,0.28913699239538,0.0025196567743598,0.28913699239538,7.87288399,0.036725676735823,0.0,1.0,1.0,1.0,2.0,1.0,-1.0,1.0
7.91,0.28818976481284,0.0024110143662711,0.28818976481284,7.87288399,0.036605361539544,0.0,1.0,1.0,1.0,2.0,1.0,-1.0,1.0
7.92,0.28717511381546,0.0023648910017167,0.28717511381546,7.87288399,0.036476482338648,0.0,1.0,1.0,1.0,2.0,1.0,-1.0,1.0
7.93,0.28603009111497,0.0023870054366093,0.28603009111497,7.87288399,0.036331043551293,0.0,1.0,1.0,1.0,2.0,1.0,-1.0,1.0
7.94,0.28490511484908,0.0024761162312448,0.28490511484908,7.87288399,0.036188151027115,0.0,1.0,1.0,1.0,2.0,1.0,-1.0,1.0
7.95,0.28376114196716,0.0026232691434457,0.28376114196716,7.87288399,0.036042845585886,0.0,1.0,1.0,1.0,2.0,1.0,-1.0,1.0
7.96,0.28266284383818,0.0028153548233532,0.28266284383818,7.87288399,0.035903341672151,0.0,1.0,1.0,1.0,2.0,1.0,-1.0,1.0
7.97,0.28168889967378,0.003038841601911,0.28168889967378,7.87288399,0.035779632982218,0.0,1.0,1.0,1.0,2.0,1.0,-1.0,1.0
7.98,0.28078447199122,0.003279909692409,0.28078447199122,7.87288399,0.035664754154623,0.0,1.0,1.0,1.0,2.0,1.0,-1.0,1.0
7.99,0.28008564308788,0.0035286413401289,0.28008564308788,7.87288399,0.035575990125555,0.0,1.0,1.0,1.0,2.0,1.0,-1.0,1.0
8.0,0.27952960181556,0.0037746870790401,0.27952960181556,7.87288399,0.035505362732464,0.0,1.0,1.0,1.0,2.0,1.0,-1.0,1.0
8.01,0.27916853913496,0.0040108364830874,0.27916853913496,7.87288399,0.035459501180197,0.0,1.0,1.0,1.0,2.0,1.0,-1.0,1.0
8.02,0.27903401427426,0.004231085932838,0.27903401427426,7.87288399,0.035442414066902,0.0,1.0,1.0,1.0,2.0,1.0,-1.0,1.0
8.03,0.2790493314718,0.0044285701721424,0.2790493314718,7.87288399,0.035444359630632,0.0,1.0,1.0,1.0,2.0,1.0,-1.0,1.0
8.04,0.27930707236767,0.0046005135509931,0.27930707236767,7.87288399,0.035477097429918,0.0,1.0,1.0,1.0,2.0,1.0,-1.0,1.0
8.05,0.27970197890571,0.0047412107165231,0.27970197890571,7.87288399,0.035527257769959,0.0,1.0,1.0,1.0,2.0,1.0,-1.0,1.0
8.06,0.28025830479678,0.0048480268711162,0.28025830479678,7.87288399,0.035597921314827,0.0,1.0,1.0,1.0,2.0,1.0,-1.0,1.0
8.07,0.28095549915044,0.004918543914913,0.28095549915044,7.87288399,0.035686477726245,0.0,1.0,1.0,1.0,2.0,1.0,-1.0,1.0
8.08,0.28169464217251,0.0049488371194238,0.28169464217251,7.87288399,0.035780362384396,0.0,1.0,1.0,1.0,2.0,1.0,-1.0,1.0
8.09,0.28253343856397,0.0049393000963779,0.28253343856397,7.87288399,0.035886904839807,0.0,1.0,1.0,1.0,2.0,1.0,-1.0,1.0
8.1,0.28333627553161,0.0048869794488669,0.28333627553161,7.87288399,0.035988879791891,0.0,1.0,1.0,1.0,2.0,1.0,-1.0,1.0
8.11,0.28412076426914,0.0047922870967328,0.28412076426914,7.87288399,0.036088524183771,0.0,1.0,1.0,1.0,2.0,1.0,-1.0,1.0
8.12,0.28484233282945,0.0046560410419953,0.28484233282945,7.87288399,0.036180176564426,0.0,1.0,1.0,1.0,2.0,1.0,-1.0,1.0
8.13,0.28541041827717,0.0044780449054033,0.28541041827717,7.87288399,0.036252333787682,0.0,1.0,1.0,1.0,2.0,1.0,-1.0,1.0
8.14,0.28588314601219,0.0042624774805854,0.28588314601219,7.87288399,0.0363123788405,0.0,1.0,1.0,1.0,2.0,1.0,-1.0,1.0
8.15,0.2861394539876,0.0040115451741968,0.2861394539876,7.87288399,0.036344934632728,0.0,1.0,1.0,1.0,2.0,1.0,-1.0,1.0
8.16,0.28622565455561,0.0037309724285484,0.28622565455561,7.87288399,0.036355883678607,0.0,1.0,1.0,1.0,2.0,1.0,-1.0,1.0
8.17,0.286114542604,0.0034285636524648,0.286114542604,7.87288399,0.03634177043221,0.0,1.0,1.0,1.0,2.0,1.0,-1.0,1.0
8.18,0.28576590578794,0.0031134281762114,0.28576590578794,7.87288399,0.036297487191595,0.0,1.0,1.0,1.0,2.0,1.0,-1.0,1.0
8.19,0.28526899723056,0.0028008999756779,0.28526899723056,7.87288399,0.036234370732872,0.0,1.0,1.0,1.0,2.0,1.0,-1.0,1.0
8.2,0.28454990199722,0.00251019574531,0.28454990199722,7.87288399,0.036143032509897,0.0,1.0,1.0,1.0,2.0,1.0,-1.0,1.0
8.21,0.28370825217752,0.0022680077460448,0.28370825217752,7.87288399,0.036036127617005,0.0,1.0,1.0,1.0,2.0,1.0,-1.0,1.0
8.22,0.28275256435846,0.0021070916780231,0.28275256435846,7.87288399,0.035914737816232,0.0,1.0,1.0,1.0,2.0,1.0,-1.0,1.0
8.23,0.28169876412015,0.0020560520671162,0.28169876412015,7.87288399,0.035780885947,0.0,1.0,1.0,1.0,2.0,1.0,-1.0,1.0
8.24,0.28066471753436,0.0021268206919701,0.28066471753436,7.87288399,0.035649543152275,0.0,1.0,1.0,1.0,2.0,1.0,-1.0,1.0
8.25,0.27961206272387,0.0023048909945838,0.27961206272387,7.87288399,0.035515836773288,0.0,1.0,1.0,1.0,2.0,1.0,-1.0,1.0
8.26,0.27866769677355,0.002559857315181,0.27866769677355,7.87288399,0.035395885056544,0.0,1.0,1.0,1.0,2.0,1.0,-1.0,1.0
8.27,0.27780478288499,0.0028586899647156,0.27780478288499,7.87288399,0.035286279238695,0.0,1.0,1.0,1.0,2.0,1.0,-1.0,1.0
8.28,0.27701053984388,0.0031735956389013,0.27701053984388,7.87288399,0.035185395872178,0.0,1.0,1.0,1.0,2.0,1.0,-1.0,1.0
8.29,0.27663811841981,0.0034859542515979,0.27663811841981,7.87288399,0.035138091552116,0.0,1.0,1.0,1.0,2.0,1.0,-1.0,1.0
8.3,0.27654936503726,0.0037781274859031,0.27654936503726,7.87288399,0.035126818252184,0.0,1.0,1.0,1.0,2.0,1.0,-1.0,1.0
8.31,0.27675612151913,0.0040380293848538,0.27675612151913,7.87288399,0.035153080100083,0.0,1.0,1.0,1.0,2.0,1.0,-1.0,1.0
8.32,0.27716552394577,0.0042544458378911,0.27716552394577,7.87288399,0.035205081682623,0.0,1.0,1.0,1.0,2.0,1.0,-1.0,1.0
8.33,0.27773366251765,0.004418906583253,0.27773366251765,7.87288399,0.035277245653617,0.0,1.0,1.0,1.0,2.0,1.0,-1.0,1.0
8.34,0.27845675068186,0.0045260869289233,0.27845675068186,7.87288399,0.035369091051709,0.0,1.0,1.0,1.0,2.0,1.0,-1.0,1.0
8.35,0.27921529877045,0.0045698265858683,0.27921529877045,7.87288399,0.035465440507584,0.0,1.0,1.0,1.0,2.0,1.0,-1.0,1.0
8.36,0.27999718651976,0.0045483759204139,0.27999718651976,7.87288399,0.035564754526475,0.0,1.0,1.0,1.0,2.0,1.0,-1.0,1.0
8.37,0.28069502271166,0.0044597315200822,0.28069502271166,7.87288399,0.035653392463067,0.0,1.0,1.0,1.0,2.0,1.0,-1.0,1.0
8.38,0.28131348361541,0.0043048080591036,0.28131348361541,7.87288399,0.035731948288928,0.0,1.0,1.0,1.0,2.0,1.0,-1.0,1.0
8.39,0.2818852852781,0.0040880029833101,0.2818852852781,7.87288399,0.03580457753933,0.0,1.0,1.0,1.0,2.0,1.0,-1.0,1.0
8.4,0.28225079335453,0.0038122744809389,0.28225079335453,7.87288399,0.035851003738025,0.0,1.0,1.0,1.0,2.0,1.0,-1.0,1.0
8.41,0.28245546398946,0.003486108577972,0.28245546398946,7.87288399,0.035877000645282,0.0,1.0,1.0,1.0,2.0,1.0,-1.0,1.0
8.42,0.28241080190757,0.0031200660662178,0.28241080190757,7.87288399,0.035871327745497,0.0,1.0,1.0,1.0,2.0,1.0,-1.0,1.0
8.43,0.28214377178389,0.0027304581805796,0.28214377178389,7.87288399,0.035837410044688,0.0,1.0,1.0,1.0,2.0,1.0,-1.0,1.0
8.44,0.28168461944567,0.0023433788518599,0.28168461944567,7.87288399,0.035779089315105,0.0,1.0,1.0,1.0,2.0,1.0,-1.0,1.0
8.45,0.28101386278087,0.0019980117791345,0.28101386278087,7.87288399,0.035693890972839,0.0,1.0,1.0,1.0,2.0,1.0,-1.0,1.0
8.46,0.28020575438291,0.0017546502776979,0.28020575438291,7.87288399,0.035591246452866,0.0,1.0,1.0,1.0,2.0,1.0,-1.0,1.0
8.47,0.27918724298778,0.0016809127942651,0.27918724298778,7.87288399,0.035461876910976,0.0,1.0,1.0,1.0,2.0,1.0,-1.0,1.0
8.48,0.27809190250565,0.0018026858224583,0.27809190250565,7.87288399,0.03532274867239,0.0,1.0,1.0,1.0,2.0,1.0,-1.0,1.0
8.49,0.2770265470972,0.0020768632555462,0.2770265470972,7.87288399,0.03518742908559,0.0,1.0,1.0,1.0,2.0,1.0,-1.0,1.0
8.5,0.27604793377115,0.0024328724585687,0.27604793377115,7.87288399,0.035063127326883,0.0,1.0,1.0,1.0,2.0,1.0,-1.0,1.0
8.51,0.27529555840356,0.0028149666696047,0.27529555840356,7.87288399,0.03496756191927,0.0,1.0,1.0,1.0,2.0,1.0,-1.0,1.0
8.52,0.2747438239593,0.0031845658620957,0.2747438239593,7.87288399,0.034897481571972,0.0,1.0,1.0,1.0,2.0,1.0,-1.0,1.0
8.53,0.27446889573961,0.0035169820254963,0.27446889573961,7.87288399,0.034862560668776,0.0,1.0,1.0,1.0,2.0,1.0,-1.0,1.0
8.54,0.27444152615728,0.0037942731736113,0.27444152615728,7.87288399,0.03485908423214,0.0,1.0,1.0,1.0,2.0,1.0,-1.0,1.0
8.55,0.27462445837263,0.0040030565274127,0.27462445837263,7.87288399,0.034882319963238,0.0,1.0,1.0,1.0,2.0,1.0,-1.0,1.0
8.56,0.2750030460056,0.0041352955303124,0.2750030460056,7.87288399,0.034930407504404,0.0,1.0,1.0,1.0,2.0,1.0,-1.0,1.0
8.57,0.2754380372787,0.004183605859896,0.2754380372787,7.87288399,0.034985659337615,0.0,1.0,1.0,1.0,2.0,1.0,-1.0,1.0
8.58,0.27591167974981,0.0041459664292356,0.27591167974981,7.87288399,0.035045820578618,0.0,1.0,1.0,1.0,2.0,1.0,-1.0,1.0
8.59,0.27630768843891,0.0040220064801077,0.27630768843891,7.87288399,0.035096120911964,0.0,1.0,1.0,1.0,2.0,1.0,-1.0,1.0
8.6,0.27654087955579,0.003814105360948,0.27654087955579,7.87288399,0.03512574044112,0.0,1.0,1.0,1.0,2.0,1.0,-1.0,1.0
8.61,0.27659329212141,0.0035295594999596,0.27659329212141,7.87288399,0.035132397793837,0.0,1.0,1.0,1.0,2.0,1.0,-1.0,1.0
8.62,0.27635456174491,0.0031772907295521,0.27635456174491,7.87288399,0.035102074677581,0.0,1.0,1.0,1.0,2.0,1.0,-1.0,1.0
8.63,0.27587323047332,0.0027728901139711,0.27587323047332,7.87288399,0.035040936818544,0.0,1.0,1.0,1.0,2.0,1.0,-1.0,1.0
8.64,0.27511317815885,0.0023388484954861,0.27511317815885,7.87288399,0.034944396298522,0.0,1.0,1.0,1.0,2.0,1.0,-1.0,1.0
8.65,0.27412050788488,0.0019109968741413,0.27412050788488,7.87288399,0.034818309050795,0.0,1.0,1.0,1.0,2.0,1.0,-1.0,1.0
8.66,0.27298666476649,0.0015532834491134,0.27298666476649,7.87288399,0.03467429027447,0.0,1.0,1.0,1.0,2.0,1.0,-1.0,1.0
8.67,0.27173385777251,0.0013672346963738,0.27173385777251,7.87288399,0.034515160914052,0.0,1.0,1.0,1.0,2.0,1.0,-1.0,1.0
8.68,0.27052398677827,0.0014383826486049,0.27052398677827,7.87288399,0.034361485209472,0.0,1.0,1.0,1.0,2.0,1.0,-1.0,1.0
8.69,0.26939970758959,0.0017266966274847,0.26939970758959,7.87288399,0.034218681226826,0.0,1.0,1.0,1.0,2.0,1.0,-1.0,1.0
8.7,0.26847370426762,0.0021214506071336,0.26847370426762,7.87288399,0.034101061899125,0.0,1.0,1.0,1.0,2.0,1.0,-1.0,1.0
8.71,0.26783299748651,0.0025408822069641,0.26783299748651,7.87288399,0.034019680440701,0.0,1.0,1.0,1.0,2.0,1.0,-1.0,1.0
8.72,0.26747777062156,0.0029369025271245,0.26747777062156,7.87288399,0.033974560143564,0.0,1.0,1.0,1.0,2.0,1.0,-1.0,1.0
8.73,0.26748677116689,0.00328150429043,0.26748677116689,7.87288399,0.033975703377141,0.0,1.0,1.0,1.0,2.0,1.0,-1.0,1.0
8.74,0.26777677486916,0.0035546180909914,0.26777677486916,7.87288399,0.034012539141856,0.0,1.0,1.0,1.0,2.0,1.0,-1.0,1.0
8.75,0.26833328898597,0.0037433368979274,0.26833328898597,7.87288399,0.034083226594829,0.0,1.0,1.0,1.0,2.0,1.0,-1.0,1.0
8.76,0.26907626972767,0.003839000573109,0.26907626972767,7.87288399,0.034177598713438,0.0,1.0,1.0,1.0,2.0,1.0,-1.0,1.0
8.77,0.26987375148748,0.0038357413725364,0.26987375148748,7.87288399,0.034278893456358,0.0,1.0,1.0,1.0,2.0,1.0,-1.0,1.0
8.78,0.27067882146986,0.0037334451684406,0.27067882146986,7.87288399,0.034381152042082,0.0,1.0,1.0,1.0,2.0,1.0,-1.0,1.0
8.79,0.27132822440363,0.003533680779411,0.27132822440363,7.87288399,0.034463638070657,0.0,1.0,1.0,1.0,2.0,1.0,-1.0,1.0
8.8,0.27178394519532,0.003243531422929,0.27178394519532,7.87288399,0.034521522931182,0.0,1.0,1.0,1.0,2.0,1.0,-1.0,1.0
8.81,0.27197267825712,0.0028745540225549,0.27197267825712,7.87288399,0.034545495475683,0.0,1.0,1.0,1.0,2.0,1.0,-1.0,1.0
8.82,0.27184708180734,0.0024436362191009,0.27184708180734,7.87288399,0.034529542433578,0.0,1.0,1.0,1.0,2.0,1.0,-1.0,1.0
8.83,0.2714640899695,0.0019791721499989,0.2714640899695,7.87288399,0.034480895477986,0.0,1.0,1.0,1.0,2.0,1.0,-1.0,1.0
8.84,0.27080911421294,0.0015302549484024,0.27080911421294,7.87288399,0.034397701599175,0.0,1.0,1.0,1.0,2.0,1.0,-1.0,1.0
8.85,0.27000983051227,0.0011969089595298,0.27000983051227,7.87288399,0.034296177976868,0.0,1.0,1.0,1.0,2.0,1.0,-1.0,1.0
8.86,0.26913469684673,0.0011395368532438,0.26913469684673,7.87288399,0.034185020024248,0.0,1.0,1.0,1.0,2.0,1.0,-1.0,1.0
8.87,0.26828831810476,0.0013968066083199,0.26828831810476,7.87288399,0.034077514471892,0.0,1.0,1.0,1.0,2.0,1.0,-1.0,1.0
8.88,0.26761430787392,0.0018179043035245,0.26761430787392,7.87288399,0.03399190286734,0.0,1.0,1.0,1.0,2.0,1.0,-1.0,1.0
8.89,0.26714601880321,0.0022763691760649,0.26714601880321,7.87288399,0.033932421605924,0.0,1.0,1.0,1.0,2.0,1.0,-1.0,1.0
8.9,0.26700088000932,0.0027090515308517,0.26700088000932,7.87288399,0.033913986329338,0.0,1.0,1.0,1.0,2.0,1.0,-1.0,1.0
8.91,0.26716395988337,0.0030805431221285,0.26716395988337,7.87288399,0.03393470045065,0.0,1.0,1.0,1.0,2.0,1.0,-1.0,1.0
8.92,0.26762206965358,0.0033684557264004,0.26762206965358,7.87288399,0.033992888755063,0.0,1.0,1.0,1.0,2.0,1.0,-1.0,1.0
8.93,0.26833696503341,0.0035581474211041,0.26833696503341,7.87288399,0.034083693519967,0.0,1.0,1.0,1.0,2.0,1.0,-1.0,1.0
8.94,0.26916739014866,0.0036389186172194,0.26916739014866,7.87288399,0.034189172670466,0.0,1.0,1.0,1.0,2.0,1.0,-1.0,1.0
8.95,0.27005441825908,0.0036068511258739,0.27005441825908,7.87288399,0.034301841434739,0.0,1.0,1.0,1.0,2.0,1.0,-1.0,1.0
8.96,0.27083204945081,0.0034612557845488,0.27083204945081,7.87288399,0.034400614793107,0.0,1.0,1.0,1.0,2.0,1.0,-1.0,1.0
8.97,0.27141453503487,0.0032070832941358,0.27141453503487,7.87288399,0.034474601096576,0.0,1.0,1.0,1.0,2.0,1.0,-1.0,1.0
8.98,0.27172697347647,0.0028551085842377,0.27172697347647,7.87288399,0.03451428648277,0.0,1.0,1.0,1.0,2.0,1.0,-1.0,1.0
8.99,0.27169507264636,0.0024214626403088,0.27169507264636,7.87288399,0.03451023449494,0.0,1.0,1.0,1.0,2.0,1.0,-1.0,1.0
9.0,0.27136075460684,0.001933266157063,0.27136075460684,7.87288399,0.034467770000361,0.0,1.0,1.0,1.0,2.0,1.0,-1.0,1.0
