scenario_id,case_key,run_status,acceptance_status,simulation_end_s,VIBR1_2_min,VIBR1_2_min_time_s,VSMIN_MEM_min,TALLOW_fault_mean,IMMTRIP_first_s,DURATION_EXCEEDED_first_s,TRIP_REQUEST_first_s,DFIG_BRK_STATE_changed,missing_signals
R1_no_fault_5s,R1,parsed,pass,4.9966,0.99345199753463,0.70965,1.0,,,,,False,
R2_r0p10_d0p75_8s,R2,parsed,pass,7.99705,0.45916041557195,2.7473,0.45843829537505,1.1956323527821924,,,,False,
R3_r0p10_d1p00_8s,R3,parsed,pass,8.0,0.41255522691936,3.0,0.41212594573237,1.147205827051387,,3.05,3.05,False,
R4_r0p10_d1p25_8s,R4,parsed,pass,8.0,0.37958600533833,3.25,0.37950852707963,1.1044831134738278,,3.04,3.04,False,
R5_r0p01_d0p15_5s,R5,parsed,pass,5.0,0.057826191277082,2.08,0.057823195871257,0.6750736872588059,2.02,,2.02,False,
